movieid,country
1672052,Australia
1672111,Australia
1672111,USA
1672580,USA
1672716,USA
1672946,USA
1673647,France
1673647,Portugal
1673658,USA
1673848,USA
1674388,USA
1674737,USA
1677011,USA
1677258,France
1677346,USA
1677472,USA
1677516,USA
1677631,UK
1677631,USA
1678036,USA
1678591,UK
1679029,USA
1679461,USA
1679507,USA
1679920,South Korea
1681633,USA
1681655,USA
1682630,USA
1682657,UK
1682657,USA
1682692,USA
1682746,Germany
1682746,Luxembourg
1682746,Netherlands
1682746,UK
1682922,Germany
1682922,USA
1684201,Canada
1684201,USA
1684430,USA
1684442,USA
1684486,USA
1684910,USA
1685241,USA
1685309,Canada
1685309,USA
1685405,USA
1685463,UK
1685463,USA
1685493,UK
1685815,USA
1686071,Canada
1686209,USA
1687181,USA
1687191,USA
1687544,USA
1687685,USA
1687730,USA
1687738,USA
1687905,USA
1688103,UK
1688103,USA
1688565,Germany
1688565,Ireland
1688565,Japan
1688565,Spain
1688565,UK
1689117,South Africa
1689117,USA
1689183,USA
1689210,UK
1689263,USA
1689475,UK
1690318,Hungary
1690318,UK
1690318,USA
1690377,UK
1690616,USA
1690710,USA
1690773,UK
1690773,USA
1690958,Australia
1691077,USA
1691387,USA
1691642,UK
1691685,Ireland
1691685,UK
1691793,Germany
1691793,USA
1692173,Italy
1692173,UK
1692173,USA
1692404,USA
1692580,UK
1692580,USA
1693225,USA
1693305,UK
1693341,USA
1693345,USA
1693346,USA
1693347,USA
1693348,USA
1693818,USA
1693861,USA
1693880,USA
1694141,USA
1694448,UK
1694448,USA
1694647,USA
1694901,USA
1695219,USA
1695355,UK
1696148,France
1696148,Germany
1696148,Japan
1696148,UK
1696148,USA
1696165,USA
1696168,USA
1696396,USA
1696473,France
1696473,UK
1696473,USA
1696496,USA
1696789,USA
1697037,USA
1697674,USA
1697690,USA
1697774,Germany
1697774,Switzerland
1697856,USA
1698492,USA
1698547,USA
1698667,UK
1698667,USA
1698944,Mexico
1698944,USA
1698960,USA
1698972,Australia
1698972,USA
1699546,USA
1699876,Netherlands
1699876,UK
1703410,Ireland
1703410,UK
1703410,USA
1703469,USA
1703588,USA
1703679,France
1703679,Italy
1703679,Spain
1703907,USA
1704569,USA
1704571,USA
1704577,USA
1704645,UK
1704645,USA
1705196,USA
1705417,USA
1706079,USA
1706140,USA
1706887,USA
1707277,USA
1707941,USA
1708591,USA
1708982,USA
1709238,USA
1709892,Ireland
1709892,USA
1709901,USA
1710609,France
1710609,Japan
1710622,France
1710622,Japan
1710673,Taiwan
1710994,Germany
1711133,USA
1711143,Canada
1711143,USA
1711145,Canada
1711145,USA
1711175,Germany
1711175,USA
1711356,USA
1711383,USA
1711384,USA
1711393,USA
1711395,USA
1711398,USA
1712152,Japan
1713183,USA
1713499,USA
1713755,France
1713755,USA
1714481,USA
1714991,France
1714991,Spain
1715025,USA
1715186,UK
1715186,USA
1715253,USA
1715288,USA
1715380,USA
1715404,UK
1715404,USA
1715607,Canada
1715607,USA
1715793,USA
1716019,Ireland
1716019,UK
1716019,USA
1716020,USA
1716411,USA
1716452,USA
1716615,USA
1717077,USA
1717117,USA
1717144,USA
1717455,USA
1717910,USA
1718318,USA
1718342,USA
1718968,France
1718968,Italy
1719502,USA
1719614,UK
1720040,USA
1720443,France
1720443,UK
1720443,USA
1721568,USA
1721607,UK
1721607,USA
1721750,UK
1721750,USA
1721864,USA
1721888,USA
1721919,USA
1721967,USA
1722098,USA
1722164,USA
1722174,USA
1722181,USA
1722198,USA
1722327,USA
1722395,France
1722395,USA
1722617,Spain
1722761,USA
1722776,USA
1722777,Mexico
1722777,USA
1723002,UK
1723532,USA
1724000,USA
1724037,USA
1724179,USA
1724180,USA
1724190,UK
1724190,USA
1724193,France
1724193,Luxembourg
1724193,Netherlands
1724193,UK
1724193,USA
1724201,USA
1724413,UK
1724880,UK
1724880,USA
1725437,South Korea
1725774,Brazil
1725774,Peru
1725774,USA
1726761,Australia
1726761,USA
1726934,USA
1727017,Germany
1727082,USA
1727237,USA
1727348,USA
1727413,UK
1727885,USA
1728742,Australia
1728802,Canada
1728802,UK
1728802,USA
1728889,USA
1728948,USA
1729005,USA
1729026,Ireland
1729026,USA
1729240,UK
1729240,USA
1729260,USA
1729569,France
1729569,Germany
1729569,UK
1729569,USA
1729579,Spain
1729818,USA
1730457,UK
1730566,USA
1730640,USA
1730836,Netherlands
1730836,UK
1730836,USA
1730975,USA
1731412,USA
1731505,UK
1731582,USA
1732344,Belgium
1732344,Netherlands
1732344,UK
1732496,USA
1732658,USA
1732858,USA
1733111,India
1733479,USA
1733566,USA
1734162,USA
1734321,France
1734321,USA
1734369,India
1734803,USA
1734803,Venezuela
1735791,USA
1736211,USA
1736268,USA
1736362,USA
1736592,USA
1736794,Germany
1736794,Ireland
1736794,UK
1736794,USA
1737340,USA
1737713,France
1737713,Germany
1737713,Italy
1737766,USA
1738481,USA
1739234,France
1739234,Italy
1739234,Tunisia
1740732,USA
1740752,France
1740752,USA
1740811,USA
1741487,Canada
1741682,USA
1742509,Canada
1742509,France
1743028,USA
1743689,West Germany
1743852,USA
1744178,UK
1744178,USA
1744391,USA
1744809,Germany
1744809,USA
1744811,USA
1745373,UK
1745406,USA
1745530,USA
1746382,USA
1746829,USA
1747382,Cuba
1747382,Dominican Republic
1747494,USA
1747545,UK
1747545,USA
1747649,USA
1747899,China
1747899,Hong Kong
1748196,Australia
1748196,USA
1748219,Australia
1748315,USA
1748317,USA
1748754,USA
1748996,USA
1749026,USA
1749222,Iran
1749247,USA
1749438,USA
1749683,USA
1749731,USA
1749735,USA
1749737,USA
1749806,Germany
1749806,UK
1749891,USA
1750364,USA
1750424,USA
1750510,USA
1750660,USA
1750728,USA
1750816,New Zealand
1751059,Iran
1751071,USA
1751872,Australia
1751872,Canada
1751872,USA
1753266,USA
1753348,USA
1753400,USA
1753578,USA
1753695,USA
1753837,India
1753837,UK
1753860,France
1753860,Germany
1754754,USA
1754799,USA
1754884,France
1754884,Italy
1755112,USA
1755524,USA
1755813,Canada
1756051,Canada
1756051,USA
1756391,UK
1756391,USA
1756768,France
1756768,USA
1756902,USA
1756980,USA
1757342,UK
1757342,USA
1757347,UK
1757347,USA
1757367,UK
1757367,USA
1757378,UK
1757378,USA
1757423,USA
1757465,Spain
1757485,USA
1757698,USA
1757893,USA
1758003,USA
1758767,USA
1758856,UK
1758856,USA
1759189,Italy
1759189,UK
1759189,USA
1759448,USA
1759573,USA
1759654,UK
1759685,UK
1759736,USA
1759851,USA
1759983,USA
1760306,USA
1760386,USA
1760449,UK
1760586,Canada
1760586,France
1760586,UK
1760752,USA
1760876,Austria
1760876,Switzerland
1760876,USA
1760927,USA
1760978,France
1760978,Republic of Macedonia
1760978,UK
1762161,Japan
1762161,UK
1762174,USA
1762229,USA
1762644,USA
1762654,USA
1762853,France
1762853,Italy
1763019,Jamaica
1763019,USA
1763083,USA
1763465,USA
1763653,USA
1763877,USA
1763883,USA
1763910,USA
1763974,Japan
1763974,UK
1764861,Italy
1764861,UK
1765082,USA
1765108,UK
1765108,USA
1765164,USA
1765347,USA
1765652,Japan
1765652,USA
1765787,USA
1765789,USA
1765811,USA
1765827,Canada
1766407,USA
1766427,USA
1766668,UK
1766849,UK
1766849,USA
1766884,USA
1767110,USA
1767151,USA
1767537,UK
1768211,China
1768211,Hong Kong
1768389,Germany
1768389,USA
1768698,USA
1769145,USA
1769408,USA
1769516,UK
1769766,Germany
1769766,USA
1769840,USA
1770285,USA
1770807,USA
1771528,USA
1771672,Australia
1771673,USA
1772092,USA
1772497,Bulgaria
1772497,USA
1772500,USA
1772651,USA
1772934,Australia
1772934,France
1772934,Germany
1772934,USA
1773358,France
1773358,UK
1773358,USA
1773436,USA
1773944,UK
1773944,USA
1774349,France
1774349,Germany
1774349,Japan
1774349,UK
1774349,USA
1775245,USA
1775382,USA
1775563,UK
1775747,USA
1775854,UK
1776052,USA
1776063,Hong Kong
1776063,UK
1776063,USA
1776173,USA
1776338,USA
1776407,USA
1776556,USA
1776732,Germany
1776732,USA
1776893,USA
1777297,USA
1777374,Canada
1777374,USA
1777932,USA
1778025,USA
1778258,USA
1778411,UK
1778411,USA
1778413,France
1778413,Italy
1778514,USA
1778536,USA
1778697,USA
1778699,USA
1779176,USA
1779201,UK
1779201,USA
1779349,USA
1779361,USA
1779474,USA
1779528,UK
1779735,USA
1779757,Germany
1779757,USA
1779835,USA
1779868,USA
1779914,USA
1780022,USA
1780595,UK
1780595,USA
1780992,Spain
1781241,USA
1781274,USA
1781295,USA
1781303,USA
1781518,USA
1781597,USA
1781603,USA
1783029,USA
1783282,USA
1783500,USA
1783641,Australia
1783641,USA
1783685,USA
1783892,USA
1784129,USA
1784206,Finland
1784206,USA
1784275,USA
1784416,USA
1784663,Brazil
1784877,USA
1785170,USA
1785251,USA
1785265,USA
1785529,USA
1785755,USA
1786099,USA
1786124,USA
1786136,USA
1786142,USA
1786183,USA
1786236,France
1786236,USA
1786413,USA
1786566,New Zealand
1786921,UK
1786921,USA
1787090,USA
1787149,UK
1787428,Canada
1787511,USA
1787525,USA
1787603,USA
1787911,Denmark
1787911,France
1787911,Iceland
1787911,Netherlands
1787911,Norway
1787911,Spain
1787911,Sweden
1788154,USA
1788165,USA
1788314,USA
1788621,Canada
1788621,USA
1788624,USA
1788628,USA
1788636,USA
1788817,UK
1789015,USA
1789145,USA
1789259,USA
1789269,USA
1789511,USA
1789692,USA
1789747,USA
1789910,USA
1790007,USA
1790082,New Zealand
1790311,USA
1790523,USA
1790530,Soviet Union
1790753,UK
1790780,USA
1790984,UK
1791085,USA
1792102,USA
1792218,USA
1792281,Norway
1792349,USA
1792363,USA
1792523,Cuba
1792523,France
1792523,Germany
1792523,UK
1792523,USA
1792625,USA
1792713,USA
1793297,USA
1793433,USA
1793451,USA
1793604,USA
1794215,Federal Republic of Yugoslavia
1794215,France
1794215,Greece
1794215,Republic of Macedonia
1794215,Turkey
1794255,Canada
1794255,USA
1794772,Italy
1794772,USA
1795157,USA
1795427,USA
1795631,USA
1795698,USA
1795997,UK
1796704,USA
1796731,Belgium
1796731,France
1796731,Switzerland
1797310,France
1797310,Hungary
1797310,Switzerland
1797365,Italy
1797365,USA
1797386,Belgium
1798275,USA
1798372,USA
1798632,USA
1799339,USA
1799603,Hungary
1801311,USA
1801574,USA
1801936,UK
1801936,USA
1802055,USA
1802058,USA
1802287,Italy
1802676,USA
1802677,USA
1803115,UK
1803357,UK
1803905,France
1803905,UK
1803921,Canada
1804232,USA
1804427,France
1804427,Italy
1804484,Brazil
1804484,UK
1804630,USA
1804779,France
1804779,Spain
1804898,USA
1804923,USA
1804924,USA
1804925,USA
1804947,France
1804947,Italy
1805163,USA
1805225,USA
1805246,USA
1805273,France
1805273,UK
1805799,USA
1806151,France
1806151,USA
1806217,USA
1806794,USA
1806845,USA
1806896,USA
1806914,USA
1806940,Canada
1807303,USA
1807444,USA
1807562,USA
1807604,USA
1807863,USA
1808298,France
1808298,USA
1808524,USA
1808813,USA
1809047,USA
1809149,Brazil
1809149,France
1809197,UK
1809431,Argentina
1809431,Canada
1809431,France
1809431,Germany
1809431,Italy
1809724,France
1809864,France
1809984,USA
1809998,USA
1810092,USA
1810470,UK
1811382,Hong Kong
1811626,USA
1811722,UK
1812202,USA
1812255,USA
1812339,Austria
1812450,USA
1812490,USA
1813663,USA
1815267,UK
1815901,USA
1815914,USA
1815915,UK
1815915,USA
1816153,USA
1816171,USA
1816175,USA
1816176,USA
1816182,UK
1816238,Australia
1816379,USA
1816691,USA
1816742,France
1816742,Japan
1816742,USA
1817535,USA
1817898,USA
1818342,USA
1818562,USA
1819155,USA
1819411,Hong Kong
1819870,Japan
1820147,Poland
1820288,USA
1820400,USA
1821008,Ireland
1821008,UK
1821008,USA
1821229,UK
1821229,USA
1821599,USA
1821619,USA
1821739,USA
1821769,USA
1821807,USA
1821852,Germany
1821852,USA
1821917,USA
1822415,USA
1822607,USA
1822639,USA
1822675,USA
1823008,Germany
1823008,USA
1823101,USA
1823223,USA
1823361,USA
1823486,France
1823486,Italy
1823486,USA
1823740,USA
1823753,UK
1823753,USA
1823865,USA
1824605,USA
1824615,USA
1824623,USA
1824685,France
1824685,Italy
1824923,USA
1824929,USA
1825343,USA
1825348,USA
1826286,USA
1826962,USA
1827008,USA
1827432,USA
1827800,USA
1828055,Austria
1828055,Germany
1828413,USA
1828447,USA
1828716,USA
1829030,USA
1829152,USA
1829153,UK
1829153,USA
1829283,Mexico
1829882,USA
1830096,USA
1830116,Germany
1830116,USA
1830497,Finland
1830497,Germany
1830497,USA
1830509,USA
1830531,UK
1830564,USA
1831084,USA
1831363,USA
1831593,USA
1831790,USA
1831904,France
1832668,USA
1832720,USA
1832832,USA
1832852,USA
1832872,USA
1832956,USA
1833143,USA
1833175,USA
1833995,USA
1834154,Argentina
1834266,Australia
1834423,Spain
1834632,France
1834632,UK
1834632,USA
1835117,USA
1835175,Australia
1835296,France
1835442,USA
1835618,UK
1835618,USA
1836147,USA
1836375,USA
1836516,Canada
1836516,UK
1836984,Germany
1836984,USA
1837319,USA
1837323,UK
1837340,USA
1837467,USA
1837469,USA
1837764,USA
1837962,USA
1837991,USA
1838092,USA
1838160,USA
1838360,Australia
1838360,USA
1838411,Austria
1838411,Federal Republic of Yugoslavia
1838411,France
1838411,Germany
1838411,Greece
1838411,USA
1838481,Australia
1838568,Mexico
1838619,USA
1838773,UK
1838773,West Germany
1838850,USA
1839137,France
1839137,Germany
1839137,Ireland
1839137,UK
1839311,USA
1839442,USA
1839754,South Africa
1839754,USA
1840524,Canada
1840882,USA
1841896,USA
1842301,Canada
1842580,USA
1842584,France
1842584,Germany
1842584,Italy
1842584,USA
1843039,France
1843756,USA
1843757,USA
1844312,China
1844312,Hong Kong
1844312,Taiwan
1844854,USA
1844997,USA
1845075,Belgium
1845075,France
1845075,Netherlands
1846390,USA
1846990,USA
1847035,USA
1847048,Argentina
1847048,Denmark
1847048,Finland
1847048,France
1847048,Germany
1847048,Iceland
1847048,Italy
1847048,Netherlands
1847048,Norway
1847048,Spain
1847048,Sweden
1847048,UK
1847048,USA
1847051,USA
1847080,UK
1847080,USA
1847235,Ireland
1847235,UK
1847235,USA
1847595,USA
1847692,Italy
1847692,USA
1847699,South Africa
1847699,USA
1847722,UK
1847722,USA
1847739,USA
1848628,USA
1848859,USA
1849147,Australia
1849147,USA
1849156,USA
1850182,West Germany
1851750,Germany
1851871,France
1851871,Germany
1851871,Switzerland
1852854,USA
1852976,USA
1853052,UK
1853052,USA
1853104,USA
1853531,USA
1854045,USA
1854142,USA
1854166,USA
1854233,USA
1854918,Argentina
1854918,Italy
1856252,USA
1856325,Australia
1856595,Germany
1856595,Japan
1856595,USA
1856608,UK
1856608,USA
1856613,USA
1856672,USA
1856727,USA
1856731,USA
1856763,Canada
1856763,USA
1856939,USA
1857326,USA
1857496,USA
1857769,USA
1857796,USA
1858038,USA
1858357,USA
1858361,USA
1858362,USA
1858363,USA
1858364,Canada
1858364,USA
1858396,France
1858396,UK
1858396,USA
1858463,Australia
1859092,USA
1859351,USA
1859542,Australia
1859542,USA
1859617,USA
1859753,Canada
1859753,USA
1860181,USA
1860327,USA
1860806,France
1861004,USA
1861112,France
1861112,Germany
1861112,Italy
1861202,USA
1861514,USA
1862412,USA
1864055,France
1864055,West Germany
1864846,France
1864846,Italy
1864846,West Germany
1866000,France
1866000,Germany
1866000,UK
1866391,Germany
1866400,Germany
1867752,Soviet Union
1868310,USA
1868312,USA
1868452,USA
1868890,USA
1869010,USA
1869092,USA
1869304,USA
1869461,USA
1869771,Sweden
1870038,France
1870038,USA
1870132,USA
1870151,USA
1870221,USA
1870751,UK
1870798,USA
1871727,USA
1871833,USA
1872091,Germany
1872091,USA
1872587,Canada
1872587,France
1872587,USA
1872662,USA
1873263,France
1873263,Poland
1873263,West Germany
1873263,Yugoslavia
1874279,USA
1874284,USA
1874295,USA
1875013,Belgium
1875013,France
1875013,Germany
1875013,UK
1875764,Germany
1875764,Switzerland
1875962,Austria
1875962,Germany
1876090,Germany
1878227,Germany
1878537,France
1878537,UK
1878658,USA
1878669,Japan
1878669,USA
1879298,USA
1879358,Australia
1879358,France
1879599,USA
1879793,Hong Kong
1880202,USA
1880648,Canada
1880648,USA
1880846,USA
1881802,Australia
1881802,Canada
1881802,USA
1881868,France
1883153,USA
1883527,USA
1883528,USA
1883660,Italy
1883660,USA
1883995,USA
1884087,Canada
1884087,USA
1884286,USA
1885039,USA
1885177,Italy
1885177,UK
1885177,Yugoslavia
1885734,USA
1886005,USA
1886830,China
1887066,USA
1888102,Mexico
1888780,Canada
1888811,USA
1888823,Canada
1888823,Germany
1888823,USA
1889009,USA
1889253,USA
1889491,USA
1889579,USA
1889579,West Germany
1889621,USA
1889788,USA
1889850,UK
1890357,UK
1890437,UK
1890437,USA
1890515,USA
1890516,UK
1890522,USA
1890588,France
1890588,USA
1890829,USA
1891484,USA
1891605,USA
1891649,USA
1891803,UK
1891803,USA
1892010,USA
1892794,USA
1892991,USA
1893207,UK
1893207,USA
1893210,Germany
1893210,USA
1893245,USA
1893343,USA
1893483,USA
1893657,USA
1894338,USA
1894453,USA
1894619,USA
1894753,USA
1895102,USA
1895159,USA
1895286,USA
1895298,Hong Kong
1895298,Taiwan
1895425,USA
1895463,Hong Kong
1896345,USA
1896980,USA
1897539,France
1897539,Italy
1897778,USA
1898323,USA
1898372,USA
1898449,UK
1898539,USA
1898779,USA
1898814,USA
1898834,UK
1898971,USA
1899474,Germany
1899694,USA
1899730,USA
1899741,USA
1899769,USA
1899880,France
1900069,USA
1900319,USA
1900465,USA
1901554,USA
1903954,Mexico
1904083,Israel
1904548,Spain
1904704,Spain
1906242,Spain
1907821,USA
1910848,USA
1911817,UK
1912439,UK
1913354,UK
1913354,USA
1913703,USA
1914108,France
1914192,France
1915247,UK
1915291,USA
1915498,USA
1915861,Germany
1915861,UK
1915861,USA
1915987,USA
1916996,USA
1917129,Germany
1917129,UK
1917129,USA
1918307,USA
1918312,USA
1918615,USA
1919846,USA
1919853,UK
1919853,USA
1919898,USA
1919947,USA
1920973,Bulgaria
1920973,France
1920973,Russia
1920973,Spain
1920973,Ukraine
1921463,France
1921463,Italy
1922080,Israel
1922571,USA
1923001,USA
1923072,USA
1923165,UK
1923165,USA
1923244,USA
1923287,USA
1923531,Australia
1923821,USA
1923955,USA
1923981,USA
1924384,USA
1924700,UK
1924700,USA
1924755,USA
1924959,USA
1925337,USA
1925449,USA
1925477,Canada
1925610,UK
1926507,USA
1926668,USA
1926854,USA
1926866,Australia
1926866,Canada
1926866,UK
1927003,UK
1927003,USA
1927021,USA
1927338,USA
1927339,USA
1927950,USA
1928004,USA
1928609,USA
1928755,UK
1928755,USA
1928940,USA
1929146,Sweden
1929151,USA
1929205,USA
1929262,USA
1929431,France
1929431,UK
1929431,USA
1929514,USA
1930227,USA
1930572,USA
1930730,France
1930730,Sweden
1930730,West Germany
1930793,USA
1930810,USA
1930942,USA
1931213,USA
1931235,USA
1931489,UK
1931489,USA
1931497,Belgium
1931497,France
1931497,Italy
1931607,USA
1932160,USA
1932207,USA
1932235,USA
1932389,USA
1932393,Japan
1932393,USA
1932451,USA
1932817,USA
1932819,USA
1932958,USA
1933191,Czech Republic
1933191,France
1933191,UK
1933254,France
1933459,USA
1933552,USA
1933599,UK
1933599,USA
1933633,USA
1933702,UK
1933702,USA
1933830,USA
1934075,USA
1934260,Hong Kong
1934406,Canada
1934406,UK
1934787,Germany
1934787,USA
1935106,China
1935106,Hong Kong
1935417,USA
1935619,Denmark
1935619,Sweden
1936069,UK
1936394,USA
1936478,UK
1936478,USA
1936800,Germany
1936800,USA
1938005,France
1938142,Canada
1938142,USA
1938743,USA
1939369,USA
1939525,USA
1939666,UK
1939666,USA
1939754,USA
1939762,USA
1939775,USA
1939900,USA
1940096,USA
1940121,USA
1940174,USA
1941011,Peru
1941011,West Germany
1941100,USA
1941271,USA
1941902,USA
1942017,USA
1942058,USA
1942083,USA
1942223,USA
1942296,USA
1942299,USA
1942625,Norway
1942625,USA
1942758,USA
1942787,Germany
1942787,Japan
1942787,USA
1942828,USA
1942898,USA
1943470,USA
1943586,USA
1943718,USA
1943961,USA
1944457,USA
1944510,UK
1944862,USA
1944905,USA
1945150,USA
1945248,USA
1945371,France
1945371,Switzerland
1945579,USA
1945589,USA
1945700,USA
1945816,USA
1945855,UK
1946023,USA
1946107,Canada
1946327,USA
1946379,UK
1946379,USA
1946397,USA
1946463,USA
1946562,USA
1946595,France
1946595,Italy
1946595,Netherlands
1946595,UK
1946595,USA
1946833,USA
1946963,USA
1947355,USA
1948277,USA
1948340,UK
1948561,USA
1949144,USA
1949444,USA
1949502,USA
1949508,Japan
1949508,USA
1949526,USA
1949624,France
1949624,Ireland
1949624,UK
1949624,USA
1950286,USA
1950466,USA
1950577,USA
1950688,France
1950688,USA
1950689,France
1950689,USA
1950690,USA
1950946,USA
1951003,USA
1951279,UK
1951279,USA
1951390,UK
1951397,USA
1951417,Cuba
1951417,Mexico
1951417,Spain
1951417,USA
1951428,France
1951428,USA
1951931,USA
1951984,USA
1951988,USA
1951989,USA
1951990,USA
1951991,Canada
1951991,USA
1951993,USA
1952001,USA
1952054,USA
1952201,USA
1952386,USA
1952391,USA
1952490,USA
1952676,USA
1952847,USA
1952923,USA
1953106,UK
1953354,USA
1953362,USA
1955153,UK
1955153,USA
1955207,USA
1955231,USA
1955340,USA
1955728,UK
1955728,USA
1955747,USA
1955750,USA
1957176,USA
1957184,USA
1957472,France
1957472,Iran
1958267,USA
1959117,India
1959117,UK
1959300,USA
1960531,USA
1960768,USA
1961185,France
1962315,Germany
1962315,USA
1963038,USA
1963417,USA
1963479,France
1963479,USA
1963756,Belgium
1963756,France
1963756,Italy
1963794,USA
1964069,USA
1964073,UK
1964074,USA
1964200,USA
1964209,UK
1964242,USA
1964339,USA
1964467,UK
1964467,USA
1964503,USA
1965214,USA
1965236,USA
1965261,France
1965261,Germany
1965261,Japan
1965261,USA
1965516,USA
1965632,USA
1965850,USA
1966241,USA
1966349,USA
1966580,Hong Kong
1966580,USA
1966583,Hong Kong
1967074,USA
1967290,USA
1967379,Germany
1967379,USA
1967389,USA
1967955,USA
1968813,UK
1968813,USA
1969187,USA
1969197,USA
1969753,USA
1969851,USA
1969868,USA
1970159,USA
1970215,USA
1970300,UK
1970338,USA
1970505,USA
1970696,USA
1970861,USA
1971093,UK
1971093,USA
1971149,Japan
1971149,USA
1971464,USA
1971706,Japan
1971707,Japan
1971712,Japan
1971929,Canada
1971929,USA
1972108,USA
1972287,UK
1972287,USA
1972324,UK
1972807,USA
1972854,USA
1972884,USA
1973432,USA
1973625,USA
1973808,Germany
1973808,USA
1973922,USA
1974272,USA
1974519,Canada
1974519,Croatia
1974519,USA
1974583,USA
1974724,UK
1974984,Italy
1974984,Spain
1975181,USA
1975609,USA
1975664,USA
1976109,USA
1976319,UK
1976454,Japan
1976454,USA
1976610,USA
1976612,USA
1976643,USA
1976777,USA
1977589,USA
1977592,USA
1977857,USA
1978263,USA
1978309,USA
1978312,France
1978415,USA
1978778,USA
1978782,USA
1979111,Cuba
1979111,Germany
1979111,Spain
1979164,USA
1979447,USA
1979839,USA
1979883,USA
1980073,USA
1980149,USA
1980267,USA
1980412,USA
1981072,Germany
1981072,UK
1981072,USA
1981170,USA
1981506,USA
1982133,USA
1982903,USA
1983455,USA
1983617,Hong Kong
1983859,USA
1984278,USA
1984283,USA
1984284,USA
1984305,USA
1984320,USA
1984323,USA
1984372,USA
1984593,Italy
1984593,Spain
1984593,Turkey
1984751,France
1984763,UK
1984785,France
1984785,UK
1984785,USA
1984792,UK
1984792,USA
1984793,USA
1985138,Japan
1985443,USA
1985576,USA
1985642,USA
1985755,Germany
1985755,USA
1985793,USA
1986482,USA
1986845,USA
1986848,UK
1987088,Germany
1987126,USA
1987387,Canada
1987547,Denmark
1987547,France
1987547,Germany
1987547,Japan
1987547,New Zealand
1987547,UK
1987547,USA
1987607,USA
1988142,Italy
1988380,USA
1988448,USA
1988626,USA
1988834,USA
1988919,USA
1989616,USA
1989826,USA
1990705,USA
1990862,USA
1991064,USA
1991115,Australia
1991269,USA
1991544,Ireland
1991544,UK
1991646,USA
1991707,USA
1991951,USA
1991969,USA
1992100,USA
1992217,USA
1992315,USA
1992335,France
1992335,USA
1992344,New Zealand
1992344,USA
1992374,USA
1992459,Australia
1992478,UK
1992478,USA
1992502,Germany
1992502,New Zealand
1992538,USA
1992600,Canada
1992682,USA
1992774,UK
1993553,USA
1993850,USA
1993913,USA
1994073,UK
1994073,USA
1994279,Canada
1994414,UK
1994418,Canada
1994418,USA
1994419,USA
1994580,UK
1995071,USA
1995121,UK
1995178,USA
1995179,USA
1996222,USA
1996223,USA
1996227,USA
1996275,USA
1996365,USA
1996544,USA
1996888,India
1998427,USA
1998849,USA
1998864,France
1998864,UK
1999026,USA
1999095,UK
1999095,USA
1999210,USA
1999241,USA
1999308,USA
1999581,USA
1999623,UK
1999628,Canada
1999628,France
1999628,UK
1999634,USA
1999986,UK
2000130,USA
2001271,USA
2002121,France
2002121,Italy
2002500,USA
2003554,USA
2003869,Hungary
2004240,USA
2004435,Germany
2004435,USA
2004444,Germany
2004444,Spain
2004444,UK
2005166,USA
2005202,Australia
2005202,USA
2005242,USA
2005280,Argentina
2005459,USA
2005467,USA
2005469,USA
2005550,USA
2005656,Germany
2005656,USA
2005831,USA
2006016,USA
2006320,USA
2006322,USA
2006660,USA
2006702,USA
2006796,USA
2006907,China
2006992,Germany
2007256,USA
2007295,Belgium
2007295,Netherlands
2007295,USA
2007305,USA
2007465,USA
2007522,UK
2007522,USA
2007673,USA
2008297,Spain
2008297,UK
2009281,USA
2009507,USA
2010080,Australia
2010339,USA
2010351,USA
2010417,USA
2010432,USA
2010439,USA
2010442,USA
2010567,USA
2010591,USA
2010811,USA
2010812,USA
2010861,USA
2011220,USA
2011327,UK
2011538,USA
2011835,USA
2012189,USA
2012308,USA
2012468,USA
2012474,Japan
2012474,UK
2012514,UK
2012514,USA
2013009,Hong Kong
2013180,USA
2013370,USA
2013847,Ireland
2013847,UK
2014240,Canada
2014240,Hong Kong
2014741,China
2014741,Hong Kong
2014806,USA
2014847,USA
2014992,USA
2015145,Canada
2015145,Germany
2015664,USA
2016321,France
2016321,Sweden
2016321,West Germany
2016990,USA
2017211,USA
2017357,USA
2017615,USA
2017696,USA
2018026,USA
2018109,USA
2018119,France
2018119,Germany
2018119,UK
2018119,USA
2018220,USA
2018491,USA
2018562,UK
2018562,USA
2018570,USA
2018634,USA
2019104,Ireland
2019104,UK
2019104,USA
2019186,USA
2019328,Italy
2019451,Italy
2020617,France
2020617,Italy
2020617,UK
2020780,Canada
2020780,USA
2020812,USA
2020856,UK
2021095,USA
2021329,USA
2021560,USA
2023079,France
2023079,Italy
2023205,Denmark
2023205,France
2023205,Italy
2023205,Netherlands
2023205,Spain
2023205,Sweden
2023228,USA
2023565,USA
2023785,UK
2024562,Italy
2024833,Italy
2024833,Spain
2024833,West Germany
2025172,France
2025172,Italy
2025172,West Germany
2025742,Italy
2025742,West Germany
2026315,France
2026315,Italy
2026671,Italy
2027057,Italy
2027057,Spain
2027469,Italy
2027949,USA
2028072,USA
2028079,Japan
2028079,Spain
2028079,USA
2028238,USA
2028238,West Germany
2029309,UK
2029309,USA
2029381,USA
2029975,USA
2030303,USA
2030427,USA
2030641,USA
2030843,USA
2031233,USA
2031463,USA
2032104,USA
2032173,UK
2032270,Canada
2032270,USA
2032626,USA
2032743,USA
2032839,USA
2032879,Ireland
2032879,UK
2032879,USA
2033355,Germany
2033854,USA
2034091,USA
2034166,USA
2034409,UK
2034464,USA
2034473,USA
2034705,France
2035079,Italy
2035238,USA
2035535,USA
2036706,Switzerland
2037379,Norway
2037451,USA
2037640,USA
2037667,Germany
2037667,Japan
2037667,UK
2038091,USA
2038757,USA
2038910,Canada
2038910,UK
2039701,USA
2039774,USA
2040205,Italy
2040689,USA
2040763,Canada
2040763,Israel
2040763,USA
2040764,Canada
2040764,Israel
2040765,Canada
2041945,Germany
2041945,Japan
2041945,UK
2041945,USA
2042409,USA
2042414,USA
2042417,USA
2042450,USA
2042462,USA
2042524,USA
2042532,USA
2042748,USA
2043167,USA
2043588,USA
2043628,USA
2044667,France
2044667,Germany
2044667,Switzerland
2044913,France
2044913,USA
2044952,France
2045231,France
2045231,UK
2045245,USA
2045328,USA
2045876,USA
2046051,USA
2046161,USA
2046389,USA
2046586,USA
2046667,USA
2046902,France
2046902,Hungary
2046902,USA
2047096,UK
2047331,UK
2047331,USA
2047593,USA
2047641,France
2047641,Italy
2047641,UK
2047641,USA
2048384,USA
2048413,USA
2048611,USA
2048619,USA
2048622,USA
2048624,USA
2049321,Austria
2049321,France
2049321,Italy
2049321,Switzerland
2049438,France
2049814,France
2049814,USA
2049822,USA
2050120,USA
2050380,USA
2050532,USA
2050561,USA
2051069,Canada
2051069,USA
2052306,USA
2052559,China
2052559,France
2052559,Japan
2052620,USA
2053107,France
2053384,USA
2053502,USA
2053508,USA
2054459,Canada
2054459,USA
2054549,Chile
2054549,Mexico
2054579,USA
2054984,France
2054984,Switzerland
2056719,UK
2056752,USA
2056849,Japan
2056849,USA
2056919,USA
2057285,Hong Kong
2057507,France
2057709,USA
2057859,USA
2057973,USA
2058247,France
2058247,USA
2058289,USA
2058442,USA
2058644,USA
2058680,USA
2058733,USA
2058950,USA
2059661,UK
2061440,Japan
2061440,USA
2062622,USA
2062958,Germany
2062958,India
2062958,Japan
2062958,UK
2062958,USA
2064107,France
2064107,USA
2064709,Belgium
2064709,Netherlands
2065922,Austria
2065922,Germany
2065922,Sweden
2066931,Kazakhstan
2066931,Russia
2067104,USA
2067595,UK
2067764,USA
2068023,Germany
2068316,USA
2068316,Yugoslavia
2069192,USA
2069265,USA
2069717,Iran
2070201,USA
2070230,USA
2070468,USA
2070548,USA
2070614,Canada
2070614,USA
2070622,USA
2070627,Canada
2070627,USA
2070880,France
2070880,Spain
2071313,Canada
2071313,USA
2071566,USA
2071578,USA
2071800,France
2071800,USA
2071915,USA
2072443,USA
2072508,USA
2072510,USA
2072519,USA
2072728,Italy
2072728,UK
2072728,USA
2072804,USA
2073054,USA
2073156,Japan
2073156,USA
2073938,USA
2074015,USA
2074067,USA
2074106,Canada
2074187,USA
2074632,Norway
2074632,Sweden
2075122,USA
2075324,USA
2075452,Aruba
2075452,Hong Kong
2075452,USA
2075554,USA
2076744,Czech Republic
2076744,France
2076744,UK
2077306,Japan
2078652,USA
2078857,USA
2079361,USA
2079616,USA
2080444,USA
2080719,USA
2081397,UK
2082589,Denmark
2082589,Sweden
2082758,Japan
2084764,France
2084764,Hungary
2084764,West Germany
2085383,France
2085434,France
2085434,Portugal
2086876,France
2087502,Italy
2087693,Belgium
2087693,France
2087693,Luxembourg
2088076,USA
2088141,USA
2088412,USA
2091188,France
2091188,Italy
2091255,France
2091255,Germany
2091255,Spain
2091405,France
2092032,France
2092032,Germany
2092629,France
2092629,Norway
2092629,Poland
2093179,France
2093179,Germany
2093179,Italy
2093179,Spain
2093616,France
2093617,France
2093759,France
2093759,Spain
2094426,France
2094426,Italy
2094455,France
2094683,Canada
2094683,France
2094683,USA
2094747,France
2094854,Argentina
2095261,France
2095261,Italy
2095288,Italy
2095320,Spain
2096283,Italy
2096794,France
2096794,Mexico
2096850,France
2097603,Spain
2097722,France
2098630,Czechoslovakia
2098630,France
2099040,Belgium
2099040,France
2099040,Luxembourg
2099040,Tunisia
2099471,France
2099471,Germany
2099471,Italy
2100174,Italy
2100901,France
2100911,France
2102238,Belgium
2102238,France
2102238,Zaire
2102302,France
2102312,Belgium
2102344,France
2102540,Italy
2103144,UK
2103144,USA
2103526,Italy
2103866,USA
2103908,USA
2103955,UK
2103975,USA
2104410,USA
2104759,France
2104759,Italy
2104759,Switzerland
2105754,USA
2106723,Mexico
2106899,USA
2106940,USA
2107118,USA
2107343,USA
2107404,UK
2107497,USA
2107634,USA
2107847,Hong Kong
2107892,USA
2108364,USA
2108654,USA
2109065,UK
2109077,USA
2109093,UK
2109093,USA
2110112,France
2110128,France
2110973,France
2111069,Canada
2111069,France
2111069,UK
2111847,France
2111960,France
2112240,France
2112346,France
2112346,Italy
2112346,USA
2112512,Belgium
2112512,France
2112512,UK
2112515,France
2113512,France
2113512,Italy
2113531,Belgium
2113531,France
2113531,Italy
2113595,France
2113595,Italy
2114355,France
2114355,Italy
2114355,West Germany
2114635,France
2115171,France
2115628,France
2115628,Italy
2115628,Portugal
2116072,Austria
2116072,Canada
2116072,Italy
2116072,UK
2116072,USA
2116658,USA
2116708,USA
2116736,USA
2116855,USA
2117546,USA
2117637,UK
2117637,USA
2117874,USA
2119117,Canada
2119264,Germany
2119264,UK
2119264,USA
2119409,France
2119425,France
2120136,Belgium
2120136,France
2120136,Switzerland
2120569,France
2121501,France
2121501,Hungary
2121501,Switzerland
2121501,UK
2121501,West Germany
2121565,France
2121785,France
2121785,Italy
2121889,France
2121889,West Germany
2122177,France
2122231,France
2122271,France
2122764,France
2122788,France
2123712,Canada
2124042,USA
2124260,USA
2124355,USA
2124357,USA
2124358,USA
2124359,USA
2125443,USA
2125639,USA
2125784,UK
2125784,USA
2126243,Germany
2126595,USA
2126772,USA
2127239,UK
2127402,USA
2127563,USA
2127575,UK
2127575,USA
2127843,USA
2127886,Australia
2127926,USA
2128046,Australia
2128046,USA
2128569,Australia
2128890,USA
2128957,USA
2130340,USA
2130342,USA
2130419,USA
2130468,France
2130468,Italy
2130468,Liechtenstein
2130468,UK
2130504,USA
2130832,USA
2130889,Canada
2131017,Japan
2131017,USA
2131031,USA
2131225,USA
2131334,UK
2131430,Canada
2131430,USA
2131675,USA
2131729,UK
2132235,USA
2132367,USA
2133245,New Zealand
2133245,UK
2133276,USA
2133416,UK
2133500,UK
2133798,USA
2134027,Germany
2134055,UK
2134055,USA
2134058,France
2134058,USA
2134388,USA
2134453,USA
2134924,Hong Kong
2134924,Yugoslavia
2135675,USA
2136104,USA
2136125,UK
2136535,France
2136535,Spain
2137901,USA
2137905,USA
2137970,USA
2138073,India
2138292,France
2138292,USA
2138299,USA
2138727,USA
2139026,USA
2139396,USA
2139407,Canada
2139438,USA
2139545,USA
2139928,USA
2140029,USA
2140049,France
2140049,Japan
2140049,UK
2140074,USA
2140461,Australia
2140530,USA
2140712,Argentina
2140712,USA
2140806,France
2140806,USA
2140811,Canada
2140811,UK
2140922,Australia
2140999,USA
2141139,USA
2141230,USA
2141393,USA
2141461,France
2141461,UK
2141461,USA
2141703,France
2141961,USA
2142487,USA
2142714,France
2143749,USA
2144390,USA
2144547,Denmark
2144547,Sweden
2145409,France
2145603,Germany
2145699,USA
2145942,USA
2146691,USA
2146907,France
2146945,Belgium
2146945,France
2146945,UK
2147404,USA
2147519,Italy
2147811,USA
2147941,Ireland
2147941,UK
2147962,USA
2147992,USA
2148026,USA
2148037,Australia
2148039,Australia
2148040,Australia
2148165,UK
2148281,France
2148281,Germany
2148281,UK
2148400,UK
2148608,France
2148608,USA
2148848,France
2148848,USA
2149158,USA
2150211,USA
2150224,USA
2151493,USA
2151499,USA
2151740,USA
2153014,Japan
2153014,USA
2153110,USA
2153283,Canada
2153283,USA
2153421,India
2153457,USA
2153998,Italy
2154565,USA
2154596,USA
2154607,USA
2154630,USA
2154663,Germany
2154663,Japan
2154663,UK
2154663,USA
2155643,USA
2155689,USA
2156231,USA
2156364,France
2156364,Italy
2156364,Switzerland
2156478,UK
2157118,USA
2157273,Italy
2157724,Canada
2157724,UK
2158286,France
2159085,USA
2159258,USA
2159513,USA
2159587,USA
2160048,USA
2160308,USA
2160428,UK
2160428,USA
2160436,USA
2160769,USA
2161122,USA
2161144,USA
2161615,Germany
2161615,Russia
2162013,USA
2162109,USA
2162762,UK
2162869,USA
2162994,USA
2163340,USA
2163370,USA
2163581,USA
2164115,USA
2164174,USA
2164328,France
2164624,USA
2164939,Canada
2164942,USA
2164943,Canada
2164944,USA
2165318,USA
2165411,Italy
2165624,USA
2165627,USA
2165666,USA
2165721,USA
2165765,USA
2165832,USA
2166642,Finland
2166642,Germany
2166642,UK
2166642,USA
2167372,USA
2167489,USA
2168103,USA
2168109,USA
2168207,USA
2168282,Canada
2168361,USA
2168402,USA
2168965,Austria
2168965,Hungary
2168965,West Germany
2169199,USA
2169865,USA
2169876,UK
2169876,USA
2170415,USA
2170555,USA
2170610,France
2170610,Spain
2170610,UK
2170625,Germany
2170643,USA
2171511,UK
2171511,USA
2171589,France
2171589,Germany
2171589,Greece
2171589,Italy
2171762,USA
2171907,USA
2171943,Ireland
2171943,UK
2171943,USA
2172334,UK
2172334,USA
2172541,France
2172541,Italy
2172541,Switzerland
2172808,USA
2172829,UK
2172829,USA
2172947,USA
2173027,USA
2173296,Denmark
2173296,Sweden
2173331,USA
2173343,USA
2173344,USA
2173361,Japan
2173361,USA
2173730,USA
2174014,USA
2174318,USA
2174392,Italy
2174453,USA
2174775,USA
2174948,Belgium
2174948,France
2174948,Netherlands
2175680,USA
2176083,USA
2176086,USA
2176174,USA
2176789,USA
2177244,UK
2177244,USA
2177836,USA
2177839,USA
2177959,USA
2177983,USA
2177992,Germany
2177992,USA
2178276,USA
2178807,Sweden
2179017,USA
2179406,USA
2179939,USA
2180060,USA
2180670,USA
2180698,USA
2181096,USA
2181493,UK
2181690,France
2181898,USA
2181907,USA
2182213,USA
2182361,Japan
2182564,USA
2183016,USA
2183254,UK
2183622,USA
2183643,UK
2183643,USA
2183675,France
2183675,UK
2183726,USA
2184999,USA
2185015,USA
2185038,USA
2185582,USA
2185767,USA
2186706,USA
2187505,USA
2187739,UK
2187739,USA
2187886,USA
2187957,USA
2187965,USA
2188028,USA
2188074,USA
2188117,Canada
2188295,USA
2188332,USA
2188440,USA
2188458,USA
2188547,Ireland
2188547,UK
2188547,USA
2188553,Netherlands
2188553,UK
2188553,USA
2188633,USA
2188696,USA
2188708,Canada
2188708,USA
2188768,USA
2188978,UK
2188978,USA
2189533,Spain
2189721,USA
2189833,USA
2189969,USA
2190062,USA
2190354,USA
2190371,USA
2190603,USA
2190734,France
2190734,USA
2190795,UK
2190803,USA
2190900,Australia
2190900,France
2190982,USA
2191385,USA
2191428,USA
2191929,Germany
2191929,Russia
2191929,UK
2191997,USA
2192642,USA
2192654,USA
2192733,UK
2192747,USA
2192782,USA
2192913,USA
2192973,USA
2193169,USA
2193264,USA
2193276,USA
2193388,USA
2193407,USA
2193422,USA
2193721,USA
2194143,Ireland
2194143,UK
2194153,USA
2194168,UK
2194168,USA
2194362,USA
2194363,USA
2194471,Austria
2194471,Germany
2194471,Ireland
2194471,UK
2194580,France
2194580,Germany
2194580,Italy
2194580,Spain
2194580,UK
2194791,USA
2195009,USA
2195233,France
2195233,UK
2195417,USA
2196039,USA
2196060,USA
2196068,Japan
2196068,USA
2196132,Canada
2196132,USA
2196454,Spain
2196886,France
2196886,Italy
2197021,Belgium
2197021,France
2197407,Germany
2199194,USA
2199218,USA
2199868,UK
2199969,USA
2200121,USA
2201125,USA
2201311,Japan
2201727,USA
2202537,USA
2202732,USA
2202880,USA
2204067,USA
2204532,USA
2205117,West Germany
2205227,USA
2205327,France
2205327,Germany
2205327,Italy
2206238,France
2206238,Spain
2206242,USA
2206516,USA
2206541,USA
2206656,USA
2206740,Canada
2206740,Germany
2206740,USA
2207203,USA
2207291,USA
2207384,USA
2207638,Argentina
2207954,USA
2208048,USA
2208084,USA
2208430,USA
2208474,Canada
2208474,USA
2208962,USA
2209075,Germany
2209075,USA
2209608,USA
2209821,USA
2209901,USA
2210137,USA
2210139,USA
2210196,USA
2210254,France
2210254,Germany
2210254,Japan
2210254,UK
2210254,USA
2210356,USA
2210519,USA
2210617,USA
2210872,France
2210872,Italy
2211077,France
2211077,UK
2211223,USA
2211282,USA
2211336,USA
2211395,UK
2211751,USA
2212209,USA
2212660,USA
2212954,USA
2213122,USA
2213622,USA
2213866,USA
2214546,USA
2216031,USA
2216145,USA
2216176,USA
2216295,France
2216295,Italy
2216295,Norway
2216295,UK
2216316,USA
2216640,Italy
2216642,Germany
2217530,USA
2217636,Ireland
2217636,UK
2217693,USA
2217717,Canada
2217718,USA
2217782,USA
2217888,UK
2217888,USA
2218486,USA
2218524,France
2218524,USA
2219070,Dominican Republic
2219442,UK
2219779,Germany
2219779,USA
2219992,USA
2220554,France
2221102,France
2221102,Portugal
2222143,Brazil
2222143,USA
2224890,USA
2225574,USA
2225605,Argentina
2225605,USA
2225624,USA
2226062,USA
2226103,USA
2227800,France
2227800,Russia
2228369,USA
2228704,USA
2228754,UK
2229516,USA
2229633,UK
2229633,USA
2229656,UK
2229787,USA
2230251,USA
2230732,USA
2230871,USA
2230917,USA
2231247,Italy
2231247,USA
2231307,USA
2231336,New Zealand
2231697,USA
2231855,USA
2231882,USA
2231896,USA
2231909,USA
2232226,USA
2232255,Canada
2232255,USA
2232299,Mexico
2232299,Spain
2232299,USA
2232552,USA
2232980,USA
2233001,Brazil
2233001,USA
2233552,UK
2233552,USA
2233759,USA
2233885,Italy
2233885,USA
2234951,Argentina
2234951,Spain
2234951,Switzerland
2234951,UK
2234951,USA
2235378,USA
2235600,Italy
2236433,USA
2236640,Japan
2236640,USA
2236888,USA
2237013,France
2237013,Italy
2237013,Netherlands
2237013,Russia
2237013,UK
2237801,Australia
2237801,UK
2237801,USA
2238427,Italy
2238427,Netherlands
2238427,USA
2238465,Germany
2238483,UK
2238483,USA
2238595,UK
2238595,USA
2239654,USA
2239941,USA
2240178,USA
2240406,USA
2240516,USA
2240566,USA
2240849,USA
2240934,USA
2240936,USA
2241542,USA
2241805,USA
2242954,USA
2243968,USA
2244080,USA
2244271,USA
2244488,Germany
2244488,USA
2244550,Canada
2245091,UK
2245138,Italy
2246004,Italy
2246169,China
2246169,Hong Kong
2246675,France
2246675,USA
2247345,USA
2247366,Australia
2247366,USA
2247594,USA
2247913,USA
2248232,USA
2248438,USA
2248473,UK
2248574,Canada
2248580,France
2248580,UK
2248580,USA
2248580,West Germany
2249442,USA
2250014,Italy
2250495,USA
2250593,USA
2250599,USA
2251093,USA
2251197,India
2251241,USA
2251547,USA
2251761,USA
2251833,Germany
2252075,USA
2252158,Italy
2252485,USA
2252917,Germany
2253153,USA
2253332,USA
2253441,UK
2253567,USA
2254216,USA
2254219,USA
2254327,USA
2255035,Italy
2255035,Spain
2255035,West Germany
2255064,Italy
2255064,Spain
2255064,West Germany
2255408,Japan
2256004,USA
2256605,France
2256605,UK
2256605,USA
2257031,USA
2257033,USA
2257129,USA
2257265,USA
2257381,UK
2257901,USA
2257904,USA
2257905,USA
2257906,USA
2258068,Japan
2258068,USA
2258079,USA
2258163,USA
2258248,USA
2258328,USA
2258588,USA
2258957,Australia
2258957,Bhutan
2258958,USA
2259483,USA
2259508,Australia
2259556,Japan
2259556,USA
2259586,USA
2259786,USA
2261350,USA
2261353,UK
2261598,USA
2261929,USA
2262428,USA
2262464,USA
2262957,USA
2263106,USA
2263331,USA
2263670,UK
2263670,USA
2263826,USA
2264538,USA
2264592,UK
2264592,USA
2264815,USA
2265148,France
2265148,Italy
2265188,UK
2265188,USA
2265452,UK
2265563,USA
2265771,USA
2266198,USA
2266555,USA
2266574,USA
2266575,USA
2266691,Japan
2266691,USA
2266891,Japan
2266891,USA
2267111,USA
2267114,USA
2267116,USA
2267118,USA
2267120,USA
2267121,USA
2267434,USA
2267673,USA
2267777,USA
2267780,USA
2267781,USA
2268063,France
2268776,USA
2269366,USA
2269410,Canada
2269410,USA
2269426,Canada
2269426,USA
2269444,Canada
2269444,USA
2270182,France
2270182,UK
2270749,France
2270749,West Germany
2271178,USA
2271822,USA
2271870,USA
2272308,Australia
2272308,USA
2272532,Canada
2272532,USA
2273044,USA
2273048,USA
2273174,USA
2273896,Slovenia
2273896,USA
2274575,USA
2274590,USA
2274790,USA
2274852,UK
2274949,UK
2275139,USA
2275181,France
2275181,Germany
2275181,Japan
2275181,UK
2275181,USA
2275543,Germany
2275543,Ireland
2275543,UK
2275635,USA
2275709,UK
2275709,USA
2276353,USA
2276841,USA
2276914,USA
2277269,France
2277269,Ukraine
2277334,USA
2277505,USA
2277506,USA
2278340,USA
2278576,Canada
2278585,Canada
2279852,USA
2280097,USA
2280098,USA
2280101,Australia
2280101,USA
2280125,USA
2280126,USA
2280376,USA
2280997,USA
2281105,Canada
2281105,USA
2281160,USA
2281612,USA
2282360,Germany
2282360,USA
2285092,Cameroon
2285092,France
2285138,UK
2285139,UK
2285647,USA
2285997,USA
2286681,USA
2287637,USA
2288084,USA
2288257,USA
2288625,USA
2288828,USA
2288908,USA
2288969,USA
2289039,USA
2289215,UK
2289279,UK
2289279,USA
2289300,USA
2290129,USA
2290136,USA
2290316,France
2290316,Japan
2290489,USA
2290562,Iran
2290793,USA
2291501,USA
2291903,Czech Republic
2291903,UK
2291903,USA
2291994,USA
2292109,Ireland
2292109,UK
2292109,USA
2292470,USA
2292610,USA
2292773,USA
2292920,USA
2293200,USA
2293416,USA
2293483,Italy
2293500,USA
2293587,USA
2293915,USA
2294497,USA
2294518,USA
2294990,USA
2295106,Netherlands
2295106,USA
2295575,USA
2296145,France
2296438,USA
2296667,USA
2296892,Poland
2296987,Canada
2297049,USA
2297404,USA
2297836,USA
2298189,USA
2298460,USA
2298603,USA
2298717,UK
2298804,USA
2299047,USA
2299492,UK
2299492,USA
2299646,UK
2299999,USA
2300104,USA
2300162,USA
2300333,USA
2300351,UK
2300351,USA
2300354,USA
2300450,USA
2301689,USA
2301991,UK
2302051,UK
2302051,USA
2302418,USA
2302526,USA
2302661,France
2303621,USA
2303953,USA
2304264,USA
2304330,USA
2305025,USA
2305197,USA
2305466,USA
2305587,UK
2305587,USA
2305931,USA
2305974,France
2305974,USA
2305976,USA
2306194,USA
2306197,USA
2306201,USA
2307015,South Africa
2307071,USA
2307228,USA
2307246,USA
2307247,USA
2307248,USA
2307289,USA
2307534,USA
2307985,USA
2308229,USA
2308305,France
2308476,Mexico
2308476,USA
2308720,USA
2308725,UK
2308725,USA
2308730,USA
2308758,Italy
2308758,UK
2308889,Australia
2308916,USA
2309076,UK
2309076,USA
2309334,UK
2309427,USA
2309617,USA
2310074,Italy
2310074,USA
2310119,USA
2310159,UK
2310159,USA
2310222,Belgium
2310222,France
2310236,USA
2310265,Belgium
2310265,France
2310722,France
2310722,UK
2310722,USA
2310724,USA
2310851,Germany
2310980,USA
2311011,USA
2311879,USA
2311916,Canada
2312022,USA
2312345,Canada
2312345,Germany
2312345,UK
2312345,USA
2312692,USA
2312819,USA
2312852,USA
2312897,USA
2313047,USA
2313093,USA
2313464,USA
2313519,USA
2313912,USA
2314869,USA
2315269,USA
2316009,UK
2316029,USA
2316046,USA
2316049,Germany
2316049,USA
2316115,France
2316115,Italy
2316742,UK
2316742,USA
2316800,USA
2316801,USA
2318730,USA
2318736,Algeria
2318736,Belgium
2318736,France
2318736,Luxembourg
2319753,France
2319753,Tunisia
2320925,Spain
2320925,USA
2321221,France
2321373,UK
2321373,USA
2321444,USA
2321525,USA
2321649,Canada
2321649,France
2321649,Mexico
2321649,Spain
2321649,USA
2322051,France
2322051,South Africa
2322051,UK
2322051,USA
2323351,UK
2324074,UK
2324123,USA
2324198,USA
2324383,USA
2325153,USA
2325529,USA
2325646,Switzerland
2325646,West Germany
2325897,USA
2325936,USA
2325949,Germany
2326309,USA
2327740,USA
2327746,USA
2327747,USA
2327816,Canada
2327816,Japan
2327816,USA
2328405,USA
2328488,USA
2328882,USA
2329335,USA
2329715,UK
2329715,USA
2330057,UK
2330470,France
2330470,UK
2332489,USA
2333344,Canada
2333344,USA
2333494,UK
2333494,USA
2333527,USA
2334512,USA
2334625,Italy
2334625,USA
2334876,USA
2335038,USA
2335264,France
2335400,USA
2335431,USA
2335622,UK
2335622,USA
2336864,USA
2337754,USA
2338199,USA
2338375,USA
2338484,UK
2338685,USA
2338707,USA
2338708,Germany
2338708,USA
2338711,USA
2338714,USA
2338941,USA
2338963,USA
2339096,USA
2339103,Japan
2339111,UK
2339246,USA
2339347,USA
2339477,Hong Kong
2339477,USA
2339491,UK
2340287,Canada
2340287,UK
2340287,USA
2341003,USA
2341046,USA
2341100,France
2341100,USA
2341160,USA
2341171,USA
2341509,Belgium
2341509,France
2341509,Georgia
2341509,Ukraine
2342626,USA
2342997,Australia
2344403,UK
2344573,Japan
2344573,UK
2344675,USA
2345354,France
2345354,USA
2345742,Hong Kong
2346707,France
2346707,Iran
2346713,Philippines
2346939,UK
2348226,USA
2349123,USA
2349163,Belgium
2349163,Germany
2349163,USA
2349269,France
2349269,UK
2349269,USA
2349430,Germany
2349430,USA
2349784,UK
2350234,USA
2350339,USA
2350378,USA
2350992,Australia
2350992,UK
2351245,USA
2351246,USA
2351693,USA
2351717,USA
2351845,USA
2351885,USA
2351904,USA
2351925,USA
2352948,USA
2353641,USA
2353781,USA
2353895,USA
2353900,USA
2354011,USA
2354219,USA
2354226,USA
2354247,USA
2354271,USA
2354392,USA
2354396,USA
2354438,USA
2354464,Germany
2354464,USA
2354674,UK
2354674,USA
2354792,USA
2354959,USA
2355275,USA
2355276,USA
2355303,USA
2355555,UK
2355625,USA
2355661,USA
2355719,USA
2355904,UK
2356134,Denmark
2356134,Germany
2356134,Sweden
2356224,Germany
2356224,Japan
2356224,USA
2356287,Canada
2356287,USA
2356460,France
2356460,Italy
2356460,Switzerland
2356755,Canada
2356755,USA
2357080,USA
2357240,USA
2357424,USA
2357437,USA
2357543,USA
2357676,USA
2357807,USA
2357857,USA
2358317,USA
2358980,Australia
2358980,USA
2359014,USA
2359470,Japan
2359470,USA
2359505,Spain
2359625,Ireland
2360108,Mexico
2360108,USA
2360397,Soviet Union
2360614,USA
2360660,USA
2360675,USA
2360702,Ireland
2360702,USA
2360833,USA
2360852,USA
2360910,Federal Republic of Yugoslavia
2360910,France
2360910,Germany
2360910,Greece
2360910,UK
2360973,USA
2361193,USA
2361211,USA
2361281,USA
2361284,USA
2361450,USA
2361456,USA
2361575,France
2361575,USA
2361748,USA
2361778,USA
2361784,USA
2361785,USA
2362113,UK
2362207,USA
2362428,USA
2363015,UK
2363015,USA
2363269,USA
2363270,USA
2363738,USA
2363756,USA
2364254,USA
2364486,USA
2364498,USA
2364887,Cuba
2364887,Soviet Union
2364949,USA
2365078,Australia
2365078,USA
2365142,USA
2365297,USA
2365518,France
2365518,Spain
2365518,UK
2365633,USA
2365831,USA
2365844,USA
2365920,USA
2366246,USA
2366248,USA
2366368,USA
2366403,USA
2366408,USA
2366649,USA
2366980,USA
2367023,UK
2367832,USA
2367921,UK
2367921,USA
2367930,USA
2369177,USA
2369317,USA
2369519,USA
2369623,New Zealand
2370089,USA
2370348,USA
2370423,USA
2370472,UK
2370704,USA
2370742,Germany
2370772,Soviet Union
2371045,USA
2371052,USA
2371246,USA
2371502,USA
2371509,USA
2371602,USA
2371603,USA
2371610,USA
2371611,USA
2371648,USA
2371651,USA
2371654,USA
2371692,USA
2371705,USA
2371726,USA
2371778,USA
2371786,USA
2371787,USA
2372012,USA
2372068,France
2372068,USA
2372234,USA
2372328,USA
2372407,USA
2373106,USA
2373212,USA
2373221,USA
2373241,France
2373241,Italy
2373241,UK
2373256,USA
2373364,USA
2373434,USA
2373470,USA
2373573,Italy
2373941,USA
2374542,India
2374542,UK
2374584,USA
2374677,USA
2374686,UK
2375093,USA
2375659,UK
2375659,USA
2375749,USA
2375846,USA
2375950,USA
2376295,USA
2376870,USA
2377049,USA
2377127,USA
2377127,West Germany
2377173,Canada
2377173,USA
2377282,USA
2377877,Japan
2377877,USA
2378398,Australia
2378535,Canada
2378535,Italy
2378535,USA
2378594,USA
2378750,USA
2378853,USA
2379184,Germany
2379184,USA
2379192,Germany
2379192,USA
2380109,USA
2380932,USA
2380949,USA
2380982,USA
2381332,UK
2381332,USA
2381528,USA
2381959,USA
2382368,USA
2382687,Japan
2383252,USA
2383280,USA
2383305,USA
2383350,Austria
2383350,Canada
2383350,Germany
2383350,Hungary
2383956,UK
2383956,USA
2384304,Mexico
2384418,UK
2384418,USA
2384520,UK
2384532,UK
2384532,USA
2384535,UK
2384535,USA
2384536,UK
2384536,USA
2384735,USA
2385207,USA
2385744,USA
2385772,USA
2386139,USA
2386293,USA
2387087,USA
2387903,USA
2388125,USA
2388316,UK
2388316,USA
2388445,USA
2388540,USA
2388613,USA
2388702,USA
2388790,USA
2388990,USA
2389414,USA
2390303,Norway
2390631,USA
2390996,USA
2391515,France
2391515,Iran
2392001,Ireland
2392001,UK
2392001,USA
2392533,USA
2393241,USA
2393853,USA
2393856,USA
2393876,USA
2393957,USA
2394155,USA
2394206,USA
2394293,USA
2394728,Japan
2395044,Argentina
2395044,Spain
2395255,USA
2395942,USA
2395953,USA
2396028,India
2396330,USA
2396366,Australia
2396366,Germany
2396366,USA
2396390,USA
2397128,USA
2397272,Canada
2397272,USA
2397663,Italy
2397663,UK
2397781,USA
2398900,Hong Kong
2398900,USA
2398907,Hong Kong
2398907,USA
2398908,Hong Kong
2398908,USA
2400037,USA
2400056,USA
2400921,USA
2401353,France
2401441,USA
2401724,Canada
2401724,USA
2401750,France
2401750,USA
2401814,USA
2402234,USA
2402490,USA
2402836,Japan
2402907,USA
2403659,USA
2403807,USA
2403883,USA
2404002,USA
2404248,USA
2404464,USA
2404844,USA
2405097,UK
2405559,USA
2405780,UK
2405818,USA
2405835,USA
2405972,UK
2406080,USA
2406092,USA
2406259,USA
2406308,USA
2406458,Czech Republic
2406458,France
2406458,Germany
2406458,UK
2406458,USA
2406464,Australia
2406464,UK
2406475,USA
2406479,Germany
2406479,USA
2406492,USA
2406749,UK
2406749,USA
2406808,USA
2406910,USA
2407102,USA
2407115,USA
2407308,USA
2407502,USA
2407577,USA
2408078,USA
2408096,USA
2408133,USA
2408166,USA
2408167,USA
2408389,USA
2408482,Mexico
2408482,USA
2408762,Canada
2408762,USA
2408977,USA
2409051,Canada
2409070,USA
2409105,USA
2409402,USA
2409655,USA
2409708,USA
2409717,USA
2409764,USA
2409949,USA
2410182,USA
2410273,USA
2410338,USA
2410484,USA
2410667,USA
2410686,USA
2410691,USA
2410916,UK
2410977,New Zealand
2411034,USA
2411035,USA
2411215,USA
2411361,USA
2411492,USA
2411558,USA
2411762,USA
2411839,USA
2412295,USA
2412397,USA
2412502,USA
2412514,USA
2412518,USA
2412620,USA
2412638,USA
2412676,USA
2412686,UK
2412686,USA
2412740,UK
2412740,USA
2412859,USA
2412879,USA
2412918,UK
2412918,USA
2412945,USA
2413158,USA
2413168,USA
2413457,USA
2413536,USA
2413799,USA
2413948,USA
2414050,USA
2414153,USA
2414225,USA
2414400,USA
2414419,USA
2414571,Canada
2414571,USA
2414595,USA
2414767,Canada
2414767,USA
2414877,UK
2414877,USA
2415240,USA
2415427,UK
2415427,USA
2415482,USA
2415512,USA
2415560,USA
2415703,USA
2415723,USA
2415946,USA
2415964,UK
2415964,USA
2415971,USA
2416139,USA
2416189,USA
2416319,USA
2416380,USA
2416410,UK
2416504,USA
2416982,USA
2417002,USA
2417211,France
2417211,Germany
2417211,UK
2417211,USA
2417216,USA
2417640,USA
2418230,USA
2418253,Australia
2418326,USA
2418525,Germany
2418525,USA
2418557,France
2418557,Germany
2418557,UK
2418557,USA
2418562,France
2418562,Germany
2418562,UK
2418704,USA
2418726,USA
2419706,USA
2419797,USA
2419835,USA
2419930,UK
2419964,USA
2420111,USA
2420229,Ireland
2420229,UK
2420761,USA
2420795,USA
2421052,Ireland
2421052,UK
2421052,USA
2421210,USA
2421254,USA
2421550,Germany
2421550,UK
2421550,USA
2421643,USA
2421720,France
2421720,UK
2421914,USA
2422396,USA
2422513,USA
2422712,USA
2422818,USA
2422979,USA
2422996,USA
2423002,USA
2423004,Germany
2423004,USA
2423044,USA
2423061,USA
2423072,USA
2423104,USA
2423139,Japan
2423139,UK
2423315,USA
2423437,UK
2423557,USA
2424023,UK
2424023,USA
2424038,USA
2424563,USA
2424628,Canada
2424628,USA
2424777,USA
2425159,USA
2425160,USA
2425205,USA
2425222,UK
2425222,USA
2425640,UK
2425835,UK
2425880,USA
2425936,Germany
2425936,USA
2425966,USA
2426074,Ireland
2426074,USA
2426553,UK
2426553,USA
2426757,USA
2427282,France
2427282,USA
2427355,USA
2427591,UK
2428475,USA
2428555,Canada
2428578,USA
2428775,USA
2428934,UK
2429043,USA
2429253,France
2429253,Germany
2429253,USA
2429270,UK
2429271,UK
2429271,USA
2429381,USA
2429382,USA
2429495,UK
2429495,USA
2429506,UK
2429962,USA
2430234,USA
2430236,USA
2430482,UK
2430482,USA
2430658,USA
2430810,USA
2430959,UK
2430959,USA
2431294,USA
2431451,UK
2431691,USA
2431715,USA
2432016,UK
2432016,USA
2432049,France
2432285,USA
2432392,UK
2432392,USA
2432424,UK
2432424,USA
2432757,USA
2433039,USA
2433086,USA
2433193,Canada
2433314,USA
2433445,USA
2433450,USA
2433612,USA
2433613,Canada
2433613,UK
2433613,USA
2433626,USA
2433700,USA
2433734,USA
2434036,USA
2434412,USA
2434561,USA
2434664,New Zealand
2434664,USA
2434795,USA
2434818,UK
2434818,USA
2434846,USA
2434873,USA
2434963,USA
2435197,USA
2435394,USA
2435509,Canada
2435509,USA
2435520,Canada
2435520,USA
2435620,USA
2435625,USA
2435692,USA
2435697,Ireland
2435697,UK
2435713,Germany
2435713,USA
2435881,Japan
2435881,USA
2435972,USA
2435974,USA
2435997,USA
2436084,USA
2436288,USA
2437007,USA
2437039,France
2437039,USA
2437062,USA
2437170,USA
2437277,USA
2437299,USA
2437300,USA
2437320,Botswana
2437320,South Africa
2437321,Botswana
2437321,South Africa
2437321,USA
2437383,USA
2437434,France
2437434,UK
2437434,USA
2437452,USA
2437630,USA
2437728,USA
2437803,USA
2437961,USA
2437988,USA
2438101,UK
2438147,USA
2438272,USA
2438279,USA
2438541,USA
2438568,USA
2438716,USA
2438760,USA
2438765,UK
2438827,USA
2438866,USA
2438986,USA
2439001,USA
2439154,USA
2439306,USA
2439451,USA
2439616,USA
2439860,UK
2439860,USA
2440155,USA
2440247,Canada
2440247,UK
2440300,USA
2440730,USA
2440732,UK
2440732,USA
2440733,USA
2441467,Germany
2441467,UK
2441467,USA
2441476,USA
2441559,USA
2441791,USA
2441957,USA
2442181,USA
2442666,USA
2442759,USA
2442836,France
2442836,UK
2443071,USA
2443099,Denmark
2443099,Germany
2443099,Portugal
2443099,USA
2443201,USA
2443214,Germany
2443214,UK
2443214,USA
2443380,USA
2443403,UK
2443509,USA
2443522,USA
2443624,USA
2443655,USA
2443779,USA
2443864,USA
2444103,USA
2444128,USA
2444223,Canada
2444223,USA
2444273,USA
2444351,USA
2444539,USA
2444638,UK
2444642,UK
2444642,USA
2444704,USA
2444722,USA
2445189,USA
2445248,UK
2445287,USA
2445390,USA
2445527,France
2445527,Germany
2445527,Japan
2445527,UK
2445527,USA
2445594,USA
2445757,USA
2445763,USA
2445832,USA
2445853,USA
2446143,USA
2446151,USA
2446203,China
2446203,USA
2446248,USA
2446368,USA
2446369,USA
2446421,USA
2446494,USA
2446501,USA
2446644,USA
2446778,USA
2446782,USA
2446984,USA
2447022,USA
2447027,UK
2447082,USA
2447114,USA
2447163,USA
2447164,USA
2447248,USA
2447823,USA
2447864,UK
2448078,France
2448078,UK
2448577,USA
2448585,USA
2448629,USA
2448671,China
2448671,France
2448671,Italy
2448671,UK
2448908,USA
2449148,USA
2449330,France
2449330,Ireland
2449330,UK
2449449,USA
2449498,Canada
2449498,USA
2449525,USA
2449530,USA
2449729,Denmark
2449729,Ireland
2449729,UK
2449747,USA
2450038,Japan
2450038,UK
2450038,USA
2450051,USA
2450102,UK
2450394,USA
2450589,Netherlands
2450589,USA
2450945,USA
2451008,USA
2451328,USA
2451386,USA
2451456,USA
2451832,USA
2451897,USA
2451910,USA
2451959,USA
2452304,USA
2452309,UK
2452580,USA
2452617,USA
2452719,USA
2452768,USA
2452910,USA
2452938,USA
2452983,UK
2452983,USA
2453256,France
2453256,UK
2453256,USA
2453314,USA
2453333,USA
2453421,USA
2453494,USA
2453747,USA
2453777,USA
2454098,Australia
2454234,UK
2454636,USA
2455724,USA
2456019,Germany
2456019,USA
2456020,UK
2456021,USA
2456181,UK
2456181,USA
2456218,USA
2456265,USA
2456292,USA
2456443,UK
2456555,France
2456555,Germany
2456555,Spain
2456555,UK
2456555,USA
2456557,USA
2456585,USA
2456586,UK
2456637,USA
2456741,UK
2456944,USA
2457168,USA
2457188,Germany
2457188,USA
2457234,UK
2457234,USA
2457384,UK
2457395,Ireland
2457395,UK
2457395,USA
2457441,USA
2457464,Australia
2457464,USA
2458438,USA
2458457,USA
2458634,USA
2458858,USA
2458984,USA
2459227,UK
2459369,USA
2459443,USA
2459538,USA
2459856,USA
2459965,USA
2460167,Germany
2460167,UK
2460382,USA
2460383,UK
2460384,USA
2460402,USA
2460404,USA
2460406,USA
2460410,USA
2460419,USA
2460422,UK
2460422,USA
2460432,USA
2460492,USA
2461007,USA
2461085,USA
2461086,USA
2461096,USA
2461289,USA
2461385,Australia
2461385,New Zealand
2461485,Germany
2461485,USA
2461549,UK
2461598,USA
2461620,Germany
2461620,USA
2461621,Germany
2461621,USA
2461650,USA
2462106,USA
2462112,USA
2462153,USA
2462177,USA
2462304,Italy
2462304,USA
2462408,Sweden
2462408,USA
2462515,USA
2462595,France
2462595,Spain
2462595,USA
2462958,USA
2462959,USA
2463037,USA
2463128,USA
2463129,USA
2463153,UK
2463153,West Germany
2463462,USA
2463620,USA
2463622,USA
2463624,UK
2463624,USA
2463946,UK
2463946,USA
2463959,USA
2464197,USA
2464545,USA
2464635,USA
2464684,USA
2464699,USA
2464777,USA
2464994,USA
2465091,USA
2465142,USA
2465145,USA
2465208,USA
2465224,USA
2465279,USA
2465320,USA
2465321,USA
2465773,Germany
2465773,USA
2465823,USA
2465893,USA
2465999,USA
2466152,USA
2466194,USA
2466403,USA
2466489,USA
2466584,USA
2466643,Australia
2466643,USA
2466743,USA
2466782,USA
2466916,Australia
2466916,France
2466916,New Zealand
2467141,France
2467141,Luxembourg
2467141,Netherlands
2467141,UK
2467591,USA
2467606,USA
2467655,Germany
2467655,UK
2467993,France
2467993,USA
2468093,USA
2468205,UK
2468205,USA
2468209,USA
2468262,UK
2468266,USA
2468270,USA
2468270,West Germany
2468555,USA
2468663,USA
2469053,USA
2469075,USA
2469104,USA
2469496,USA
2469602,USA
2469755,USA
2469815,USA
2469819,France
2469819,UK
2469819,USA
2470056,USA
2470130,USA
2470287,Belgium
2470287,France
2470287,Netherlands
2470287,Spain
2470444,Canada
2470444,USA
2470520,Japan
2470520,USA
2470557,USA
2470575,Australia
2470575,France
2470575,Italy
2470769,USA
2470910,USA
2471102,USA
2471175,USA
2471217,USA
2471265,USA
2472087,USA
2472244,Germany
2472244,Japan
2472244,New Zealand
2472244,UK
2472244,USA
2472260,USA
2472292,UK
2472292,USA
2472391,USA
2472393,USA
2472465,USA
2472467,USA
2472800,UK
2472807,USA
2473007,USA
2473215,USA
2473304,USA
2473585,USA
2473638,USA
2473798,USA
2473917,USA
2474020,USA
2474065,USA
2474100,UK
2474100,USA
2474705,USA
2474742,UK
2474783,Ireland
2474783,USA
2474888,USA
2475103,Canada
2475166,USA
2475195,USA
2475387,USA
2475423,USA
2475442,USA
2475680,USA
2475682,USA
2475939,USA
2476119,Switzerland
2476119,UK
2476119,USA
2476201,USA
2476233,USA
2476335,USA
2476415,UK
2476422,UK
2476484,USA
2476743,USA
2476750,Ireland
2476750,USA
2477259,USA
2477403,USA
2477524,USA
2477525,USA
2477653,USA
2477732,Italy
2477732,UK
2477894,UK
2477894,USA
2477986,Czech Republic
2477986,France
2477986,Spain
2477986,UK
2477986,USA
2478017,USA
2478105,USA
2478286,USA
2478414,USA
2479024,USA
2479029,USA
2479085,UK
2479134,Canada
2479134,USA
2479393,UK
2479418,USA
2479771,USA
2479989,USA
2480294,USA
2480359,USA
2480499,USA
2480572,Peru
2480572,USA
2480579,USA
2480764,USA
2480924,USA
2481073,UK
2481424,USA
2481584,USA
2481636,USA
2481665,USA
2482169,USA
2482282,France
2482282,UK
2482282,USA
2482401,USA
2482834,Canada
2482834,UK
2482834,USA
2482876,USA
2482887,USA
2482925,USA
2482984,USA
2483077,Australia
2483187,USA
2483470,USA
2483519,Canada
2483674,USA
2483838,USA
2483957,USA
2484054,Italy
2484054,USA
2484082,Argentina
2484082,France
2484082,Germany
2484082,Netherlands
2484082,UK
2484104,USA
2484656,UK
2484656,USA
2484852,USA
2484853,USA
2484924,UK
2485001,USA
2485008,USA
2485013,USA
2485015,USA
2485041,USA
2485156,UK
2485163,USA
2485237,Germany
2485237,USA
2485256,USA
2485257,USA
2485327,USA
2485393,Austria
2485393,UK
2485393,USA
2485547,USA
2485620,USA
2485682,Japan
2485682,USA
2485831,USA
2485971,UK
2486246,USA
2486283,USA
2486285,USA
2486286,USA
2486655,Japan
2486655,USA
2486817,USA
2487055,USA
2487095,USA
2487210,USA
2487295,USA
2487366,USA
2487415,USA
2487653,USA
2487726,USA
2487884,USA
2488034,New Zealand
2488227,USA
2488375,USA
2488990,USA
2489145,Germany
2489145,USA
2489362,Ireland
2489362,UK
2489362,USA
2489534,USA
2489627,USA
2489677,USA
2490074,USA
2490655,USA
2490779,USA
2490945,USA
2490998,USA
2491016,Italy
2491016,UK
2491020,USA
2491068,USA
2491248,USA
2491349,USA
2491493,USA
2491565,USA
2491802,USA
2491830,USA
2492491,USA
2492509,USA
2492644,USA
2492725,USA
2492771,USA
2493094,UK
2493094,USA
2493184,UK
2493193,UK
2493193,USA
2493239,UK
2493444,USA
2493503,USA
2493709,UK
2493775,USA
2493900,USA
2494140,UK
2494140,USA
2494739,USA
2494787,UK
2494814,USA
2494890,USA
2494910,Australia
2494924,Australia
2494924,USA
2495198,France
2495198,Germany
2495198,UK
2495779,France
2495779,USA
2495820,USA
2496353,USA
2496608,USA
2496767,USA
2496783,USA
2496840,USA
2497211,USA
2497303,USA
2497412,USA
2497499,Jamaica
2497612,Canada
2497612,Finland
2497612,Netherlands
2497612,Portugal
2498040,Canada
2498040,Ireland
2498143,USA
2498578,USA
2498766,UK
2498766,USA
2499216,USA
2499368,USA
2499488,Australia
2499488,USA
2499704,USA
2499704,Vietnam
2499854,USA
2499970,Australia
2499970,USA
2500022,USA
2500735,Ireland
2500735,USA
2500886,UK
2500912,USA
2501253,Hong Kong
2501343,Hong Kong
2501343,Taiwan
2501343,USA
2502098,Canada
2502098,Mexico
2502334,Germany
2502334,USA
2502501,Brazil
2502501,Finland
2502501,Germany
2503087,UK
2503124,Italy
2503342,USA
2503584,Canada
2503584,Japan
2503584,USA
2503810,USA
2503827,USA
2504015,USA
2504449,USA
2504464,USA
2504469,USA
2504794,Italy
2504794,UK
2504794,USA
2504995,USA
2505066,USA
2505091,USA
2505110,UK
2505110,USA
2505183,USA
2505263,USA
2505515,UK
2505595,USA
2506826,France
2506826,Spain
2507383,Japan
2507620,UK
2507620,USA
2507690,UK
2507787,USA
2508020,USA
2508085,UK
2508103,USA
2508265,UK
2508265,USA
2509455,USA
2509481,USA
2509643,USA
2509799,UK
2509841,Japan
2509841,USA
2510141,USA
2510661,Belgium
2510661,France
2510661,UK
2510683,USA
2511051,USA
2511131,USA
2511307,USA
2511419,Senegal
2512048,USA
2512050,USA
2512132,USA
2512542,USA
2513057,USA
2513082,Belgium
2513082,France
2513082,Israel
2513082,Netherlands
2513082,Romania
2513237,UK
2513519,USA
2514865,USA
2514980,Italy
2515489,USA
2515573,USA
2516147,USA
2516166,USA
2516358,USA
2516406,USA
2517067,USA
2517305,USA
2517391,USA
2517414,France
2517414,Poland
2517414,Switzerland
2517415,France
2517415,Poland
2517415,Switzerland
2517416,France
2517416,Poland
2517416,Switzerland
2517491,France
2517491,Portugal
2518007,USA
2518391,USA
2518423,USA
2518451,USA
2518541,France
2518541,USA
2518736,UK
2518736,USA
2518905,USA
2519338,Japan
2520062,Taiwan
2520326,USA
2520706,Japan
2520706,USA
2520712,USA
2520896,USA
2521170,UK
2521170,USA
2521605,USA
2521652,USA
2521851,USA
2521986,USA
2522004,France
2522004,USA
2522027,UK
2522182,USA
2522318,USA
2522447,USA
2522562,UK
2522618,USA
2522651,USA
2522674,USA
2522758,USA
2522948,USA
2522957,Spain
2522957,USA
2523180,USA
2524414,France
2524414,USA
2524549,France
2524549,USA
2524640,USA
2524696,USA
2525819,USA
2525874,Italy
2527825,Belgium
2527825,France
2527825,Germany
2528355,France
2528406,France
2529538,France
2529538,Romania
2531186,Germany
2531311,UK
2531457,France
2531457,USA
2531460,USA
2531488,France
2531488,USA
2531770,USA
2532030,Bulgaria
2532030,Czech Republic
2532030,Federal Republic of Yugoslavia
2532030,France
2532030,Germany
2532030,Hungary
2532198,USA
2532812,Belgium
2532812,France
2532812,Luxembourg
2532812,Switzerland
2533425,USA
2533451,USA
2533461,USA
2533625,France
2533625,USA
2533992,USA
2533997,USA
2534991,USA
2536738,USA
2536827,USA
2537109,UK
2537109,USA
2537149,USA
2537704,France
2537704,USA
2537710,USA
2537793,USA
2538575,France
2538575,Russia
2539567,USA
2540772,USA
2540794,Japan
2540794,USA
2541368,USA
2541694,USA
2542489,USA
2542878,UK
2542878,USA
2543337,USA
2544143,Australia
2544156,USA
2544531,USA
2544594,USA
2545159,France
2545159,Portugal
2545380,USA
2545754,UK
2545754,USA
2547352,UK
2547353,USA
2547971,USA
2548449,USA
2548478,France
2548478,Germany
2548478,Japan
2548478,UK
2548478,USA
2550559,USA
2550858,USA
2551701,UK
2551718,USA
2553800,USA
2554203,USA
2554361,USA
2554662,France
2554662,Ireland
2554662,UK
2554662,USA
2554699,Canada
2554699,USA
2554996,UK
2555100,Germany
2555100,UK
2555100,USA
2555555,UK
2556055,USA
2556271,New Zealand
2556792,China
2556792,USA
2557229,USA
2558123,UK
2558138,USA
2558441,USA
2558443,USA
2559217,USA
2559249,USA
2559529,USA
2559855,USA
2560159,USA
2560564,UK
2560564,USA
2560598,Australia
2560598,UK
2560616,USA
2561165,USA
2561419,Belgium
2561419,France
2561419,Lebanon
2561419,Norway
2561516,USA
2561802,USA
2562193,USA
2562411,New Zealand
2562411,USA
2562421,USA
2562422,USA
2562503,USA
2562822,USA
2562929,USA
2563410,USA
2563451,USA
2563697,France
2563697,USA
2563736,USA
2564194,USA
2564560,Canada
2564828,USA
2564953,USA
2565487,UK
2565487,USA
2565814,USA
2565851,USA
2565873,Canada
2565873,Germany
2565873,UK
2565873,USA
2565985,USA
2566203,USA
2566262,USA
2566626,USA
2566895,France
2566895,USA
2566918,USA
2567049,USA
2567099,USA
2567258,France
2567258,USA
2567467,USA
2567890,USA
2567937,Canada
2567937,USA
2567991,Philippines
2568399,USA
2568931,USA
2569037,Ireland
2569037,UK
2569556,USA
2569583,USA
2569814,USA
2569938,USA
2570013,USA
2570133,Germany
2570133,Japan
2570133,UK
2570785,USA
2570825,USA
2571171,USA
2571296,Luxembourg
2571296,USA
2571358,USA
2571413,France
2571413,USA
2571635,USA
2572280,USA
2572301,USA
2572478,USA
2572635,USA
2572655,USA
2572675,USA
2572978,UK
2573045,USA
2573168,USA
2573677,USA
2574016,USA
2574613,Germany
2574613,Japan
2574613,UK
2574613,USA
2574729,USA
2574730,UK
2574824,USA
2575313,USA
2576718,Germany
2576718,USA
2576852,China
2577062,China
2577075,USA
2577314,USA
2577428,UK
2578162,France
2578162,Hong Kong
2578162,Vietnam
2578330,Hong Kong
2578346,China
2578392,China
2579662,South Africa
2579702,China
2579702,France
2580276,USA
2580619,UK
2580619,USA
2581228,China
2581428,Taiwan
2581428,USA
2581836,Argentina
2582703,USA
2582995,USA
2583382,USA
2583601,USA
2583633,USA
2583695,USA
2583701,USA
2583966,USA
2584115,UK
2584311,USA
2585064,Japan
2585507,Japan
2586057,USA
2586756,Poland
2587077,Republic of Macedonia
2587740,Soviet Union
2587786,USA
2587976,USA
2590181,Australia
2591814,Canada
2591814,UK
2592334,USA
2592963,France
2593112,Denmark
2593112,Germany
2593112,Iceland
2593112,Japan
2593112,USA
2593313,Spain
