editorid,name
109,"Abadal, Pere"
317,"Abel, Doug (I)"
503,"Abramowitz, Jane Pia"
568,"Abroms, Edward M."
734,"Ackland, Noreen"
772,"Acosta, Tom (I)"
804,"Adair, Sandra"
826,"Adam, Peter R."
911,"Adams, Edgar"
1006,"Adams, Tracy (I)"
1008,"Adams, Warren (I)"
1171,"Adler, Anthony"
1178,"Adler, Diane"
1191,"Adler, Robbie"
1617,"Ah, Jack"
1946,"Akers, George (I)"
2031,"Akst, Albert"
2133,"Alabiso, Daniele"
2135,"Alabiso, Eugenio"
2303,"Albert, Ross"
2333,"Albertson, Eric (I)"
2335,"Albertson, Sean"
2532,"Aledo, Iván"
2552,"Aleksandrov, Grigori"
3039,"Allen, Dede"
3042,"Allen, Dick (II)"
3054,"Allen, Fred (II)"
3090,"Allen, John David"
3172,"Allen, Stanford C."
3554,"Althoff, Andreas"
3576,"Altman, Robert (I)"
3760,"Alverson, Timothy"
3961,"Ambinder-Rojas, Jessica"
4123,"Amitai, Yasmine"
4234,"Amundson, Peter"
4240,"Amy, George"
4243,"Amyx, Tim"
4440,"Anderson, Brad (II)"
4570,"Anderson, Kevin (V)"
4595,"Anderson, Marc (I)"
4643,"Anderson, Philip W."
4699,"Anderson, William A. (II)"
4702,"Anderson, William M."
4996,"Andrianova, Olga"
5484,"Antonioni, Michelangelo"
5561,"Anwar, Tariq"
5619,"Apelbaum, Martin"
5823,"Arai, Makoto (I)"
5840,"Araki, Gregg"
5994,"Arcalli, Franco"
5997,"Arcand, Michel"
6080,"Arcidi, Anthony"
6184,"Arensman, Brad"
6522,"Arnal, Hélène"
6654,"Arnsten, Stefan (I)"
6671,"Aron, Donn"
7131,"Ashby, Hal"
7479,"Atherton, Claire"
7520,"Atkins, Mark (II)"
7678,"Aubrey, David (I)"
7728,"Audsley, Mick"
7797,"Augé, Jennifer"
7919,"Austin, William (II)"
8074,"Avildsen, John G."
8225,"Aykanian, Carole Kravetz"
8263,"Ayyar, Suresh"
8275,"Azar, Léonide"
8582,"Bachom, Jack"
8660,"Badami, Bob"
9145,"Baird, Stuart"
9318,"Baker, Marvin"
9327,"Baker, Nancy (I)"
9490,"Balcerek, Scott"
9739,"Ballas, James"
9819,"Balsam, Alan"
9834,"Balson, Michael (I)"
10156,"Baragli, Nino"
10519,"Baril, Alain"
10520,"Baril, Alan"
10767,"Barnes, Paul (I)"
10848,"Barnier, Luc"
10897,"Baron, Suzanne (I)"
10985,"Barraqué, Martine"
11029,"Barrere, Robert"
11126,"Barrios, Jose A."
11147,"Barrois, Claude"
11270,"Barsha, Leon"
11333,"Barthel, Beau"
11472,"Barton, Sean (I)"
11628,"Baskin, Sonny"
11676,"Bassett, Craig (I)"
11741,"Bastille, Ned"
11827,"Bates, Bert"
11955,"Baubeau, Roland"
11958,"Bauchens, Anne"
11974,"Baudry, Anne"
12005,"Bauer, Mary (I)"
12026,"Bauer, Tristán"
12050,"Baum, David (I)"
12104,"Baumgarten, Alan"
12479,"Beason, Eric L."
12567,"Beaulieu, Lise"
12573,"Beauman, Nicholas"
12872,"Bedford, James Gavin"
12987,"Beetley, Samuel E."
13140,"Bekolo, Jean-Pierre"
13170,"Belcher, Robert (I)"
13186,"Beldin, Dale"
13254,"Bell, Alan Edward"
13334,"Bell, Monta"
13576,"Belvaux, Rémy"
13599,"Beman White, Jennifer"
13642,"Ben-David, Tal"
13740,"Bender, Bob (II)"
13811,"Benedict, Max"
14111,"Benoit, Nicole (II)"
14139,"Bensley, Guy"
14320,"Berckmans, Nicole"
14324,"Berdan, Brian"
14337,"Berenbaum, Michael (I)"
14481,"Berger, Peter E."
14699,"Berlatsky, David"
14722,"Berlinger, Joe"
14739,"Berman, Glenn"
14740,"Berman, Henry"
14836,"Bernard, Nena"
14858,"Bernardi, Adam"
14890,"Berndt, George"
14895,"Berner, Alexander"
15158,"Bertman, David L."
15290,"Bessner, Jeff"
15326,"Besterveld, Beth Jochem"
15346,"Betancourt, Jeff"
15497,"Beyda, Kent"
15923,"Biery, Edward A."
15959,"Biggerstaff, Caroline"
16024,"Bilancio, Ivan"
16040,"Bilcock, Jill"
16079,"Billeskov Jansen, Janus"
16166,"Bindler, S.R."
16187,"Bini, Joe"
16211,"Binns, T. David"
16340,"Birnbaum, Irving"
16384,"Bischoff, Robert (I)"
16403,"Bishop, Brian J."
16769,"Blackwell, Ken (I)"
16819,"Blainey, Sue"
17097,"Blankett Milicevic, Betsy"
17215,"Bleiman, Edie"
17240,"Blewitt, David E."
17398,"Bloom, John (II)"
17515,"Blumenthal, Andy (I)"
17536,"Blunden, Bill"
17537,"Blunden, Chris (I)"
17692,"Bock, Larry"
17735,"Boden, Kristina"
17815,"Boemler, George"
17900,"Bogdanovich, Peter"
18040,"Boischot, Dominique"
18052,"Boisson, Noëlle"
18065,"Boita, Peter"
18114,"Bolado, Carlos (I)"
18342,"Bonanni, Mauro"
18414,"Bondelli, Roger"
18426,"Bondy, Arpad (I)"
18523,"Bonin, Madeleine"
18538,"Bonn, John H."
18555,"Bonnefoy, Mathilde"
18598,"Bonnot, Françoise"
18617,"Bonotti, Mario"
18649,"Bonz, Rob"
18676,"Boome, Adam"
18724,"Booth, Alfred"
18739,"Booth, Margaret (I)"
18975,"Bornstein, Charles"
18977,"Bornstein, Ken"
19076,"Borthwick, Dave"
19373,"Bouché, Claudine"
19526,"Bourgueil, Philippe"
19616,"Boutross, Tom"
19621,"Bouveret, Suzette"
19630,"Bouwmeester, Henny"
19729,"Bowers, George (I)"
20018,"Boyle, Peter (II)"
20121,"Bracht, Frank"
20126,"Bracken, Richard"
20264,"Bradsell, Michael (I)"
20288,"Brady, Bob"
20300,"Brady, Jerry"
20417,"Brame, Bill"
20505,"Brandenburger, Elfe"
20532,"Brandon, Maryann"
20558,"Brandt, Byron 'Buzz'"
20582,"Brandt-Burgoyne, Anita"
20862,"Brechin, Derek (I)"
20933,"Breitenbach, Al"
21036,"Brenner, David (I)"
21040,"Brenner, Gordon D."
21122,"Bretherton, David"
21173,"Brewer Jr., Roy M."
21271,"Bricker, Randy (I)"
21279,"Bricmont, Wendy Greene"
21457,"Bring, Bob"
21518,"Brisk, Angelica"
21592,"Brizio, Edward"
21638,"Brochu, Don"
21640,"Brock, Aaron (I)"
21798,"Bromwell, Lisa"
21832,"Brook, Peter (I)"
22119,"Brown, Barry Alexander"
22143,"Brown, Bruce (I)"
22205,"Brown, Dana (II)"
22293,"Brown, J. Randolph"
22406,"Brown, Michael (I)"
22440,"Brown, O. Nicholas"
22481,"Brown, Robert (II)"
22606,"Browne, Reg"
22800,"Brummer, Richard S."
22893,"Brunjes, Ralph"
23055,"Bryant, Edwin H."
23065,"Bryant, John (III)"
23146,"Bräuer, Mona"
23160,"Brücker, Wolf-Dietrich"
23182,"Buba, Pasquale"
23361,"Buckley, Norman"
23383,"Buckow, Friedel"
23510,"Buff IV, Conrad"
23629,"Bulbulian, Maurice"
23947,"Burgess, Peter (I)"
24020,"Burke, Erik (I)"
24071,"Burke, Shondra"
24163,"Burnett, John F."
24370,"Burstein, Nanette"
24408,"Burton, Joseph (I)"
24413,"Burton, Mark (VII)"
24427,"Burtt, Ben"
24465,"Busch, Todd"
24668,"Butler, Bill (II)"
24712,"Butler, Les (I)"
24740,"Butler, Stephen (I)"
24782,"Buttgereit, Jörg"
24839,"Buñuel, Luis"
24857,"Byers, Charles"
24859,"Byers, Greg (I)"
25445,"Cahn, Edward L."
25449,"Cahn, Philip"
26009,"Cambas, Jacqueline"
26014,"Cambern, Donn"
26061,"Cameron, James (I)"
26137,"Camp, Kathryn"
26154,"Campana, Joe (I)"
26286,"Campbell, Malcolm (I)"
26512,"Candib, Richard"
26612,"Cannon, Bruce (I)"
26854,"Caplan, Cathy"
26911,"Cappelli, Giancarlo"
26927,"Cappuccilli, Joanna"
27007,"Caraway, Jerry (I)"
27208,"Carey, Amy"
27281,"Carkhuff, David"
27334,"Carlisle, Norman"
27506,"Carnahan, Joe"
27555,"Carnochan, John"
27628,"Carpenter, John (I)"
27708,"Carr, John K."
27763,"Carras, Anthony"
27837,"Carrere, Leon"
27946,"Carroll, Bryan H."
28018,"Carruth, Milton"
28020,"Carruth, William C."
28158,"Carter, John (I)"
28216,"Carter-Giez, Krysia"
28251,"Cartwright, William T."
28640,"Cassidy, Jay"
28973,"Castro, Emmanuelle"
29109,"Catelain, Suzanne"
29128,"Cates, Jonathan"
29196,"Cattozzo, Leo"
29531,"Celada, Anna"
29637,"Ceperac, Branka"
29643,"Ceppi, François"
29696,"Cerniello, Anthony"
30261,"Chandler, Michael (I)"
30382,"Chang, William (I)"
30441,"Chapin, Doug (II)"
30447,"Chaplin, Charles"
30485,"Chapman, Joan E."
30707,"Charvein, Denise"
30893,"Chavance, Pascale"
31007,"Cheek, Lisa"
31016,"Cheesman, Ted"
31025,"Chegwidden, Ann"
31330,"Cherot, Christopher Scott"
31393,"Chestnut, Scott"
31419,"Cheung, Ka-Fai"
31421,"Cheung, Kar Fei"
31429,"Cheung, Peter (I)"
31488,"Chew, Richard (I)"
31526,"Chiang, Hsing-lung"
31577,"Chiate, Debra"
31589,"Chibnall, Jonathan"
31866,"Chiu, Francisco"
32126,"Chorynska, Irena"
32270,"Christen, Ueli"
32461,"Christopher, T.M."
32562,"Chulack, Fred A."
32671,"Churgin, Lisa Zeno"
32754,"Cibelli, Christopher"
32789,"Cichocki, Paul (I)"
32896,"Cinquini, Roberto"
32907,"Cioffi, Louis F."
33067,"Clair, René"
33075,"Clancey, Margaret"
33130,"Clark, Al (I)"
33139,"Clark, Asa Boyd"
33196,"Clark, James B. (I)"
33207,"Clark, Jim (I)"
33356,"Clarke, Frank (III)"
33516,"Clayton, Curtiss"
33596,"Clement, Charles (I)"
33697,"Clifford, Graeme"
33857,"Coates, Anne V."
33904,"Coblentz, James"
33919,"Coburn, Arthur"
34024,"Codron, David"
34025,"Cody, Alan (I)"
34063,"Coen, Ethan"
34065,"Coen, Joel"
34168,"Cohen, Alysha"
34190,"Cohen, Ben H."
34230,"Cohen, Emanuel"
34334,"Cohen, Steven (I)"
34560,"Cole, Stan"
34567,"Cole, William (II)"
34677,"Colina, Luis"
34767,"Collin, Françoise"
34997,"Colonna, Matthew"
35024,"Colton, Craig A."
35118,"Comets, Jacques"
35286,"Congdon, Dana"
35502,"Conrad, Scott (I)"
35593,"Conte, Mark"
35825,"Cook, Wayne (I)"
35838,"Cooke, Malcolm"
35848,"Cooke, Tricia (I)"
35940,"Cooper, Christopher (IV)"
35952,"Cooper, Dany"
36052,"Cooper, Winifred"
36081,"Copelan, Jodie"
36094,"Copeland, Rob (I)"
36362,"Cormon, Catherine"
36487,"Corrao, Angelo"
36552,"Corriveau, André"
36675,"Corwin, Hank (I)"
36693,"Coscarelli, Don"
36932,"Cotret, Anne-Marie"
36941,"Cotte, Camille"
37020,"Coughlin, Cari"
37045,"Coulson, David"
37046,"Coulson, Peter"
37140,"Coussein, Sophie"
37320,"Cox, Alfred"
37368,"Cox, Joel (I)"
37462,"Crafford, Ian"
37467,"Craft, Michael (I)"
37567,"Crandall, Robert O."
37605,"Cranston, Helga"
37632,"Craven, Garth"
37636,"Craven, Samuel"
37653,"Crawford Sr., Bob"
37814,"Cretcher, Mark"
37903,"Cristiani, Gabriella"
38113,"Crosland Jr., Alan"
38270,"Crowther, David"
38516,"Csákány, Zsuzsa"
38893,"Cunningham, Susan E."
39005,"Currier, Richard C."
39008,"Currin, John (I)"
39097,"Curtiss, Edward"
39194,"Cutry, Claudio M."
39488,"D'Angiolillo, Luis César"
39509,"D'Arcy, Marcus"
39519,"D'Augustine, Joe"
39635,"Da Roma, Eraldo"
40028,"Dalva, Robert"
40195,"Danevic, Nena"
40229,"Daniel, Bill (II)"
40444,"Dante, Joe (I)"
40520,"Dardill, Eric"
40892,"David, Amnon"
40987,"Davidson, Andrew (II)"
41058,"Davies, Carmel"
41076,"Davies, Freeman A."
41113,"Davies, Peter (III)"
41179,"Davis, Battle"
41209,"Davis, Chris (XII)"
41312,"Davis, Julie (I)"
41359,"Davis, Mona (I)"
41370,"Davis, Peggy (III)"
41392,"Davis, Roderick (I)"
41394,"Davis, Ron (I)"
41556,"Dawson, Ralph"
41611,"Day, Lisa (I)"
41612,"Day, Mark (I)"
41770,"De Bello, John (I)"
41830,"de Casabianca, Denise"
42008,"de Jarnette, Bill"
42053,"de La Bouillerie, Hubert"
42248,"de Leuw, Ray"
42289,"de Luze, Hervé"
42380,"de Oliveira, Manoel"
42482,"de Ruelle, Emile"
42580,"De Toth, Nicolas"
42694,"Dean, Angie (II)"
42748,"Dean, Rod"
42787,"Dearberg, Robert C."
42792,"Dearing, R.E."
43000,"Dedet, Yann"
43003,"Dedieu, Isabelle"
43005,"Dedieu, Nicole"
43036,"Deegen, Sandrine"
43063,"Deering, Joe"
43107,"DeGaetano, Alfred"
43165,"Deguchi, Keiko (I)"
43387,"del Rey, Pedro (I)"
43523,"Delattre, Chantal"
44223,"Denove, Russell"
44389,"Derocles, Thierry"
44393,"DeRonde, Bill"
44511,"Deseine, Valérie"
45027,"Di Ciaula, Pia"
45341,"Diaz, Jun (I)"
45634,"Dietrich, Ralph (I)"
45813,"DiMarco, Anthony (I)"
46156,"Diver, William"
46201,"Dixon, Humphrey"
46222,"Dixon, Paul (I)"
46606,"Dolan, Dennis"
46897,"Donatién, Osvaldo"
46999,"Donner, Clive"
47056,"Donsky, Seth Michael"
47193,"Dorn, Dody"
47205,"Dorney, Lisa"
47209,"Dornisch, William Paul"
47402,"Douglas, Everett (I)"
47673,"Doyle, Julian"
47702,"Dozo, Marie-Hélène"
48112,"Du Bois, Victor"
48128,"du Preez, Anton"
48145,"Du, Yuan"
48287,"Dubsikova, Vera"
48293,"Dubus, Marie-Sophie"
48359,"Ducsay, Bob"
48371,"Duddleston, Amy E."
48453,"Duffner, J. Patrick"
48469,"Duffy, John (II)"
48482,"Duffy, Robert (I)"
48788,"Dunham, Duwayne"
48916,"Dunning, John D."
49135,"Durham, Sarah (I)"
49262,"Duthie, Michael J."
49283,"Dutta, Dulal"
49410,"Dwyre, Roger"
49443,"Dyer, Gretchen"
49447,"Dyer, Julia"
49491,"Dysinger, Carol"
49537,"Dávalos, Raúl"
49746,"Earl, Christopher (I)"
49779,"Easley, Michael"
50007,"Eckelberry, Stephen"
50300,"Edwards, David (I)"
50392,"Edwards, Renee"
50497,"Egeland, Einar"
50572,"Ehlers, Corky"
50731,"Eisen, Robert S."
50771,"Eisenstein, Sergei M."
51085,"Eliopoulos, Nicholas"
51087,"Eliot, Michael"
51218,"Elliot, Michael (III)"
51248,"Elliott, Dick (II)"
51351,"Ellis, Michael (I)"
51356,"Ellis, Peter B."
51442,"Elmiger, Suzy"
51794,"Engelbrecht, Renée"
51921,"Ennals, William"
52316,"Ernst, Donald W."
52522,"Escudier, Harley"
52917,"Estrin, Robert"
53047,"Evan-Jones, Sim"
53086,"Evans, Brian (II)"
53163,"Evans, Kate (I)"
53727,"Fairservice, Don"
53834,"Falkenberg, Paul"
53926,"Fan, Kung-Wing"
53987,"Fano, Jacqueline"
54065,"Fardoulis, Monique"
54254,"Farr, Glenn"
54281,"Farrell, Dan (VI)"
54300,"Farrell, Neil (I)"
54337,"Farrugia, Colette"
54480,"Faure, John (I)"
54578,"Fazan, Adrienne"
54615,"Featherman, Gregg"
54734,"Fehr, Kaja"
54736,"Fehr, Rudi (I)"
54761,"Feiginova, Lyudmila"
54769,"Feil, Gerald"
54812,"Feitshans Jr., Fred R."
54857,"Feldman, Ettie M."
55042,"Fenn, Suzanne (I)"
55701,"Ferretti, Robert A."
55994,"Fields, Sam (I)"
55999,"Fields, Verna"
56045,"Figler, Chris"
56096,"Figueroa, Óscar"
56192,"Fillios, Danielle"
56229,"Finan, Tom"
56302,"Finfer, David"
56358,"Finkle, Claudia"
56372,"Finlay, Mary"
56375,"Finlayson, Elizabeth"
56447,"Finton, Greg"
56638,"Fisher Jr., Robert"
56687,"Fisher, Dick (I)"
56797,"Fisárek, Alois"
56934,"Fitzstephens, Jack"
56949,"Fjellvaer, Lillian"
56961,"Flack, Sarah (I)"
57020,"Flanagan, Peter Devaney"
57042,"Flannery, Patrick (I)"
57062,"Flaum, Erica"
57064,"Flaum, Seth"
57070,"Flaxman, Katie"
57215,"Fletcher, Nick (I)"
57225,"Fletcher, William (II)"
57231,"Flett, Al"
57249,"Flicker, William"
57682,"Foley, John M."
57688,"Foley, Pat (I)"
57695,"Foley, Sean (XI)"
57737,"Folsey Jr., George"
57827,"Font, Teresa (I)"
57972,"Ford, Jeffrey (I)"
58137,"Forner, Nancy"
58278,"Fortin, Dominique"
58289,"Fortini, Romana"
58411,"Foster, Ruth (I)"
58522,"Fowler Jr., Gene"
58541,"Fowler, Hugh S."
58556,"Fowler, Marjorie"
58868,"Francis, Robert (V)"
58875,"Francis-Bruce, Richard"
59045,"Frank, Peter C. (I)"
59281,"Fraticelli, Franco (I)"
59302,"Frazen, Robert"
59307,"Frazer, Lindsay (I)"
59344,"Freda, Bill"
59488,"Freeman, David (II)"
59504,"Freeman, Jeff (I)"
59550,"Freeman-Fox, Lois"
59652,"French, Eddie (II)"
59682,"Frend, Charles"
59731,"Freund, Jay"
59813,"Fricke, Ron (I)"
59854,"Friedkin, Jay"
59900,"Friedman, Gary (I)"
59901,"Friedman, Jeffrey (I)"
59914,"Friedman, Melinda"
59973,"Fries, Thomas (I)"
60006,"Frisa, James"
60206,"Fruchtman, Lisa"
60287,"Frías, Carmen"
60504,"Fuller, Brad (I)"
60599,"Funck, Hans (I)"
60721,"Furubrand, Christer"
60853,"G. del Amo, Pablo"
61486,"Galliéni, Dominique"
61549,"Galt, Nigel"
61647,"Gamble, Cynthia"
61648,"Gamble, David (I)"
61920,"Garber, Tony"
62579,"Garfield, David (I)"
62628,"Garland, Glenn"
62706,"Garrard, Helen"
62734,"Garrett, Stephen (II)"
62792,"Garrone, Mirco"
62805,"Garson, Arline"
62816,"Gartner, Sarah (I)"
62971,"Gast, Leon"
62980,"Gaster, Nicolas"
63256,"Gavrishkiv, Sergey"
63279,"Gay, Norman (I)"
63341,"Gazzara, Elizabeth (I)"
63406,"Gee, Christopher K."
63423,"Gee, Timothy"
63583,"Geller, Daniel (I)"
63662,"Gengenbach, Pål"
63723,"Gentner, Richard"
63785,"George, George W."
63878,"Geraghty, Naomi"
64073,"Gerstad, Harry W. (II)"
64195,"Ghaffari, Earl"
64454,"Gibbs, Antony"
64521,"Gibson, J. Kathleen"
64556,"Gibson, Robert (I)"
64623,"Gieth, Oliver"
64733,"Gilad, Nellie"
64767,"Gilbert, John (IX)"
64798,"Gilberti, Nina"
64898,"Gill, Scott J."
64971,"Gilliam, Vivien Hillgrove"
65052,"Gilmore, Stuart"
65072,"Gilroy, John (I)"
65221,"Giordano, Martine"
65487,"Gladwell, David"
65491,"Glagoleva, Nina"
65502,"Glanz, Sonja"
65565,"Glassman, Arnold"
65575,"Glatstein, Bert"
65649,"Glen, John (II)"
65722,"Glinka, Gunter"
65850,"Gobbett, A.R."
65883,"Godard, Jean-Luc"
65905,"Goddard, Daniel (I)"
66218,"Goldberg, Eve"
66261,"Goldblatt, Mark"
66282,"Golden, Robert (I)"
66300,"Goldenberg, William (I)"
66310,"Goldfield, Debra"
66315,"Goldfine, Dayna"
66367,"Goldman, Mia"
66456,"Goldstein, Roushell"
66466,"Goldstone, Duke"
66470,"Goldwasser, Ellen"
66659,"Gomez, Nick (I)"
66982,"González Sinde, Miguel"
67141,"Gonçalves, Affonso"
67228,"Goodhill, Dean (II)"
67238,"Goodkind, Saul A."
67263,"Goodman, Joel (I)"
67313,"Goodspeed, Margaret"
67411,"Gordean, William D."
67431,"Gordon, Barry Mark"
67516,"Gordon, Robert (II)"
67690,"Gosnell, Raja"
67780,"Gottlieb, Mallory"
67843,"Gould, Doug (I)"
67913,"Goursaud, Anne"
67916,"Gourson, Jeff"
68030,"Grace, Alison"
68093,"Graef, Susan"
68344,"Granger, Tracy"
68558,"Graves, Alex (I)"
68644,"Gray, Julia (I)"
68693,"Gray, William S."
68821,"Green, Bruce (I)"
68957,"Green, Paul (I)"
69018,"Greenaway, Peter"
69041,"Greenberg, Gerald B."
69063,"Greenbury, Christopher"
69073,"Greene, Danford B."
69308,"Gregory, Jon (II)"
69406,"Grenville, George"
69482,"Gribble, Bernard"
69574,"Griffin, Gary (II)"
69711,"Grigoriani, Guili"
69807,"Grinde, Garth"
69819,"Grinshpun, Olga"
69852,"Grissell, Wallace"
70011,"Gross, Charles (I)"
70014,"Gross, Daniel (II)"
70020,"Gross, Frank (I)"
70028,"Gross, Jim (II)"
70043,"Gross, Roland (I)"
70086,"Grossman, Marc (I)"
70155,"Grover, John (I)"
70782,"Guidice, Don"
70847,"Guillemot, Agnès"
71013,"Gullo, Jeff"
71310,"Guthridge, John D."
71317,"Guthrie, Sandy"
71462,"Gutowski, Joseph"
71523,"Guyot, Raymonde"
71697,"Gárdos, Éva"
71710,"Gédigier, François"
71966,"Haas, Belinda"
72084,"Hache, Joëlle"
72120,"Hackford, Taylor"
72133,"Hackney, John (I)"
72224,"Hadzihalilovic, Lucile"
72249,"Hafenrichter, Oswald"
72267,"Hafitz, Andrew"
72470,"Haigis, Jack"
72498,"Haines, Richard (III)"
72500,"Haines, Richard W."
72652,"Hales, Gordon"
72721,"Hall, Alex (XXIII)"
72809,"Hall, Ivan (I)"
72989,"Halliday, Donald"
73076,"Halsey, Colleen"
73077,"Halsey, Richard"
73151,"Hambling, Gerry"
73198,"Hamer, Robert"
73325,"Hamilton, Steve (IV)"
73332,"Hamilton, William (I)"
73427,"Hammond, A.C."
73446,"Hammouda, Karim"
73469,"Hampton, Janice"
73602,"Handal, Matthew A."
73627,"Handman, David"
73652,"Haneke, Thomas"
73682,"Hanke, Chris"
73687,"Hankins, David"
73706,"Hanley, Daniel P."
73766,"Hannemann, Walter"
73842,"Hansen, Ed (I)"
73959,"Hanson, Kim (II)"
74074,"Haratzis, Denise"
74335,"Harkema, Reginald"
74614,"Harris, Dorian"
74645,"Harris, Jack (I)"
74736,"Harris, Richard A."
74825,"Harrison, Greg (III)"
74853,"Harrison, Lindi"
74875,"Harrison, Rich (I)"
75148,"Hartzell, Duane"
75167,"Harvey, Anthony (II)"
75206,"Harvey, Marshall"
75403,"Hassandoost, Hassan"
75629,"Haugse, William"
75692,"Hautecoeur, Louisette"
75747,"Havlick, Gene"
75933,"Hayden, Greg"
75949,"Hayers, Sidney"
75965,"Hayes, Cliff"
76031,"Hayes, W. Donn"
76037,"Haygood, James"
76086,"Haynes, Todd"
76221,"Heal, Gareth"
76231,"Healey, Les"
76387,"Heckert, James T."
76442,"Hedland, Robert W."
76536,"Hegedus, Chris"
76638,"Heim, Alan"
76775,"Heitner, David"
76813,"Helde, John"
76836,"Helfrich, Mark"
76962,"Helsing, Kristen"
77063,"Henderson, Alastair"
77131,"Henderson, Wilt (I)"
77234,"Henighan, Craig"
77262,"Henmi, Toshio"
77310,"Hennings, Barbara"
77442,"Henry, William (III)"
77485,"Henson, Robby"
77604,"Heredia, Paula"
78115,"Herring, Craig"
78119,"Herring, Pembroke J."
78254,"Hess, Augie"
78323,"Hester, Mark A."
78485,"Hiatt, Vicki"
78509,"Hickenlooper, George"
78554,"Hickox, Emma E."
78555,"Hickox, James D.R."
78861,"Hill, Dennis M."
78898,"Hill, Jimmy (II)"
78934,"Hill, Mike (I)"
79043,"Hillmann, Alfred"
79083,"Hilton, Arthur"
79120,"Himm, Carl"
79126,"Himoff, Kathryn"
79191,"Hines, Suzanne"
79319,"Hirakubo, Masahiro"
79376,"Hirsch, Paul (I)"
79379,"Hirsch, Tina"
79429,"Hiscott, Richard"
79467,"Hitner, Harry"
79478,"Hively, George (I)"
79479,"Hively, George (II)"
79579,"Hoagland, Ellsworth"
79768,"Hodgson, Leslie"
79774,"Hodgson, Paul (I)"
79834,"Hoenig, Dov"
79855,"Hoey, Michael A."
79901,"Hoffman, Bud"
80004,"Hoffmann, Sabine"
80048,"Hofstra, Jack"
80100,"Hoggatt, Dawn"
80192,"Holden, David (I)"
80294,"Holland, Rodney (I)"
80410,"Hollyn, Norman"
80415,"Hollywood, Peter"
80454,"Holmes, Christopher (II)"
80458,"Holmes, Darren T."
80472,"Holmes, John W."
80585,"Holt, Seth"
80716,"Honess, Peter"
80771,"Hong, Yuan"
81048,"Horger, John C."
81096,"Horn, Karen"
81113,"Hornbeck, William"
81254,"Horton, Michael (II)"
81284,"Horvitch, Andy"
81321,"Hosler, Ernest"
81470,"Housen, Phyllis"
81589,"Howard, John C."
81609,"Howard, Moe (II)"
81726,"Howie, Niven"
81749,"Hoy, Maysie"
81755,"Hoy, William"
81989,"Hubbard, Lucien"
82059,"Hubinon, Michèle"
82065,"Hubley, Ray"
82270,"Huggins, Erica"
82272,"Huggins, Jere"
82431,"Huguet, Marthe"
82523,"Hulme, Andrew"
82613,"Humphreys, Ned"
82738,"Hunt, Peter R. (I)"
82811,"Hunter, Marian Sears"
82814,"Hunter, Martin (I)"
82861,"Huot, Gaétan"
83171,"Hutshing, Gillian L."
83172,"Hutshing, Joe"
83309,"Hyett, Wayne"
83340,"Hymans, Chantal"
83714,"Igel, Rachel"
83753,"Ignacio, Marya"
83899,"Ilié, Véronique"
84106,"Inge, Joe"
84114,"Ingemarsson, Sylvia"
84203,"Innes, Louise"
84229,"Inoue, Shinya (I)"
84350,"Ireland, Charles (I)"
84701,"Ita, Yutaka"
84914,"Iwashita, Kôichi"
85040,"Jablow, Michael"
85141,"Jackson, Doug (III)"
85238,"Jackson, Peter (I)"
85286,"Jackson-Hamlett, Armetta"
85540,"Jaffe, Gib"
85541,"Jaffe, Jane Schwartz"
85561,"Jaggs, Alan"
85565,"Jaglom, Henry"
85663,"Jakonic, Petar"
85672,"Jakubowicz, Alain"
85885,"James, Steve (II)"
86263,"Jarmusch, Jim"
86301,"Jarvis, Edward B."
86399,"Javet, Françoise"
86636,"Jelinski, Manfred O."
86663,"Jenet, Veronika"
86697,"Jenkins, Eric (I)"
87129,"Jimenez, Frank E."
87286,"Joanou, Phil"
87300,"Jobin, Victor"
87525,"Johnson, Bill (IV)"
87537,"Johnson, Brian (VIII)"
87731,"Johnson, Jed"
87878,"Johnson, Olivia N."
87963,"Johnson, Stanley E."
88418,"Jones, Jeff (II)"
88473,"Jones, Leslie (I)"
88568,"Jones, Robert C. (I)"
88746,"Jordan, Bert"
88778,"Jordan, Lawrence (I)"
88788,"Jordan, Murray"
88792,"Jordan, Paul (I)"
88884,"Joseph, Albrecht"
88990,"Jost, Jon"
89126,"Juaniz, Julia"
89190,"Judson, Stephen"
89196,"Juergens, Mark"
89223,"Julia, Javier"
89381,"Jurgens, Marc"
89385,"Jurgenson, Albert"
89495,"Jympson, John"
89817,"Kahn, Michael (I)"
89824,"Kahn, Sheldon"
89839,"Kai, Kit-Wai"
89907,"Kakesu, Shûichi"
90017,"Kalish, Ron (I)"
90168,"Kamen, Jay"
90354,"Kaneko, Reiko"
90370,"Kanew, Jeff"
90458,"Kantor, Igo"
90714,"Karasick, Paul"
90752,"Karen, Debra"
90866,"Karlsson, Steingrímur"
90880,"Karmel, Pip"
90933,"Karr, Gary (I)"
91120,"Kassovitz, Mathieu"
91135,"Kasten, Jeremy"
91189,"Kates, Brian A."
91327,"Katz, Virginia"
91464,"Kaurismäki, Mika"
91758,"Keaton, Buster"
91803,"Keefe, Tom (I)"
91890,"Kef, Jeanne"
91928,"Keil, Andrew"
91946,"Keir, Andy"
91992,"Kelber, Catherine"
91994,"Kelber, Kako"
92053,"Keller, Harry"
92164,"Kelley, Terry (I)"
92290,"Kelly, Michael (II)"
92435,"Kemper, Steven"
92443,"Kemplen, Ralph"
92500,"Keneshea, Ellen"
92590,"Kennedy, Patrick (I)"
92677,"Kent, Melissa (I)"
92687,"Kent, Ted J. (I)"
92749,"Keramidas, Harry"
92769,"Kergoat, Yannick"
92810,"Kern, David (I)"
92812,"Kern, Hal C."
92822,"Kern, Robert (I)"
92823,"Kern, Robert James"
92888,"Kerr, William (I)"
93413,"Kiarostami, Abbas"
93558,"Kikuchi, Jun'ichi"
93648,"Killifer, Jack"
94157,"King, Dave (II)"
94472,"Kirby, Peter (II)"
94581,"Kirkman, David"
94611,"Kirpaul, Amanda I."
94738,"Kitano, Takeshi"
94843,"Kjornes, Keith"
94938,"Klee, Walter"
95029,"Klein, Saar"
95137,"Klevin, Sloane"
95208,"Kling, Elizabeth"
95223,"Klingman, Lynzee"
95268,"Kloomok, Darren"
95292,"Klotz, Georges"
95294,"Klotz, Joe"
95366,"Knapp, Harry V."
95642,"Knudtson, Frederic"
95643,"Knudtson, Frederic L."
95645,"Knue, Michael N."
95729,"Kobrin, Rob (I)"
95834,"Koefoed, Christopher"
95836,"Koehler, Bonnie"
95902,"Koford, James"
96211,"Kolster, Clarence"
96271,"Komosinska, Krystyna"
96350,"Koning, Jessica de"
96563,"Korda, Susan"
97272,"Krajewski, Guido"
97616,"Kress, Carl (I)"
97617,"Kress, Harold F."
97618,"Kress, Mitchell"
97721,"Krish, Justin"
97767,"Kristersson, Mikael"
97865,"Kroll, Eva"
97879,"Kronegger, Janette"
97968,"Kruglova, Vera"
98184,"Kubrick, Stanley (I)"
98704,"Kuroiwa, Yoshitami"
98715,"Kurosawa, Akira"
98729,"Kurson, Jane"
98780,"Kusama-Hinte, Jeffrey"
98799,"Kushner, Jeff"
98947,"Kwei, James Y."
98997,"Kwong, Chi-Leung"
99155,"Köster, Beate"
99271,"La Villa, Mauro"
99386,"LaBrie, Richard"
99422,"Lacerda, Felipe"
99578,"Lafarge, Anne"
99597,"Lafferty, John (I)"
99723,"Lah, Nikita"
99764,"Lahti, James"
99894,"Lakshmanan, Lila"
100114,"Lambert, Robert K."
100119,"Lambert, Sean K."
100407,"Landis, Evan"
100433,"Landra, Sylvie"
100437,"Landres, Danny B."
100625,"Lang-Willar, Suzanne"
100644,"Lange, Bruce"
100748,"Langlois, L. James"
100753,"Langlois, Yves (I)"
100755,"Langmann, Arlette"
101395,"Lategan, Johan"
101512,"Laub, Marc"
101521,"Laubscher, Tiny"
101544,"Laufer, Erez"
101732,"Laverrière, Pascale"
101862,"Lawrence, Chris (I)"
101906,"Lawrence, Neil (I)"
101918,"Lawrence, Robert (I)"
101921,"Lawrence, Stephen (II)"
101927,"Lawrence, Viola"
101981,"Lawson, Tony (I)"
102036,"Lazare, Corinne"
102162,"Le Hénaff, René"
102403,"Lebental, Dan"
102404,"Lebenzon, Chris"
102526,"LeCompte, Rick"
102538,"Lecorne, Guy"
102631,"Lee III, M. David"
102643,"Lee, Allan (II)"
102654,"Lee, Ang"
103126,"Lee, Spike"
103204,"Lee-Thompson, Peter"
103365,"Legon, Sarah"
103550,"Leighton, Robert (I)"
103551,"Leighton, Warner E."
103581,"Leirer, Barry B."
103698,"Lelouch, Claude"
103792,"Lemon, Max"
103910,"Lenny, Bill"
104013,"Leonard, David (II)"
104065,"Leonardi, Pierluigi"
104181,"Lepselter, Alisa"
104194,"Lerea, Yaffa"
104214,"Lerner, Carl"
104218,"Lerner, Irving"
104278,"Lesiak, Urszula"
104484,"Leupen, Elmer"
104519,"LeVanway, William"
104635,"Levin, Sidney"
104671,"Levine, Michael (III)"
104836,"Levy, Stuart (II)"
104917,"Lewis, Ben (I)"
104958,"Lewis, Elen Pierce"
104960,"Lewis, Emir"
105093,"Lewis, Tom (III)"
105408,"Lichtenstein, Adam"
105419,"Lichtig, Renée"
105691,"Lim, Abraham"
105806,"Limmer, Caroline"
105816,"Limperis, Constantine"
106018,"Linder, Stu"
106187,"Link Sr., John F."
106190,"Link, John F."
106225,"Linnman, Susanne"
106480,"Littenberg, Susan"
106535,"Littleton, Carol"
106717,"Livingston, Roy V."
106721,"Livingston, Victor"
106726,"Livingstone, Russell"
106796,"Llande, Ian"
106892,"Lloyd, Russell (I)"
106931,"Lo, Mayin"
107130,"Loeffler, John"
107131,"Loeffler, Louis R."
107148,"Loewenthal, Daniel"
107287,"Loiseleux, Valérie"
107372,"Lombardo, Lou (I)"
107379,"Lombardo, Tony (I)"
107410,"London, Andrew (I)"
107424,"London, Melody"
107924,"Lorente, Isabelle"
108053,"Lossignol, Frédéric"
108088,"Lottman, Evan A."
108162,"Louis, Stéphanie"
108211,"Louveau, Geneviève"
108223,"Louwrier, Wim"
108260,"Lovejoy, Ray"
108263,"Lovejoy, Stephen (I)"
108294,"Lovering, Otho"
108302,"Lovett, Robert Q."
108309,"Lovitt, Bert"
108330,"Low, Warren (I)"
108576,"Lubtchansky, Jean-Claude"
108620,"Lucas, George (I)"
108645,"Lucas, Marcia"
108727,"Luciano, Michael (III)"
108738,"Lucidi, Renzo"
108811,"Ludwig, Otto (I)"
109241,"Lusk, Skip"
109252,"Lussier, Patrick (I)"
109358,"Luze, Hélène de"
109470,"Lynch, David (I)"
109600,"Lyon, William A."
109614,"Lyons, James (I)"
109690,"Látalová, Marta"
109737,"Lévy, Vincent"
109911,"López, Soledad"
110151,"MacArthur, Andrea"
110469,"Mack, Stephen (I)"
110547,"Mackie, Alex (I)"
110701,"Macrorie, Alma"
110718,"Macías, Juan Carlos (I)"
110782,"Maddin, Guy"
110975,"Maganini, Elena"
111026,"Maggi, Susan"
111047,"Magidson, Mark (II)"
111053,"Magill, Michael"
111415,"Mainka-Jellinghaus, Beate"
111555,"Mak, Marco"
111591,"Makhmalbaf, Mohsen"
111598,"Makiej, Jim"
111847,"Malkin, Barry (I)"
111904,"Mallinson, Matthew"
112095,"Mamou, Sabine"
112233,"Mandell, Daniel (I)"
112567,"Manning, Mick"
112579,"Manning, Terry (I)"
112653,"Mansell, Edward"
112672,"Mansfield, W. Duncan"
112750,"Manton, Marcus"
113103,"Marcombe, Dominique"
113151,"Marcus, Andrew (I)"
113173,"Marcus, Nina"
113191,"Marden, Richard"
113518,"Mark, Stephen (I)"
113533,"Marker, Harry"
113541,"Markey, Mary Jo"
113657,"Marks, Owen"
113660,"Marks, Richard (I)"
113913,"Marrinson, William"
113921,"Marrison, Rene"
114220,"Martin Jr., Quinnie"
114291,"Martin, David (II)"
114424,"Martin, Pamela (II)"
114462,"Martin, Rusty (I)"
114485,"Martin, Simon (II)"
114493,"Martin, Susan (V)"
114519,"Martin, Yvonne (I)"
114884,"Martschewski, Vessela"
115115,"Martínez, Rolando (I)"
115170,"Marx, Ed"
115172,"Marx, Frederick"
115180,"Marx, Richard (I)"
115246,"Masamitsu, Chip"
115307,"Maslansky, Judd H."
115575,"Mastroianni, Ruggero"
116209,"Mauffroy, Olivier"
116701,"Mazuy, Patricia"
116731,"Mazzola, Frank"
116783,"McAdoo, Tom"
116846,"McArdle, Tom (I)"
116902,"McCabe, Anne (I)"
117252,"McCoppen, Marilyn"
117875,"McGirr, Joseph"
117927,"McGowan, Kate"
118154,"McIntyre, Alastair"
118222,"McKay, Craig (I)"
118229,"McKay, Jim (I)"
118494,"McLaughlin, G. Gregg"
118529,"McLean, Barbara (I)"
118612,"McLernon, Harold"
118644,"McMahon, Patrick (I)"
118750,"McMurtry, Tom (I)"
118768,"McNally, Jim (I)"
118982,"McSweeney Jr., John"
119203,"Medico, Ron"
119826,"Melnick, Mark"
119873,"Melton, James (II)"
119962,"Mendelsohn, Eric"
120174,"Meniconi, Enzo"
120185,"Menke, Sally"
120188,"Menkes, Nina"
120189,"Menkes, Tinka"
120316,"Mercanton, Victoria"
120473,"Merlin, Claudine"
120537,"Merritt, John (II)"
120617,"Meshover, William J."
120870,"Meyer Burnett, Robert"
120893,"Meyer, David (VI)"
120942,"Meyer, Muffie"
120949,"Meyer, Otto (I)"
120957,"Meyer, Richard C."
120965,"Meyer, Russ (I)"
121438,"Migel, Robyn T."
121461,"Mignatti, Victor"
121751,"Milford, Gene"
121839,"Miller III, Harry B."
121848,"Miller, Alan (I)"
121975,"Miller, Greg (I)"
122017,"Miller, Jim (II)"
122110,"Miller, Michael R. (I)"
122215,"Miller, Todd E."
122290,"Mills, Ann E."
122331,"Mills, Reginald (I)"
122502,"Minasian, Armen"
122682,"Miosic, Miran"
122815,"Mirkovich, Steve"
122842,"Mirrione, Stephen"
123053,"Mitchell, James (II)"
123208,"Mittelman, Gina"
123280,"Miyazaki, Hayao"
123735,"Mol, Jim (I)"
123786,"Molin, Bud"
123799,"Molina, Dan (I)"
123868,"Moll, James"
123900,"Mollo, Cindy"
124044,"Mondshein, Andrew"
124177,"Monroe, Julie"
124225,"Montagu, Ivor"
124463,"Monthieux, Maryline"
124743,"Moore, James (XV)"
124793,"Moore, Lynel"
124816,"Moore, Millie"
124820,"Moore, Nick (II)"
124828,"Moore, Patrick (I)"
124875,"Moore, Steve R."
124900,"Moore, Tyler Wolfgang"
125142,"Moran, Jane"
125545,"Morgan, Randy Jon"
125575,"Morgan, William (I)"
125714,"Moritz, David (I)"
125797,"Morra, Mario"
125899,"Morris, Jonathan (I)"
125918,"Morris, Lorne"
125989,"Morrisey, Ken"
126070,"Morriss, Frank (I)"
126140,"Morse, Susan E."
126141,"Morse, Terry O."
126362,"Mosier, Scott"
126686,"Moutard, Jeanne"
126689,"Moutier, Aurore"
126692,"Mouton, Marcelle"
126889,"Mueller, Niels"
127030,"Mulconery, Walt"
127122,"Muller, Frederick"
127160,"Mullin, Charlie"
127302,"Munguía, José Juan"
127472,"Murawski, Bob"
127477,"Murch, Walter"
127578,"Murphy, Bill (III)"
127690,"Murphy, Mike (IV)"
127711,"Murphy, Paul (VIII)"
127759,"Murphy, William B. (II)"
127806,"Murray, Jack (I)"
127996,"Muska, Susan"
128283,"Myers, Stephen R."
128333,"Myrick, Daniel"
128499,"Møldrup, Grete"
128704,"Nadel, Arthur H."
128729,"Nae, Victorita"
128841,"Nahler, Britta"
129004,"Nakashima, Marsha"
129584,"Navarro, Jess"
129729,"Neal, John (II)"
129794,"Nedd-Friendly, Priscilla"
129827,"Needs, James"
129884,"Negron, Joel"
129886,"Negroponte, Michel"
129894,"Nehme, Tania"
129923,"Neil-Fisher, Debra"
129925,"Neilan Jr., Marshall"
129981,"Nelissen, Émilienne"
130011,"Nelson Jr., Argyle"
130037,"Nelson, Charles (I)"
130360,"Netten, Gerrit"
130527,"Nevius, Steven"
130562,"Newby, Chris"
130565,"Newcom, James E."
130634,"Newman, Eve"
130737,"Newton, Robert E."
130942,"Niami, Ramin"
131000,"Nichols Jr., George"
131081,"Nicholson, Martin (I)"
131138,"Nico, Willard"
131464,"Nikel, Hannes"
131626,"Nims, Ernest J."
131680,"Nishida, Shigeo"
131859,"Noble, Thom"
131988,"Nolan, Christopher (I)"
132003,"Nolan, Maureen (I)"
132084,"Noonan, Tom (I)"
132109,"Nord, Richard"
132120,"Nordberg, Thomas J."
132184,"Noriega, Joseph"
132386,"Nosler, Lloyd"
132418,"Notowitz, David"
132504,"Novelli, Adriana (I)"
132598,"Nownes, James E."
132627,"Noé, Gaspar"
132735,"Nunez, Victor"
132793,"Nutt, John (I)"
132842,"Nyby, Christian"
132853,"Nygard, Roger (I)"
133025,"O'Brien, John (I)"
133122,"O'Connell, Maureen (I)"
133163,"O'Connor, Dennis M."
133333,"O'Hagan, John"
133449,"O'Meara, Carroll Timothy"
133512,"O'Neill, Howard"
133615,"O'Steen, Sam"
134028,"Ogata, Harutoshi"
134195,"Ohta, Yoshinori"
134274,"Okasaki de Freitas, Regina"
134279,"Okazaki, Steven"
134333,"Okuhara, Yoshiyuki"
134362,"Olafsdóttir, Gréta"
135081,"Oppenheim, Jonathan (I)"
135640,"Osada, Chizuko"
135651,"Osbiston, Alan"
135997,"Ottey, Oral Norrie"
136003,"Ottman, John"
136274,"Oxman, Alan"
136423,"Pace, John (I)"
136449,"Pacheco, Joe (I)"
136667,"Page, A. Michael"
136725,"Paggi, Simona"
136785,"Paige, Meredith"
136799,"Paine, Emily"
137157,"Palmer, Norman R."
137200,"Palmquist, Dan"
137269,"Pan, Hsiung"
137272,"Pan, Kant"
137303,"Panahi, Jafar"
137429,"Pankow, Bill"
137534,"Paonessa, Donald"
137701,"Pappé, Stuart H."
137776,"Parasheles, Peter"
137811,"Pardo, Fernando"
138001,"Park, Gok-ji"
138228,"Parker, Michael (III)"
138278,"Parker, Trey (I)"
138312,"Parkinson, Michael (I)"
138488,"Parry, Tamsin"
138813,"Patch, Jeffrey C."
138901,"Paterson, Tony (I)"
139122,"Pattillo, Alan"
139284,"Paulsen, Craig"
139710,"Pearson, Richard (I)"
139883,"Peehl, Susan"
139938,"Pei, Xiaonan"
140128,"Peltier, Kenout"
140288,"Pennebaker, D.A."
140301,"Penney, John (I)"
140395,"Peppe, Chris"
140462,"Percy, Lee (I)"
140718,"Pergament, Robert"
140819,"Perler, Gregory"
140883,"Peroni, Geraldine"
141451,"Peterson, H. Lee"
141504,"Peterson, Roy E."
141662,"Petrot, Dominique"
141760,"Pettit, Suzanne (I)"
142042,"Phenix, Lucy Massie"
142047,"Phifer Mate, Wende"
142557,"Pierce, Bruce B."
142720,"Pignier, Gina"
142829,"Pillsbury, Suzanne"
142900,"Pincus, David (I)"
143201,"Pires, Jay"
143399,"Pivar, Maurice"
143462,"Piñeyro, Yvette"
143469,"Piórecki, Zenon"
143628,"Plemiannikov, Hélène"
143653,"Plisco, Sabrina"
143677,"Plotch, Joel (I)"
143686,"Plotts, Gregory F."
143773,"Poche, Helga"
143961,"Pokras, Barbara"
143977,"Polakow, Michael E."
144034,"Poliks, Edmund"
144063,"Polivka, Steve"
144086,"Poll, Jon"
144125,"Pollard, Samuel D."
144177,"Polonsky, Sonya"
144193,"Poltermann, Barry"
144244,"Pomeroy, John (II)"
144655,"Porter, Brereton"
144924,"Potter, Steve (I)"
144995,"Poulton, Raymond"
145075,"Powell, Homer"
145134,"Power, Pamela (I)"
145195,"Pozer, John"
145295,"Prange, Gregory"
145370,"Pratt, Thomas (I)"
145388,"Pray, Doug"
145733,"Priestley, Tom (I)"
145788,"Prim, Monique"
145865,"Prior, Jim (I)"
145869,"Prior, Peck"
146173,"Pryor, Ted"
146180,"Przygodda, Peter"
146207,"Psenny, Armand"
146281,"Puente, Carlos (I)"
146298,"Puett, Dallas"
146508,"Purgason, Douglas"
146542,"Purser, Justin"
146558,"Purwins, Evelyn"
146604,"Putnikovic, Petar"
146853,"Pérez, Robinson"
146922,"Qin, Lei"
146948,"Quadri, Jacopo"
146953,"Quaglia, Massimo"
146964,"Quale, Steven"
147072,"Quettier, Nelly"
147444,"Rabinowitz, Jay"
147656,"Rae, Dan (I)"
147859,"Rahmanpour, Ramin"
147896,"Raimi, Sam"
147916,"Rainer, Yvonne"
148228,"Ramirez, David (I)"
148274,"Ramirez, Steven (I)"
148439,"Ramsay, Todd C."
148579,"Rand, Patrick"
148607,"Randel, Tony"
148835,"Rappaport, Mark (I)"
149024,"Rathery, Isabelle"
149054,"Ratliff, George (I)"
149211,"Ravok, Brian"
149224,"Rawley, Fabienne"
149233,"Rawlings, Terry"
149236,"Rawlins, David (I)"
149268,"Ray, David (I)"
149287,"Ray, Kimberly"
149360,"Raynal, Jackie"
149480,"Reali, Carlo"
149487,"Reamer, Keith"
149683,"Redman, Anthony (I)"
149864,"Rees, Charles (I)"
149930,"Reeve, Spencer"
149958,"Refn, Anders"
149962,"Refoua, John"
150017,"Regnier, Inez"
150121,"Reichwein, Michiel"
150266,"Reilly, Thomas (I)"
150314,"Reiner, Jeffrey"
150443,"Reitano, Robert M."
150687,"Rennie, David (I)"
150699,"Renoir, Marguerite"
150762,"Represa, Guillermo"
150846,"Reticker, Meg"
150856,"Rettberg, Kimberly"
150864,"Retz, Florent"
151109,"Reynolds, Emer"
151110,"Reynolds, Frank (II)"
151147,"Reynolds, Renn"
151163,"Reynolds, William (II)"
151238,"Rhett, Cecily"
151260,"Rhoads, Lee"
151415,"Ricard, Florence (I)"
151498,"Rice, Harold (III)"
151531,"Rich, Dan M."
151543,"Rich, Lionel"
151629,"Richards, John (III)"
151669,"Richards, Thomas (I)"
151711,"Richardson, Henry (I)"
151731,"Richardson, Lloyd L."
151742,"Richardson, Nancy (I)"
152064,"Riegel, Tatiana S."
152201,"Rigó, Mária"
152487,"Ripps, Michael"
152798,"Rivkin, Stephen E."
153028,"Roberts, Alan (I)"
153162,"Roberts, Randy (I)"
153225,"Robertson, Andy (I)"
153239,"Robertson, Douglas (I)"
153255,"Robertson, Hugh A."
153453,"Robinson, Keith (I)"
153515,"Robinson, Steven (I)"
153854,"Rodgers, Al (I)"
154076,"Rodriguez, Ignacio Cayetano"
154143,"Rodriguez, Robert (I)"
154379,"Roeck, Peter"
154618,"Roggero, Charles"
154685,"Rohrs, Casey O."
154782,"Rojo, José Antonio (I)"
154791,"Rokob, Magdolna"
154840,"Rolf, Tom"
154880,"Rolnick, Eric"
155078,"Romero, George A. (I)"
155143,"Romolo, Frank"
155236,"Ronzeau, Claude"
155238,"Ronzoni, Raphaela"
155290,"Roose, Ronald"
155380,"Rosada, Maria"
155535,"Rose, Margarete"
155604,"Rosen, Dan (III)"
155658,"Rosenberg, Deborah"
155673,"Rosenberg, John (II)"
155703,"Rosenbloom, David (I)"
155714,"Rosenblum, Nancy"
155715,"Rosenblum, Ralph"
155716,"Rosenblum, Steven"
155763,"Rosenstock, Harvey"
155772,"Rosenthal, Leslie (I)"
155838,"Ross Betz, Andre"
155863,"Ross, Caroline (I)"
155980,"Ross, Sharyn L."
155998,"Rossberg, Susana"
156069,"Rossi, Rita (II)"
156242,"Rothmaier, Ryan"
156249,"Rothman, Marion"
156293,"Rotter, Stephen A."
156301,"Rotundo, Nick"
156323,"Rouffio, Sophie"
156331,"Rougerie, Marie-Christine"
156381,"Rouse, Christopher (I)"
156539,"Rowland, Geoffrey"
156642,"Roy, Rita (I)"
156766,"Rubacky, Louise"
156786,"Rubell, Paul"
157094,"Ruggiero, Eva"
157095,"Ruggiero, Gene"
157139,"Ruiz Capillas, Nacho"
157387,"Ruscio, Michael"
157457,"Russell, Esther P."
157503,"Russell, Robin (I)"
157581,"Russow, Collette"
157585,"Rust, Henri"
157715,"Ruys, Ton"
157974,"Rysselinck, Monique"
158341,"Sackheim, Ken J."
158342,"Sackin, Louis"
158414,"Sadoff, Martin Jay"
158983,"Salcedo, José (I)"
159066,"Sales, Leander T."
159068,"Sales, Robin"
159078,"Salfa, Amedeo"
159079,"Salfas, Stan"
159116,"Salier, M. Edward"
159171,"Salk, Lorraine"
159211,"Sallows, Ken"
159242,"Salmon, Keith (I)"
159307,"Salter, David Ian"
159328,"Saluja, Renu"
159604,"Samuel, Annellie Rose"
159856,"Sandberg, Francine"
159918,"Sanders, John (II)"
159925,"Sanders, Mark (I)"
159944,"Sanders, Ronald (I)"
160106,"Sanford, Kate (I)"
160215,"Sansevieri, Marcelo"
160245,"Santacana, Alfonso"
160272,"Santamaría, Miguel Ángel"
160695,"Sarch, Oren"
161116,"Saunders, Desmond"
161177,"Sauvion, Patrick"
161186,"Savage, Carlos"
161209,"Savage, Norman"
161296,"Savitt, Jill"
161364,"Sawyer, William A."
161385,"Saxon, David (I)"
161396,"Sayad, Changiz"
161422,"Sayles, John (I)"
161497,"Scalia, Pietro"
161534,"Scantlebury, Glen"
161672,"Schaeffer, Chester W."
161710,"Schaffer, Lauren A."
161786,"Scharf, William S."
161824,"Schaufele, David"
161876,"Schefter, Eric"
161895,"Scheider, Cynthia"
161939,"Schelling, 'Bud'"
161993,"Scherick, Gregory (I)"
162042,"Schiaffi, Lucas"
162132,"Schiller, Greta"
162185,"Schink, Peter"
162352,"Schmeer, Karen"
162404,"Schmidt, Arthur (I)"
162405,"Schmidt, Arthur P."
162502,"Schmidt, Wayne"
162604,"Schneid, Hervé"
162673,"Schneider, Ken (I)"
162675,"Schneider, Kim (I)"
162745,"Schnit, Kurt"
162800,"Schoenfeld, Brent A."
162809,"Schoengarth, Russell F."
162887,"Schoolnik, Skip"
162891,"Schoonmaker, Thelma"
163249,"Schultz, Michael (III)"
163403,"Schwab, Agnès"
163478,"Schwartz, Elizabeth (I)"
163562,"Schwarz, Jeffrey"
163613,"Schweitzer, Michael (I)"
163816,"Scott, Adam P."
163927,"Scott, John (II)"
164022,"Scott, Thomas (I)"
164130,"Seabourne Sr., John"
164204,"Sears, B.J."
164210,"Sears, Eric A."
164286,"Secrist, Kim"
164362,"Seelig, J. Douglas"
164404,"Segal, Jean-Pierre"
164504,"Seid, Art"
164505,"Seid, Tom"
164593,"Seith, Leon"
164596,"Seitz, Jane"
164710,"Selkirk, Jamie"
164797,"Selzer, Tony"
164814,"Semel, Stephen"
164828,"Semilian, Julian"
164854,"Semprún, Colette"
164858,"Semyonova, Leda"
165004,"Seppey, Robert P."
165046,"Serandrei, Mario"
165181,"Serrallonga, Giorgio"
165236,"Serris, Catherine"
165427,"Sewell, Blanche"
165462,"Seyama, Takeshi"
165466,"Seydor, Paul"
165691,"Shaine, Rick"
165828,"Shanks, Susan"
165906,"Shapiro, Melvin"
165935,"Sharfin, Gary"
166041,"Sharp, Colleen"
166134,"Shauly, Doron"
166188,"Shaw, Jonathan P."
166283,"Shea, William (I)"
166439,"Sheldon, E. Lloyd"
166440,"Sheldon, Greg (I)"
166444,"Sheldon, Ralph"
166542,"Shepard, Gerald"
166677,"Sheridan, Michael J."
166687,"Sherin, Anthony"
166818,"Shick, Danny"
166966,"Shin, Wong Yee"
167005,"Ship, Trudy"
167020,"Shipton, Susan"
167057,"Shirley, John (I)"
167318,"Shropshire, Terilyn A."
167363,"Shugart, Joe"
167366,"Shugrue, Robert F."
167477,"Shuzui, Fusako"
167493,"Si Ramdane, Babeth"
167575,"Sider, Larry"
167655,"Siegel, David (I)"
167677,"Siegel, Stan"
167876,"Silk, Lawrence"
167879,"Silkensen, Steve"
168039,"Silver, Barry S."
168083,"Silverman, Cara"
168128,"Silvi, Franca"
168130,"Silvi, Roberto"
168258,"Simmons, Charles (I)"
168265,"Simmons, David A."
168388,"Simoncelli, Carla"
168493,"Simpson, Claire (I)"
168546,"Simpson, Robert L."
168658,"Sinclair, Ronald (I)"
168864,"Sinise, Robert L."
168886,"Sinofsky, Bruce"
168909,"Siphron, Rider"
169100,"Sixel, Margaret"
169456,"Slade, Angela"
169969,"Smith, Bud S."
170191,"Smith, Howard A."
170192,"Smith, Howard E."
170213,"Smith, James (I)"
170258,"Smith, John (VI)"
170315,"Smith, Kevin (I)"
170343,"Smith, Lee (II)"
170365,"Smith, M. Scott"
170448,"Smith, Nicholas C."
170478,"Smith, Paul Martin"
171069,"Soderbergh, Steven"
171375,"Solomon, Ken (I)"
171377,"Solomon, Mark (I)"
171665,"Sopel, Anne"
171698,"Sordoni, Daniele"
172014,"Sousselier, Brigitte"
172035,"Southerland, Lynne"
172166,"Spang, Ron"
172247,"Sparr, Rick"
172365,"Spence, John (I)"
172399,"Spencer, Dorothy"
172497,"Spiegel, Bruce (II)"
172515,"Spielberg, Steven"
172599,"Spione, James"
172653,"Spivey, Susan"
172679,"Spolan, Michael"
172728,"Sprague, Richard M."
172886,"Squyres, Tim"
172974,"St. Mary, Robert"
173056,"Staenberg, Zach"
173070,"Stafford, Fred"
173080,"Stafford, Robert (I)"
173252,"Stanford, Thomas"
173326,"Stanley, Mitchel"
173334,"Stanley, Shane"
173395,"Stanzler, Wendey"
173951,"Steinberg, Betty"
174027,"Steininger, Karin"
174033,"Steinkamp, Fredric"
174034,"Steinkamp, Karl F."
174035,"Steinkamp, William (I)"
174058,"Stell, Aaron (I)"
174115,"Stensgaard, Molly Marlene"
174157,"Stephen, Mary"
174200,"Stephens, Rod (I)"
174279,"Stern, Donna"
174292,"Stern, Merril"
174432,"Stevens, Mark (III)"
174458,"Stevens, Tony (I)"
174463,"Stevenson Jr., Houseley"
174464,"Stevenson, Anson"
174481,"Stevenson, Lynn"
174485,"Stevenson, Michael A."
174491,"Stevenson, Scott (I)"
174566,"Stewart, Douglas (I)"
174577,"Stewart, Hugh (I)"
174588,"Stewart, Jim (XI)"
174817,"Stitt, Kevin"
174825,"Stiven, David"
174968,"Stokes, Terry (I)"
175064,"Stone, Gordon (III)"
175081,"Stone, Julian (II)"
175083,"Stone, LeRoy"
175175,"Stopkewich, Lynne"
175317,"Strachan, Alan"
175357,"Strand, Eric (I)"
175493,"Strecker, Cornelie"
175648,"Strock, Herbert L."
175665,"Strollo, Edward J."
175730,"Stroud, Greg (I)"
176062,"Suarez, Christian"
176211,"Sugihara, Yoshi"
176342,"Sullivan, Frank (I)"
176408,"Sullivan, Sean 'Jack'"
176606,"Sung, Shia-cheng"
176828,"Sutorius, Paul"
176907,"Suzuki, Akira (II)"
177201,"Swartwout, Tom"
177244,"Sweeney, Mary (I)"
177358,"Swink, Robert"
177486,"Symons, James R."
177569,"Szanto, Annamaria"
177571,"Szarka, William"
177740,"Sáinz de Rozas, María Elena"
177805,"Sánchez, Eduardo (II)"
177925,"Sívó, Júlia"
178113,"Tadeo, Julio"
178213,"Tai, Ka Cheung"
178237,"Taira, Kazuji"
178297,"Takaki, Troy"
178405,"Talavera, Miriam"
178508,"Tam, Patrick (I)"
178840,"Tanner, Peter (I)"
179079,"Taschner, Herbert"
179181,"Tatò, Anna Maria"
179236,"Tavares, Arthur"
179348,"Taylor, Brough"
179540,"Taylor, Peter (I)"
179625,"Tcherny, Oleg"
179685,"Tedeschi, David"
179760,"Teisseire, Monique"
179854,"Tellefsen, Christopher"
180001,"Tent, Kevin"
180059,"Terhune, William H."
180174,"Teschner, Peter"
180230,"Tetenbaum, Lawrence"
180239,"Tetoni, Charles"
180380,"Thau, Michael"
180509,"Thibaudeau, Yvann"
180620,"Thiédot, Jacqueline"
180740,"Thomas, George (V)"
180749,"Thomas, Griff (I)"
180776,"Thomas, Jeremy (III)"
180897,"Thomas, Sarah (III)"
180898,"Thomas, Scott (III)"
181191,"Thompson, Stacia (I)"
181210,"Thompson, Victoria T."
181212,"Thompson, Walter (I)"
181217,"Thoms, Jerome"
181329,"Thorndike, Karen"
181372,"Thornton, Peter (III)"
181470,"Thumpston, Neil"
181591,"Tichenor, Dylan"
181755,"Tilyard, Judd"
181822,"Timpone, Tara"
181840,"Ting, Emily (I)"
181880,"Tintori, John"
182026,"Tlatli, Moufida"
182120,"Todd, Edward"
182124,"Todd, Holbrook N."
182144,"Todd, Sherman"
182389,"Tomasini, George"
182391,"Tomassi, Vincenzo"
182571,"Toniolo, Camilla"
182674,"Topping, Lesley"
183014,"Toscano, Shelly"
183514,"Travis, Neil"
183524,"Trayler, Fiona"
183579,"Trejo, Paul (I)"
183624,"Tremlett, Toby"
183731,"Trevor, Richard"
183797,"Trigg, Derek"
183872,"Tripp, Gerald"
183930,"Troch, Ludo"
183932,"Troche, Rose"
183938,"Troeger, Andreas"
183964,"Trombetta, Leo"
183982,"Tronick, Michael"
184150,"Trumper, John"
184358,"Tsitsopoulos, Yannis"
184409,"Tsukamoto, Shin'ya"
184473,"Tubor, Morton"
184513,"Tucker, Jack (I)"
184537,"Tucker, Plummy"
184625,"Tulliver, Barbara"
184865,"Turner, Helene"
184944,"Turney-Smith, Gerald"
185071,"Twist, Derek N."
185264,"Tóth, Artin"
185650,"Unkrich, Lee"
185723,"Uraoka, Keiichi"
185797,"Uribe, Sergio"
185807,"Urioste, Frank J."
185983,"Uys, Jamie"
186740,"Van Damme, Jean-Claude"
186952,"Van Drimmelen, Antonia"
186973,"Van Eeghen, Henk"
186980,"Van Effenterre, Joële"
186994,"Van Enger, Richard L."
187225,"Van Sant, Gus"
187304,"van Wijk, Joke"
187311,"van Wyk, Gerrie"
187397,"Vandenburg, Frans"
187519,"Vanier, Laurence"
187571,"Vansier, Gérald"
187611,"Varda, Agnès"
188568,"Venzon, John"
188676,"Veress, Matyas"
188737,"Verity, Peter H."
188803,"Verneau, Janine"
188843,"Verow, Todd"
189039,"Viard, Hélène"
189100,"Victor-Smith, John"
189277,"Vignone, Ron"
189653,"Vince, Barrie"
189733,"Vinger, Florence"
189820,"Virkler, Dennis"
190034,"Vizents, Eric"
190142,"Vogel, Virgil W."
190332,"von Carolsfeld, Wiebke"
190381,"von Hasperg, Ila"
190423,"von Normann, Friederike"
190424,"von Oelffen, Petra"
190502,"von Watzdorf, Dietrich"
191043,"Wagner, Andrea (I)"
191057,"Wagner, Christian (I)"
191168,"Wahrman, Wayne"
191205,"Waite, Trevor (I)"
191259,"Waks, Stuart"
191321,"Waldspurger, Roy"
191418,"Walker, Gilmore"
191464,"Walker, Lesley"
191549,"Wall, Angus"
191617,"Wallace, Scott K."
191624,"Wallace, Tommy Lee"
191675,"Waller, Steve (I)"
191706,"Wallis, Rit"
191726,"Walls, Tom (II)"
191731,"Wallén, Lennart"
191743,"Walpole, Alton"
191804,"Walsh, Martin (I)"
191864,"Walter, Ernest"
192188,"Warburton, Cotton"
192347,"Warden, Rachel"
192368,"Ware, Annabel"
192479,"Warner, Mark (I)"
192515,"Warnow, Stanley"
192542,"Warren, Herbert"
192545,"Warren, Jeff (I)"
192601,"Warschilka, Edward"
192602,"Warschilka, Edward A."
192615,"Warth, Theron"
192799,"Waters, John (I)"
192918,"Watson, Earl"
193067,"Watts, Robert (I)"
193068,"Watts, Roy"
193118,"Waxman, Sam E."
193175,"Weatherley, Peter"
193188,"Weatherwax, Paul"
193301,"Webb, Stan (I)"
193308,"Webb, William (III)"
193318,"Webber, Liz"
193352,"Weber, Billy"
193429,"Webster, Craig (I)"
193435,"Webster, Ferris"
193437,"Webster, Ion"
193491,"Wedeles, Rudolfo"
193861,"Weir, Michael (I)"
193875,"Weisbart, David"
193878,"Weisberg, Steven (I)"
193916,"Weiss, Adam (I)"
193930,"Weiss, Chuck (I)"
194108,"Wellburn, Tim"
194139,"Welles, Orson"
194310,"Wenning, Katherine"
194348,"Werby, Doug"
194390,"Werner, Jeff (I)"
194613,"Westerlund, Einar"
194631,"Westervelt, Dirk"
194691,"Westover, Richard E."
194789,"Wharnsby, David"
194845,"Wheeler, John W."
194939,"Whitcher, John"
194984,"White, Brent (I)"
195060,"White, George (II)"
195131,"White, Merrill G."
195358,"Whittemore, Gloria"
195394,"Whittredge, J.R."
195487,"Widerberg, Bo"
195521,"Wiebelhaus, Kevin"
195562,"Wiegmann, Don"
195618,"Wiesepape, Paul"
196205,"Williams, Elmo"
196250,"Williams, J. Terry"
196313,"Williams, Kate (II)"
196720,"Wilner, Bill"
196826,"Wilson, David (I)"
196902,"Wilson, John (II)"
197105,"Wimble, Chris"
197130,"Winborne, Hughes"
197158,"Windgassen, Peter"
197163,"Winding, Geneviève"
197247,"Winitsky, Mark"
197298,"Winner, Michael"
197326,"Winston, Sam (I)"
197345,"Winter, Gary (II)"
197391,"Winters, Ralph E."
197470,"Wise, Pam (I)"
197471,"Wise, Robert (I)"
197500,"Wishengrad, Jeff"
197513,"Wisman, Ron"
197597,"Witta, Jacques"
197685,"Woerner, Ted"
197791,"Wolf, Jeffrey (I)"
197863,"Wolfe, Robert L."
197931,"Wolinsky, Sidney"
198103,"Wong, Ming Lam"
198156,"Woo Jr., Joe"
198164,"Woo, John (I)"
198178,"Wood Jr., Edward D. (I)"
198209,"Wood, Craig (I)"
198228,"Wood, Humphrey"
198258,"Wood, Matthew (III)"
198314,"Wood, Truman K."
198345,"Woodcock, John (I)"
198597,"Wormell, Dick"
198694,"Wrangell, Basil"
198737,"Wright, Bill (III)"
198813,"Wright, John (II)"
198915,"Wrye, Gabriel"
198933,"Wu, David (I)"
199041,"Wyatt, Chris (I)"
199058,"Wyatt, Sue"
199091,"Wyman, Bob"
199113,"Wynn, Hugh (I)"
199349,"Yagle, Matthew"
199366,"Yahraus, Bill"
199529,"Yang, Hongyu"
199557,"Yang, Ruby"
199720,"Yates, Toby"
199726,"Yau, Chi Wai"
200227,"Young, Amy (II)"
200332,"Young, John G."
200426,"Young, William (II)"
200484,"Yoyotte, Marie-Josèphe"
200825,"Zafranovic, Andrija"
200918,"Zajc, Svetolik"
201162,"Zapata, Joan"
201462,"Zeitman, Deborah"
201535,"Zemanová, Marie"
201540,"Zemke, Ken"
201629,"Zetlin, Barry"
201659,"Zhai, Ru"
201795,"Zhou, Xinxia"
201881,"Ziegler, William H."
201952,"Zimbalist, Sam"
201990,"Zimmerman, Don (I)"
201993,"Zimmerman, Eric (I)"
202054,"Zimny, Thom"
202091,"Zinner, Katina"
202092,"Zinner, Peter"
202094,"Zinoman, Amanda"
202382,"Zuckerman, Lauren"
202425,"Zumbrunnen, Eric"
202711,"Óskarsdóttir, Valdís"
202789,"Øverås, Håkon"
