{
    "column_id": "Violations/Violations.csvViolations.csv/Last+Hearing+Date",
    "dataset_name": "Violations.csv",
    "dataset_id": "Violations/Violations.csv",
    "path": "/home/ubuntu/CatDB/Experiments/data/Violations/Violations.csv",
    "table_name": "Violations.csv",
    "table_id": "Violations/Violations.csvViolations.csv",
    "column_name": "Last Hearing Date",
    "data_source": "Violations",
    "data_type": "date",
    "total_values_count": 22012,
    "distinct_values_count": 413,
    "missing_values_count": 0,
    "true_ratio": null,
    "min_value": null,
    "max_value": null,
    "mean": null,
    "median": null,
    "iqr": null,
    "category_values": [
        "8/5/11 2:30",
        "10/7/11 1:00",
        "11/4/11 9:00",
        "12/2/11 1:00",
        "1/6/12 1:00",
        "8/5/11 1:00",
        "7/1/11 2:00",
        "4/6/12 1:00",
        "3/4/11 1:00",
        "4/1/11 1:00",
        "4/5/13 9:00",
        "5/3/13 9:00",
        "6/7/13 1:00",
        "6/7/13 9:00",
        "1/6/17 1:00",
        "3/2/18 1:00",
        "4/6/18 1:00",
        "12/2/11 9:00",
        "2/1/13 1:00",
        "3/6/15 1:00",
        "12/4/15 11:00",
        "12/6/11 1:30",
        "6/3/11 9:00",
        "8/2/13 9:00",
        "10/4/13 9:00",
        "11/7/14 1:00",
        "5/1/15 9:00",
        "8/5/16 11:00",
        "7/13/12 10:00",
        "3/4/11 9:00",
        "10/7/11 9:00",
        "5/4/12 11:00",
        "9/7/12 9:00",
        "4/4/14 9:00",
        "5/4/12 9:00",
        "4/6/12 9:00",
        "7/6/12 9:00",
        "11/2/12 9:00",
        "12/7/12 9:00",
        "3/1/13 9:00",
        "12/6/13 9:00",
        "6/6/14 9:00",
        "8/1/14 9:00",
        "9/5/14 9:00",
        "9/5/14 11:00",
        "10/3/14 9:00",
        "2/6/15 9:00",
        "2/6/15 1:00",
        "6/5/15 11:00",
        "9/4/15 11:00",
        "9/4/15 9:00",
        "9/4/15 1:00",
        "11/6/15 9:00",
        "11/6/15 1:00",
        "2/5/16 1:00",
        "8/5/16 9:00",
        "3/3/17 9:00",
        "5/5/17 9:00",
        "7/7/17 1:00",
        "7/7/17 11:00",
        "11/3/17 9:00",
        "12/1/17 1:00",
        "1/5/18 9:00",
        "3/2/18 9:00",
        "9/7/18 11:00",
        "7/5/19 9:00",
        "10/4/19 11:00",
        "2/4/11 11:00",
        "7/1/11 2:30",
        "9/2/11 9:00",
        "1/6/12 9:00",
        "11/4/11 1:00",
        "1/6/11 1:00",
        "2/3/12 9:00",
        "3/2/12 9:00",
        "5/4/12 1:00",
        "6/1/12 9:00",
        "6/1/12 11:00",
        "7/6/12 1:00",
        "10/5/12 9:00",
        "8/3/12 9:00",
        "9/7/12 1:00",
        "12/7/12 1:00",
        "1/4/13 9:00",
        "1/4/13 1:00",
        "2/1/13 9:00",
        "3/1/13 1:00",
        "4/5/13 1:00",
        "7/5/13 9:00",
        "7/5/13 1:00",
        "9/6/13 9:00",
        "11/1/13 9:00",
        "11/4/13 9:00",
        "12/6/13 1:00",
        "1/3/14 9:00",
        "2/7/14 9:00",
        "3/7/14 9:00",
        "3/7/14 11:00",
        "4/4/14 1:00",
        "5/2/14 9:00",
        "12/5/14 10:00",
        "8/1/14 11:00",
        "11/7/14 9:00",
        "8/1/14 1:00",
        "10/3/14 11:00",
        "11/5/14 9:00",
        "10/3/14 1:00",
        "11/7/14 11:00",
        "12/5/14 9:00",
        "12/5/14 11:00",
        "1/30/15 2:30",
        "2/23/15 2:30",
        "3/6/15 9:00",
        "3/6/15 11:00",
        "4/3/15 9:00",
        "4/3/15 1:00",
        "4/3/15 11:00",
        "6/5/15 9:00",
        "8/7/15 9:00",
        "8/7/15 11:00",
        "8/7/15 1:00",
        "10/2/15 9:00",
        "10/2/15 1:00",
        "11/6/15 11:00",
        "12/4/15 9:00",
        "12/4/15 1:00",
        "12/7/15 2:30",
        "1/8/16 9:00",
        "2/5/16 9:00",
        "2/5/16 11:00",
        "3/4/16 9:00",
        "4/1/16 9:00",
        "3/21/16 2:30",
        "3/4/16 1:00",
        "4/1/16 1:00",
        "5/6/16 11:00",
        "5/6/16 9:00",
        "6/3/16 9:00",
        "5/6/16 1:00",
        "6/3/16 1:00",
        "4/7/17 9:00",
        "7/1/16 9:00",
        "7/1/16 1:00",
        "8/5/16 1:00",
        "9/2/16 9:00",
        "10/7/16 9:00",
        "9/2/16 1:00",
        "9/2/16 11:00",
        "10/7/16 1:00",
        "11/4/16 9:00",
        "10/19/16 2:30",
        "11/4/16 11:00",
        "12/2/16 9:00",
        "11/4/16 1:00",
        "1/6/17 9:00",
        "12/2/16 1:00",
        "2/3/17 9:00",
        "2/3/17 1:00",
        "3/3/17 1:00",
        "3/3/17 11:00",
        "5/5/17 1:00",
        "4/7/17 1:00",
        "6/2/17 9:00",
        "5/5/17 11:00",
        "7/7/17 9:00",
        "9/1/17 1:00",
        "8/4/17 9:00",
        "8/4/17 1:00",
        "10/6/17 9:00",
        "12/1/17 9:00",
        "2/2/18 9:00",
        "4/6/18 9:00",
        "5/4/18 9:00",
        "6/1/18 1:00",
        "10/5/18 11:00",
        "12/7/18 1:00",
        "1/4/19 11:00",
        "3/1/19 9:00",
        "4/5/19 9:00",
        "5/3/19 9:00",
        "5/3/19 1:00",
        "6/7/19 9:00",
        "8/6/19 2:30",
        "9/6/19 1:00",
        "10/8/19 2:30",
        "1/3/20 9:00",
        "2/7/20 9:00",
        "3/6/20 9:00",
        "9/4/20 9:00",
        "8/7/20 9:00",
        "10/2/20 11:30",
        "2/5/21 1:00",
        "9/20/11 1:30",
        "9/24/15 3:00",
        "5/6/11 1:00",
        "1/3/14 1:00",
        "1/6/12 11:00",
        "9/9/11 9:00",
        "6/1/12 1:00",
        "10/5/12 1:00",
        "11/2/12 1:00",
        "5/3/13 1:00",
        "10/4/13 1:00",
        "6/6/14 11:00",
        "5/2/14 1:00",
        "4/28/17 9:00",
        "9/5/14 1:00",
        "1/2/15 11:00",
        "2/6/15 11:00",
        "1/1/01 12:00",
        "6/5/15 1:00",
        "7/6/18 9:00",
        "8/2/19 9:00",
        "10/2/20 9:00",
        "9/7/12 11:00",
        "3/6/13 10:30",
        "5/6/11 11:00",
        "8/5/11 9:00",
        "6/6/14 1:00",
        "12/5/14 1:00",
        "4/6/15 9:00",
        "5/1/15 1:00",
        "10/2/15 11:00",
        "3/4/16 11:00",
        "9/1/17 9:00",
        "3/6/20 1:00",
        "4/1/11 9:00",
        "10/7/11 6:05",
        "10/2/14 1:30",
        "7/6/18 1:00",
        "8/2/13 7:00",
        "8/2/19 11:00",
        "3/1/13 9:30",
        "2/7/14 1:00",
        "5/6/11 9:00",
        "7/1/11 9:00",
        "3/2/12 1:00",
        "8/3/12 11:00",
        "10/5/12 11:00",
        "11/2/12 11:00",
        "12/7/12 11:00",
        "3/1/13 11:00",
        "5/3/13 11:00",
        "7/5/13 11:00",
        "9/6/13 11:00",
        "11/1/13 11:00",
        "2/29/16 10:30",
        "5/4/18 1:00",
        "9/7/18 9:00",
        "11/2/18 9:00",
        "9/2/11 1:00",
        "9/23/11 10:00",
        "10/7/11 10:00",
        "4/1/11 2:00",
        "3/7/14 1:00",
        "2/3/17 4:10",
        "6/1/18 9:00",
        "8/3/18 9:00",
        "11/2/18 1:00",
        "12/7/18 9:00",
        "1/4/19 1:00",
        "2/1/19 9:00",
        "3/4/11 11:00",
        "8/5/11 11:00",
        "7/6/12 11:00",
        "2/2/18 9:30",
        "5/1/14 9:00",
        "10/4/19 9:00",
        "11/1/19 9:00",
        "12/6/19 9:00",
        "7/1/11 1:00",
        "7/21/11 9:00",
        "10/7/11 11:00",
        "4/25/16 9:00",
        "6/7/19 1:00",
        "11/30/12 10:00",
        "4/3/20 11:00",
        "11/6/20 11:00",
        "12/16/11 10:00",
        "5/25/12 1:00",
        "7/20/12 11:00",
        "9/7/17 1:00",
        "11/3/17 1:00",
        "9/2/11 11:00",
        "11/4/11 11:00",
        "12/2/11 11:00",
        "3/23/12 9:00",
        "3/2/12 11:00",
        "11/1/13 1:00",
        "1/4/19 9:00",
        "7/27/12 9:00",
        "11/4/16 10:00",
        "12/23/11 9:00",
        "6/3/11 11:00",
        "7/1/11 11:00",
        "2/29/12 9:00",
        "6/22/12 10:00",
        "5/4/13 9:00",
        "8/2/13 1:00",
        "8/2/13 11:00",
        "11/4/13 1:00",
        "4/6/18 11:00",
        "8/2/19 1:00",
        "12/4/20 9:00",
        "9/8/11 9:00",
        "6/3/11 1:00",
        "6/17/16 10:30",
        "10/5/18 9:00",
        "12/4/20 11:30",
        "4/13/12 9:00",
        "5/12/11 12:00",
        "11/4/16 10:30",
        "7/25/14 10:00",
        "1/5/18 1:00",
        "8/3/18 1:00",
        "2/4/11 1:00",
        "6/3/11 2:30",
        "2/3/12 1:00",
        "6/2/17 1:00",
        "3/8/12 10:30",
        "4/1/16 11:00",
        "7/1/16 11:00",
        "12/2/16 11:00",
        "9/15/11 9:00",
        "5/4/12 10:00",
        "11/1/19 1:00",
        "5/2/15 1:00",
        "3/5/21 9:00",
        "9/2/11 2:30",
        "10/6/17 11:00",
        "11/6/20 11:30",
        "2/5/21 9:00",
        "9/6/13 1:00",
        "1/2/15 1:00",
        "4/7/17 11:00",
        "10/6/17 1:00",
        "1/31/14 10:00",
        "4/21/17 10:00",
        "2/7/20 11:00",
        "10/4/19 1:00",
        "8/3/12 1:00",
        "4/15/15 9:00",
        "2/3/17 11:00",
        "4/5/19 1:00",
        "2/5/16 10:00",
        "10/5/18 1:00",
        "5/2/14 11:00",
        "3/15/13 1:00",
        "4/1/15 1:00",
        "1/6/17 11:00",
        "11/6/20 9:00",
        "12/4/20 1:00",
        "12/4/15 10:00",
        "3/11/16 9:00",
        "1/5/18 11:00",
        "3/1/12 9:00",
        "9/1/17 11:00",
        "11/3/17 11:00",
        "9/4/20 1:30",
        "6/2/17 11:00",
        "10/31/11 2:30",
        "6/3/16 11:00",
        "10/2/20 1:00",
        "4/13/20 1:00",
        "9/18/14 10:00",
        "2/3/12 11:00",
        "11/17/11 9:00",
        "2/1/13 10:00",
        "1/11/13 9:00",
        "8/12/13 9:00",
        "12/1/17 11:00",
        "2/22/13 10:00",
        "11/1/12 1:00",
        "12/16/11 9:00",
        "9/6/12 1:00",
        "10/4/15 9:00",
        "5/3/19 11:00",
        "6/1/18 11:00",
        "12/7/18 11:00",
        "4/4/14 11:00",
        "3/6/20 11:00",
        "2/5/21 11:00",
        "2/7/20 1:00",
        "2/1/19 1:00",
        "3/1/19 1:00",
        "12/6/19 1:00",
        "1/8/21 11:00",
        "9/7/12 10:00",
        "10/16/15 2:30",
        "2/10/16 1:00",
        "10/7/16 11:00",
        "4/14/17 9:00",
        "2/2/18 11:00",
        "8/3/18 11:00",
        "3/1/19 11:00",
        "4/5/19 11:00",
        "11/1/19 11:00",
        "4/3/20 9:00",
        "6/5/20 9:00",
        "7/12/11 12:00",
        "1/23/15 9:00",
        "11/2/18 11:00",
        "6/6/14 7:00",
        "5/1/15 11:00",
        "5/1/15 10:00",
        "2/15/16 11:00",
        "5/4/18 11:00",
        "9/5/18 11:00",
        "9/6/19 9:00",
        "1/3/20 1:00",
        "9/4/20 1:00",
        "4/6/12 10:00",
        "9/1/17 4:30"
    ],
    "embedding": [
        -0.9999991059303284,
        0.999999463558197,
        0.999999463558197,
        0.9999993443489075,
        0.9999993443489075,
        0.9999993443489075,
        0.9999991059303284,
        -0.46078264713287354,
        -0.9999992251396179,
        -0.999999463558197,
        -0.9999995827674866,
        -0.9999992251396179,
        0.9999993443489075,
        -0.9999993443489075,
        0.9999992251396179,
        0.999999463558197,
        0.9999991059303284,
        0.9999992251396179,
        0.9999996423721313,
        -0.9999993443489075,
        0.999999463558197,
        0.9999993443489075,
        -0.9999992251396179,
        0.999999463558197,
        0.9999991059303284,
        0.9999993443489075,
        -0.9999995827674866,
        0.9999992251396179,
        0.9999995827674866,
        0.999999463558197,
        -0.9999992251396179,
        0.999999463558197,
        0.9999995827674866,
        -0.9999991059303284,
        -0.9999993443489075,
        0.9999993443489075,
        0.999999463558197,
        -0.9999991059303284,
        -0.9999997615814209,
        0.999999463558197,
        0.9999992251396179,
        0.9999992251396179,
        0.8119036555290222,
        0.9999991059303284,
        0.9999993443489075,
        0.9999992251396179,
        0.999999463558197,
        0.9999992251396179,
        0.9999995827674866,
        0.999999463558197,
        -0.9999993443489075,
        -0.999999463558197,
        -0.9999992251396179,
        0.9999993443489075,
        0.999999463558197,
        0.9999992251396179,
        -0.999999463558197,
        0.999999463558197,
        0.9999991059303284,
        0.9999992251396179,
        0.999999463558197,
        -0.9999991059303284,
        0.999999463558197,
        -0.9999991059303284,
        -0.999999463558197,
        0.9999992251396179,
        0.9999993443489075,
        0.9999992251396179,
        -0.9999995827674866,
        -0.9999995827674866,
        0.9999993443489075,
        0.9999992251396179,
        0.9999993443489075,
        0.9999991059303284,
        0.9999995827674866,
        0.9999993443489075,
        0.9999991059303284,
        0.9999992251396179,
        0.999999463558197,
        -0.9999991059303284,
        -0.9999993443489075,
        1.0,
        -0.9999992251396179,
        0.9999992251396179,
        0.9999993443489075,
        0.9999995827674866,
        -0.999999463558197,
        -0.9999992251396179,
        0.999999463558197,
        -0.9999991059303284,
        -0.999999463558197,
        -0.999999463558197,
        -0.9999992251396179,
        -0.9999995827674866,
        0.9999991059303284,
        0.999999463558197,
        0.9999993443489075,
        -0.9999991059303284,
        -0.999999463558197,
        0.9999993443489075,
        -0.8119036555290222,
        -0.999999463558197,
        0.999999463558197,
        -0.999999463558197,
        0.9999993443489075,
        0.9999993443489075,
        -0.9999993443489075,
        -0.9999993443489075,
        0.9999992251396179,
        0.999999463558197,
        -0.9999989867210388,
        0.9999998807907104,
        0.9999989867210388,
        0.999999463558197,
        0.9999995827674866,
        -0.9999992251396179,
        0.9999995827674866,
        -0.9999996423721313,
        0.999999463558197,
        -0.9999992251396179,
        0.9999993443489075,
        -0.999999463558197,
        0.999999463558197,
        0.9999992251396179,
        -0.9999995827674866,
        0.999999463558197,
        -0.9999993443489075,
        -0.999999463558197,
        0.9999993443489075,
        0.43604713678359985,
        -0.9999991059303284,
        0.9999995827674866,
        -0.999999463558197,
        -0.8119036555290222,
        0.999999463558197,
        -0.9999992251396179,
        0.999999463558197,
        -0.999999463558197,
        -0.9999992251396179,
        0.9999995827674866,
        -0.9999993443489075,
        -0.9999992251396179,
        0.9999991059303284,
        -0.9999992251396179,
        0.9999992251396179,
        0.9999993443489075,
        -0.9999993443489075,
        0.9999991059303284,
        0.9999993443489075,
        0.999999463558197,
        0.9999991059303284,
        0.9999992251396179,
        -0.999999463558197,
        0.9999992251396179,
        -0.8119036555290222,
        0.999999463558197,
        0.9999992251396179,
        -0.9999991059303284,
        -0.9999993443489075,
        0.9999995827674866,
        0.9999991059303284,
        0.999999463558197,
        0.999999463558197,
        0.9999992251396179,
        0.999999463558197,
        0.9999993443489075,
        -0.9999993443489075,
        -0.999999463558197,
        0.999999463558197,
        -0.999999463558197,
        0.999999463558197,
        0.9999993443489075,
        -0.999999463558197,
        -0.9999995827674866,
        -0.9999986886978149,
        0.9999992251396179,
        -0.9999992251396179,
        0.999999463558197,
        -0.9999995827674866,
        0.9999992251396179,
        -0.999999463558197,
        -0.9999992251396179,
        0.9999997615814209,
        0.999999463558197,
        0.999999463558197,
        -0.9999991059303284,
        -0.9999992251396179,
        0.9999992251396179,
        0.999999463558197,
        -0.999999463558197,
        0.9999992251396179,
        -0.9999995827674866,
        0.999999463558197,
        -0.9999995827674866,
        -0.9999993443489075,
        0.9999989867210388,
        -0.999999463558197,
        -0.999999463558197,
        0.9999995827674866,
        -0.999999463558197,
        0.999999463558197,
        0.9999992251396179,
        0.9999991059303284,
        -0.9999995827674866,
        0.9999993443489075,
        -0.9999997615814209,
        -0.9999992251396179,
        0.43520060181617737,
        0.999999463558197,
        -0.999999463558197,
        -0.9999992251396179,
        -0.999999463558197,
        0.9999993443489075,
        0.9999991059303284,
        -0.9999991059303284,
        0.9999992251396179,
        -0.9999995827674866,
        0.999999463558197,
        0.9999991059303284,
        -0.9999992251396179,
        -0.9999992251396179,
        0.9999993443489075,
        0.999999463558197,
        0.999999463558197,
        -0.999999463558197,
        -0.999999463558197,
        0.9999992251396179,
        -0.9999995827674866,
        -0.9999993443489075,
        -0.9999992251396179,
        0.9999992251396179,
        -0.999999463558197,
        -0.9999992251396179,
        0.9999993443489075,
        0.9999993443489075,
        0.999999463558197,
        0.9999992251396179,
        0.9999991059303284,
        -0.9999993443489075,
        0.999999463558197,
        0.42233577370643616,
        0.999999463558197,
        0.9999992251396179,
        -0.999999463558197,
        0.4358251094818115,
        0.8119036555290222,
        -0.999999463558197,
        -0.999999463558197,
        -0.999999463558197,
        -0.9999995827674866,
        0.9999992251396179,
        0.9999993443489075,
        0.999999463558197,
        -0.9999992251396179,
        -0.9999992251396179,
        0.999999463558197,
        0.9999991059303284,
        0.9999992251396179,
        0.8119036555290222,
        0.999999463558197,
        -0.9999993443489075,
        0.9999995827674866,
        0.9999991059303284,
        -0.9999995827674866,
        0.44305533170700073,
        0.999999463558197,
        -0.9999991059303284,
        -0.9999993443489075,
        -0.9999993443489075,
        -0.999999463558197,
        0.9999992251396179,
        -0.9999991059303284,
        0.9999992251396179,
        -0.9999995827674866,
        0.999999463558197,
        0.9999996423721313,
        -0.999999463558197,
        -0.999999463558197,
        0.4461568593978882,
        0.999999463558197,
        -0.9999993443489075,
        -0.9999992251396179,
        -0.999999463558197,
        -0.999999463558197,
        0.9999991059303284,
        0.999999463558197,
        0.999999463558197,
        0.9999993443489075,
        0.9999993443489075,
        -0.9999993443489075,
        -0.9999993443489075,
        -0.9999992251396179,
        0.9999993443489075,
        0.9999991059303284,
        -0.9999992251396179,
        -0.9999993443489075,
        -0.9999992251396179,
        -0.9999993443489075,
        0.9999993443489075,
        -0.999999463558197
    ],
    "embedding_scaling_factor": 0.6637436151504517,
    "samples": [
        "2/6/15 11:00",
        "11/6/15 9:00",
        "3/2/12 9:00",
        "4/6/12 9:00",
        "8/1/14 11:00",
        "5/3/19 11:00",
        "9/5/14 9:00",
        "11/4/11 9:00",
        "1/5/18 9:00",
        "1/6/12 1:00",
        "1/6/17 11:00",
        "4/4/14 9:00",
        "5/5/17 1:00",
        "7/1/11 1:00",
        "6/5/15 9:00",
        "4/5/13 9:00",
        "4/4/14 9:00",
        "11/7/14 9:00",
        "11/1/13 9:00",
        "12/6/13 9:00",
        "11/7/14 9:00",
        "11/2/12 1:00",
        "11/1/13 9:00",
        "6/1/12 1:00",
        "5/2/14 9:00",
        "6/1/12 1:00",
        "1/6/17 9:00",
        "6/7/13 9:00",
        "12/6/13 9:00",
        "6/5/15 1:00",
        "8/1/14 11:00",
        "12/6/13 9:00",
        "5/4/18 9:00",
        "5/6/16 9:00",
        "2/1/13 9:00",
        "10/7/16 9:00",
        "9/6/13 9:00",
        "11/2/12 9:00",
        "3/3/17 9:00",
        "10/2/15 9:00",
        "4/6/12 9:00",
        "4/5/13 9:00",
        "3/1/19 9:00",
        "9/7/18 11:00",
        "11/4/16 9:00",
        "8/1/14 9:00",
        "12/7/12 9:00",
        "8/3/12 9:00",
        "10/4/13 9:00",
        "6/3/16 1:00",
        "12/6/13 9:00",
        "6/6/14 9:00",
        "4/4/14 9:00",
        "5/3/13 9:00",
        "9/4/15 9:00",
        "6/5/15 9:00",
        "8/5/16 9:00",
        "5/4/18 1:00",
        "12/2/16 9:00",
        "2/3/12 9:00",
        "5/4/12 9:00",
        "10/2/15 1:00",
        "5/4/12 9:00",
        "8/7/15 9:00",
        "11/7/14 9:00",
        "4/5/19 9:00",
        "10/3/14 11:00",
        "9/1/17 1:00",
        "1/3/14 9:00",
        "6/1/18 9:00",
        "7/6/12 9:00",
        "12/2/11 9:00",
        "3/2/12 9:00",
        "3/7/14 9:00",
        "3/4/16 1:00",
        "8/1/14 11:00",
        "1/3/14 9:00",
        "2/5/16 1:00",
        "4/6/12 9:00",
        "2/3/17 9:00",
        "12/6/13 9:00",
        "2/3/17 9:00",
        "10/2/15 9:00",
        "5/3/13 9:00",
        "8/2/19 11:00",
        "8/5/11 9:00",
        "9/2/11 11:00",
        "7/1/11 2:30",
        "10/5/12 9:00",
        "3/1/13 9:00",
        "5/3/13 9:00",
        "9/5/14 9:00",
        "3/6/20 9:00",
        "12/5/14 11:00",
        "5/6/16 9:00",
        "12/5/14 9:00",
        "11/2/12 9:00",
        "11/1/13 9:00",
        "5/5/17 9:00",
        "5/2/14 9:00"
    ],
    "category_values_ratio": {
        "8/1/14 9:00": 363,
        "4/6/12 9:00": 358,
        "8/7/15 9:00": 340,
        "2/7/14 9:00": 332,
        "1/3/14 9:00": 330,
        "9/5/14 9:00": 312,
        "2/5/16 9:00": 310,
        "3/2/12 9:00": 302,
        "12/6/13 9:00": 279,
        "3/7/14 9:00": 270,
        "7/5/13 9:00": 268,
        "5/4/12 9:00": 254,
        "3/6/15 9:00": 249,
        "12/4/15 9:00": 248,
        "2/6/15 9:00": 247,
        "6/5/15 9:00": 243,
        "10/3/14 9:00": 242,
        "4/5/13 9:00": 241,
        "11/6/15 9:00": 240,
        "4/4/14 9:00": 233,
        "11/7/14 9:00": 232,
        "6/6/14 9:00": 232,
        "5/3/13 9:00": 217,
        "1/6/12 9:00": 216,
        "2/3/12 9:00": 210,
        "5/1/15 9:00": 206,
        "6/7/13 9:00": 204,
        "5/5/17 9:00": 204,
        "12/2/11 9:00": 199,
        "12/1/17 9:00": 194,
        "8/2/13 9:00": 189,
        "3/3/17 9:00": 187,
        "6/1/12 9:00": 184,
        "10/5/12 9:00": 180,
        "12/2/16 9:00": 180,
        "9/6/13 9:00": 179,
        "9/4/15 9:00": 177,
        "10/2/15 9:00": 174,
        "7/6/12 9:00": 173,
        "5/2/14 9:00": 168,
        "1/6/17 9:00": 168,
        "10/6/17 9:00": 167,
        "11/1/13 9:00": 164,
        "11/4/11 9:00": 160,
        "1/4/13 9:00": 159,
        "3/1/13 9:00": 157,
        "4/7/17 9:00": 157,
        "12/5/14 9:00": 155,
        "10/4/13 9:00": 150,
        "8/3/12 9:00": 149,
        "5/6/16 9:00": 147,
        "1/5/18 9:00": 146,
        "10/7/11 9:00": 142,
        "8/5/16 9:00": 136,
        "7/7/17 9:00": 136,
        "8/5/11 9:00": 134,
        "3/4/16 9:00": 132,
        "11/2/12 9:00": 132,
        "2/1/13 9:00": 132,
        "4/3/15 9:00": 131,
        "11/3/17 9:00": 131,
        "4/1/16 9:00": 127,
        "6/2/17 9:00": 124,
        "9/7/12 9:00": 123,
        "12/2/11 1:00": 122,
        "2/5/16 11:00": 121,
        "4/6/18 9:00": 120,
        "12/5/14 11:00": 120,
        "2/6/15 1:00": 118,
        "8/7/15 1:00": 108,
        "2/3/17 9:00": 108,
        "4/1/11 9:00": 107,
        "7/1/16 9:00": 106,
        "7/6/18 9:00": 106,
        "6/3/11 9:00": 106,
        "6/3/16 9:00": 105,
        "9/2/11 9:00": 103,
        "10/7/16 9:00": 101,
        "6/1/18 9:00": 96,
        "12/7/12 9:00": 94,
        "3/2/18 9:00": 92,
        "8/7/15 11:00": 91,
        "11/4/16 9:00": 90,
        "8/4/17 9:00": 89,
        "9/4/20 9:00": 85,
        "12/7/12 1:00": 82,
        "3/1/19 9:00": 82,
        "4/5/19 9:00": 81,
        "9/2/16 9:00": 80,
        "11/2/18 9:00": 77,
        "8/7/20 9:00": 77,
        "7/1/11 9:00": 77,
        "6/5/15 11:00": 76,
        "2/6/15 11:00": 75,
        "5/6/11 9:00": 73,
        "9/5/14 11:00": 72,
        "3/4/16 1:00": 72,
        "9/4/15 11:00": 72,
        "11/7/14 11:00": 72,
        "5/1/15 1:00": 71,
        "5/4/18 9:00": 71,
        "7/1/11 2:30": 70,
        "8/1/14 11:00": 69,
        "3/2/12 1:00": 69,
        "3/3/17 1:00": 68,
        "6/6/14 11:00": 68,
        "4/5/13 1:00": 67,
        "3/4/11 9:00": 67,
        "2/2/18 9:00": 67,
        "4/1/16 1:00": 67,
        "2/5/16 1:00": 67,
        "5/3/19 9:00": 66,
        "9/1/17 9:00": 66,
        "12/4/15 11:00": 63,
        "4/3/15 1:00": 62,
        "3/6/15 1:00": 60,
        "2/7/20 9:00": 60,
        "11/6/15 11:00": 58,
        "10/2/15 11:00": 58,
        "1/6/17 11:00": 57,
        "10/2/15 1:00": 54,
        "1/3/20 9:00": 54,
        "3/6/15 11:00": 53,
        "12/2/16 1:00": 53,
        "12/7/18 9:00": 53,
        "6/5/15 1:00": 52,
        "3/1/13 1:00": 52,
        "11/4/11 1:00": 51,
        "6/3/16 1:00": 51,
        "6/7/19 9:00": 51,
        "5/5/17 11:00": 50,
        "4/6/12 1:00": 50,
        "6/7/13 1:00": 50,
        "11/6/15 1:00": 50,
        "4/1/16 11:00": 49,
        "5/2/14 1:00": 48,
        "9/7/18 9:00": 48,
        "7/1/11 1:00": 47,
        "10/3/14 11:00": 46,
        "10/7/16 1:00": 46,
        "8/3/18 9:00": 46,
        "8/1/14 1:00": 46,
        "11/7/14 1:00": 46,
        "5/6/16 11:00": 45,
        "9/2/11 1:00": 45,
        "1/6/17 1:00": 45,
        "1/6/12 1:00": 44,
        "4/3/15 11:00": 44,
        "2/1/13 1:00": 44,
        "3/4/16 11:00": 44,
        "7/1/16 1:00": 44,
        "2/3/17 11:00": 44,
        "8/5/16 1:00": 43,
        "10/5/12 1:00": 42,
        "12/6/19 9:00": 42,
        "1/4/19 9:00": 42,
        "8/5/16 11:00": 41,
        "5/3/13 1:00": 41,
        "12/5/14 1:00": 40,
        "6/1/12 1:00": 38,
        "10/3/14 1:00": 38,
        "8/5/11 1:00": 37,
        "9/5/14 1:00": 36,
        "5/5/17 1:00": 36,
        "11/4/16 1:00": 36,
        "7/5/19 9:00": 36,
        "2/1/19 9:00": 36,
        "4/4/14 1:00": 35,
        "7/5/13 1:00": 33,
        "3/3/17 11:00": 33,
        "7/7/17 11:00": 32,
        "3/6/20 9:00": 31,
        "12/4/15 1:00": 30,
        "7/7/17 1:00": 30,
        "10/2/20 9:00": 30,
        "10/7/11 1:00": 30,
        "1/4/13 1:00": 30,
        "10/5/18 9:00": 29,
        "9/4/15 1:00": 28,
        "6/3/11 1:00": 28,
        "11/3/17 11:00": 28,
        "5/6/16 1:00": 28,
        "9/7/12 1:00": 28,
        "2/3/12 1:00": 26,
        "4/7/17 1:00": 26,
        "11/30/12 10:00": 24,
        "12/1/17 1:00": 24,
        "8/2/19 9:00": 24,
        "9/1/17 1:00": 24,
        "12/4/20 9:00": 24,
        "9/2/16 1:00": 24,
        "7/6/12 1:00": 23,
        "1/5/18 11:00": 22,
        "12/6/13 1:00": 22,
        "7/5/13 11:00": 22,
        "3/4/11 1:00": 22,
        "11/2/12 1:00": 21,
        "3/7/14 1:00": 21,
        "4/6/18 1:00": 20,
        "7/6/18 1:00": 20,
        "1/1/01 12:00": 20,
        "3/2/18 1:00": 20,
        "7/1/11 2:00": 18,
        "6/2/17 1:00": 18,
        "5/4/18 1:00": 18,
        "10/2/20 11:30": 18,
        "11/1/19 9:00": 17,
        "9/2/16 11:00": 17,
        "8/2/13 1:00": 16,
        "5/2/14 11:00": 16,
        "8/5/11 2:30": 16,
        "5/4/12 1:00": 16,
        "5/6/11 1:00": 16,
        "8/5/11 11:00": 16,
        "1/5/18 1:00": 15,
        "11/4/16 11:00": 15,
        "9/23/11 10:00": 14,
        "9/6/13 1:00": 14,
        "4/1/11 2:00": 14,
        "5/6/11 11:00": 14,
        "6/1/18 1:00": 14,
        "4/1/11 1:00": 12,
        "8/2/19 11:00": 12,
        "6/6/14 1:00": 12,
        "9/7/12 11:00": 12,
        "8/2/13 7:00": 12,
        "9/1/17 4:30": 12,
        "9/6/13 11:00": 12,
        "4/5/19 11:00": 12,
        "3/1/19 11:00": 12,
        "2/1/13 10:00": 12,
        "9/2/11 11:00": 12,
        "7/1/16 11:00": 12,
        "10/4/19 9:00": 12,
        "7/25/14 10:00": 12,
        "7/20/12 11:00": 12,
        "3/1/13 11:00": 12,
        "2/3/17 1:00": 12,
        "11/1/13 11:00": 12,
        "10/7/11 11:00": 12,
        "11/4/13 9:00": 12,
        "3/7/14 11:00": 12,
        "9/1/17 11:00": 11,
        "6/2/17 11:00": 11,
        "11/4/11 11:00": 11,
        "12/2/16 11:00": 11,
        "2/7/14 1:00": 10,
        "5/3/19 1:00": 10,
        "6/1/12 11:00": 10,
        "11/1/19 1:00": 10,
        "4/7/17 11:00": 10,
        "10/6/17 1:00": 10,
        "12/1/17 11:00": 10,
        "9/7/18 11:00": 9,
        "3/6/20 1:00": 8,
        "8/4/17 1:00": 8,
        "5/3/19 11:00": 8,
        "6/3/11 11:00": 8,
        "1/8/16 9:00": 8,
        "11/3/17 1:00": 8,
        "9/6/19 9:00": 8,
        "12/7/12 11:00": 8,
        "10/4/19 1:00": 8,
        "1/6/11 1:00": 8,
        "11/1/13 1:00": 7,
        "7/13/12 10:00": 7,
        "1/4/19 11:00": 7,
        "8/2/19 1:00": 6,
        "10/7/11 10:00": 6,
        "7/1/11 11:00": 6,
        "5/1/14 9:00": 6,
        "1/2/15 11:00": 6,
        "6/1/18 11:00": 6,
        "12/4/15 10:00": 6,
        "6/3/16 11:00": 6,
        "4/6/18 11:00": 6,
        "8/12/13 9:00": 6,
        "2/22/13 10:00": 6,
        "10/5/18 11:00": 6,
        "6/22/12 10:00": 6,
        "2/2/18 9:30": 6,
        "11/4/16 10:00": 6,
        "6/7/19 1:00": 6,
        "11/2/18 1:00": 6,
        "1/4/19 1:00": 6,
        "3/4/11 11:00": 6,
        "5/25/12 1:00": 6,
        "5/4/13 9:00": 6,
        "2/3/17 4:10": 6,
        "12/5/14 10:00": 6,
        "3/1/13 9:30": 6,
        "9/6/19 1:00": 6,
        "10/4/15 9:00": 6,
        "5/3/13 11:00": 6,
        "12/7/18 11:00": 6,
        "4/13/20 1:00": 6,
        "4/4/14 11:00": 6,
        "2/5/21 9:00": 6,
        "12/4/20 11:30": 6,
        "11/6/20 11:30": 6,
        "10/6/17 11:00": 6,
        "1/31/14 10:00": 6,
        "4/5/19 1:00": 6,
        "4/21/17 10:00": 6,
        "5/2/15 1:00": 6,
        "10/4/19 11:00": 6,
        "4/6/15 9:00": 6,
        "2/5/16 10:00": 6,
        "9/7/12 10:00": 6,
        "9/4/20 1:00": 6,
        "5/4/18 11:00": 6,
        "6/6/14 7:00": 6,
        "1/23/15 9:00": 6,
        "6/5/20 9:00": 6,
        "4/3/20 9:00": 6,
        "2/2/18 11:00": 6,
        "4/14/17 9:00": 6,
        "10/7/16 11:00": 6,
        "2/7/20 1:00": 6,
        "10/5/18 1:00": 6,
        "4/13/12 9:00": 5,
        "12/16/11 9:00": 5,
        "11/6/20 9:00": 5,
        "5/1/15 11:00": 5,
        "9/20/11 1:30": 4,
        "1/3/14 1:00": 4,
        "3/5/21 9:00": 4,
        "9/8/11 9:00": 4,
        "8/3/12 11:00": 4,
        "8/2/13 11:00": 4,
        "1/6/12 11:00": 4,
        "9/2/11 2:30": 4,
        "3/1/19 1:00": 4,
        "5/4/12 10:00": 4,
        "2/3/12 11:00": 4,
        "8/3/12 1:00": 4,
        "9/6/12 1:00": 4,
        "4/25/16 9:00": 4,
        "12/4/20 1:00": 4,
        "4/3/20 11:00": 4,
        "5/4/12 11:00": 4,
        "3/15/13 1:00": 4,
        "12/2/11 11:00": 4,
        "8/3/18 1:00": 3,
        "8/3/18 11:00": 3,
        "11/2/18 11:00": 3,
        "9/18/14 10:00": 3,
        "3/6/20 11:00": 3,
        "3/11/16 9:00": 3,
        "2/7/20 11:00": 3,
        "11/1/19 11:00": 3,
        "2/5/21 11:00": 3,
        "1/8/21 11:00": 3,
        "7/27/12 9:00": 3,
        "10/7/11 6:05": 3,
        "4/1/15 1:00": 2,
        "3/23/12 9:00": 2,
        "1/11/13 9:00": 2,
        "12/23/11 9:00": 2,
        "2/29/12 9:00": 2,
        "12/16/11 10:00": 2,
        "11/6/20 11:00": 2,
        "9/4/20 1:30": 2,
        "11/2/12 11:00": 2,
        "9/9/11 9:00": 2,
        "2/4/11 1:00": 2,
        "4/28/17 9:00": 2,
        "10/2/20 1:00": 2,
        "10/4/13 1:00": 2,
        "3/2/12 11:00": 2,
        "1/2/15 1:00": 2,
        "12/6/11 1:30": 2,
        "2/4/11 11:00": 2,
        "2/1/19 1:00": 2,
        "9/7/17 1:00": 2,
        "2/5/21 1:00": 2,
        "11/1/12 1:00": 2,
        "7/6/12 11:00": 2,
        "9/5/18 11:00": 2,
        "1/3/20 1:00": 2,
        "4/6/12 10:00": 2,
        "2/15/16 11:00": 2,
        "7/12/11 12:00": 2,
        "12/7/18 1:00": 2,
        "3/6/13 10:30": 2,
        "11/4/13 1:00": 2,
        "12/6/19 1:00": 2,
        "10/5/12 11:00": 2,
        "3/21/16 2:30": 1,
        "11/5/14 9:00": 1,
        "10/19/16 2:30": 1,
        "3/1/12 9:00": 1,
        "9/24/15 3:00": 1,
        "1/30/15 2:30": 1,
        "7/21/11 9:00": 1,
        "10/31/11 2:30": 1,
        "2/23/15 2:30": 1,
        "11/17/11 9:00": 1,
        "2/10/16 1:00": 1,
        "10/16/15 2:30": 1,
        "2/29/16 10:30": 1,
        "4/15/15 9:00": 1,
        "10/8/19 2:30": 1,
        "12/7/15 2:30": 1,
        "9/15/11 9:00": 1,
        "6/17/16 10:30": 1,
        "5/12/11 12:00": 1,
        "11/4/16 10:30": 1,
        "8/6/19 2:30": 1,
        "3/8/12 10:30": 1,
        "6/3/11 2:30": 1,
        "5/1/15 10:00": 1,
        "10/2/14 1:30": 1
    },
    "nrows": 22012
}