{
    "column_id": "Violations/Violations.csvViolations.csv/Entity+or+Person%28s%29",
    "dataset_name": "Violations.csv",
    "dataset_id": "Violations/Violations.csv",
    "path": "/home/ubuntu/CatDB/Experiments/data/Violations/Violations.csv",
    "table_name": "Violations.csv",
    "table_id": "Violations/Violations.csvViolations.csv",
    "column_name": "Entity or Person(s)",
    "data_source": "Violations",
    "data_type": "natural_language_text",
    "total_values_count": 22012,
    "distinct_values_count": 270,
    "missing_values_count": 0,
    "true_ratio": null,
    "min_value": null,
    "max_value": null,
    "mean": null,
    "median": null,
    "iqr": null,
    "category_values": [
        "AMALGAMATED BANK, ",
        "AMER HOME MORTGAGE SER INC, ",
        "AMERICAN HOME MORGAGE SERVICE INC, ",
        "AMERICAN HOME MORTGAGE SERVICING INC, ",
        "AMERICAN HOME MORTGAGE, ",
        "AMERIQUEST MORT CO, ",
        "AMERIQUEST MORTGAGE CO, ",
        "ARGENT MORTGAGE CO LLC, ",
        "AURORA LOAN SERV LLC, ",
        "AURORA LOAN SERVICES LLC, ",
        "AZTEC AMERICAN BANK, ",
        "BAC HOME LOANS SERVICING, ",
        "BAC HOME LOANS SERVICING, LP C/O C T CORPORATION SYSTEM, ",
        "BAC HOME LOANS SERVICING, LP C/O PATRICIA M HOLDEN, ",
        "BANCO POPULAR, ",
        "BANK NEW YORK MELLON TRUST, ",
        "BANK NEW YORK MELLON, ",
        "BANK NEW YORK TRUST, ",
        "BANK NY MELLON, ",
        "BANK OF AMERICA NA, ",
        "BANK OF AMERICA NATL ASSN, ",
        "BANK OF AMERICA, ",
        "BANK OF AMERICA, NA C/O PATRICIA M HOLDEN, ",
        "BANK OF MELLON, ",
        "BANK OF N Y MELLON, ",
        "BANK OF NEW YORK MELLON CORP, ",
        "BANK OF NEW YORK MELLON, ",
        "BANK OF NEW YORK TRUSTEE CWABS 2005 06, ",
        "BANK OF NEW YORK, ",
        "BANK UNTIED, ",
        "BAYVIEW LOAN SERVICING LLC, ",
        "BAYVIEW LOAN SERVICING, ",
        "BNY MELLON TRUST, ",
        "BNY MELLON TRUSTEE ON BEHALF OF THE HOLDERS OF THE, ",
        "BNY MELLON, ",
        "BNY TRUST, ",
        "BNY, ",
        "BRANCH BANKING AND TRUST CO, ",
        "CARRINGTON MORTGAGE, ",
        "CHASE HOME FINANCE LLC C/O CT CORPORATION SYSTEM, ",
        "CHASE HOME FINANCE LLC, ",
        "CHASE HOME FINANCE, ",
        "CHASE HOME FINANCING, ",
        "CHASE HOME, ",
        "CHASE REO GROUP LLC C/O ANTWAN REID, ",
        "CHASE REO GROUP LLC, ",
        "CITI BANK, ",
        "CITI FINANCIAL INC, ",
        "CITI FINANCIAL SERVICES INC, ",
        "CITI INVESTMENT GROUP, ",
        "CITI MORTAGE, ",
        "CITI MORTGAGE INC, ",
        "CITI MORTGAGE, ",
        "CITI PROPERTY HOLDINGS INC, ",
        "CITIBANK, ",
        "CITIFINANCIAL INC, ",
        "CITIFINANCIAL SERVICES INC, ",
        "CITIMORTGAGE, ",
        "COUNTRY WIDE HOME LOAN, ",
        "COVENANT BANK, ",
        "DEAUTSCHE BANK, ",
        "DEPT OF HUD, ",
        "DEUTSCH BANK AND TRUST, ",
        "DEUTSCH BANK NATL TRUST CO, ",
        "DEUTSCHE BANK AND TRUST, ",
        "DEUTSCHE BANK NA, ",
        "DEUTSCHE BANK NAT'L TRUST CO TRUSTEE FOR HSI ASSET SECURITIZATION CORP, ",
        "DEUTSCHE BANK NATINAL TRUST CO, ",
        "DEUTSCHE BANK NATIONAL TRUST CO, ",
        "DEUTSCHE BANK NATIONAL TRUST CO., ",
        "DEUTSCHE BANK NATIONAL TRUST COMPANY, ",
        "DEUTSCHE BANK NATIONAL TRUST, ",
        "DEUTSCHE BANK NATIONAL, ",
        "DEUTSCHE BANK NATL TR CO, ",
        "DEUTSCHE BANK NATL TRUST , ATTN: MBS PROPERTY INQUIRY, ",
        "DEUTSCHE BANK NATL TRUST CO, ",
        "DEUTSCHE BANK NATL TRUST CO. ATTN:  MBS PROPERTY INQUIRY, ",
        "DEUTSCHE BANK NATL TRUST, ",
        "DEUTSCHE BANK TRUST CO, ",
        "DEUTSCHE BANK TRUST NATL CO, ",
        "DEUTSCHE BANK TRUST, ",
        "DEUTSCHE BANK, ",
        "DEUTSCHE BK NAT'L TR CO TRUSTEE OF ARGENT MTG SECURITIES INC ASSET-BACKED PASS THRU CERT SERIES 2006-W4, ",
        "DEUTSCHE BK, ",
        "DEUTSCHE BNAK, ",
        "DEUTSCHE NATL BANK, ",
        "DEUTSCHE, ",
        "DEUTSHE BANK NATIONAL TRUST, ",
        "DEUTSHE BANK, ",
        "EMC MORTGAGE CORP, ",
        "FANNIE MAE, ",
        "FEDERAL HOME LOAN MORT CORP, ",
        "FEDERAL HOME LOAN MORTGAGE CORP, ",
        "FEDERAL HOME LOAN MORTGAGE, ",
        "FEDERAL HOME LOAN MRT, ",
        "FEDERAL HOME LOAN MTG CORP, ",
        "FEDERAL HOME MORT CORP, ",
        "FEDERAL HOME MORTGAGE, ",
        "FEDERAL NATINAL MORTGAGE ASSOC, ",
        "FEDERAL NATIONAL MORTGAGE ASSN NATIONAL PROPERTY DISPOSITION CENTER, ",
        "FEDERAL NATIONAL MORTGAGE, ",
        "FEDERAL NATL MORTGAGE ASSN, ",
        "FEDERAL NATL MTG ASSN, ",
        "FIRST BANK, ",
        "FIRST MIDWEST BANK, ",
        "FLAG STAR BANK, ",
        "FLEET MORTGAGE CORP, ",
        "FORECLOSURE BUYING GROUP, LLC C/O DONALD J KINDWALD, ",
        "FRANKLIN AMER MORTGAGE CO, ",
        "FRANKLIN CREDIT MANAGEMENT, ",
        "FRANKLIN CREDIT MANG CORP CO, ",
        "FRANKLIN CREDIT MANG CORP, ",
        "FRANKLIN CREDIT MGT, ",
        "GENWORTH FINANCIAL, ",
        "GMAC MORTGAGE CORP, ",
        "GMAC MORTGAGE LLC, ",
        "GMAC MORTGAGE, ",
        "GREEN POINT MORTGAGE FUNDING INC, ",
        "GREEN TREE FINANCIAL, ",
        "GREEN TREE SERVICING, LLC C/O C T CORPORATION SYSTEM, ",
        "H S B C BANK NA, ",
        "H S B C BANK USA NA, ",
        "H S B C BANK, ",
        "H S B C, ",
        "HINSDALE BANK AND TRUST, ",
        "HOME ACQUISITIONS INC C/O JONATHAN SMITH, ",
        "HOME ACQUISTIONS INC, ",
        "HOME EQ SERVICE CORP, ",
        "HOME EQ SERVICING CORP, ",
        "HOUSING & URBAN DEVELOPMENT, ",
        "HOUSING AND URBAN DEVELOP, ",
        "HOUSING AND URBAN DEVELOPMENT, ",
        "HOUSING ECONOMIC NETWORK INC C/O LARRY FLOYD, ",
        "HOUSING URBAN DEVELOPMENT, ",
        "HSBC BANK N A, ",
        "HSBC BANK NA, ",
        "HSBC BANK USA NA, ",
        "HSBC BANK USA NTAL ASSN, ",
        "HSBC BANK USA, ",
        "HSBC BANK, ",
        "HSBC BK USA TRUST, ",
        "HSBC BK USA TRUSTEE 2006 ASAP 5, ",
        "HSBC MORTGAGE AND SERV INC, ",
        "HSBC MORTGAGE, ",
        "HSBC, ",
        "INDY MAC BANK, ",
        "INDYMAC FEDERAL BANK, ",
        "J N L FINANCIAL LLC, ",
        "J P M C PROPERTIES, ",
        "J P MORGAN BANK NA, ",
        "J P MORGAN CHASE BANK NA, ",
        "J P MORGAN CHASE BANK, ",
        "J P MORGAN CHASE, ",
        "JNL FINANCIAL LLC, ",
        "JNL FINANCIAL, ",
        "JP MOGAN CHASE BANK, ",
        "JP MORGAN CHASE BANK NA, ",
        "JP MORGAN CHASE BANK, ",
        "JP MORGAN CHASE, ",
        "JPMC SPECIALITY MORT, ",
        "LASALLE BANK, ",
        "LITTON LOAN SERVICING LP C/O CORPORATION SERVICE CO, ",
        "LITTON LOAN SERVICING LP, ",
        "LITTON LOAN SERVICING, ",
        "LITTOW LOAN, ",
        "M B FINANCIAL BANK NA, ",
        "MARQUETTE BANK, ",
        "MB FINANCIAL BANK NA, ",
        "MERRILL LYNCH MORTGAGE INC, ",
        "METLIFE HOME LOANS, ",
        "METROPOLITAN BANK, ",
        "MID FIRST BANK, ",
        "MIDFIRST BANK, ",
        "MIDWEST BANK AND TRUST, ",
        "MONEY LINE MORTGAGE LLC, ",
        "NATION STAR MORTGAGE LLC, ",
        "NATION WIDE REO LLC, ",
        "NATIONAL ASSET MANAGEMENT GROUP LLC, ",
        "NATIONAL ASSET MANAGEMENT GROUP, ",
        "NATIONAL ASSET MGMT GROUP LLC, ",
        "NATIONAL CITY BANK, ",
        "NATIONWIDE REO LLC C/O PETER DRAVILAS, ",
        "NATIONWIDE REO LLC C/O PETER DRAVILLAS, ",
        "NATIONWIDE REO LLC, ",
        "NORTH STAR TRUST CO. TR#6211, ",
        "NORTH STAR TRUST COMPANY, ",
        "NORTHERN TRUST COMPANY, ",
        "OAK FINANCIAL INC, ",
        "OCWEN BANK, ",
        "OCWEN LOAN SERVICES LLC, ",
        "OCWEN LOAN SERVICING LLC, ",
        "OCWEN LOAN SERVICING, ",
        "ONE WEST BANK FSB, ",
        "ONE WEST BANK, ",
        "P H H MORT CORP, ",
        "PARK FEDERAL SAVINGS, ",
        "PARK NATIONAL BANK TRUST, ",
        "PHH MORT CORP, ",
        "PHH MORTGAGE CORP, ",
        "PNC MORTGAGE, ",
        "PNC MORTGAGE/NATIONAL CITY BANK, ",
        "QUANTIM SERVICING CORPORATION, ",
        "QUANTUM SERVICING CORPORATION, ",
        "REO DIRECT LLC, ",
        "REO DIRECT PARTNERS, ",
        "REO PARTNERS LLC, ",
        "REO PROPERTY, ",
        "REPUBLIC BANK OF CHICAGO, ",
        "SAON MORTGAGE SERVICES, ",
        "SAX TON MORTGAGE SERV INC, ",
        "SAXON MORTGAGE SERV INC, ",
        "SAXON MORTGAGE SERVICES, ",
        "SAXON MORTGAGE, ",
        "SAXTON MORTGAGE SERV, ",
        "SAXTON MORTGAGE SERVICE INC, ",
        "SAXTON MORTGAGE SERVICES INC, ",
        "SEATTLE MORTGAGE CO, ",
        "SEAWAY BANK AND TRUST, ",
        "SHORE BANK, ",
        "SMITH ROTHCHILD FIN CO, ",
        "SMITH ROTHCHILD FINANCIAL CO, ",
        "SMITH ROTHCHILD FINANCIAL COMPANY, ",
        "SMITH ROTHCHILD FINANCIAL INC, ",
        "SMITH ROTHCHILD FINANCIAL, ",
        "SOUTH PORT BANK, ",
        "SPRING LEAF FINANCIAL, ",
        "STANDARD BANK AND TRUST CO, ",
        "STANDARD BANK AND TRUST, ",
        "SUBURBAN BANK AND TRUST, ",
        "SUBURBAN BANK, ",
        "TCF NATL BANK, ",
        "THE BANK OF NEW YORK MELLON FKA THE OF NEW YORK, ",
        "U S BANK AN TRUST, ",
        "U S BANK AND TRUST C/O LEGAL DEPARTMENT, ",
        "U S BANK AND TRUST NA, ",
        "U S BANK AND TRUST, ",
        "U S BANK ASSOCIATION, ",
        "U S BANK N A, ",
        "U S BANK NA TRUST, ",
        "U S BANK NA, ",
        "U S BANK NATIONAL, ",
        "U S BANK, ",
        "U S NATIONAL BANK, ",
        "US BANK AND TRUST, ",
        "US BANK LEGAL DEPT, ",
        "US BANK N A, ",
        "US BANK NA TRUST 8441, ",
        "US BANK NA TRUST C/O LEGAL DEPARTMENT, ",
        "US BANK NA TRUST LEGAL DEPARTMENT, ",
        "US BANK NA, ",
        "US BANK NATIONAL ASSOC, ",
        "US BANK NATIONAL ASSOCIATION, ",
        "US BANK NATL ASSN C/O LEGAL DEPT., ",
        "US BANK TRUST, ",
        "US BANK, ",
        "US BANK, NA C/O JEANNE ESCOBEDO, TRUST LEGAL DEPARTMENT, ",
        "WACHOVA FINANCIAL SERVICE, ",
        "WACHOVIA FINANCIAL SERVICE, ",
        "WACHOVIA FINANCIAL SEVICE, ",
        "WACHOVIA MORTGAGE CORP, ",
        "WACHOVIA MORTGAGE, ",
        "WELLS FARGO BANK N A, ",
        "WELLS FARGO BANK NA, ",
        "WELLS FARGO BANK, ",
        "WELLS FARGO FINANCIAL NA, ",
        "WELLS FARGO HOME MORT, ",
        "WELLS FARGO HOME MORTGAGE, ",
        "WELLS FARGO, ",
        "WELLS FRGO BK, ",
        "WMC MORTGAGE CORP, "
    ],
    "embedding": [
        -0.04502780735492706,
        -0.07965520024299622,
        0.15586194396018982,
        -0.9999995827674866,
        0.13253752887248993,
        0.04533139616250992,
        -0.10021175444126129,
        -0.9999995827674866,
        0.9999997615814209,
        -0.1343565732240677,
        0.017200680449604988,
        -0.03761467710137367,
        0.9894422888755798,
        0.1338508576154709,
        -0.9999637007713318,
        -0.07696761190891266,
        -0.1136520579457283,
        0.13702058792114258,
        0.0004656307282857597,
        -0.1347120702266693,
        0.3062991499900818,
        -0.035593047738075256,
        0.09501644968986511,
        -0.9999995827674866,
        0.9999480843544006,
        0.06107058748602867,
        0.02106003649532795,
        -0.016666695475578308,
        0.11463594436645508,
        -0.3233407437801361,
        -0.09668740630149841,
        -0.05718925967812538,
        0.005310459993779659,
        0.19522994756698608,
        0.03206494078040123,
        0.11528055369853973,
        0.3699599504470825,
        0.03924758359789848,
        0.08827047795057297,
        -0.19456122815608978,
        -0.12331931293010712,
        0.9999704957008362,
        0.07163043320178986,
        0.2181326448917389,
        -0.8751208186149597,
        0.3221457302570343,
        -0.11186301708221436,
        -0.15162359178066254,
        -0.0670107752084732,
        0.07650836557149887,
        -0.07468952983617783,
        -0.2747458219528198,
        0.049002066254615784,
        0.9852194786071777,
        -0.21363745629787445,
        -0.369817316532135,
        -0.1465945839881897,
        -0.07815282046794891,
        -0.9999372363090515,
        0.0012371508637443185,
        -0.035187263041734695,
        0.9999961256980896,
        0.9999984502792358,
        0.09840194135904312,
        -0.9999971389770508,
        -0.08613284677267075,
        0.05768724903464317,
        0.30225256085395813,
        0.20488829910755157,
        -0.9999828934669495,
        0.9999764561653137,
        -0.16070888936519623,
        -0.1713992804288864,
        0.11044027656316757,
        0.19653309881687164,
        0.018399283289909363,
        0.000965672021266073,
        -0.10113179683685303,
        -0.02730965055525303,
        -0.07136744260787964,
        -0.016059525310993195,
        -0.5391556024551392,
        0.09141479432582855,
        0.07522279024124146,
        0.012504869140684605,
        0.25482797622680664,
        -0.2274399995803833,
        -0.12765903770923615,
        -0.030823349952697754,
        0.06532931327819824,
        0.16417664289474487,
        0.10196994245052338,
        0.03363526239991188,
        -0.09325927495956421,
        -0.01819216087460518,
        0.1961878091096878,
        -0.9999997615814209,
        0.13815335929393768,
        -0.9999998807907104,
        -0.9999669194221497,
        0.22806161642074585,
        0.9999698400497437,
        -0.07584800571203232,
        -0.04234648495912552,
        -0.08732644468545914,
        0.2333403378725052,
        0.3969525098800659,
        -0.13335321843624115,
        0.34263983368873596,
        0.1463870406150818,
        0.9999983310699463,
        0.17889060080051422,
        0.09221303462982178,
        0.9999995827674866,
        0.24120530486106873,
        0.07524096220731735,
        0.032610829919576645,
        -0.12348083406686783,
        -0.015058927237987518,
        0.008375768549740314,
        -0.18413026630878448,
        -0.08475803583860397,
        0.007187522016465664,
        -0.2709074318408966,
        0.397556334733963,
        0.0759088546037674,
        -0.9999995827674866,
        -0.08262854814529419,
        -0.13042408227920532,
        -0.9941405057907104,
        0.9999891519546509,
        0.6769571900367737,
        -0.21782425045967102,
        0.14504770934581757,
        0.9999964237213135,
        0.12721309065818787,
        -0.03458452597260475,
        -0.27473485469818115,
        -0.10608872026205063,
        0.20665043592453003,
        0.5831810235977173,
        -0.4238266944885254,
        -0.9999853372573853,
        -0.9999998807907104,
        0.14142251014709473,
        -0.11493706703186035,
        0.10723742842674255,
        0.06364316493272781,
        0.9999621510505676,
        0.2010451704263687,
        -0.1280682384967804,
        0.18071511387825012,
        0.10896033048629761,
        0.9999955892562866,
        -0.20275259017944336,
        0.06999784708023071,
        -0.41049662232398987,
        0.1614060401916504,
        0.07807320356369019,
        0.1322527825832367,
        -0.1510409265756607,
        -0.0964963287115097,
        0.23662279546260834,
        -0.16849684715270996,
        -0.005455509293824434,
        0.8640311360359192,
        0.07530193775892258,
        -0.9623907208442688,
        -0.13636119663715363,
        -0.11529991030693054,
        0.1643018126487732,
        0.013465700671076775,
        0.11142141371965408,
        0.999943733215332,
        0.029286937788128853,
        -0.05937797948718071,
        0.9999993443489075,
        -0.092901811003685,
        -0.06551375985145569,
        0.996518611907959,
        0.2761678099632263,
        -0.0503208301961422,
        -0.004638911224901676,
        0.16362272202968597,
        -0.07804304361343384,
        -0.11025833338499069,
        -0.08348188549280167,
        -0.9999998807907104,
        0.03364007547497749,
        -0.10869411379098892,
        -0.17403708398342133,
        0.11325173079967499,
        0.037007611244916916,
        -0.2592255175113678,
        0.20253828167915344,
        0.9999916553497314,
        0.34082674980163574,
        0.043574508279561996,
        -0.19152288138866425,
        -0.11407004296779633,
        -0.9999998807907104,
        0.04208299145102501,
        0.9999051690101624,
        -0.10369878262281418,
        0.025332702323794365,
        -0.6184960603713989,
        0.9999908208847046,
        -0.9844552874565125,
        0.13413205742835999,
        0.9999850392341614,
        -0.13616132736206055,
        0.093340203166008,
        0.198950856924057,
        -0.12123767286539078,
        0.04612157493829727,
        0.3024267852306366,
        -0.9999998807907104,
        -0.0661262646317482,
        -0.005432712845504284,
        -0.04211042448878288,
        0.23957380652427673,
        0.048713188618421555,
        -0.09686808288097382,
        -0.07589710503816605,
        -0.13125024735927582,
        0.13005970418453217,
        0.08440632373094559,
        0.0458185076713562,
        0.2630818486213684,
        -0.07109539955854416,
        -0.988801121711731,
        -0.9999346733093262,
        -0.03823764994740486,
        0.9626441597938538,
        0.5014581084251404,
        0.03879130259156227,
        -0.17349186539649963,
        0.064696304500103,
        -0.0387980081140995,
        -0.9994559288024902,
        0.8914260268211365,
        0.08601265400648117,
        -0.5062512755393982,
        0.04818081855773926,
        -0.9991161823272705,
        -0.9994788765907288,
        0.2367711216211319,
        -0.15359428524971008,
        0.032037943601608276,
        0.2500963509082794,
        0.06356143206357956,
        0.19580607116222382,
        0.9999996423721313,
        0.07075296342372894,
        -0.9999456405639648,
        -0.04292500764131546,
        -0.013642781414091587,
        -0.9999995827674866,
        0.9992014765739441,
        0.992497444152832,
        -0.9999992251396179,
        -0.15548208355903625,
        -0.17163389921188354,
        -0.10281288623809814,
        0.3219975531101227,
        0.10783582180738449,
        -0.025725755840539932,
        0.2029399275779724,
        0.07588186860084534,
        0.14128823578357697,
        0.1422790288925171,
        0.10859840363264084,
        0.08429762721061707,
        0.03797606751322746,
        0.9999905824661255,
        -0.193259134888649,
        -0.0713781788945198,
        -0.999999463558197,
        0.2974560260772705,
        0.08839035034179688,
        -0.0821709930896759,
        0.2321915179491043,
        0.04427557438611984,
        0.1322936713695526,
        -0.9999998807907104,
        -0.2418893426656723,
        0.16443446278572083,
        -0.04833756014704704,
        -0.9999996423721313,
        0.20722147822380066,
        -0.33848726749420166,
        0.08441003412008286,
        0.02732774056494236,
        -0.07362739741802216,
        -0.011803560890257359,
        0.9999993443489075,
        0.01722053624689579,
        0.1440936028957367,
        -0.36010363698005676,
        -0.12853655219078064
    ],
    "embedding_scaling_factor": 0.0119366105645895,
    "samples": [
        "LITTON LOAN SERVICING LP, ",
        "BANK OF NEW YORK MELLON, ",
        "HOME ACQUISTIONS INC, ",
        "DEUTSCHE BANK NATIONAL TRUST CO, ",
        "LASALLE BANK, ",
        "U S BANK, ",
        "BANK OF AMERICA, ",
        "NATIONWIDE REO LLC, ",
        "JP MORGAN CHASE BANK, ",
        "DEUTSCHE BANK NATIONAL TRUST, ",
        "US BANK, ",
        "BAYVIEW LOAN SERVICING LLC, ",
        "BANK OF AMERICA, ",
        "DEUTSCHE BANK, ",
        "CHASE HOME FINANCE, ",
        "US BANK, ",
        "BANK NY MELLON, ",
        "DEUTSCHE BANK NATL TRUST, ",
        "BANK OF NEW YORK MELLON, ",
        "J P MORGAN CHASE BANK, ",
        "DEUTSCHE BANK NATL TRUST, ",
        "U S BANK N A, ",
        "HSBC BANK USA, ",
        "WELLS FARGO BANK N A, ",
        "DEUTSCHE BANK NATL TRUST CO, ",
        "NATIONAL ASSET MANAGEMENT GROUP, ",
        "JP MORGAN CHASE BANK, ",
        "NATION STAR MORTGAGE LLC, ",
        "DEUTSCHE BANK NATIONAL TRUST, ",
        "FEDERAL NATIONAL MORTGAGE, ",
        "BANK OF AMERICA, ",
        "NATIONWIDE REO LLC, ",
        "BANK OF AMERICA, ",
        "US BANK, ",
        "COVENANT BANK, ",
        "US BANK, ",
        "U S BANK AND TRUST, ",
        "CITI MORTGAGE, ",
        "BANK OF NEW YORK MELLON, ",
        "FEDERAL NATL MTG ASSN, ",
        "NATIONWIDE REO LLC C/O PETER DRAVILAS, ",
        "BANK OF NEW YORK MELLON, ",
        "BANK OF AMERICA, ",
        "CITI MORTGAGE INC, ",
        "FEDERAL NATL MTG ASSN, ",
        "JP MORGAN CHASE BANK, ",
        "WELLS FARGO BANK, ",
        "ONE WEST BANK FSB, ",
        "BANK NEW YORK MELLON, ",
        "US BANK N A, ",
        "REO PARTNERS LLC, ",
        "BANK OF AMERICA, ",
        "US BANK AND TRUST, ",
        "HOUSING URBAN DEVELOPMENT, ",
        "OCWEN LOAN SERVICING LLC, ",
        "WELLS FARGO BANK NA, ",
        "US BANK TRUST, ",
        "CHASE REO GROUP LLC, ",
        "US BANK, ",
        "HSBC BANK, ",
        "FEDERAL NATL MTG ASSN, ",
        "SAXON MORTGAGE SERV INC, ",
        "CITIBANK, ",
        "WELLS FARGO BANK NA, ",
        "DEUTSCHE BANK NATL TRUST, ",
        "WELLS FARGO BANK, ",
        "DEUTSCHE BANK, ",
        "U S BANK NA, ",
        "U S BANK N A, ",
        "WELLS FARGO BANK, ",
        "ONE WEST BANK FSB, ",
        "LASALLE BANK, ",
        "FEDERAL NATL MTG ASSN, ",
        "U S BANK, ",
        "BANK OF AMERICA, ",
        "BANK OF AMERICA, ",
        "WELLS FARGO BANK, ",
        "PNC MORTGAGE, ",
        "BANK OF AMERICA, ",
        "WELLS FARGO BANK, ",
        "BANK OF AMERICA, ",
        "WELLS FARGO BANK, ",
        "US BANK, ",
        "DEUTSCHE BANK, ",
        "US BANK, ",
        "DEUTSCHE BANK, ",
        "DEUTSCHE BANK, ",
        "DEUTSCHE BANK, ",
        "U S BANK AND TRUST, ",
        "BANK OF AMERICA, ",
        "FEDERAL HOME LOAN MTG CORP, ",
        "BANK OF AMERICA, ",
        "US BANK, ",
        "DEUTSCHE BANK NATIONAL TRUST, ",
        "BANK OF AMERICA, ",
        "BNY MELLON TRUST, ",
        "DEUTSCHE BANK NATL TRUST CO, ",
        "NATIONWIDE REO LLC, ",
        "MIDFIRST BANK, ",
        "NATION STAR MORTGAGE LLC, "
    ],
    "category_values_ratio": {
        "BANK OF AMERICA, ": 2396,
        "WELLS FARGO BANK, ": 1576,
        "US BANK, ": 1341,
        "JP MORGAN CHASE BANK, ": 1011,
        "DEUTSCHE BANK, ": 843,
        "BANK OF NEW YORK MELLON, ": 675,
        "CITI MORTGAGE INC, ": 666,
        "WELLS FARGO BANK NA, ": 623,
        "FEDERAL NATL MTG ASSN, ": 561,
        "REO PARTNERS LLC, ": 432,
        "BAYVIEW LOAN SERVICING LLC, ": 405,
        "DEUTSCHE BANK NATL TRUST CO, ": 381,
        "NATIONWIDE REO LLC, ": 374,
        "HSBC BANK, ": 365,
        "OCWEN LOAN SERVICING LLC, ": 363,
        "MIDFIRST BANK, ": 340,
        "FANNIE MAE, ": 321,
        "HOUSING URBAN DEVELOPMENT, ": 303,
        "CHASE REO GROUP LLC, ": 297,
        "JP MORGAN CHASE, ": 288,
        "HSBC BANK USA, ": 280,
        "US BANK NA, ": 274,
        "J P MORGAN CHASE BANK, ": 272,
        "DEUTSCHE BANK NATL TRUST, ": 264,
        "WELLS FARGO, ": 260,
        "CHASE HOME FINANCE LLC, ": 260,
        "BANK OF AMERICA NA, ": 250,
        "CITI MORTGAGE, ": 248,
        "GMAC MORTGAGE LLC, ": 210,
        "NATION STAR MORTGAGE LLC, ": 210,
        "DEUTSCHE BANK NATIONAL TRUST, ": 194,
        "JP MORGAN CHASE BANK NA, ": 187,
        "U S BANK, ": 187,
        "U S BANK AND TRUST, ": 165,
        "DEUTSCHE BANK AND TRUST, ": 157,
        "WELLS FARGO BANK N A, ": 153,
        "CHASE HOME FINANCE, ": 146,
        "PNC MORTGAGE, ": 144,
        "DEUTSCHE BANK NATIONAL TRUST CO, ": 143,
        "U S BANK N A, ": 128,
        "GMAC MORTGAGE, ": 128,
        "DEUTSCHE BANK NATL TR CO, ": 116,
        "HOUSING AND URBAN DEVELOPMENT, ": 112,
        "US BANK AND TRUST, ": 104,
        "U S BANK NA, ": 92,
        "ONE WEST BANK FSB, ": 81,
        "CITIBANK, ": 81,
        "CITIMORTGAGE, ": 78,
        "US BANK N A, ": 76,
        "NATIONAL ASSET MANAGEMENT GROUP LLC, ": 74,
        "MID FIRST BANK, ": 73,
        "DEUTSCHE BANK NATIONAL TRUST COMPANY, ": 73,
        "BNY MELLON TRUST, ": 73,
        "ONE WEST BANK, ": 73,
        "OCWEN LOAN SERVICING, ": 72,
        "HSBC BANK USA NA, ": 71,
        "US BANK TRUST, ": 70,
        "STANDARD BANK AND TRUST CO, ": 68,
        "H S B C BANK, ": 67,
        "WELLS FARGO HOME MORTGAGE, ": 67,
        "MARQUETTE BANK, ": 65,
        "FEDERAL HOME LOAN MORTGAGE CORP, ": 62,
        "CHASE REO GROUP LLC C/O ANTWAN REID, ": 60,
        "FEDERAL HOME LOAN MORT CORP, ": 56,
        "DEUTSCHE BANK NATIONAL, ": 55,
        "BAYVIEW LOAN SERVICING, ": 54,
        "REO DIRECT LLC, ": 52,
        "SMITH ROTHCHILD FINANCIAL, ": 47,
        "SHORE BANK, ": 43,
        "HSBC MORTGAGE, ": 42,
        "TCF NATL BANK, ": 42,
        "FEDERAL NATIONAL MORTGAGE, ": 42,
        "J P MORGAN CHASE, ": 42,
        "MONEY LINE MORTGAGE LLC, ": 41,
        "BANK NY MELLON, ": 41,
        "CITI BANK, ": 40,
        "AURORA LOAN SERVICES LLC, ": 38,
        "LITTON LOAN SERVICING LP, ": 38,
        "LITTON LOAN SERVICING, ": 37,
        "U S BANK NATIONAL, ": 37,
        "NATIONWIDE REO LLC C/O PETER DRAVILAS, ": 36,
        "BANK NEW YORK MELLON, ": 36,
        "LASALLE BANK, ": 36,
        "HSBC BANK NA, ": 34,
        "QUANTUM SERVICING CORPORATION, ": 33,
        "GMAC MORTGAGE CORP, ": 32,
        "DEUTSCHE BANK TRUST, ": 32,
        "CARRINGTON MORTGAGE, ": 30,
        "COVENANT BANK, ": 30,
        "FEDERAL HOME LOAN MTG CORP, ": 30,
        "BANK OF NEW YORK, ": 27,
        "NATIONAL CITY BANK, ": 26,
        "FEDERAL HOME LOAN MORTGAGE, ": 26,
        "WACHOVIA FINANCIAL SERVICE, ": 25,
        "J P MORGAN CHASE BANK NA, ": 25,
        "FIRST MIDWEST BANK, ": 24,
        "GREEN POINT MORTGAGE FUNDING INC, ": 24,
        "CITI FINANCIAL INC, ": 24,
        "U S BANK NA TRUST, ": 24,
        "HOME EQ SERVICING CORP, ": 23,
        "JNL FINANCIAL LLC, ": 22,
        "SMITH ROTHCHILD FINANCIAL CO, ": 18,
        "WACHOVA FINANCIAL SERVICE, ": 18,
        "NATIONAL ASSET MANAGEMENT GROUP, ": 18,
        "NATION WIDE REO LLC, ": 18,
        "PHH MORTGAGE CORP, ": 18,
        "NATIONAL ASSET MGMT GROUP LLC, ": 18,
        "NATIONWIDE REO LLC C/O PETER DRAVILLAS, ": 18,
        "OAK FINANCIAL INC, ": 18,
        "REPUBLIC BANK OF CHICAGO, ": 18,
        "CITI MORTAGE, ": 18,
        "HSBC, ": 18,
        "U S BANK AND TRUST C/O LEGAL DEPARTMENT, ": 17,
        "DEUTSCH BANK NATL TRUST CO, ": 17,
        "HOME ACQUISTIONS INC, ": 16,
        "SAXON MORTGAGE SERV INC, ": 16,
        "US BANK NATIONAL ASSOC, ": 16,
        "WACHOVIA MORTGAGE CORP, ": 16,
        "DEUTSHE BANK NATIONAL TRUST, ": 16,
        "COUNTRY WIDE HOME LOAN, ": 16,
        "PHH MORT CORP, ": 16,
        "BRANCH BANKING AND TRUST CO, ": 15,
        "JNL FINANCIAL, ": 14,
        "BNY MELLON, ": 14,
        "METLIFE HOME LOANS, ": 14,
        "HSBC BK USA TRUST, ": 14,
        "PARK FEDERAL SAVINGS, ": 14,
        "SMITH ROTHCHILD FINANCIAL INC, ": 14,
        "H S B C, ": 14,
        "DEUTSHE BANK, ": 14,
        "SMITH ROTHCHILD FINANCIAL COMPANY, ": 12,
        "P H H MORT CORP, ": 12,
        "NORTH STAR TRUST COMPANY, ": 12,
        "SEATTLE MORTGAGE CO, ": 12,
        "US BANK NATIONAL ASSOCIATION, ": 12,
        "DEUTSCHE BANK TRUST CO, ": 12,
        "CITIFINANCIAL INC, ": 12,
        "HOME EQ SERVICE CORP, ": 12,
        "BNY MELLON TRUSTEE ON BEHALF OF THE HOLDERS OF THE, ": 12,
        "FEDERAL HOME MORTGAGE, ": 10,
        "HINSDALE BANK AND TRUST, ": 10,
        "BNY TRUST, ": 10,
        "STANDARD BANK AND TRUST, ": 10,
        "BAC HOME LOANS SERVICING, ": 10,
        "OCWEN LOAN SERVICES LLC, ": 9,
        "PARK NATIONAL BANK TRUST, ": 9,
        "FLAG STAR BANK, ": 9,
        "US BANK NATL ASSN C/O LEGAL DEPT., ": 8,
        "CHASE HOME FINANCE LLC C/O CT CORPORATION SYSTEM, ": 8,
        "SAXON MORTGAGE, ": 8,
        "HOME ACQUISITIONS INC C/O JONATHAN SMITH, ": 8,
        "FRANKLIN CREDIT MANAGEMENT, ": 8,
        "BANK OF NEW YORK MELLON CORP, ": 8,
        "DEUTSCHE BANK NA, ": 8,
        "CHASE HOME, ": 6,
        "LITTOW LOAN, ": 6,
        "SPRING LEAF FINANCIAL, ": 6,
        "JP MOGAN CHASE BANK, ": 6,
        "BNY, ": 6,
        "INDY MAC BANK, ": 6,
        "QUANTIM SERVICING CORPORATION, ": 6,
        "GREEN TREE FINANCIAL, ": 6,
        "METROPOLITAN BANK, ": 6,
        "FEDERAL NATL MORTGAGE ASSN, ": 6,
        "REO PROPERTY, ": 6,
        "BANK OF N Y MELLON, ": 6,
        "BANK OF MELLON, ": 6,
        "MB FINANCIAL BANK NA, ": 6,
        "MERRILL LYNCH MORTGAGE INC, ": 6,
        "HSBC BK USA TRUSTEE 2006 ASAP 5, ": 6,
        "DEUTSCHE BANK NATL TRUST CO. ATTN:  MBS PROPERTY INQUIRY, ": 6,
        "PNC MORTGAGE/NATIONAL CITY BANK, ": 6,
        "BANK OF AMERICA NATL ASSN, ": 6,
        "WELLS FARGO HOME MORT, ": 6,
        "SUBURBAN BANK, ": 6,
        "DEUTSCHE BANK TRUST NATL CO, ": 6,
        "DEAUTSCHE BANK, ": 6,
        "HOUSING ECONOMIC NETWORK INC C/O LARRY FLOYD, ": 6,
        "BANK NEW YORK MELLON TRUST, ": 6,
        "HOUSING & URBAN DEVELOPMENT, ": 6,
        "SMITH ROTHCHILD FIN CO, ": 6,
        "U S BANK AN TRUST, ": 6,
        "CITIFINANCIAL SERVICES INC, ": 6,
        "WACHOVIA FINANCIAL SEVICE, ": 6,
        "EMC MORTGAGE CORP, ": 6,
        "HOUSING AND URBAN DEVELOP, ": 6,
        "NORTHERN TRUST COMPANY, ": 6,
        "AZTEC AMERICAN BANK, ": 6,
        "WELLS FARGO FINANCIAL NA, ": 6,
        "CITI PROPERTY HOLDINGS INC, ": 6,
        "OCWEN BANK, ": 6,
        "DEUTSCHE, ": 6,
        "DEUTSCHE NATL BANK, ": 5,
        "DEUTSCHE BK NAT'L TR CO TRUSTEE OF ARGENT MTG SECURITIES INC ASSET-BACKED PASS THRU CERT SERIES 2006-W4, ": 4,
        "M B FINANCIAL BANK NA, ": 4,
        "JPMC SPECIALITY MORT, ": 4,
        "J P M C PROPERTIES, ": 4,
        "WMC MORTGAGE CORP, ": 4,
        "FRANKLIN CREDIT MANG CORP, ": 4,
        "MIDWEST BANK AND TRUST, ": 4,
        "DEUTSCHE BNAK, ": 4,
        "DEUTSCHE BK, ": 4,
        "INDYMAC FEDERAL BANK, ": 4,
        "DEUTSCHE BANK NATL TRUST , ATTN: MBS PROPERTY INQUIRY, ": 4,
        "CITI INVESTMENT GROUP, ": 4,
        "AMERICAN HOME MORTGAGE SERVICING INC, ": 4,
        "H S B C BANK USA NA, ": 4,
        "FEDERAL HOME LOAN MRT, ": 4,
        "AMALGAMATED BANK, ": 4,
        "REO DIRECT PARTNERS, ": 4,
        "SUBURBAN BANK AND TRUST, ": 4,
        "WACHOVIA MORTGAGE, ": 4,
        "BANCO POPULAR, ": 4,
        "U S NATIONAL BANK, ": 3,
        "CITI FINANCIAL SERVICES INC, ": 3,
        "AMERICAN HOME MORGAGE SERVICE INC, ": 3,
        "LITTON LOAN SERVICING LP C/O CORPORATION SERVICE CO, ": 3,
        "GENWORTH FINANCIAL, ": 3,
        "BANK OF AMERICA, NA C/O PATRICIA M HOLDEN, ": 3,
        "US BANK NA TRUST C/O LEGAL DEPARTMENT, ": 3,
        "U S BANK ASSOCIATION, ": 2,
        "HSBC BANK N A, ": 2,
        "SAXTON MORTGAGE SERV, ": 2,
        "SAXTON MORTGAGE SERVICE INC, ": 2,
        "SAXTON MORTGAGE SERVICES INC, ": 2,
        "SAON MORTGAGE SERVICES, ": 2,
        "SEAWAY BANK AND TRUST, ": 2,
        "H S B C BANK NA, ": 2,
        "FRANKLIN CREDIT MGT, ": 2,
        "FEDERAL HOME MORT CORP, ": 2,
        "FRANKLIN CREDIT MANG CORP CO, ": 2,
        "HSBC BANK USA NTAL ASSN, ": 2,
        "FRANKLIN AMER MORTGAGE CO, ": 2,
        "FLEET MORTGAGE CORP, ": 2,
        "FEDERAL NATIONAL MORTGAGE ASSN NATIONAL PROPERTY DISPOSITION CENTER, ": 2,
        "FEDERAL NATINAL MORTGAGE ASSOC, ": 2,
        "SOUTH PORT BANK, ": 2,
        "HSBC MORTGAGE AND SERV INC, ": 2,
        "U S BANK AND TRUST NA, ": 2,
        "SAXON MORTGAGE SERVICES, ": 2,
        "AMERICAN HOME MORTGAGE, ": 2,
        "J N L FINANCIAL LLC, ": 2,
        "CHASE HOME FINANCING, ": 2,
        "US BANK LEGAL DEPT, ": 2,
        "DEUTSCH BANK AND TRUST, ": 2,
        "DEUTSCHE BANK NATINAL TRUST CO, ": 2,
        "DEUTSCHE BANK NATIONAL TRUST CO., ": 2,
        "US BANK NA TRUST 8441, ": 2,
        "J P MORGAN BANK NA, ": 2,
        "DEPT OF HUD, ": 2,
        "SAX TON MORTGAGE SERV INC, ": 2,
        "US BANK NA TRUST LEGAL DEPARTMENT, ": 2,
        "AMER HOME MORTGAGE SER INC, ": 2,
        "US BANK, NA C/O JEANNE ESCOBEDO, TRUST LEGAL DEPARTMENT, ": 2,
        "BANK NEW YORK TRUST, ": 2,
        "AURORA LOAN SERV LLC, ": 2,
        "ARGENT MORTGAGE CO LLC, ": 2,
        "AMERIQUEST MORTGAGE CO, ": 2,
        "AMERIQUEST MORT CO, ": 2,
        "BANK UNTIED, ": 2,
        "BANK OF NEW YORK TRUSTEE CWABS 2005 06, ": 2,
        "BAC HOME LOANS SERVICING, LP C/O C T CORPORATION SYSTEM, ": 1,
        "WELLS FRGO BK, ": 1,
        "DEUTSCHE BANK NAT'L TRUST CO TRUSTEE FOR HSI ASSET SECURITIZATION CORP, ": 1,
        "THE BANK OF NEW YORK MELLON FKA THE OF NEW YORK, ": 1,
        "FORECLOSURE BUYING GROUP, LLC C/O DONALD J KINDWALD, ": 1,
        "BAC HOME LOANS SERVICING, LP C/O PATRICIA M HOLDEN, ": 1,
        "FIRST BANK, ": 1,
        "GREEN TREE SERVICING, LLC C/O C T CORPORATION SYSTEM, ": 1,
        "NORTH STAR TRUST CO. TR#6211, ": 1
    },
    "nrows": 22012
}