{
    "column_id": "Airline/Airline.csvAirline.csv/LateAircraftDelay",
    "dataset_name": "Airline.csv",
    "dataset_id": "Airline/Airline.csv",
    "path": "/home/ubuntu/CatDB/Experiments/data/Airline/Airline.csv",
    "table_name": "Airline.csv",
    "table_id": "Airline/Airline.csvAirline.csv",
    "column_name": "LateAircraftDelay",
    "data_source": "Airline",
    "data_type": "int",
    "total_values_count": 445827,
    "distinct_values_count": 391,
    "missing_values_count": 374945,
    "true_ratio": null,
    "min_value": 0.0,
    "max_value": 1158.0,
    "mean": 21.63545046697328,
    "median": 0.0,
    "iqr": 26.0,
    "category_values": [
        66,
        0,
        104,
        16,
        38,
        56,
        7,
        37,
        18,
        31,
        45,
        23,
        61,
        39,
        8,
        273,
        468,
        14,
        49,
        50,
        29,
        27,
        9,
        174,
        74,
        22,
        153,
        2,
        6,
        112,
        76,
        4,
        19,
        15,
        48,
        259,
        26,
        3,
        46,
        12,
        1,
        163,
        62,
        17,
        69,
        43,
        101,
        44,
        32,
        25,
        10,
        92,
        33,
        13,
        68,
        201,
        97,
        86,
        20,
        54,
        334,
        5,
        67,
        77,
        24,
        154,
        58,
        262,
        207,
        79,
        90,
        30,
        63,
        167,
        78,
        47,
        11,
        34,
        84,
        117,
        211,
        51,
        89,
        136,
        246,
        59,
        431,
        137,
        42,
        57,
        185,
        209,
        71,
        40,
        150,
        127,
        130,
        55,
        52,
        110,
        41,
        238,
        179,
        118,
        192,
        99,
        73,
        184,
        210,
        93,
        168,
        109,
        21,
        108,
        146,
        28,
        60,
        255,
        345,
        72,
        351,
        98,
        159,
        35,
        191,
        218,
        85,
        36,
        183,
        235,
        374,
        70,
        106,
        129,
        227,
        87,
        296,
        80,
        88,
        290,
        275,
        126,
        447,
        122,
        131,
        220,
        318,
        113,
        83,
        151,
        193,
        119,
        214,
        53,
        115,
        94,
        182,
        105,
        81,
        143,
        91,
        132,
        203,
        123,
        198,
        120,
        165,
        208,
        231,
        181,
        166,
        64,
        205,
        121,
        202,
        82,
        248,
        114,
        128,
        189,
        239,
        134,
        249,
        352,
        225,
        576,
        216,
        135,
        224,
        125,
        103,
        149,
        144,
        187,
        100,
        267,
        160,
        157,
        222,
        175,
        65,
        152,
        271,
        195,
        75,
        258,
        148,
        102,
        1026,
        247,
        96,
        133,
        268,
        169,
        234,
        124,
        164,
        107,
        116,
        304,
        245,
        277,
        141,
        226,
        139,
        244,
        161,
        321,
        263,
        240,
        147,
        158,
        111,
        155,
        142,
        180,
        292,
        498,
        384,
        206,
        199,
        95,
        295,
        170,
        156,
        288,
        1109,
        221,
        339,
        753,
        274,
        190,
        529,
        241,
        194,
        178,
        314,
        176,
        213,
        145,
        285,
        140,
        172,
        333,
        162,
        336,
        173,
        279,
        297,
        177,
        265,
        272,
        469,
        197,
        315,
        331,
        219,
        342,
        171,
        200,
        256,
        217,
        270,
        250,
        251,
        540,
        253,
        230,
        215,
        229,
        439,
        437,
        186,
        280,
        212,
        138,
        383,
        293,
        291,
        228,
        188,
        236,
        252,
        528,
        269,
        306,
        400,
        370,
        414,
        196,
        261,
        521,
        344,
        204,
        298,
        371,
        335,
        931,
        313,
        281,
        362,
        390,
        385,
        282,
        363,
        302,
        467,
        232,
        260,
        438,
        368,
        311,
        243,
        264,
        223,
        322,
        325,
        254,
        379,
        338,
        316,
        1071,
        386,
        387,
        305,
        287,
        359,
        340,
        389,
        283,
        237,
        393,
        366,
        266,
        397,
        465,
        552,
        353,
        233,
        1096,
        348,
        294,
        257,
        330,
        242,
        300,
        284,
        488,
        332,
        301,
        607,
        341,
        396,
        485,
        289,
        479,
        349,
        585,
        399,
        850,
        888,
        278,
        372,
        358,
        1158,
        388,
        405,
        427,
        319,
        303,
        327
    ],
    "embedding": [
        -1.0,
        -1.0,
        -1.0,
        1.0,
        -1.0,
        1.0,
        -1.0,
        -1.0,
        -1.0,
        -1.0,
        1.0,
        -1.0,
        -1.0,
        1.0,
        1.0,
        1.0,
        1.0,
        -1.0,
        1.0,
        -1.0,
        1.0,
        -1.0,
        1.0,
        -1.0,
        1.0,
        -1.0,
        -1.0,
        1.0,
        -1.0,
        -1.0,
        1.0,
        1.0,
        -1.0,
        -1.0,
        -1.0,
        1.0,
        -1.0,
        1.0,
        1.0,
        -1.0,
        -1.0,
        1.0,
        -1.0,
        -1.0,
        -1.0,
        -1.0,
        1.0,
        -1.0,
        -1.0,
        -0.2428901493549347,
        -1.0,
        1.0,
        1.0,
        1.0,
        -1.0,
        1.0,
        1.0,
        1.0,
        -1.0,
        0.8007622361183167,
        -1.0,
        -1.0,
        1.0,
        -1.0,
        1.0,
        -1.0,
        1.0,
        -1.0,
        1.0,
        1.0,
        1.0,
        -1.0,
        -1.0,
        -1.0,
        -1.0,
        1.0,
        1.0,
        1.0,
        1.0,
        1.0,
        1.0,
        1.0,
        1.0,
        -1.0,
        -1.0,
        1.0,
        -1.0,
        1.0,
        1.0,
        1.0,
        -1.0,
        1.0,
        1.0,
        -1.0,
        1.0,
        -1.0,
        1.0,
        -1.0,
        -1.0,
        -1.0,
        -0.9128866195678711,
        -1.0,
        1.0,
        -1.0,
        -1.0,
        1.0,
        1.0,
        1.0,
        -1.0,
        -1.0,
        1.0,
        -1.0,
        -1.0,
        1.0,
        1.0,
        1.0,
        1.0,
        1.0,
        1.0,
        -1.0,
        -1.0,
        1.0,
        -1.0,
        -1.0,
        1.0,
        -1.0,
        -1.0,
        -1.0,
        -1.0,
        1.0,
        -1.0,
        1.0,
        -1.0,
        -1.0,
        1.0,
        -1.0,
        -1.0,
        1.0,
        1.0,
        -1.0,
        1.0,
        1.0,
        1.0,
        -1.0,
        1.0,
        -1.0,
        1.0,
        -1.0,
        -1.0,
        -1.0,
        1.0,
        -1.0,
        1.0,
        -1.0,
        1.0,
        -1.0,
        1.0,
        -1.0,
        1.0,
        -1.0,
        -1.0,
        1.0,
        -1.0,
        -1.0,
        1.0,
        -1.0,
        1.0,
        -1.0,
        -1.0,
        -1.0,
        -1.0,
        -1.0,
        1.0,
        1.0,
        -1.0,
        -1.0,
        1.0,
        -1.0,
        -1.0,
        -1.0,
        1.0,
        -1.0,
        -1.0,
        -1.0,
        1.0,
        -1.0,
        1.0,
        -1.0,
        -1.0,
        -1.0,
        1.0,
        1.0,
        1.0,
        1.0,
        -1.0,
        -1.0,
        1.0,
        -1.0,
        -1.0,
        1.0,
        -1.0,
        1.0,
        -1.0,
        -1.0,
        -1.0,
        -1.0,
        1.0,
        1.0,
        -1.0,
        -1.0,
        -1.0,
        1.0,
        -1.0,
        -1.0,
        -1.0,
        1.0,
        -1.0,
        1.0,
        -1.0,
        -1.0,
        1.0,
        -1.0,
        -1.0,
        1.0,
        -1.0,
        -0.2462872862815857,
        1.0,
        -1.0,
        -1.0,
        -1.0,
        1.0,
        -1.0,
        1.0,
        -1.0,
        -1.0,
        1.0,
        -1.0,
        1.0,
        1.0,
        -1.0,
        1.0,
        -0.21960707008838654,
        1.0,
        -1.0,
        1.0,
        1.0,
        -1.0,
        -1.0,
        -1.0,
        1.0,
        1.0,
        1.0,
        -1.0,
        -1.0,
        -1.0,
        1.0,
        1.0,
        -1.0,
        -1.0,
        -1.0,
        1.0,
        1.0,
        1.0,
        -1.0,
        1.0,
        -1.0,
        -1.0,
        -1.0,
        1.0,
        1.0,
        -0.9017899036407471,
        -1.0,
        -1.0,
        1.0,
        -1.0,
        1.0,
        1.0,
        1.0,
        1.0,
        1.0,
        1.0,
        -1.0,
        1.0,
        1.0,
        1.0,
        -1.0,
        -1.0,
        1.0,
        -1.0,
        -1.0,
        -1.0,
        1.0,
        -1.0,
        -1.0,
        -1.0,
        -1.0,
        -1.0,
        1.0,
        1.0,
        1.0
    ],
    "embedding_scaling_factor": 75.74689483642578,
    "samples": [
        33,
        0,
        1,
        154,
        24,
        6,
        0,
        41,
        0,
        5,
        32,
        0,
        0
    ],
    "category_values_ratio": {
        "0": 36212,
        "15": 958,
        "16": 946,
        "17": 862,
        "19": 768,
        "18": 756,
        "21": 698,
        "12": 668,
        "13": 661,
        "20": 649,
        "11": 643,
        "23": 632,
        "10": 631,
        "8": 630,
        "14": 625,
        "7": 625,
        "1": 607,
        "9": 585,
        "22": 580,
        "6": 578,
        "3": 567,
        "25": 566,
        "2": 565,
        "4": 559,
        "24": 559,
        "5": 558,
        "26": 526,
        "27": 521,
        "28": 465,
        "29": 462,
        "31": 446,
        "32": 419,
        "30": 417,
        "33": 395,
        "36": 368,
        "34": 353,
        "37": 345,
        "35": 332,
        "38": 313,
        "41": 306,
        "39": 300,
        "40": 276,
        "46": 267,
        "42": 265,
        "43": 264,
        "45": 258,
        "44": 253,
        "48": 252,
        "49": 238,
        "51": 227,
        "50": 218,
        "47": 211,
        "54": 206,
        "62": 192,
        "53": 192,
        "52": 186,
        "55": 185,
        "61": 180,
        "60": 180,
        "58": 180,
        "56": 177,
        "57": 175,
        "59": 172,
        "64": 160,
        "67": 149,
        "65": 149,
        "69": 144,
        "63": 143,
        "66": 136,
        "71": 133,
        "68": 129,
        "73": 123,
        "74": 122,
        "80": 122,
        "70": 119,
        "72": 115,
        "75": 113,
        "76": 110,
        "79": 105,
        "77": 97,
        "81": 97,
        "86": 95,
        "85": 94,
        "83": 90,
        "78": 89,
        "82": 89,
        "91": 86,
        "97": 85,
        "84": 84,
        "87": 83,
        "89": 82,
        "88": 82,
        "102": 80,
        "92": 80,
        "93": 76,
        "99": 74,
        "100": 71,
        "95": 71,
        "103": 70,
        "90": 69,
        "98": 67,
        "106": 66,
        "96": 65,
        "112": 63,
        "105": 63,
        "108": 62,
        "101": 59,
        "104": 59,
        "94": 58,
        "114": 58,
        "110": 58,
        "123": 56,
        "121": 55,
        "111": 54,
        "117": 50,
        "113": 48,
        "109": 47,
        "127": 46,
        "128": 46,
        "107": 46,
        "129": 43,
        "134": 43,
        "130": 43,
        "115": 41,
        "119": 41,
        "118": 41,
        "124": 40,
        "133": 40,
        "116": 39,
        "149": 39,
        "135": 39,
        "131": 38,
        "120": 38,
        "126": 38,
        "125": 37,
        "139": 37,
        "137": 36,
        "122": 34,
        "132": 33,
        "151": 31,
        "140": 29,
        "161": 29,
        "138": 29,
        "143": 29,
        "142": 29,
        "147": 28,
        "154": 27,
        "144": 27,
        "163": 26,
        "157": 26,
        "148": 25,
        "150": 25,
        "165": 25,
        "153": 25,
        "156": 24,
        "146": 24,
        "159": 24,
        "164": 24,
        "160": 23,
        "158": 23,
        "168": 22,
        "155": 22,
        "152": 21,
        "166": 21,
        "174": 21,
        "167": 21,
        "178": 21,
        "180": 20,
        "136": 20,
        "185": 20,
        "173": 19,
        "141": 19,
        "162": 18,
        "169": 16,
        "184": 16,
        "175": 16,
        "176": 15,
        "206": 15,
        "170": 15,
        "172": 15,
        "179": 15,
        "187": 14,
        "186": 14,
        "177": 14,
        "205": 13,
        "208": 13,
        "204": 13,
        "207": 13,
        "189": 13,
        "171": 13,
        "191": 13,
        "202": 12,
        "192": 12,
        "182": 12,
        "203": 12,
        "190": 12,
        "200": 12,
        "197": 11,
        "213": 11,
        "183": 11,
        "181": 11,
        "210": 11,
        "212": 10,
        "196": 10,
        "195": 10,
        "211": 10,
        "145": 10,
        "235": 9,
        "221": 9,
        "227": 9,
        "244": 9,
        "198": 9,
        "238": 8,
        "236": 8,
        "228": 8,
        "193": 8,
        "201": 8,
        "255": 8,
        "224": 8,
        "215": 7,
        "239": 7,
        "231": 7,
        "234": 7,
        "214": 7,
        "220": 7,
        "263": 7,
        "216": 7,
        "230": 7,
        "194": 7,
        "241": 7,
        "218": 7,
        "245": 6,
        "188": 6,
        "240": 6,
        "219": 6,
        "223": 6,
        "296": 6,
        "251": 6,
        "199": 6,
        "222": 6,
        "225": 6,
        "217": 6,
        "279": 5,
        "250": 5,
        "304": 5,
        "237": 5,
        "229": 5,
        "226": 5,
        "273": 5,
        "243": 5,
        "288": 5,
        "232": 5,
        "274": 5,
        "275": 4,
        "282": 4,
        "248": 4,
        "246": 4,
        "247": 4,
        "258": 4,
        "267": 4,
        "254": 4,
        "313": 3,
        "262": 3,
        "283": 3,
        "285": 3,
        "265": 3,
        "272": 3,
        "316": 3,
        "277": 3,
        "315": 3,
        "334": 3,
        "287": 3,
        "260": 3,
        "351": 3,
        "252": 3,
        "437": 3,
        "345": 3,
        "242": 3,
        "249": 3,
        "209": 3,
        "270": 3,
        "256": 3,
        "253": 3,
        "342": 3,
        "280": 3,
        "293": 2,
        "305": 2,
        "396": 2,
        "384": 2,
        "290": 2,
        "289": 2,
        "297": 2,
        "292": 2,
        "271": 2,
        "336": 2,
        "321": 2,
        "341": 2,
        "281": 2,
        "385": 2,
        "259": 2,
        "257": 2,
        "340": 2,
        "269": 2,
        "414": 2,
        "390": 2,
        "311": 2,
        "264": 2,
        "233": 2,
        "330": 2,
        "469": 1,
        "400": 1,
        "528": 1,
        "753": 1,
        "339": 1,
        "1109": 1,
        "295": 1,
        "333": 1,
        "498": 1,
        "540": 1,
        "331": 1,
        "268": 1,
        "1026": 1,
        "576": 1,
        "370": 1,
        "352": 1,
        "439": 1,
        "318": 1,
        "386": 1,
        "322": 1,
        "1071": 1,
        "338": 1,
        "261": 1,
        "521": 1,
        "344": 1,
        "298": 1,
        "371": 1,
        "335": 1,
        "931": 1,
        "362": 1,
        "529": 1,
        "363": 1,
        "302": 1,
        "467": 1,
        "438": 1,
        "368": 1,
        "383": 1,
        "325": 1,
        "379": 1,
        "447": 1,
        "314": 1,
        "291": 1,
        "485": 1,
        "353": 1,
        "358": 1,
        "388": 1,
        "359": 1,
        "465": 1,
        "303": 1,
        "397": 1,
        "266": 1,
        "1158": 1,
        "389": 1,
        "319": 1,
        "427": 1,
        "552": 1,
        "366": 1,
        "393": 1,
        "405": 1,
        "468": 1,
        "372": 1,
        "607": 1,
        "374": 1,
        "301": 1,
        "306": 1,
        "387": 1,
        "431": 1,
        "1096": 1,
        "278": 1,
        "888": 1,
        "348": 1,
        "294": 1,
        "850": 1,
        "399": 1,
        "585": 1,
        "300": 1,
        "284": 1,
        "349": 1,
        "479": 1,
        "488": 1,
        "332": 1,
        "327": 1
    },
    "nrows": 445827
}