{
    "column_id": "Airline/Airline.csvAirline.csv/NASDelay",
    "dataset_name": "Airline.csv",
    "dataset_id": "Airline/Airline.csv",
    "path": "/home/ubuntu/CatDB/Experiments/data/Airline/Airline.csv",
    "table_name": "Airline.csv",
    "table_id": "Airline/Airline.csvAirline.csv",
    "column_name": "NASDelay",
    "data_source": "Airline",
    "data_type": "int",
    "total_values_count": 445827,
    "distinct_values_count": 295,
    "missing_values_count": 374945,
    "true_ratio": null,
    "min_value": 0.0,
    "max_value": 755.0,
    "mean": 12.68045484043904,
    "median": 2.0,
    "iqr": 18.0,
    "category_values": [
        47,
        0,
        15,
        6,
        16,
        43,
        25,
        26,
        22,
        5,
        19,
        10,
        1,
        18,
        9,
        21,
        14,
        8,
        110,
        17,
        13,
        20,
        11,
        60,
        42,
        23,
        3,
        39,
        12,
        69,
        28,
        30,
        34,
        41,
        50,
        24,
        27,
        46,
        48,
        4,
        35,
        36,
        38,
        57,
        67,
        44,
        7,
        2,
        29,
        82,
        33,
        45,
        51,
        53,
        32,
        113,
        76,
        77,
        63,
        68,
        58,
        37,
        64,
        70,
        73,
        56,
        52,
        31,
        55,
        121,
        86,
        136,
        139,
        151,
        217,
        40,
        117,
        81,
        108,
        95,
        147,
        71,
        49,
        62,
        54,
        59,
        74,
        80,
        199,
        132,
        131,
        111,
        104,
        85,
        61,
        72,
        196,
        100,
        91,
        78,
        90,
        191,
        65,
        185,
        107,
        98,
        88,
        87,
        75,
        84,
        126,
        145,
        66,
        105,
        226,
        165,
        92,
        94,
        89,
        97,
        118,
        101,
        103,
        127,
        79,
        172,
        164,
        96,
        93,
        83,
        122,
        229,
        161,
        222,
        227,
        125,
        106,
        134,
        150,
        158,
        115,
        237,
        363,
        282,
        128,
        186,
        269,
        114,
        194,
        169,
        146,
        336,
        218,
        179,
        216,
        257,
        242,
        120,
        149,
        112,
        155,
        160,
        153,
        109,
        284,
        214,
        163,
        255,
        211,
        210,
        193,
        124,
        102,
        381,
        170,
        119,
        162,
        192,
        171,
        202,
        129,
        123,
        141,
        140,
        212,
        238,
        538,
        296,
        130,
        190,
        233,
        177,
        266,
        168,
        264,
        116,
        344,
        143,
        99,
        180,
        205,
        166,
        184,
        148,
        178,
        239,
        138,
        215,
        157,
        281,
        267,
        201,
        152,
        183,
        200,
        298,
        248,
        156,
        223,
        133,
        182,
        176,
        206,
        187,
        318,
        309,
        195,
        144,
        240,
        253,
        228,
        273,
        247,
        287,
        250,
        154,
        432,
        189,
        159,
        245,
        254,
        236,
        204,
        188,
        261,
        277,
        252,
        258,
        280,
        271,
        174,
        376,
        335,
        244,
        372,
        312,
        353,
        367,
        272,
        294,
        175,
        203,
        276,
        224,
        135,
        260,
        142,
        225,
        221,
        259,
        181,
        235,
        173,
        241,
        251,
        262,
        265,
        197,
        167,
        137,
        243,
        584,
        330,
        426,
        480,
        755,
        234,
        207,
        668,
        404,
        317,
        291,
        481,
        393,
        274
    ],
    "embedding": [
        -1.0,
        -1.0,
        -1.0,
        1.0,
        -1.0,
        1.0,
        -1.0,
        -1.0,
        -1.0,
        -1.0,
        1.0,
        -1.0,
        -1.0,
        1.0,
        1.0,
        1.0,
        1.0,
        -1.0,
        1.0,
        -1.0,
        1.0,
        -1.0,
        1.0,
        -1.0,
        1.0,
        -1.0,
        -1.0,
        1.0,
        -1.0,
        -1.0,
        1.0,
        1.0,
        -1.0,
        -1.0,
        -1.0,
        1.0,
        -1.0,
        1.0,
        1.0,
        -1.0,
        -1.0,
        1.0,
        -1.0,
        -1.0,
        -1.0,
        -1.0,
        1.0,
        -1.0,
        -1.0,
        -0.28715020418167114,
        -1.0,
        1.0,
        1.0,
        1.0,
        -1.0,
        1.0,
        1.0,
        1.0,
        -1.0,
        0.795289933681488,
        -1.0,
        -1.0,
        1.0,
        -1.0,
        1.0,
        -1.0,
        1.0,
        -1.0,
        1.0,
        1.0,
        1.0,
        -1.0,
        -1.0,
        -1.0,
        -1.0,
        1.0,
        1.0,
        1.0,
        1.0,
        1.0,
        1.0,
        1.0,
        1.0,
        -1.0,
        -1.0,
        1.0,
        -1.0,
        1.0,
        1.0,
        1.0,
        -1.0,
        1.0,
        1.0,
        -1.0,
        1.0,
        -1.0,
        1.0,
        -1.0,
        -1.0,
        -1.0,
        -0.9179069399833679,
        -1.0,
        1.0,
        -1.0,
        -1.0,
        1.0,
        1.0,
        1.0,
        -1.0,
        -1.0,
        1.0,
        -1.0,
        -1.0,
        1.0,
        1.0,
        1.0,
        1.0,
        1.0,
        1.0,
        -1.0,
        -1.0,
        1.0,
        -1.0,
        -1.0,
        1.0,
        -1.0,
        -1.0,
        -1.0,
        -1.0,
        1.0,
        -1.0,
        1.0,
        -1.0,
        -1.0,
        1.0,
        -1.0,
        -1.0,
        1.0,
        1.0,
        -1.0,
        1.0,
        1.0,
        1.0,
        -1.0,
        1.0,
        -1.0,
        1.0,
        -1.0,
        -1.0,
        -1.0,
        1.0,
        -1.0,
        1.0,
        -1.0,
        1.0,
        -1.0,
        1.0,
        -1.0,
        1.0,
        -1.0,
        -1.0,
        1.0,
        -1.0,
        -1.0,
        1.0,
        -1.0,
        1.0,
        -1.0,
        -1.0,
        -1.0,
        -1.0,
        -1.0,
        1.0,
        1.0,
        -1.0,
        -1.0,
        1.0,
        -1.0,
        -1.0,
        -1.0,
        1.0,
        -1.0,
        -1.0,
        -1.0,
        1.0,
        -1.0,
        1.0,
        -1.0,
        -1.0,
        -1.0,
        1.0,
        1.0,
        1.0,
        1.0,
        -1.0,
        -1.0,
        1.0,
        -1.0,
        -1.0,
        1.0,
        -1.0,
        1.0,
        -1.0,
        -1.0,
        -1.0,
        -1.0,
        1.0,
        1.0,
        -1.0,
        -1.0,
        -1.0,
        1.0,
        -1.0,
        -1.0,
        -1.0,
        1.0,
        -1.0,
        1.0,
        -1.0,
        -1.0,
        1.0,
        -1.0,
        -1.0,
        1.0,
        -1.0,
        -0.2896670997142792,
        1.0,
        -1.0,
        -1.0,
        -1.0,
        1.0,
        -1.0,
        1.0,
        -1.0,
        -1.0,
        1.0,
        -1.0,
        1.0,
        1.0,
        -1.0,
        1.0,
        -0.2647519111633301,
        1.0,
        -1.0,
        1.0,
        1.0,
        -1.0,
        -1.0,
        -1.0,
        1.0,
        1.0,
        1.0,
        -1.0,
        -1.0,
        -1.0,
        1.0,
        1.0,
        -1.0,
        -1.0,
        -1.0,
        1.0,
        1.0,
        1.0,
        -1.0,
        1.0,
        -1.0,
        -1.0,
        -1.0,
        1.0,
        1.0,
        -0.9055306911468506,
        -1.0,
        -1.0,
        1.0,
        -1.0,
        1.0,
        1.0,
        1.0,
        1.0,
        1.0,
        1.0,
        -1.0,
        1.0,
        1.0,
        1.0,
        -1.0,
        -1.0,
        1.0,
        -1.0,
        -1.0,
        -1.0,
        1.0,
        -1.0,
        -1.0,
        -1.0,
        -1.0,
        -1.0,
        1.0,
        1.0,
        1.0
    ],
    "embedding_scaling_factor": 150.74327087402344,
    "samples": [
        363,
        0,
        0,
        12,
        21,
        0,
        0,
        0,
        16,
        0,
        22,
        0,
        20
    ],
    "category_values_ratio": {
        "0": 33238,
        "1": 1906,
        "15": 1621,
        "16": 1496,
        "2": 1431,
        "17": 1357,
        "3": 1351,
        "4": 1288,
        "18": 1214,
        "5": 1196,
        "6": 1119,
        "19": 1098,
        "7": 1090,
        "20": 1040,
        "8": 994,
        "9": 950,
        "21": 922,
        "11": 874,
        "10": 870,
        "22": 859,
        "23": 812,
        "12": 787,
        "13": 763,
        "24": 740,
        "14": 695,
        "25": 623,
        "26": 609,
        "27": 566,
        "28": 511,
        "29": 486,
        "31": 400,
        "30": 389,
        "33": 349,
        "32": 329,
        "34": 302,
        "36": 274,
        "35": 246,
        "38": 242,
        "37": 241,
        "39": 228,
        "40": 228,
        "42": 197,
        "41": 192,
        "43": 168,
        "47": 165,
        "44": 163,
        "46": 149,
        "45": 138,
        "52": 121,
        "51": 117,
        "53": 116,
        "49": 115,
        "50": 113,
        "48": 111,
        "54": 97,
        "55": 95,
        "58": 92,
        "59": 84,
        "61": 84,
        "64": 80,
        "57": 79,
        "62": 79,
        "56": 77,
        "60": 77,
        "63": 68,
        "66": 65,
        "67": 64,
        "68": 61,
        "69": 56,
        "71": 54,
        "73": 54,
        "65": 53,
        "72": 52,
        "70": 48,
        "74": 47,
        "76": 45,
        "77": 43,
        "82": 42,
        "79": 42,
        "86": 40,
        "87": 40,
        "75": 39,
        "83": 38,
        "80": 36,
        "84": 31,
        "97": 31,
        "81": 30,
        "90": 30,
        "78": 30,
        "94": 29,
        "85": 29,
        "89": 29,
        "111": 28,
        "101": 28,
        "109": 26,
        "96": 26,
        "88": 26,
        "91": 26,
        "107": 24,
        "100": 24,
        "105": 24,
        "98": 23,
        "92": 22,
        "95": 21,
        "112": 20,
        "103": 20,
        "93": 19,
        "99": 19,
        "106": 19,
        "114": 19,
        "122": 17,
        "118": 17,
        "110": 16,
        "104": 15,
        "116": 15,
        "129": 14,
        "121": 14,
        "108": 13,
        "120": 13,
        "133": 12,
        "113": 12,
        "117": 12,
        "119": 12,
        "145": 11,
        "115": 11,
        "128": 10,
        "132": 10,
        "127": 10,
        "131": 10,
        "140": 10,
        "136": 10,
        "150": 10,
        "155": 10,
        "158": 9,
        "152": 9,
        "124": 9,
        "102": 9,
        "134": 9,
        "148": 9,
        "147": 9,
        "151": 9,
        "178": 8,
        "179": 8,
        "126": 8,
        "123": 7,
        "130": 7,
        "192": 7,
        "149": 7,
        "161": 7,
        "162": 7,
        "153": 7,
        "187": 7,
        "139": 7,
        "141": 7,
        "144": 7,
        "163": 7,
        "182": 6,
        "171": 6,
        "157": 6,
        "190": 6,
        "135": 6,
        "143": 6,
        "138": 6,
        "189": 5,
        "156": 5,
        "169": 5,
        "146": 5,
        "125": 5,
        "222": 5,
        "186": 5,
        "253": 5,
        "168": 5,
        "175": 5,
        "181": 5,
        "170": 5,
        "188": 5,
        "142": 5,
        "165": 4,
        "172": 4,
        "229": 4,
        "214": 4,
        "202": 4,
        "210": 4,
        "185": 4,
        "184": 4,
        "166": 4,
        "200": 4,
        "180": 4,
        "205": 4,
        "160": 4,
        "239": 4,
        "248": 4,
        "235": 3,
        "177": 3,
        "257": 3,
        "176": 3,
        "174": 3,
        "191": 3,
        "193": 3,
        "254": 3,
        "195": 3,
        "199": 3,
        "201": 3,
        "183": 3,
        "234": 3,
        "154": 3,
        "216": 3,
        "335": 2,
        "227": 2,
        "211": 2,
        "242": 2,
        "215": 2,
        "284": 2,
        "137": 2,
        "269": 2,
        "245": 2,
        "273": 2,
        "197": 2,
        "203": 2,
        "224": 2,
        "217": 2,
        "244": 2,
        "260": 2,
        "159": 2,
        "271": 2,
        "264": 2,
        "218": 2,
        "241": 2,
        "432": 2,
        "266": 2,
        "233": 2,
        "173": 2,
        "164": 2,
        "225": 2,
        "258": 2,
        "196": 2,
        "296": 2,
        "344": 1,
        "367": 1,
        "240": 1,
        "318": 1,
        "538": 1,
        "381": 1,
        "336": 1,
        "255": 1,
        "194": 1,
        "309": 1,
        "281": 1,
        "353": 1,
        "277": 1,
        "228": 1,
        "312": 1,
        "372": 1,
        "376": 1,
        "280": 1,
        "252": 1,
        "261": 1,
        "298": 1,
        "204": 1,
        "236": 1,
        "238": 1,
        "250": 1,
        "287": 1,
        "247": 1,
        "282": 1,
        "480": 1,
        "363": 1,
        "481": 1,
        "207": 1,
        "393": 1,
        "668": 1,
        "755": 1,
        "226": 1,
        "276": 1,
        "404": 1,
        "317": 1,
        "291": 1,
        "221": 1,
        "259": 1,
        "167": 1,
        "426": 1,
        "237": 1,
        "330": 1,
        "584": 1,
        "294": 1,
        "243": 1,
        "251": 1,
        "262": 1,
        "265": 1,
        "212": 1,
        "272": 1,
        "267": 1,
        "206": 1,
        "223": 1,
        "274": 1
    },
    "nrows": 445827
}