{
    "column_id": "Airline/Airline.csvAirline.csv/CRSArrTime",
    "dataset_name": "Airline.csv",
    "dataset_id": "Airline/Airline.csv",
    "path": "/home/ubuntu/CatDB/Experiments/data/Airline/Airline.csv",
    "table_name": "Airline.csv",
    "table_id": "Airline/Airline.csvAirline.csv",
    "column_name": "CRSArrTime",
    "data_source": "Airline",
    "data_type": "int",
    "total_values_count": 445827,
    "distinct_values_count": 1382,
    "missing_values_count": 0,
    "true_ratio": null,
    "min_value": 1.0,
    "max_value": 2359.0,
    "mean": 1502.951591088023,
    "median": 1527.0,
    "iqr": 802.0,
    "category_values": [
        1438,
        1724,
        1730,
        1602,
        1527,
        1506,
        1501,
        2150,
        2142,
        2152,
        2043,
        2034,
        2055,
        1443,
        1449,
        1421,
        1605,
        1650,
        1604,
        1822,
        1959,
        2115,
        2110,
        1839,
        1828,
        1554,
        1545,
        1641,
        1639,
        2245,
        2300,
        2139,
        2145,
        1258,
        1303,
        2359,
        15,
        13,
        1116,
        1121,
        1125,
        1122,
        1647,
        2147,
        2209,
        2211,
        1600,
        1541,
        1536,
        1909,
        1921,
        1931,
        1930,
        1926,
        1355,
        1356,
        2022,
        2024,
        2027,
        2039,
        1819,
        1831,
        1824,
        2332,
        2058,
        2308,
        725,
        1430,
        1435,
        1807,
        1732,
        1217,
        1200,
        2013,
        1956,
        1236,
        2101,
        1603,
        1625,
        1925,
        1923,
        20,
        18,
        2235,
        1530,
        1544,
        1300,
        1729,
        1728,
        1940,
        1745,
        1500,
        1420,
        1703,
        1114,
        1109,
        2353,
        1131,
        1130,
        2118,
        2122,
        318,
        1508,
        1507,
        2254,
        1005,
        1054,
        1256,
        1257,
        1259,
        2037,
        2038,
        2140,
        1458,
        1428,
        1524,
        1736,
        1818,
        2208,
        1615,
        1957,
        2021,
        2321,
        714,
        2014,
        603,
        559,
        1858,
        1955,
        43,
        1920,
        646,
        2318,
        2109,
        2059,
        1225,
        1234,
        1548,
        2045,
        1701,
        1531,
        1539,
        935,
        939,
        507,
        510,
        1334,
        1339,
        651,
        1043,
        1035,
        539,
        544,
        2010,
        2000,
        558,
        629,
        135,
        1145,
        2356,
        2346,
        44,
        729,
        1415,
        2326,
        2323,
        2218,
        2159,
        130,
        1655,
        1654,
        2044,
        2249,
        2203,
        2247,
        656,
        1529,
        1540,
        1528,
        744,
        1204,
        1213,
        2234,
        1140,
        1624,
        1629,
        10,
        1026,
        1357,
        1400,
        1351,
        1349,
        1255,
        2042,
        2108,
        1050,
        1945,
        1954,
        1943,
        1952,
        1649,
        1700,
        1642,
        1423,
        858,
        1609,
        1036,
        2116,
        2121,
        2156,
        2111,
        2129,
        602,
        117,
        127,
        1727,
        1734,
        2154,
        1141,
        1137,
        1021,
        1024,
        1808,
        1759,
        2105,
        2102,
        801,
        832,
        833,
        1344,
        1338,
        948,
        950,
        1908,
        1906,
        822,
        856,
        146,
        2207,
        2206,
        2056,
        1410,
        1405,
        104,
        59,
        2057,
        2336,
        1740,
        817,
        1809,
        2241,
        1112,
        1426,
        1601,
        1804,
        1900,
        1848,
        1854,
        27,
        1958,
        2001,
        14,
        930,
        1010,
        1030,
        2030,
        2053,
        1016,
        1509,
        1523,
        1127,
        2051,
        2046,
        2049,
        1437,
        655,
        1245,
        2006,
        1059,
        1134,
        905,
        934,
        915,
        828,
        813,
        1520,
        1521,
        2007,
        2012,
        1139,
        2104,
        1108,
        854,
        932,
        1117,
        1620,
        1241,
        1240,
        859,
        2338,
        1138,
        2233,
        941,
        1645,
        1635,
        1058,
        1221,
        805,
        925,
        918,
        902,
        1558,
        2319,
        1644,
        2123,
        1408,
        1403,
        1333,
        1805,
        1934,
        630,
        1616,
        2048,
        847,
        1738,
        1748,
        1253,
        1657,
        1754,
        745,
        1205,
        1301,
        2148,
        1320,
        1322,
        2153,
        2242,
        1825,
        1814,
        1550,
        1932,
        1929,
        825,
        823,
        1254,
        1953,
        2331,
        944,
        24,
        2328,
        1302,
        849,
        30,
        2019,
        1612,
        2016,
        1856,
        700,
        733,
        731,
        45,
        48,
        1439,
        1243,
        1912,
        2047,
        1153,
        1148,
        937,
        2350,
        612,
        1714,
        838,
        1231,
        1230,
        1316,
        1855,
        1849,
        1942,
        1948,
        1946,
        1739,
        1737,
        2125,
        931,
        1051,
        1752,
        1343,
        1352,
        1014,
        1018,
        28,
        1359,
        1358,
        949,
        2325,
        1404,
        2250,
        2251,
        2130,
        627,
        633,
        1659,
        1656,
        1007,
        912,
        907,
        1433,
        1418,
        2248,
        1417,
        1753,
        2333,
        1232,
        1235,
        753,
        804,
        1132,
        550,
        543,
        2255,
        2106,
        1800,
        1518,
        1643,
        1633,
        1821,
        1214,
        1903,
        1852,
        1457,
        1451,
        2327,
        1128,
        1427,
        1742,
        1744,
        1453,
        1716,
        1758,
        1651,
        1801,
        1306,
        1048,
        1847,
        755,
        1,
        834,
        2151,
        2146,
        2025,
        1047,
        1402,
        1431,
        2107,
        2244,
        1512,
        1519,
        1719,
        2036,
        1746,
        1705,
        1837,
        1057,
        2128,
        1525,
        1718,
        1717,
        1015,
        955,
        2,
        614,
        1806,
        2305,
        2257,
        1115,
        1251,
        246,
        1630,
        1318,
        2311,
        2316,
        1025,
        1850,
        850,
        926,
        848,
        1611,
        2131,
        1152,
        1144,
        1833,
        1133,
        942,
        827,
        8,
        2023,
        2322,
        1309,
        1315,
        1155,
        1422,
        19,
        910,
        837,
        1836,
        1834,
        904,
        22,
        1802,
        730,
        2031,
        2258,
        1557,
        2320,
        2306,
        1308,
        1505,
        1537,
        114,
        908,
        1350,
        1348,
        759,
        842,
        841,
        1124,
        1120,
        1049,
        1053,
        1813,
        2239,
        1440,
        1442,
        1224,
        1223,
        1933,
        724,
        1326,
        1044,
        1248,
        1249,
        1336,
        1337,
        618,
        1640,
        1546,
        1543,
        1340,
        1342,
        756,
        1401,
        2054,
        2050,
        1751,
        852,
        735,
        1441,
        1009,
        1835,
        1902,
        1755,
        1233,
        1917,
        1328,
        1756,
        3,
        2334,
        1327,
        1332,
        2224,
        2230,
        2253,
        1535,
        1542,
        1646,
        1830,
        604,
        601,
        951,
        1547,
        23,
        1110,
        1045,
        1555,
        1454,
        1553,
        803,
        2358,
        929,
        1735,
        2100,
        2229,
        1313,
        2227,
        1941,
        1312,
        1456,
        100,
        1444,
        1826,
        2112,
        1129,
        1126,
        1146,
        1210,
        1033,
        1515,
        1503,
        1722,
        1411,
        2315,
        1310,
        1606,
        846,
        2132,
        2158,
        2127,
        1201,
        1617,
        1252,
        47,
        57,
        58,
        1419,
        1353,
        2124,
        609,
        1345,
        810,
        808,
        1335,
        605,
        1157,
        1156,
        1354,
        1556,
        1608,
        1618,
        1922,
        1911,
        1242,
        1247,
        1750,
        1551,
        1305,
        943,
        1056,
        1709,
        1711,
        645,
        547,
        1924,
        839,
        1246,
        1915,
        1032,
        1020,
        1104,
        1658,
        1432,
        654,
        1803,
        750,
        150,
        1004,
        1203,
        1522,
        1229,
        1319,
        953,
        1720,
        1325,
        610,
        1710,
        2134,
        1614,
        1846,
        1003,
        1726,
        46,
        42,
        1149,
        2228,
        945,
        940,
        2052,
        1459,
        1041,
        1039,
        2126,
        901,
        1414,
        2349,
        1425,
        2246,
        2236,
        751,
        900,
        2212,
        1715,
        1627,
        2340,
        1212,
        1202,
        2136,
        1549,
        1927,
        2231,
        1708,
        1637,
        1702,
        1741,
        2259,
        2243,
        1905,
        1749,
        1712,
        719,
        1029,
        1031,
        818,
        2155,
        2149,
        1429,
        2040,
        2347,
        2344,
        7,
        831,
        1101,
        1706,
        32,
        37,
        1154,
        1944,
        1901,
        752,
        1938,
        1936,
        1638,
        1919,
        1949,
        1947,
        1012,
        1119,
        857,
        1634,
        1632,
        1046,
        1816,
        920,
        2343,
        2339,
        1913,
        2252,
        204,
        555,
        554,
        836,
        2237,
        1613,
        1416,
        1019,
        800,
        1455,
        1001,
        956,
        53,
        1113,
        1820,
        2026,
        1733,
        1347,
        1452,
        1504,
        1832,
        1725,
        909,
        1648,
        734,
        1304,
        1100,
        1346,
        2032,
        1237,
        1857,
        1817,
        2103,
        922,
        1827,
        1136,
        946,
        1951,
        1950,
        748,
        1105,
        2004,
        2003,
        1812,
        1843,
        1731,
        1829,
        2018,
        2005,
        505,
        835,
        1406,
        1412,
        2222,
        1904,
        1747,
        1238,
        916,
        917,
        1623,
        2117,
        1017,
        354,
        540,
        1928,
        2008,
        740,
        52,
        1209,
        1250,
        1619,
        1037,
        2041,
        1628,
        1227,
        914,
        1853,
        553,
        924,
        911,
        1314,
        1317,
        1228,
        1028,
        959,
        1321,
        815,
        816,
        1215,
        2225,
        2028,
        701,
        741,
        2015,
        2354,
        2351,
        1436,
        1450,
        919,
        2312,
        5,
        4,
        6,
        806,
        952,
        807,
        840,
        845,
        29,
        50,
        2137,
        1707,
        1413,
        1208,
        1158,
        1107,
        2201,
        2202,
        2307,
        625,
        620,
        621,
        1002,
        1916,
        1910,
        923,
        1514,
        928,
        829,
        1055,
        2324,
        1011,
        954,
        110,
        2220,
        1513,
        1757,
        1034,
        1216,
        1621,
        723,
        708,
        548,
        1244,
        1147,
        1510,
        1409,
        1341,
        2204,
        2337,
        2205,
        1040,
        216,
        1552,
        2314,
        36,
        1135,
        628,
        2310,
        1102,
        1859,
        1445,
        1330,
        1448,
        921,
        1038,
        1239,
        1027,
        1103,
        2345,
        1610,
        557,
        1559,
        118,
        742,
        2240,
        830,
        812,
        132,
        611,
        2256,
        1000,
        1636,
        1022,
        55,
        1815,
        749,
        1851,
        747,
        1142,
        534,
        536,
        2303,
        1622,
        1626,
        2210,
        1823,
        1324,
        1502,
        1511,
        1534,
        608,
        606,
        137,
        705,
        809,
        1220,
        1218,
        613,
        103,
        2002,
        2342,
        913,
        2035,
        1907,
        1918,
        2335,
        936,
        1533,
        736,
        1143,
        21,
        957,
        958,
        2119,
        643,
        710,
        116,
        115,
        2329,
        2020,
        1226,
        1329,
        716,
        321,
        2157,
        35,
        38,
        1407,
        1607,
        2113,
        843,
        615,
        2330,
        2302,
        1013,
        1008,
        927,
        1434,
        2304,
        25,
        1811,
        2301,
        1704,
        1052,
        814,
        758,
        2357,
        737,
        732,
        2138,
        1111,
        1106,
        2214,
        2135,
        2221,
        938,
        1939,
        1840,
        1935,
        1721,
        623,
        2219,
        622,
        2009,
        2215,
        1222,
        143,
        2200,
        101,
        2352,
        26,
        124,
        313,
        49,
        743,
        2017,
        139,
        739,
        1323,
        1914,
        851,
        1006,
        129,
        1845,
        1652,
        2232,
        1844,
        159,
        2141,
        1447,
        1842,
        232,
        2144,
        1331,
        1937,
        1631,
        34,
        855,
        203,
        906,
        2033,
        1538,
        506,
        640,
        2213,
        54,
        2317,
        826,
        2309,
        521,
        1516,
        2011,
        2313,
        549,
        454,
        1151,
        2029,
        819,
        2114,
        616,
        16,
        105,
        9,
        1841,
        1211,
        1526,
        1307,
        1311,
        1446,
        51,
        533,
        527,
        407,
        556,
        746,
        1206,
        811,
        1159,
        853,
        619,
        1424,
        637,
        821,
        754,
        704,
        648,
        947,
        2143,
        802,
        212,
        520,
        844,
        11,
        242,
        56,
        120,
        339,
        738,
        441,
        12,
        933,
        624,
        151,
        200,
        1810,
        2120,
        1653,
        2133,
        546,
        501,
        459,
        1118,
        1042,
        642,
        1207,
        706,
        824,
        2355,
        1532,
        728,
        649,
        638,
        1023,
        709,
        653,
        720,
        820,
        635,
        1219,
        631,
        650,
        652,
        330,
        136,
        1517,
        138,
        457,
        144,
        636,
        329,
        228,
        2217,
        257,
        134,
        122,
        504,
        2223,
        113,
        205,
        235,
        1713,
        903,
        2348,
        145,
        715,
        131,
        210,
        512,
        659,
        600,
        2226,
        634,
        657,
        703,
        722,
        500,
        607,
        1123,
        519,
        1150,
        617,
        718,
        1723,
        155,
        112,
        2216,
        503,
        2238,
        717,
        1743,
        529,
        515,
        639,
        545,
        218,
        514,
        251,
        221,
        420,
        445,
        244,
        140,
        41,
        509,
        644,
        508,
        440,
        632,
        154,
        248,
        207,
        525,
        438,
        1838,
        2341,
        40,
        240,
        31,
        517,
        456,
        39,
        707,
        455,
        518,
        326,
        530,
        17,
        522,
        119,
        446,
        208,
        516,
        325,
        148,
        33,
        400,
        102,
        106,
        142,
        243,
        712,
        425,
        340,
        552,
        502,
        511,
        222,
        229,
        324,
        149,
        347,
        702,
        757,
        439,
        332,
        206,
        307,
        523,
        452,
        513,
        626,
        442,
        726,
        458,
        526,
        450,
        532,
        435,
        433,
        542,
        430,
        443,
        415,
        713,
        453,
        721,
        647,
        711,
        551,
        727,
        319,
        541,
        236,
        156,
        524,
        247,
        241,
        141,
        108,
        239,
        641,
        107,
        658,
        335,
        314,
        303,
        258,
        249,
        301,
        121,
        304,
        238,
        316,
        223,
        444,
        245,
        215,
        111,
        537,
        202,
        128,
        356,
        227,
        350,
        125,
        311,
        422,
        133,
        341,
        413,
        336,
        432,
        153,
        349,
        237,
        256,
        451,
        317,
        447,
        531,
        402,
        410,
        320,
        322,
        359,
        352,
        126,
        419,
        123,
        109,
        426,
        259,
        328,
        201,
        152,
        342,
        312,
        323,
        535,
        405,
        427,
        423,
        528,
        358,
        147,
        157,
        538,
        220,
        300,
        327,
        302,
        253,
        233,
        225,
        308
    ],
    "embedding": [
        -1.0,
        -1.0,
        -1.0,
        1.0,
        -1.0,
        1.0,
        -1.0,
        -1.0,
        -0.9999311566352844,
        -1.0,
        1.0,
        -1.0,
        -1.0,
        1.0,
        1.0,
        1.0,
        1.0,
        -1.0,
        1.0,
        -1.0,
        1.0,
        -1.0,
        1.0,
        -1.0,
        1.0,
        -1.0,
        -1.0,
        1.0,
        -1.0,
        -1.0,
        1.0,
        1.0,
        -1.0,
        -1.0,
        -1.0,
        1.0,
        -1.0,
        1.0,
        1.0,
        -1.0,
        -1.0,
        1.0,
        -1.0,
        -1.0,
        -1.0,
        -1.0,
        1.0,
        -1.0,
        -0.9999696612358093,
        -0.9881864190101624,
        -1.0,
        1.0,
        1.0,
        1.0,
        -1.0,
        1.0,
        1.0,
        1.0,
        -1.0,
        0.9972975254058838,
        -1.0,
        -1.0,
        1.0,
        -1.0,
        1.0,
        -1.0,
        1.0,
        -1.0,
        1.0,
        1.0,
        1.0,
        -1.0,
        -1.0,
        -1.0,
        -1.0,
        1.0,
        1.0,
        1.0,
        1.0,
        1.0,
        1.0,
        1.0,
        1.0,
        -1.0,
        -1.0,
        1.0,
        -1.0,
        1.0,
        1.0,
        1.0,
        -1.0,
        1.0,
        1.0,
        -1.0,
        1.0,
        -1.0,
        1.0,
        -1.0,
        -1.0,
        -1.0,
        -0.9983224272727966,
        -1.0,
        1.0,
        -1.0,
        -1.0,
        1.0,
        1.0,
        1.0,
        -1.0,
        -1.0,
        1.0,
        -1.0,
        -1.0,
        1.0,
        1.0,
        1.0,
        1.0,
        1.0,
        1.0,
        -1.0,
        -1.0,
        1.0,
        -1.0,
        -1.0,
        1.0,
        -1.0,
        -1.0,
        -0.999705970287323,
        -1.0,
        1.0,
        -1.0,
        1.0,
        -1.0,
        -1.0,
        1.0,
        -1.0,
        -1.0,
        1.0,
        1.0,
        -1.0,
        1.0,
        1.0,
        1.0,
        -1.0,
        1.0,
        -1.0,
        1.0,
        -1.0,
        -1.0,
        -1.0,
        0.9997691512107849,
        -1.0,
        1.0,
        -1.0,
        1.0,
        -1.0,
        1.0,
        -1.0,
        1.0,
        -1.0,
        -1.0,
        1.0,
        -1.0,
        -1.0,
        1.0,
        -1.0,
        1.0,
        -1.0,
        -1.0,
        -1.0,
        -1.0,
        -1.0,
        1.0,
        1.0,
        -1.0,
        -1.0,
        1.0,
        -1.0,
        -1.0,
        -1.0,
        1.0,
        -1.0,
        -1.0,
        -1.0,
        1.0,
        -1.0,
        1.0,
        -1.0,
        -1.0,
        -1.0,
        1.0,
        1.0,
        1.0,
        1.0,
        -1.0,
        -1.0,
        1.0,
        -1.0,
        -1.0,
        1.0,
        -1.0,
        1.0,
        -1.0,
        -1.0,
        -1.0,
        -1.0,
        1.0,
        1.0,
        -1.0,
        -1.0,
        -1.0,
        1.0,
        -1.0,
        -1.0,
        -1.0,
        1.0,
        -1.0,
        1.0,
        -1.0,
        -1.0,
        1.0,
        -1.0,
        -1.0,
        1.0,
        -0.9999211430549622,
        -0.9889751672744751,
        1.0,
        -1.0,
        -1.0,
        -1.0,
        1.0,
        -1.0,
        1.0,
        -1.0,
        -1.0,
        1.0,
        -1.0,
        1.0,
        1.0,
        -0.9999752640724182,
        1.0,
        -0.9873549342155457,
        1.0,
        -1.0,
        1.0,
        1.0,
        -1.0,
        -1.0,
        -1.0,
        1.0,
        1.0,
        1.0,
        -1.0,
        -1.0,
        -1.0,
        1.0,
        1.0,
        -1.0,
        -1.0,
        -1.0,
        1.0,
        1.0,
        1.0,
        -1.0,
        1.0,
        -1.0,
        -1.0,
        -1.0,
        1.0,
        1.0,
        -0.9986370801925659,
        -1.0,
        -1.0,
        1.0,
        -1.0,
        1.0,
        1.0,
        1.0,
        1.0,
        1.0,
        1.0,
        -1.0,
        1.0,
        1.0,
        1.0,
        -1.0,
        -1.0,
        1.0,
        -1.0,
        -1.0,
        -1.0,
        1.0,
        -1.0,
        -1.0,
        -1.0,
        -1.0,
        -1.0,
        1.0,
        1.0,
        1.0
    ],
    "embedding_scaling_factor": 10.774893760681152,
    "samples": [
        804,
        835,
        2044,
        1053,
        1104,
        2219,
        1754,
        1427,
        952,
        918,
        1945,
        1454,
        1415,
        1804,
        1440,
        1100,
        1115,
        1235,
        1704,
        2035,
        1104,
        1339,
        731,
        1520,
        1442,
        1543,
        2230,
        2032,
        2124,
        2023,
        1027,
        1305,
        2124,
        1221,
        2130,
        2215,
        748,
        2204,
        1944,
        1838,
        2235,
        800,
        1756,
        1900,
        920,
        713,
        730,
        945,
        1533,
        1725,
        2045,
        925,
        1946,
        1027,
        1335,
        1638,
        1605,
        1216,
        2259,
        748,
        1626,
        1708,
        1040,
        1722,
        1640,
        2055,
        1318,
        2101,
        1340,
        725,
        24,
        2000,
        1050,
        1658,
        2114,
        1601,
        1656,
        2220,
        1002,
        1744,
        1236,
        659,
        1505,
        1959,
        2205,
        1230,
        2300,
        611,
        1616,
        2105,
        1000,
        1322,
        2135,
        1410,
        1050,
        2202,
        1335,
        2157,
        2223,
        1550
    ],
    "category_values_ratio": {
        "1655": 1657,
        "1700": 1590,
        "1305": 1568,
        "1505": 1555,
        "1825": 1554,
        "1200": 1478,
        "2000": 1470,
        "2110": 1467,
        "1340": 1429,
        "2025": 1402,
        "1640": 1391,
        "1125": 1371,
        "2115": 1369,
        "1450": 1364,
        "1650": 1361,
        "1840": 1355,
        "1905": 1346,
        "2105": 1345,
        "1630": 1333,
        "925": 1332,
        "1620": 1317,
        "1635": 1296,
        "1750": 1291,
        "1625": 1289,
        "1035": 1276,
        "1900": 1267,
        "1555": 1252,
        "1025": 1250,
        "2015": 1247,
        "1430": 1243,
        "2100": 1230,
        "1455": 1229,
        "1605": 1215,
        "1230": 1211,
        "1730": 1201,
        "1810": 1201,
        "1910": 1197,
        "1820": 1196,
        "2010": 1195,
        "1645": 1191,
        "1030": 1190,
        "1530": 1187,
        "1405": 1186,
        "1525": 1186,
        "2050": 1182,
        "1440": 1182,
        "905": 1178,
        "1130": 1175,
        "1325": 1170,
        "1010": 1163,
        "1020": 1162,
        "910": 1158,
        "1830": 1155,
        "1250": 1152,
        "1420": 1147,
        "1100": 1145,
        "1355": 1142,
        "1140": 1137,
        "1915": 1136,
        "1210": 1130,
        "1925": 1127,
        "1705": 1121,
        "1955": 1119,
        "1310": 1118,
        "1445": 1112,
        "1740": 1110,
        "1535": 1108,
        "1110": 1106,
        "1400": 1091,
        "930": 1078,
        "1155": 1075,
        "2120": 1071,
        "1300": 1071,
        "1435": 1066,
        "1520": 1066,
        "825": 1065,
        "1735": 1063,
        "1425": 1062,
        "1040": 1059,
        "1220": 1053,
        "945": 1053,
        "2055": 1048,
        "1615": 1046,
        "1835": 1044,
        "1050": 1039,
        "2005": 1037,
        "1045": 1032,
        "1320": 1026,
        "1235": 1024,
        "1545": 1023,
        "1315": 1021,
        "2225": 1017,
        "915": 1017,
        "1015": 1016,
        "2130": 1014,
        "2205": 1012,
        "1755": 1011,
        "1510": 1008,
        "1115": 1004,
        "2255": 1002,
        "1120": 1001,
        "1000": 1001,
        "1415": 996,
        "900": 995,
        "1225": 988,
        "1725": 988,
        "1845": 988,
        "2045": 985,
        "1005": 979,
        "1540": 978,
        "1205": 973,
        "2155": 973,
        "2230": 970,
        "1600": 967,
        "2150": 965,
        "950": 962,
        "920": 958,
        "1720": 957,
        "1335": 954,
        "1800": 954,
        "1515": 950,
        "2030": 939,
        "2020": 939,
        "1105": 938,
        "1715": 934,
        "1850": 934,
        "1815": 930,
        "1920": 930,
        "1855": 919,
        "1805": 919,
        "2220": 918,
        "1610": 918,
        "855": 918,
        "830": 913,
        "1330": 910,
        "2320": 910,
        "1215": 909,
        "1255": 909,
        "2145": 906,
        "1745": 903,
        "1710": 901,
        "1940": 895,
        "1150": 894,
        "1550": 882,
        "1245": 882,
        "1055": 874,
        "1500": 873,
        "1240": 873,
        "935": 872,
        "1345": 864,
        "2040": 863,
        "2355": 861,
        "940": 858,
        "1945": 853,
        "2200": 851,
        "810": 843,
        "2215": 839,
        "1829": 839,
        "1350": 837,
        "2140": 835,
        "1410": 833,
        "2310": 832,
        "1930": 822,
        "2245": 818,
        "2240": 811,
        "1145": 806,
        "2135": 800,
        "840": 794,
        "2250": 793,
        "2359": 793,
        "2210": 790,
        "2300": 788,
        "1950": 782,
        "1135": 775,
        "2125": 766,
        "2035": 752,
        "2305": 737,
        "800": 731,
        "740": 730,
        "1935": 723,
        "955": 723,
        "845": 719,
        "2235": 719,
        "850": 709,
        "835": 703,
        "820": 702,
        "815": 695,
        "735": 672,
        "2104": 671,
        "805": 657,
        "750": 649,
        "2059": 645,
        "1654": 639,
        "2340": 633,
        "720": 633,
        "755": 609,
        "2315": 607,
        "730": 606,
        "745": 600,
        "1459": 591,
        "710": 579,
        "2330": 560,
        "1129": 558,
        "1559": 546,
        "1256": 537,
        "2325": 535,
        "2102": 531,
        "1824": 525,
        "1659": 522,
        "1959": 517,
        "2214": 516,
        "1648": 515,
        "2259": 514,
        "1356": 511,
        "2109": 510,
        "2114": 508,
        "1253": 505,
        "1629": 504,
        "1649": 499,
        "2039": 496,
        "2106": 493,
        "1812": 489,
        "2012": 488,
        "759": 486,
        "1339": 484,
        "1908": 478,
        "1644": 477,
        "5": 476,
        "1254": 474,
        "1014": 474,
        "1351": 467,
        "946": 466,
        "1024": 462,
        "1822": 459,
        "1804": 456,
        "1304": 452,
        "2052": 452,
        "1627": 452,
        "1833": 451,
        "1523": 450,
        "2335": 450,
        "1859": 449,
        "854": 448,
        "2159": 447,
        "2014": 447,
        "1744": 446,
        "1011": 445,
        "1156": 444,
        "1628": 444,
        "858": 442,
        "2112": 441,
        "1641": 441,
        "2350": 440,
        "1027": 435,
        "1904": 432,
        "1427": 432,
        "1201": 432,
        "1359": 430,
        "2116": 430,
        "1047": 429,
        "857": 429,
        "1354": 426,
        "1604": 422,
        "2058": 421,
        "1556": 421,
        "1646": 416,
        "1302": 415,
        "1903": 414,
        "1656": 413,
        "1218": 409,
        "1639": 409,
        "2049": 409,
        "1754": 408,
        "1458": 408,
        "1447": 408,
        "1929": 408,
        "2119": 407,
        "1127": 404,
        "1602": 404,
        "1651": 403,
        "1924": 403,
        "1331": 403,
        "923": 400,
        "1029": 400,
        "852": 400,
        "1533": 399,
        "1419": 398,
        "1913": 398,
        "1444": 397,
        "1719": 397,
        "1619": 397,
        "1334": 397,
        "1909": 396,
        "2056": 396,
        "1438": 395,
        "1828": 395,
        "1048": 393,
        "1624": 392,
        "2004": 392,
        "2047": 391,
        "1631": 389,
        "1258": 389,
        "1818": 388,
        "859": 388,
        "1717": 388,
        "2345": 387,
        "1431": 387,
        "715": 382,
        "1204": 381,
        "1154": 381,
        "849": 379,
        "1238": 379,
        "1259": 379,
        "705": 379,
        "1802": 378,
        "1124": 377,
        "1543": 377,
        "1038": 376,
        "1954": 375,
        "1906": 374,
        "2013": 374,
        "2308": 373,
        "1917": 373,
        "1209": 371,
        "1923": 370,
        "1849": 369,
        "2143": 368,
        "1529": 368,
        "2144": 367,
        "1101": 367,
        "1901": 366,
        "1636": 366,
        "1834": 366,
        "725": 365,
        "2008": 364,
        "2107": 364,
        "2108": 363,
        "1158": 363,
        "1607": 363,
        "1634": 362,
        "1357": 362,
        "1234": 362,
        "1643": 362,
        "1731": 361,
        "1709": 361,
        "1544": 361,
        "2358": 361,
        "1729": 360,
        "904": 360,
        "1453": 360,
        "1013": 360,
        "1707": 359,
        "1134": 359,
        "939": 359,
        "1736": 359,
        "1642": 358,
        "1341": 358,
        "1422": 358,
        "1657": 358,
        "1017": 358,
        "1213": 358,
        "1524": 357,
        "1358": 357,
        "944": 357,
        "824": 357,
        "2027": 356,
        "2103": 356,
        "2219": 356,
        "1032": 355,
        "1117": 355,
        "2007": 355,
        "1743": 355,
        "2038": 354,
        "1039": 354,
        "1902": 354,
        "1229": 353,
        "1814": 352,
        "1119": 352,
        "1141": 351,
        "1706": 351,
        "1418": 351,
        "2149": 350,
        "1809": 350,
        "30": 350,
        "1432": 349,
        "2044": 348,
        "758": 348,
        "1112": 347,
        "1348": 347,
        "1128": 346,
        "1457": 345,
        "1044": 345,
        "1349": 345,
        "2054": 344,
        "1059": 344,
        "1552": 344,
        "1851": 343,
        "1919": 342,
        "1023": 342,
        "1811": 342,
        "2048": 342,
        "2157": 341,
        "829": 341,
        "1157": 341,
        "1549": 340,
        "2356": 340,
        "2053": 340,
        "1742": 340,
        "1534": 340,
        "1504": 340,
        "1749": 339,
        "2041": 339,
        "2118": 339,
        "2204": 339,
        "1221": 338,
        "2248": 337,
        "1737": 337,
        "1042": 337,
        "1244": 336,
        "1519": 336,
        "908": 336,
        "1433": 336,
        "2024": 335,
        "1852": 334,
        "1448": 333,
        "1848": 332,
        "1437": 331,
        "856": 331,
        "1322": 331,
        "1329": 331,
        "1647": 331,
        "1328": 330,
        "1246": 330,
        "1957": 329,
        "1949": 329,
        "1618": 328,
        "1123": 328,
        "2209": 327,
        "902": 326,
        "1414": 326,
        "1114": 325,
        "1343": 325,
        "1018": 325,
        "949": 325,
        "1612": 324,
        "2029": 323,
        "1658": 322,
        "1012": 322,
        "1847": 321,
        "903": 321,
        "1109": 321,
        "1031": 321,
        "1313": 320,
        "2254": 320,
        "1759": 320,
        "1326": 320,
        "2124": 319,
        "1009": 319,
        "1337": 319,
        "1857": 318,
        "1838": 318,
        "929": 318,
        "1308": 318,
        "1827": 318,
        "1839": 316,
        "1758": 315,
        "2126": 315,
        "1741": 315,
        "2032": 315,
        "2332": 314,
        "1844": 314,
        "1456": 314,
        "828": 313,
        "1943": 312,
        "1144": 312,
        "1006": 312,
        "1113": 311,
        "640": 311,
        "1336": 310,
        "1747": 310,
        "2123": 309,
        "2132": 309,
        "1958": 309,
        "1807": 309,
        "2057": 309,
        "2037": 308,
        "1116": 308,
        "2234": 307,
        "2006": 307,
        "1816": 307,
        "1614": 307,
        "2357": 306,
        "1211": 306,
        "1429": 305,
        "957": 305,
        "803": 304,
        "1436": 304,
        "1342": 304,
        "808": 304,
        "2303": 304,
        "2257": 303,
        "2226": 303,
        "952": 302,
        "1103": 302,
        "1854": 302,
        "2247": 302,
        "1452": 301,
        "1623": 301,
        "837": 301,
        "1748": 301,
        "1249": 301,
        "2023": 301,
        "1404": 301,
        "757": 300,
        "1324": 300,
        "1449": 300,
        "2101": 299,
        "1104": 299,
        "1216": 299,
        "1131": 298,
        "1716": 298,
        "1346": 298,
        "2142": 297,
        "1037": 297,
        "1106": 297,
        "1007": 297,
        "1053": 296,
        "1948": 296,
        "1637": 295,
        "1752": 295,
        "1933": 295,
        "916": 294,
        "1837": 294,
        "1512": 293,
        "1951": 293,
        "2349": 293,
        "1133": 293,
        "909": 292,
        "1153": 292,
        "1808": 291,
        "2323": 290,
        "1428": 290,
        "2206": 289,
        "1819": 289,
        "2122": 289,
        "2042": 289,
        "1003": 289,
        "2031": 289,
        "25": 289,
        "1443": 288,
        "20": 288,
        "932": 287,
        "912": 287,
        "1303": 287,
        "1514": 286,
        "814": 286,
        "1928": 286,
        "1609": 286,
        "941": 286,
        "1206": 285,
        "1241": 285,
        "1143": 285,
        "1022": 285,
        "1019": 285,
        "1026": 285,
        "1122": 284,
        "1926": 284,
        "650": 283,
        "1516": 283,
        "1539": 283,
        "2046": 283,
        "1547": 282,
        "1002": 282,
        "1217": 282,
        "1021": 282,
        "1558": 281,
        "1034": 281,
        "1541": 280,
        "2229": 280,
        "1008": 279,
        "1832": 279,
        "2138": 279,
        "1439": 279,
        "2127": 279,
        "1911": 279,
        "2003": 278,
        "2252": 278,
        "1202": 277,
        "1147": 277,
        "938": 277,
        "1222": 276,
        "754": 276,
        "1441": 276,
        "1314": 276,
        "1159": 276,
        "1739": 276,
        "1931": 276,
        "922": 276,
        "1652": 275,
        "948": 275,
        "1553": 275,
        "1853": 275,
        "1704": 274,
        "1407": 274,
        "2211": 274,
        "1243": 274,
        "2121": 274,
        "1653": 273,
        "1956": 273,
        "1503": 273,
        "2331": 272,
        "1203": 272,
        "1616": 272,
        "1912": 272,
        "1841": 272,
        "827": 271,
        "2009": 271,
        "1052": 270,
        "1831": 270,
        "1108": 270,
        "1312": 270,
        "1952": 270,
        "1016": 269,
        "1406": 269,
        "1033": 269,
        "2133": 268,
        "2011": 268,
        "2002": 268,
        "1522": 268,
        "847": 267,
        "2346": 267,
        "1803": 266,
        "1247": 266,
        "2137": 266,
        "1821": 265,
        "1248": 265,
        "2242": 265,
        "2146": 264,
        "1823": 263,
        "1843": 262,
        "2244": 262,
        "2129": 262,
        "1622": 261,
        "1232": 261,
        "1937": 261,
        "1311": 259,
        "1548": 259,
        "1149": 259,
        "2128": 258,
        "753": 258,
        "1401": 258,
        "1058": 258,
        "1107": 258,
        "1333": 257,
        "848": 257,
        "927": 257,
        "951": 257,
        "1554": 257,
        "1826": 257,
        "10": 257,
        "933": 256,
        "1751": 256,
        "1858": 256,
        "809": 255,
        "700": 253,
        "1703": 253,
        "1542": 253,
        "1257": 252,
        "1936": 252,
        "1601": 252,
        "1907": 252,
        "841": 252,
        "1632": 252,
        "917": 252,
        "1713": 251,
        "813": 251,
        "1734": 251,
        "1417": 251,
        "2139": 250,
        "1756": 250,
        "2251": 250,
        "655": 250,
        "1434": 249,
        "1617": 249,
        "1212": 249,
        "1036": 249,
        "819": 249,
        "1423": 248,
        "500": 247,
        "2022": 246,
        "806": 246,
        "1638": 246,
        "2158": 246,
        "15": 245,
        "2036": 245,
        "2016": 245,
        "2026": 245,
        "2051": 244,
        "1231": 244,
        "1738": 244,
        "2243": 244,
        "1152": 244,
        "1424": 243,
        "1043": 243,
        "2021": 242,
        "1947": 242,
        "2222": 242,
        "1411": 242,
        "1934": 240,
        "2228": 240,
        "1054": 240,
        "1138": 240,
        "1126": 239,
        "1306": 239,
        "924": 239,
        "1132": 239,
        "2324": 239,
        "1953": 238,
        "2224": 238,
        "2001": 238,
        "853": 238,
        "2246": 238,
        "756": 237,
        "1753": 237,
        "1508": 237,
        "954": 237,
        "1733": 236,
        "1056": 236,
        "2134": 236,
        "1413": 236,
        "35": 236,
        "1626": 235,
        "1806": 235,
        "1921": 235,
        "804": 235,
        "821": 235,
        "1836": 235,
        "1403": 234,
        "2151": 234,
        "1942": 234,
        "747": 233,
        "2202": 233,
        "2258": 233,
        "1316": 233,
        "1922": 232,
        "1944": 232,
        "1236": 232,
        "1914": 232,
        "1352": 232,
        "2232": 232,
        "942": 231,
        "1049": 231,
        "1701": 231,
        "1317": 231,
        "956": 230,
        "943": 229,
        "748": 229,
        "645": 229,
        "1242": 229,
        "1228": 229,
        "1338": 228,
        "2329": 228,
        "1233": 228,
        "1939": 228,
        "2203": 228,
        "1603": 228,
        "1121": 228,
        "1813": 227,
        "907": 227,
        "1712": 226,
        "2217": 226,
        "822": 225,
        "1509": 225,
        "1633": 225,
        "1148": 224,
        "1916": 224,
        "838": 224,
        "1557": 223,
        "1136": 223,
        "749": 222,
        "1507": 221,
        "1227": 221,
        "1323": 221,
        "1718": 220,
        "1408": 219,
        "1714": 219,
        "2152": 219,
        "2353": 219,
        "1506": 219,
        "1518": 218,
        "2113": 218,
        "559": 218,
        "1332": 218,
        "1521": 217,
        "2319": 217,
        "1531": 217,
        "2321": 216,
        "1702": 216,
        "1606": 216,
        "914": 216,
        "2317": 216,
        "2239": 216,
        "1223": 216,
        "1536": 215,
        "1057": 215,
        "2352": 215,
        "2304": 215,
        "2307": 214,
        "2033": 214,
        "906": 214,
        "1409": 213,
        "2148": 213,
        "1517": 213,
        "937": 213,
        "1728": 212,
        "2111": 212,
        "2338": 212,
        "1412": 212,
        "732": 212,
        "1608": 211,
        "1856": 211,
        "2019": 211,
        "2347": 211,
        "1817": 211,
        "2241": 211,
        "1347": 210,
        "1421": 210,
        "2156": 210,
        "1732": 210,
        "1001": 210,
        "1309": 209,
        "1526": 209,
        "736": 209,
        "2017": 208,
        "1041": 208,
        "1918": 208,
        "926": 208,
        "2354": 208,
        "2328": 207,
        "1151": 207,
        "1502": 206,
        "615": 206,
        "1746": 206,
        "2223": 206,
        "928": 206,
        "844": 206,
        "738": 205,
        "1611": 205,
        "934": 205,
        "1528": 204,
        "1226": 204,
        "2043": 204,
        "836": 203,
        "2316": 203,
        "2207": 203,
        "1451": 202,
        "1344": 202,
        "846": 201,
        "1118": 201,
        "1724": 201,
        "2147": 200,
        "901": 199,
        "1137": 199,
        "625": 199,
        "2313": 198,
        "2238": 198,
        "2256": 198,
        "752": 198,
        "1621": 198,
        "1353": 197,
        "2336": 197,
        "1426": 196,
        "1532": 196,
        "2028": 196,
        "2333": 195,
        "959": 195,
        "1416": 194,
        "1551": 194,
        "1111": 194,
        "2327": 193,
        "2233": 193,
        "1252": 192,
        "1219": 192,
        "1932": 192,
        "2311": 192,
        "55": 192,
        "2212": 191,
        "1726": 190,
        "1239": 189,
        "1102": 189,
        "1527": 189,
        "918": 188,
        "1251": 188,
        "729": 188,
        "2337": 188,
        "958": 187,
        "744": 187,
        "1454": 186,
        "913": 185,
        "2213": 185,
        "721": 184,
        "723": 184,
        "1757": 183,
        "2141": 183,
        "1224": 183,
        "2034": 182,
        "2249": 182,
        "751": 180,
        "2237": 180,
        "1208": 180,
        "1318": 180,
        "919": 180,
        "1723": 179,
        "947": 179,
        "716": 179,
        "1513": 178,
        "1237": 178,
        "823": 178,
        "2153": 177,
        "2117": 176,
        "817": 176,
        "2154": 176,
        "1442": 176,
        "931": 176,
        "2253": 176,
        "1301": 175,
        "1538": 175,
        "1146": 175,
        "2312": 175,
        "1321": 174,
        "1613": 173,
        "734": 173,
        "2306": 172,
        "1051": 172,
        "2339": 172,
        "1722": 171,
        "851": 171,
        "1446": 171,
        "843": 170,
        "1214": 169,
        "1139": 168,
        "1721": 168,
        "600": 168,
        "807": 168,
        "2018": 168,
        "733": 167,
        "40": 167,
        "802": 166,
        "1727": 165,
        "2221": 165,
        "2208": 165,
        "1708": 164,
        "2301": 162,
        "743": 160,
        "2136": 160,
        "953": 160,
        "2218": 159,
        "2227": 159,
        "2348": 159,
        "1711": 158,
        "801": 156,
        "1846": 156,
        "9": 156,
        "45": 155,
        "812": 155,
        "2344": 154,
        "2231": 154,
        "911": 154,
        "724": 153,
        "1927": 153,
        "647": 152,
        "610": 152,
        "826": 152,
        "816": 152,
        "2309": 152,
        "2351": 151,
        "832": 150,
        "1": 150,
        "1402": 150,
        "2318": 150,
        "1004": 149,
        "833": 149,
        "648": 148,
        "550": 148,
        "1801": 148,
        "2314": 148,
        "811": 147,
        "50": 147,
        "13": 147,
        "714": 145,
        "2342": 145,
        "1307": 144,
        "834": 144,
        "741": 143,
        "2334": 143,
        "629": 142,
        "2326": 142,
        "1946": 142,
        "746": 141,
        "1938": 139,
        "635": 138,
        "718": 134,
        "921": 132,
        "1319": 132,
        "731": 132,
        "1511": 132,
        "1028": 131,
        "2131": 130,
        "728": 129,
        "2": 128,
        "818": 127,
        "21": 126,
        "620": 126,
        "1537": 126,
        "543": 126,
        "1842": 125,
        "603": 124,
        "727": 121,
        "608": 121,
        "659": 120,
        "1327": 120,
        "1941": 120,
        "2322": 119,
        "2201": 119,
        "609": 119,
        "601": 118,
        "2341": 115,
        "515": 115,
        "1142": 115,
        "1046": 114,
        "709": 114,
        "713": 114,
        "2302": 111,
        "624": 111,
        "1207": 110,
        "539": 110,
        "1501": 109,
        "545": 107,
        "58": 107,
        "2216": 106,
        "726": 105,
        "742": 105,
        "8": 105,
        "555": 105,
        "657": 105,
        "19": 104,
        "638": 104,
        "530": 104,
        "520": 102,
        "2236": 101,
        "708": 101,
        "510": 100,
        "644": 99,
        "100": 97,
        "27": 97,
        "633": 97,
        "712": 95,
        "702": 93,
        "831": 90,
        "450": 90,
        "4": 89,
        "627": 88,
        "649": 87,
        "540": 86,
        "936": 86,
        "842": 83,
        "604": 83,
        "839": 82,
        "6": 82,
        "18": 82,
        "12": 82,
        "1546": 81,
        "614": 80,
        "24": 78,
        "533": 78,
        "722": 78,
        "522": 77,
        "519": 76,
        "739": 76,
        "653": 76,
        "616": 75,
        "631": 75,
        "22": 75,
        "701": 74,
        "59": 74,
        "548": 74,
        "634": 73,
        "16": 71,
        "605": 71,
        "14": 71,
        "703": 71,
        "37": 71,
        "606": 70,
        "440": 69,
        "639": 68,
        "546": 67,
        "155": 67,
        "501": 66,
        "621": 66,
        "619": 65,
        "607": 64,
        "622": 64,
        "455": 63,
        "704": 62,
        "717": 61,
        "517": 61,
        "508": 61,
        "29": 60,
        "523": 59,
        "651": 58,
        "23": 58,
        "2343": 58,
        "48": 57,
        "43": 56,
        "558": 56,
        "536": 56,
        "719": 56,
        "57": 55,
        "112": 55,
        "149": 54,
        "654": 54,
        "105": 53,
        "54": 53,
        "646": 48,
        "656": 48,
        "652": 48,
        "707": 47,
        "630": 47,
        "737": 46,
        "556": 46,
        "505": 46,
        "31": 46,
        "131": 46,
        "511": 45,
        "551": 44,
        "36": 44,
        "3": 43,
        "554": 43,
        "52": 42,
        "32": 42,
        "11": 42,
        "17": 40,
        "53": 39,
        "632": 39,
        "623": 39,
        "613": 39,
        "7": 39,
        "525": 38,
        "547": 38,
        "26": 38,
        "130": 38,
        "39": 38,
        "658": 37,
        "618": 37,
        "33": 37,
        "643": 36,
        "549": 36,
        "552": 36,
        "611": 36,
        "711": 35,
        "626": 35,
        "544": 35,
        "114": 35,
        "637": 34,
        "628": 34,
        "529": 34,
        "513": 33,
        "456": 33,
        "524": 32,
        "557": 32,
        "104": 32,
        "459": 32,
        "512": 32,
        "507": 32,
        "159": 32,
        "240": 31,
        "442": 31,
        "446": 31,
        "325": 30,
        "56": 30,
        "439": 30,
        "518": 30,
        "617": 29,
        "151": 29,
        "44": 28,
        "458": 28,
        "110": 28,
        "706": 28,
        "324": 27,
        "506": 27,
        "503": 27,
        "641": 25,
        "132": 25,
        "154": 24,
        "509": 24,
        "212": 23,
        "47": 23,
        "248": 23,
        "642": 23,
        "528": 23,
        "207": 22,
        "28": 22,
        "438": 22,
        "444": 21,
        "514": 21,
        "120": 20,
        "420": 19,
        "46": 19,
        "127": 19,
        "602": 19,
        "521": 18,
        "542": 17,
        "140": 16,
        "115": 16,
        "516": 16,
        "41": 15,
        "332": 15,
        "453": 15,
        "400": 15,
        "531": 14,
        "445": 14,
        "319": 13,
        "244": 13,
        "612": 13,
        "139": 13,
        "38": 13,
        "553": 13,
        "145": 13,
        "136": 13,
        "125": 12,
        "452": 12,
        "134": 12,
        "541": 12,
        "135": 12,
        "242": 11,
        "34": 11,
        "504": 10,
        "218": 10,
        "210": 10,
        "113": 10,
        "221": 10,
        "116": 9,
        "435": 9,
        "636": 9,
        "148": 9,
        "251": 9,
        "103": 9,
        "229": 8,
        "430": 8,
        "245": 8,
        "102": 8,
        "153": 7,
        "257": 7,
        "527": 7,
        "117": 7,
        "122": 7,
        "42": 7,
        "119": 7,
        "502": 7,
        "347": 7,
        "129": 7,
        "318": 7,
        "101": 6,
        "208": 6,
        "118": 6,
        "51": 6,
        "425": 5,
        "443": 5,
        "143": 5,
        "340": 5,
        "454": 5,
        "526": 5,
        "133": 5,
        "532": 5,
        "107": 5,
        "49": 5,
        "232": 5,
        "326": 5,
        "146": 5,
        "534": 4,
        "106": 4,
        "441": 4,
        "203": 4,
        "205": 4,
        "142": 4,
        "433": 4,
        "150": 4,
        "121": 4,
        "215": 4,
        "537": 4,
        "141": 4,
        "128": 4,
        "137": 3,
        "108": 3,
        "329": 3,
        "451": 3,
        "216": 3,
        "235": 3,
        "322": 3,
        "447": 3,
        "304": 3,
        "457": 3,
        "330": 3,
        "239": 3,
        "200": 3,
        "301": 3,
        "249": 3,
        "303": 3,
        "138": 3,
        "407": 2,
        "350": 2,
        "222": 2,
        "236": 2,
        "314": 2,
        "316": 2,
        "156": 2,
        "258": 2,
        "300": 2,
        "123": 2,
        "352": 2,
        "313": 2,
        "538": 2,
        "109": 2,
        "311": 2,
        "321": 2,
        "256": 2,
        "157": 2,
        "147": 2,
        "144": 2,
        "202": 2,
        "246": 2,
        "427": 2,
        "111": 2,
        "535": 2,
        "228": 2,
        "238": 1,
        "336": 1,
        "223": 1,
        "354": 1,
        "243": 1,
        "124": 1,
        "356": 1,
        "227": 1,
        "422": 1,
        "341": 1,
        "413": 1,
        "206": 1,
        "432": 1,
        "349": 1,
        "237": 1,
        "339": 1,
        "307": 1,
        "402": 1,
        "410": 1,
        "320": 1,
        "415": 1,
        "241": 1,
        "247": 1,
        "328": 1,
        "335": 1,
        "220": 1,
        "423": 1,
        "302": 1,
        "225": 1,
        "233": 1,
        "426": 1,
        "259": 1,
        "201": 1,
        "152": 1,
        "342": 1,
        "419": 1,
        "204": 1,
        "312": 1,
        "323": 1,
        "358": 1,
        "253": 1,
        "405": 1,
        "327": 1,
        "317": 1,
        "126": 1,
        "359": 1,
        "308": 1
    },
    "nrows": 445827
}