{
    "column_id": "Airline/Airline.csvAirline.csv/OriginCityMarketID",
    "dataset_name": "Airline.csv",
    "dataset_id": "Airline/Airline.csv",
    "path": "/home/ubuntu/CatDB/Experiments/data/Airline/Airline.csv",
    "table_name": "Airline.csv",
    "table_id": "Airline/Airline.csvAirline.csv",
    "column_name": "OriginCityMarketID",
    "data_source": "Airline",
    "data_type": "int",
    "total_values_count": 445827,
    "distinct_values_count": 273,
    "missing_values_count": 0,
    "true_ratio": null,
    "min_value": 30070.0,
    "max_value": 35991.0,
    "mean": 31723.938280992403,
    "median": 31453.0,
    "iqr": 1852.0,
    "category_values": [
        30194,
        31295,
        30559,
        31703,
        32457,
        30977,
        30466,
        31123,
        32467,
        32575,
        31454,
        30325,
        32758,
        31453,
        30423,
        32211,
        34614,
        30436,
        34945,
        30721,
        33830,
        33195,
        33851,
        32134,
        31057,
        34100,
        34492,
        30852,
        34524,
        30397,
        32896,
        30198,
        30615,
        33570,
        30693,
        32441,
        33192,
        32982,
        34819,
        30140,
        33667,
        31136,
        33495,
        33214,
        33198,
        32012,
        32337,
        34262,
        34057,
        31650,
        33342,
        34653,
        31714,
        34570,
        31423,
        33256,
        33316,
        31503,
        34027,
        33044,
        31638,
        31267,
        34992,
        30189,
        31066,
        33502,
        34699,
        31884,
        30713,
        30529,
        33244,
        30647,
        30299,
        30792,
        35096,
        30257,
        34576,
        32323,
        30928,
        34321,
        31995,
        30994,
        32070,
        30599,
        30070,
        30113,
        30107,
        30073,
        31517,
        32523,
        31401,
        35991,
        30913,
        34828,
        34256,
        35841,
        33873,
        33970,
        30666,
        30165,
        34254,
        30732,
        34685,
        34986,
        30785,
        33933,
        31252,
        33105,
        30627,
        30431,
        31986,
        31721,
        31135,
        32448,
        30620,
        31637,
        33728,
        30208,
        31871,
        32945,
        30408,
        31973,
        33360,
        30849,
        30990,
        33485,
        31624,
        35323,
        32951,
        34574,
        31481,
        31504,
        31834,
        31612,
        30434,
        30255,
        31641,
        32600,
        35412,
        35249,
        33486,
        30980,
        35356,
        35497,
        30562,
        30868,
        31775,
        32402,
        32898,
        30135,
        30685,
        31146,
        30158,
        34222,
        32265,
        30155,
        33377,
        31982,
        30476,
        31778,
        33158,
        34674,
        32511,
        33038,
        30747,
        35411,
        33785,
        31921,
        31337,
        31977,
        32884,
        34689,
        30372,
        30285,
        32280,
        34457,
        31648,
        33029,
        30279,
        30561,
        31695,
        33367,
        33076,
        34696,
        34252,
        33304,
        32389,
        31898,
        31895,
        31823,
        34922,
        33184,
        34108,
        35041,
        35389,
        34783,
        31122,
        30781,
        34025,
        31140,
        33388,
        31003,
        31525,
        34236,
        34543,
        31076,
        34150,
        31865,
        30469,
        33264,
        34905,
        31603,
        32547,
        35380,
        34952,
        34794,
        32156,
        34489,
        30157,
        31471,
        31447,
        32519,
        33344,
        32335,
        32255,
        34006,
        31097,
        30141,
        32397,
        30333,
        31587,
        30631,
        33459,
        31013,
        30577,
        34520,
        33127,
        30739,
        32343,
        34113,
        32016,
        32129,
        30779,
        30918,
        33964,
        33792,
        32206,
        32888,
        31953,
        33241,
        34109,
        30728,
        32891,
        30185,
        35401,
        34588,
        31577,
        31049,
        32177,
        31205,
        30894,
        31308,
        34711,
        33277,
        31150,
        30424,
        31537,
        33795,
        35550,
        30146,
        30581,
        30731,
        31617
    ],
    "embedding": [
        -1.0,
        -1.0,
        -1.0,
        1.0,
        -1.0,
        1.0,
        -1.0,
        -1.0,
        -1.0,
        -1.0,
        1.0,
        -1.0,
        -1.0,
        1.0,
        1.0,
        1.0,
        1.0,
        -1.0,
        1.0,
        -1.0,
        1.0,
        -1.0,
        1.0,
        -1.0,
        1.0,
        -1.0,
        -1.0,
        1.0,
        -1.0,
        -1.0,
        1.0,
        1.0,
        -1.0,
        -1.0,
        -1.0,
        1.0,
        -1.0,
        1.0,
        1.0,
        -1.0,
        -1.0,
        1.0,
        -1.0,
        -1.0,
        -1.0,
        -1.0,
        1.0,
        -1.0,
        -1.0,
        -0.9973962903022766,
        -1.0,
        1.0,
        1.0,
        1.0,
        -1.0,
        1.0,
        1.0,
        1.0,
        -1.0,
        0.9998234510421753,
        -1.0,
        -1.0,
        1.0,
        -1.0,
        1.0,
        -1.0,
        1.0,
        -1.0,
        1.0,
        1.0,
        1.0,
        -1.0,
        -1.0,
        -1.0,
        -1.0,
        1.0,
        1.0,
        1.0,
        1.0,
        1.0,
        1.0,
        1.0,
        1.0,
        -1.0,
        -1.0,
        1.0,
        -1.0,
        1.0,
        1.0,
        1.0,
        -1.0,
        1.0,
        1.0,
        -1.0,
        1.0,
        -1.0,
        1.0,
        -1.0,
        -1.0,
        -1.0,
        -0.9997692704200745,
        -1.0,
        1.0,
        -1.0,
        -1.0,
        1.0,
        1.0,
        1.0,
        -1.0,
        -1.0,
        1.0,
        -1.0,
        -1.0,
        1.0,
        1.0,
        1.0,
        1.0,
        1.0,
        1.0,
        -1.0,
        -1.0,
        1.0,
        -1.0,
        -1.0,
        1.0,
        -1.0,
        -1.0,
        -1.0,
        -1.0,
        1.0,
        -1.0,
        1.0,
        -1.0,
        -1.0,
        1.0,
        -1.0,
        -1.0,
        1.0,
        1.0,
        -1.0,
        1.0,
        1.0,
        1.0,
        -1.0,
        1.0,
        -1.0,
        1.0,
        -1.0,
        -1.0,
        -1.0,
        1.0,
        -1.0,
        1.0,
        -1.0,
        1.0,
        -1.0,
        1.0,
        -1.0,
        1.0,
        -1.0,
        -1.0,
        1.0,
        -1.0,
        -1.0,
        1.0,
        -1.0,
        1.0,
        -1.0,
        -1.0,
        -1.0,
        -1.0,
        -1.0,
        1.0,
        1.0,
        -1.0,
        -1.0,
        1.0,
        -1.0,
        -1.0,
        -1.0,
        1.0,
        -1.0,
        -1.0,
        -1.0,
        1.0,
        -1.0,
        1.0,
        -1.0,
        -1.0,
        -1.0,
        1.0,
        1.0,
        1.0,
        1.0,
        -1.0,
        -1.0,
        1.0,
        -1.0,
        -1.0,
        1.0,
        -1.0,
        1.0,
        -1.0,
        -1.0,
        -1.0,
        -1.0,
        1.0,
        1.0,
        -1.0,
        -1.0,
        -1.0,
        1.0,
        -1.0,
        -1.0,
        -1.0,
        1.0,
        -1.0,
        1.0,
        -1.0,
        -1.0,
        1.0,
        -1.0,
        -1.0,
        1.0,
        -1.0,
        -0.9975713491439819,
        1.0,
        -1.0,
        -1.0,
        -1.0,
        1.0,
        -1.0,
        1.0,
        -1.0,
        -1.0,
        1.0,
        -1.0,
        1.0,
        1.0,
        -1.0,
        1.0,
        -0.9979428648948669,
        1.0,
        -1.0,
        1.0,
        1.0,
        -1.0,
        -1.0,
        -1.0,
        1.0,
        1.0,
        1.0,
        -1.0,
        -1.0,
        -1.0,
        1.0,
        1.0,
        -1.0,
        -1.0,
        -1.0,
        1.0,
        1.0,
        1.0,
        -1.0,
        1.0,
        -1.0,
        -1.0,
        -1.0,
        1.0,
        1.0,
        -0.9997580051422119,
        -1.0,
        -1.0,
        1.0,
        -1.0,
        1.0,
        1.0,
        1.0,
        1.0,
        1.0,
        1.0,
        -1.0,
        1.0,
        1.0,
        1.0,
        -1.0,
        -1.0,
        1.0,
        -1.0,
        -1.0,
        -1.0,
        1.0,
        -1.0,
        -1.0,
        -1.0,
        -1.0,
        -1.0,
        1.0,
        1.0,
        1.0
    ],
    "embedding_scaling_factor": 4.6726908683776855,
    "samples": [
        31453,
        33198,
        30721,
        31703,
        30852,
        30721,
        31703,
        31453,
        30647,
        30397,
        32457,
        30647,
        34027,
        32575,
        34262,
        31641,
        31453,
        30559,
        30977,
        31703,
        31703,
        32134,
        31703,
        30852,
        33570,
        30529,
        30466,
        31638,
        31650,
        30852,
        34819,
        34614,
        30977,
        33495,
        30852,
        31057,
        31453,
        31884,
        30198,
        32575,
        31453,
        31703,
        30397,
        32211,
        32211,
        30559,
        31057,
        34819,
        31453,
        30977,
        31703,
        30721,
        31123,
        31136,
        30781,
        30140,
        31295,
        32575,
        31454,
        34614,
        31703,
        32575,
        30852,
        32337,
        32575,
        32575,
        32457,
        33570,
        31057,
        34100,
        30977,
        30852,
        33316,
        32575,
        33198,
        34524,
        31295,
        33195,
        30627,
        32575,
        31453,
        31454,
        31703,
        30325,
        30397,
        33244,
        30721,
        30397,
        31057,
        30977,
        30466,
        34819,
        32457,
        30397,
        32898,
        32575,
        34492,
        32575,
        30721,
        32211
    ],
    "category_values_ratio": {
        "30397": 29870,
        "31703": 25577,
        "30977": 25289,
        "32575": 24028,
        "30194": 22360,
        "32457": 20075,
        "30325": 17519,
        "31453": 16200,
        "30852": 16165,
        "32467": 13761,
        "30466": 13024,
        "32211": 12246,
        "31454": 10739,
        "30721": 10527,
        "30559": 9749,
        "31650": 9581,
        "31295": 9489,
        "31057": 9213,
        "34614": 8684,
        "33570": 6016,
        "33195": 6006,
        "34100": 5664,
        "31123": 4321,
        "34057": 4136,
        "30693": 3898,
        "32134": 3870,
        "30423": 3581,
        "33495": 3507,
        "33198": 3320,
        "31714": 3294,
        "30647": 3173,
        "33192": 3152,
        "33342": 2703,
        "34492": 2569,
        "34027": 2436,
        "34819": 2408,
        "33214": 2342,
        "32337": 2209,
        "33830": 1909,
        "30198": 1887,
        "31066": 1774,
        "30529": 1520,
        "31136": 1500,
        "30140": 1443,
        "30436": 1419,
        "33316": 1409,
        "33851": 1322,
        "30792": 1307,
        "33105": 1253,
        "30299": 1232,
        "34653": 1199,
        "30713": 1172,
        "34524": 1155,
        "33244": 1151,
        "30994": 1015,
        "32982": 1005,
        "34570": 1001,
        "32758": 990,
        "34262": 978,
        "33667": 934,
        "30599": 891,
        "30615": 879,
        "31884": 857,
        "30257": 758,
        "31986": 753,
        "33044": 746,
        "30928": 688,
        "31423": 656,
        "30189": 628,
        "32600": 614,
        "30372": 607,
        "31638": 598,
        "30781": 590,
        "34576": 585,
        "33485": 576,
        "31267": 572,
        "31871": 536,
        "34685": 531,
        "35412": 525,
        "34689": 500,
        "32402": 492,
        "30476": 481,
        "33158": 471,
        "35096": 458,
        "34945": 448,
        "33728": 443,
        "32448": 429,
        "30868": 427,
        "31995": 427,
        "32441": 403,
        "32896": 399,
        "34696": 396,
        "34321": 377,
        "31637": 374,
        "31834": 367,
        "32945": 365,
        "31504": 360,
        "30562": 353,
        "32523": 345,
        "30980": 343,
        "31775": 343,
        "34986": 327,
        "31481": 323,
        "30255": 314,
        "30158": 310,
        "31503": 309,
        "31823": 308,
        "34252": 298,
        "31721": 296,
        "31603": 291,
        "30620": 283,
        "30408": 270,
        "30849": 269,
        "32951": 269,
        "30785": 264,
        "31973": 264,
        "34108": 249,
        "32884": 249,
        "31140": 248,
        "33377": 247,
        "30279": 246,
        "32206": 244,
        "31003": 242,
        "31977": 241,
        "33264": 235,
        "34783": 231,
        "33029": 231,
        "31135": 228,
        "34236": 221,
        "31612": 220,
        "34457": 218,
        "33367": 216,
        "31982": 214,
        "34922": 210,
        "30627": 208,
        "35249": 208,
        "32280": 208,
        "30185": 208,
        "30469": 206,
        "30431": 204,
        "31146": 196,
        "32323": 196,
        "30208": 196,
        "31953": 194,
        "33256": 194,
        "33277": 191,
        "32070": 189,
        "33184": 189,
        "31921": 188,
        "30561": 188,
        "30747": 187,
        "31401": 186,
        "34699": 185,
        "31624": 184,
        "34489": 183,
        "34574": 183,
        "33486": 181,
        "30135": 180,
        "31537": 179,
        "33785": 177,
        "31517": 174,
        "31337": 173,
        "30732": 172,
        "30990": 170,
        "35411": 170,
        "32389": 169,
        "35356": 168,
        "35323": 162,
        "33038": 162,
        "31695": 157,
        "31641": 154,
        "30434": 153,
        "34794": 153,
        "33502": 153,
        "31895": 151,
        "33304": 151,
        "31778": 148,
        "31252": 147,
        "30155": 145,
        "34952": 142,
        "31122": 139,
        "31648": 138,
        "30157": 125,
        "35389": 122,
        "32156": 118,
        "33360": 117,
        "31308": 116,
        "35041": 115,
        "30285": 105,
        "34992": 98,
        "35380": 95,
        "30666": 95,
        "31898": 94,
        "32898": 93,
        "34828": 92,
        "30685": 91,
        "33795": 90,
        "34520": 88,
        "31865": 88,
        "32891": 87,
        "30731": 86,
        "30728": 85,
        "35550": 84,
        "35401": 83,
        "30894": 83,
        "32129": 83,
        "33241": 83,
        "31150": 81,
        "30113": 81,
        "30107": 80,
        "30073": 80,
        "30146": 79,
        "32547": 77,
        "30577": 76,
        "31205": 75,
        "32519": 74,
        "34254": 73,
        "33344": 62,
        "35841": 62,
        "31076": 62,
        "31471": 62,
        "34006": 62,
        "30141": 62,
        "30631": 62,
        "34256": 62,
        "32511": 62,
        "33970": 61,
        "33873": 61,
        "34905": 61,
        "33792": 61,
        "33933": 60,
        "35991": 60,
        "30913": 60,
        "32397": 59,
        "34674": 58,
        "31577": 58,
        "31013": 58,
        "34711": 58,
        "30779": 58,
        "30424": 57,
        "34543": 57,
        "32335": 57,
        "34113": 56,
        "31617": 55,
        "33127": 55,
        "34150": 54,
        "32343": 54,
        "33459": 54,
        "31049": 54,
        "31525": 53,
        "32888": 52,
        "32255": 52,
        "34109": 52,
        "30739": 52,
        "30333": 52,
        "31587": 52,
        "30918": 51,
        "32177": 49,
        "33076": 49,
        "31447": 48,
        "32012": 48,
        "30070": 43,
        "31097": 33,
        "33388": 32,
        "34025": 31,
        "32016": 31,
        "32265": 31,
        "33964": 17,
        "34222": 10,
        "30165": 9,
        "30581": 6,
        "34588": 4,
        "35497": 3
    },
    "nrows": 445827
}