{
    "column_id": "Airline/Airline.csvAirline.csv/OriginAirportID",
    "dataset_name": "Airline.csv",
    "dataset_id": "Airline/Airline.csv",
    "path": "/home/ubuntu/CatDB/Experiments/data/Airline/Airline.csv",
    "table_name": "Airline.csv",
    "table_id": "Airline/Airline.csvAirline.csv",
    "column_name": "OriginAirportID",
    "data_source": "Airline",
    "data_type": "int",
    "total_values_count": 445827,
    "distinct_values_count": 294,
    "missing_values_count": 0,
    "true_ratio": null,
    "min_value": 10135.0,
    "max_value": 16218.0,
    "mean": 12682.120789005601,
    "median": 12889.0,
    "iqr": 2735.0,
    "category_values": [
        11298,
        11433,
        14747,
        12478,
        14831,
        13930,
        14107,
        12953,
        15016,
        11697,
        12892,
        13204,
        11292,
        13303,
        12758,
        12266,
        10423,
        12889,
        14869,
        15376,
        15024,
        10721,
        14771,
        13830,
        15304,
        14908,
        13851,
        12173,
        11057,
        14100,
        14492,
        11618,
        11278,
        14524,
        10397,
        12896,
        14122,
        11540,
        14679,
        10693,
        12441,
        14893,
        12264,
        12982,
        14843,
        10140,
        13931,
        12451,
        13495,
        14683,
        13198,
        12012,
        12339,
        14262,
        14057,
        10821,
        13487,
        13342,
        15370,
        13891,
        14635,
        14570,
        11423,
        13256,
        13871,
        11503,
        14027,
        14730,
        11638,
        11267,
        15027,
        11109,
        11066,
        13502,
        12094,
        11884,
        10713,
        10529,
        13244,
        11042,
        12191,
        13796,
        10299,
        10792,
        15096,
        10257,
        14307,
        14576,
        12323,
        12278,
        14321,
        11995,
        10994,
        13230,
        10599,
        10170,
        10551,
        10754,
        14709,
        11630,
        12523,
        12819,
        15991,
        10926,
        14828,
        14256,
        15841,
        13873,
        13970,
        10800,
        10666,
        10165,
        15070,
        12954,
        14254,
        10732,
        12197,
        14685,
        14986,
        10785,
        13933,
        11252,
        11193,
        10627,
        10431,
        11986,
        11721,
        13577,
        12448,
        10620,
        11637,
        14193,
        10208,
        11996,
        12945,
        11259,
        10408,
        11973,
        13360,
        10849,
        10874,
        10990,
        13485,
        11624,
        15323,
        12951,
        14574,
        11481,
        15624,
        15919,
        11612,
        10434,
        13232,
        12217,
        11641,
        12992,
        15412,
        15249,
        13486,
        10980,
        15356,
        15497,
        13422,
        14098,
        10868,
        11775,
        12402,
        12898,
        10135,
        10685,
        11146,
        10158,
        14222,
        12265,
        10155,
        13377,
        11982,
        14814,
        11778,
        13158,
        14674,
        12511,
        13061,
        10747,
        15411,
        16218,
        11921,
        11337,
        11977,
        12884,
        14689,
        10372,
        11413,
        12280,
        14457,
        11648,
        13029,
        10279,
        10561,
        11695,
        13367,
        13076,
        14696,
        14252,
        13433,
        12389,
        11898,
        12003,
        11823,
        13476,
        13184,
        14108,
        15041,
        15389,
        14783,
        11122,
        10781,
        14025,
        11140,
        13388,
        11003,
        11525,
        14698,
        14543,
        11076,
        14150,
        11865,
        10469,
        13264,
        14905,
        11603,
        14633,
        15380,
        14952,
        14794,
        12156,
        14489,
        10157,
        11471,
        11447,
        12519,
        13344,
        12335,
        12255,
        14006,
        11097,
        10141,
        12397,
        10333,
        11587,
        10631,
        13459,
        11013,
        10577,
        14520,
        13127,
        10739,
        12343,
        14113,
        12016,
        12129,
        10779,
        10918,
        13964,
        14487,
        12206,
        12391,
        13296,
        12888,
        11953,
        13241,
        14109,
        10728,
        12891,
        10185,
        15401,
        14588,
        11577,
        11049,
        12177,
        12915,
        12007,
        11308,
        14711,
        13277,
        11150,
        11203,
        11537,
        13795,
        15607,
        10146,
        10581,
        10731,
        11617
    ],
    "embedding": [
        -1.0,
        -1.0,
        -1.0,
        1.0,
        -1.0,
        1.0,
        -1.0,
        -1.0,
        -1.0,
        -1.0,
        1.0,
        -1.0,
        -1.0,
        1.0,
        1.0,
        1.0,
        1.0,
        -1.0,
        1.0,
        -1.0,
        1.0,
        -1.0,
        1.0,
        -1.0,
        1.0,
        -1.0,
        -1.0,
        1.0,
        -1.0,
        -1.0,
        1.0,
        1.0,
        -1.0,
        -1.0,
        -1.0,
        1.0,
        -1.0,
        1.0,
        1.0,
        -1.0,
        -1.0,
        1.0,
        -1.0,
        -1.0,
        -1.0,
        -1.0,
        1.0,
        -1.0,
        -1.0,
        -0.9981065392494202,
        -1.0,
        1.0,
        1.0,
        1.0,
        -1.0,
        1.0,
        1.0,
        1.0,
        -1.0,
        0.999607264995575,
        -1.0,
        -1.0,
        1.0,
        -1.0,
        1.0,
        -1.0,
        1.0,
        -1.0,
        1.0,
        1.0,
        1.0,
        -1.0,
        -1.0,
        -1.0,
        -1.0,
        1.0,
        1.0,
        1.0,
        1.0,
        1.0,
        1.0,
        1.0,
        1.0,
        -1.0,
        -1.0,
        1.0,
        -1.0,
        1.0,
        1.0,
        1.0,
        -1.0,
        1.0,
        1.0,
        -1.0,
        1.0,
        -1.0,
        1.0,
        -1.0,
        -1.0,
        -1.0,
        -0.9988359808921814,
        -1.0,
        1.0,
        -1.0,
        -1.0,
        1.0,
        1.0,
        1.0,
        -1.0,
        -1.0,
        1.0,
        -1.0,
        -1.0,
        1.0,
        1.0,
        1.0,
        1.0,
        1.0,
        1.0,
        -1.0,
        -1.0,
        1.0,
        -1.0,
        -1.0,
        1.0,
        -1.0,
        -1.0,
        -1.0,
        -1.0,
        1.0,
        -1.0,
        1.0,
        -1.0,
        -1.0,
        1.0,
        -1.0,
        -1.0,
        1.0,
        1.0,
        -1.0,
        1.0,
        1.0,
        1.0,
        -1.0,
        1.0,
        -1.0,
        1.0,
        -1.0,
        -1.0,
        -1.0,
        1.0,
        -1.0,
        1.0,
        -1.0,
        1.0,
        -1.0,
        1.0,
        -1.0,
        1.0,
        -1.0,
        -1.0,
        1.0,
        -1.0,
        -1.0,
        1.0,
        -1.0,
        1.0,
        -1.0,
        -1.0,
        -1.0,
        -1.0,
        -1.0,
        1.0,
        1.0,
        -1.0,
        -1.0,
        1.0,
        -1.0,
        -1.0,
        -1.0,
        1.0,
        -1.0,
        -1.0,
        -1.0,
        1.0,
        -1.0,
        1.0,
        -1.0,
        -1.0,
        -1.0,
        1.0,
        1.0,
        1.0,
        1.0,
        -1.0,
        -1.0,
        1.0,
        -1.0,
        -1.0,
        1.0,
        -1.0,
        1.0,
        -1.0,
        -1.0,
        -1.0,
        -1.0,
        1.0,
        1.0,
        -1.0,
        -1.0,
        -1.0,
        1.0,
        -1.0,
        -1.0,
        -1.0,
        1.0,
        -1.0,
        1.0,
        -1.0,
        -1.0,
        1.0,
        -1.0,
        -1.0,
        1.0,
        -1.0,
        -0.998694658279419,
        1.0,
        -1.0,
        -1.0,
        -1.0,
        1.0,
        -1.0,
        1.0,
        -1.0,
        -1.0,
        1.0,
        -1.0,
        1.0,
        1.0,
        -1.0,
        1.0,
        -0.991542637348175,
        1.0,
        -1.0,
        1.0,
        1.0,
        -1.0,
        -1.0,
        -1.0,
        1.0,
        1.0,
        1.0,
        -1.0,
        -1.0,
        -1.0,
        1.0,
        1.0,
        -1.0,
        -1.0,
        -1.0,
        1.0,
        1.0,
        1.0,
        -1.0,
        1.0,
        -1.0,
        -1.0,
        -1.0,
        1.0,
        1.0,
        -0.9986680150032043,
        -1.0,
        -1.0,
        1.0,
        -1.0,
        1.0,
        1.0,
        1.0,
        1.0,
        1.0,
        1.0,
        -1.0,
        1.0,
        1.0,
        1.0,
        -1.0,
        -1.0,
        1.0,
        -1.0,
        -1.0,
        -1.0,
        1.0,
        -1.0,
        -1.0,
        -1.0,
        -1.0,
        -1.0,
        1.0,
        1.0,
        1.0
    ],
    "embedding_scaling_factor": 71.94992065429688,
    "samples": [
        13204,
        12892,
        12953,
        12892,
        13871,
        10821,
        13204,
        13930,
        10146,
        10693,
        10721,
        14771,
        10397,
        12892,
        10713,
        13830,
        11292,
        11298,
        10599,
        14843,
        14869,
        12889,
        12478,
        14679,
        14831,
        13204,
        12391,
        11278,
        11292,
        11298,
        14100,
        10397,
        12451,
        11298,
        10397,
        10721,
        14747,
        11298,
        10693,
        10423,
        10397,
        10721,
        12266,
        11298,
        14635,
        13930,
        10397,
        11292,
        12992,
        14122,
        12889,
        12266,
        11292,
        13930,
        10721,
        10397,
        12953,
        11433,
        14831,
        14107,
        12953,
        10299,
        11292,
        11697,
        13204,
        10821,
        10693,
        14771,
        11259,
        13198,
        12954,
        10397,
        10693,
        10397,
        13495,
        12266,
        14100,
        12478,
        15370,
        14057,
        11298,
        14747,
        14107,
        14570,
        11292,
        12191,
        14869,
        12173,
        13930,
        10299,
        13487,
        12889,
        13204,
        11433,
        14107,
        11057,
        14492,
        11292,
        12892,
        10397
    ],
    "category_values_ratio": {
        "10397": 29870,
        "13930": 18610,
        "11292": 17519,
        "11298": 16565,
        "12892": 16427,
        "14771": 13207,
        "14107": 13024,
        "12889": 12246,
        "12266": 11660,
        "13204": 10739,
        "14747": 9749,
        "13487": 9581,
        "11433": 9489,
        "11057": 9213,
        "10721": 9088,
        "14869": 8684,
        "11618": 8526,
        "12953": 8028,
        "12478": 8027,
        "11697": 7678,
        "10821": 7181,
        "13232": 6679,
        "11278": 6447,
        "13303": 6083,
        "14679": 6016,
        "15304": 6006,
        "11259": 5795,
        "14100": 5664,
        "12191": 4540,
        "15016": 4321,
        "14057": 4136,
        "10693": 3898,
        "12173": 3870,
        "13796": 3654,
        "10423": 3581,
        "13495": 3507,
        "14908": 3465,
        "13198": 3320,
        "14635": 3294,
        "14831": 3214,
        "14893": 3152,
        "13342": 2703,
        "11042": 2680,
        "14492": 2569,
        "12264": 2537,
        "14027": 2436,
        "14843": 2408,
        "14683": 2342,
        "12339": 2209,
        "13830": 1909,
        "14122": 1887,
        "10800": 1783,
        "11066": 1774,
        "13891": 1598,
        "10529": 1520,
        "12451": 1500,
        "10140": 1443,
        "15376": 1419,
        "13871": 1409,
        "13851": 1322,
        "10792": 1307,
        "11193": 1253,
        "10299": 1232,
        "15370": 1199,
        "10713": 1172,
        "14524": 1155,
        "13244": 1151,
        "10994": 1015,
        "12982": 1005,
        "14570": 1001,
        "14307": 996,
        "12758": 990,
        "14262": 978,
        "10599": 891,
        "11540": 879,
        "11884": 857,
        "13931": 846,
        "10257": 758,
        "12954": 755,
        "11986": 753,
        "14730": 746,
        "12278": 688,
        "11423": 656,
        "11109": 628,
        "12992": 614,
        "10372": 607,
        "11638": 598,
        "10781": 590,
        "14576": 585,
        "13485": 576,
        "11267": 572,
        "12197": 548,
        "11996": 536,
        "14685": 531,
        "15412": 525,
        "14689": 500,
        "10874": 493,
        "12402": 492,
        "14814": 481,
        "13158": 471,
        "15096": 458,
        "15024": 448,
        "14193": 443,
        "13296": 443,
        "12448": 429,
        "10868": 427,
        "11995": 427,
        "12441": 403,
        "12896": 399,
        "14696": 396,
        "12391": 381,
        "14321": 377,
        "11637": 374,
        "15919": 367,
        "12945": 365,
        "15624": 360,
        "13422": 353,
        "12523": 345,
        "10980": 343,
        "11775": 343,
        "14986": 327,
        "11481": 323,
        "12217": 314,
        "10158": 310,
        "11503": 309,
        "11823": 308,
        "14252": 298,
        "11721": 296,
        "11603": 291,
        "10620": 283,
        "10408": 270,
        "10849": 269,
        "12951": 269,
        "10785": 264,
        "11973": 264,
        "14108": 249,
        "12884": 249,
        "11140": 248,
        "13377": 247,
        "10279": 246,
        "12206": 244,
        "11003": 242,
        "11977": 241,
        "13264": 235,
        "14783": 231,
        "13029": 231,
        "13577": 228,
        "14698": 221,
        "11612": 220,
        "14457": 218,
        "13367": 216,
        "11982": 214,
        "13476": 210,
        "12280": 208,
        "10185": 208,
        "15249": 208,
        "10627": 208,
        "10469": 206,
        "10431": 204,
        "12323": 196,
        "10208": 196,
        "11146": 196,
        "11953": 194,
        "13256": 194,
        "13277": 191,
        "13184": 189,
        "13230": 189,
        "10561": 188,
        "11921": 188,
        "10747": 187,
        "12819": 186,
        "12094": 185,
        "11624": 184,
        "14489": 183,
        "14574": 183,
        "13486": 181,
        "10135": 180,
        "11537": 179,
        "16218": 177,
        "11630": 174,
        "11337": 173,
        "10732": 172,
        "15411": 170,
        "10990": 170,
        "12389": 169,
        "15356": 168,
        "13061": 162,
        "15323": 162,
        "11695": 157,
        "11641": 154,
        "13502": 153,
        "10434": 153,
        "14794": 153,
        "12003": 151,
        "13433": 151,
        "11778": 148,
        "11252": 147,
        "10155": 145,
        "14952": 142,
        "11122": 139,
        "11648": 138,
        "10157": 125,
        "15389": 122,
        "12156": 118,
        "13360": 117,
        "11308": 116,
        "15041": 115,
        "11413": 105,
        "15027": 98,
        "10666": 95,
        "15380": 95,
        "11898": 94,
        "12898": 93,
        "14828": 92,
        "10685": 91,
        "13795": 90,
        "11865": 88,
        "14520": 88,
        "14098": 88,
        "12891": 87,
        "10731": 86,
        "10728": 85,
        "15607": 84,
        "15401": 83,
        "12129": 83,
        "12007": 83,
        "13241": 83,
        "10551": 81,
        "11150": 81,
        "14709": 80,
        "10754": 80,
        "10146": 79,
        "14633": 77,
        "10577": 76,
        "12915": 75,
        "12519": 74,
        "14254": 73,
        "15070": 67,
        "11471": 62,
        "13344": 62,
        "11076": 62,
        "12511": 62,
        "15841": 62,
        "14256": 62,
        "14006": 62,
        "10631": 62,
        "10141": 62,
        "14487": 61,
        "14905": 61,
        "13873": 61,
        "13970": 61,
        "10926": 60,
        "15991": 60,
        "13933": 60,
        "12397": 59,
        "11013": 58,
        "10779": 58,
        "14711": 58,
        "14674": 58,
        "11577": 58,
        "14543": 57,
        "11203": 57,
        "12335": 57,
        "14113": 56,
        "11617": 55,
        "13127": 55,
        "11049": 54,
        "12343": 54,
        "14150": 54,
        "13459": 54,
        "11525": 53,
        "14109": 52,
        "10739": 52,
        "11587": 52,
        "10333": 52,
        "12888": 52,
        "12255": 52,
        "10918": 51,
        "12177": 49,
        "13076": 49,
        "12012": 48,
        "11447": 48,
        "10170": 43,
        "11097": 33,
        "13388": 32,
        "14025": 31,
        "12016": 31,
        "12265": 31,
        "13964": 17,
        "14222": 10,
        "10165": 9,
        "10581": 6,
        "14588": 4,
        "15497": 3
    },
    "nrows": 445827
}