{
    "column_id": "Airline/Airline.csvAirline.csv/AirTime",
    "dataset_name": "Airline.csv",
    "dataset_id": "Airline/Airline.csv",
    "path": "/home/ubuntu/CatDB/Experiments/data/Airline/Airline.csv",
    "table_name": "Airline.csv",
    "table_id": "Airline/Airline.csvAirline.csv",
    "column_name": "AirTime",
    "data_source": "Airline",
    "data_type": "int",
    "total_values_count": 445827,
    "distinct_values_count": 613,
    "missing_values_count": 12529,
    "true_ratio": null,
    "min_value": 8.0,
    "max_value": 698.0,
    "mean": 116.39581765897834,
    "median": 98.0,
    "iqr": 86.0,
    "category_values": [
        132,
        126,
        135,
        129,
        137,
        128,
        136,
        130,
        133,
        118,
        138,
        123,
        131,
        141,
        121,
        119,
        147,
        149,
        146,
        145,
        142,
        144,
        157,
        155,
        143,
        139,
        150,
        158,
        156,
        151,
        161,
        165,
        294,
        292,
        277,
        296,
        297,
        295,
        288,
        335,
        287,
        283,
        274,
        285,
        281,
        273,
        282,
        280,
        324,
        334,
        337,
        326,
        327,
        323,
        314,
        317,
        320,
        355,
        378,
        362,
        350,
        333,
        343,
        344,
        354,
        340,
        357,
        342,
        339,
        220,
        225,
        222,
        245,
        244,
        235,
        251,
        239,
        234,
        246,
        240,
        247,
        255,
        256,
        242,
        258,
        257,
        266,
        262,
        248,
        227,
        232,
        259,
        275,
        260,
        109,
        108,
        99,
        114,
        105,
        106,
        104,
        112,
        115,
        111,
        107,
        117,
        116,
        91,
        78,
        81,
        85,
        88,
        89,
        86,
        80,
        83,
        87,
        75,
        94,
        84,
        98,
        79,
        92,
        97,
        82,
        93,
        76,
        77,
        72,
        71,
        68,
        70,
        73,
        253,
        252,
        270,
        264,
        261,
        265,
        269,
        267,
        263,
        271,
        268,
        278,
        279,
        243,
        140,
        124,
        134,
        122,
        152,
        154,
        148,
        189,
        195,
        191,
        204,
        208,
        201,
        198,
        203,
        207,
        215,
        192,
        205,
        196,
        209,
        199,
        250,
        230,
        223,
        224,
        241,
        237,
        236,
        233,
        249,
        284,
        291,
        276,
        290,
        330,
        341,
        347,
        363,
        358,
        336,
        338,
        331,
        348,
        345,
        332,
        328,
        329,
        321,
        322,
        325,
        125,
        159,
        162,
        169,
        164,
        178,
        176,
        167,
        170,
        173,
        171,
        172,
        166,
        179,
        168,
        110,
        177,
        163,
        153,
        127,
        160,
        183,
        190,
        197,
        188,
        194,
        193,
        182,
        212,
        218,
        180,
        221,
        216,
        238,
        228,
        217,
        211,
        210,
        254,
        309,
        306,
        302,
        311,
        315,
        318,
        304,
        313,
        310,
        40,
        39,
        41,
        42,
        51,
        52,
        44,
        43,
        46,
        50,
        48,
        53,
        45,
        120,
        103,
        101,
        100,
        102,
        226,
        219,
        231,
        214,
        229,
        55,
        38,
        37,
        186,
        300,
        299,
        298,
        312,
        303,
        307,
        74,
        69,
        352,
        349,
        175,
        174,
        293,
        54,
        59,
        67,
        58,
        57,
        56,
        66,
        63,
        62,
        61,
        60,
        305,
        308,
        301,
        319,
        272,
        49,
        200,
        202,
        35,
        47,
        36,
        360,
        359,
        346,
        369,
        361,
        353,
        375,
        377,
        184,
        181,
        187,
        185,
        351,
        356,
        286,
        289,
        505,
        514,
        504,
        527,
        518,
        495,
        494,
        522,
        493,
        510,
        500,
        497,
        503,
        521,
        506,
        526,
        509,
        502,
        487,
        480,
        469,
        486,
        34,
        33,
        32,
        30,
        379,
        381,
        372,
        385,
        392,
        401,
        400,
        399,
        397,
        390,
        382,
        383,
        394,
        398,
        391,
        386,
        414,
        423,
        374,
        371,
        485,
        484,
        520,
        496,
        481,
        516,
        508,
        482,
        501,
        488,
        545,
        489,
        468,
        461,
        464,
        483,
        368,
        404,
        402,
        409,
        416,
        410,
        396,
        384,
        395,
        407,
        419,
        418,
        436,
        422,
        411,
        366,
        367,
        387,
        316,
        364,
        370,
        365,
        206,
        376,
        373,
        213,
        380,
        96,
        90,
        65,
        64,
        113,
        412,
        95,
        388,
        389,
        403,
        393,
        417,
        406,
        408,
        427,
        29,
        490,
        499,
        519,
        491,
        473,
        498,
        561,
        532,
        477,
        525,
        507,
        524,
        534,
        476,
        492,
        530,
        31,
        28,
        27,
        24,
        26,
        25,
        430,
        405,
        441,
        433,
        432,
        21,
        22,
        429,
        425,
        450,
        434,
        20,
        23,
        424,
        413,
        415,
        431,
        19,
        18,
        421,
        14,
        8,
        442,
        11,
        12,
        9,
        10,
        13,
        15,
        17,
        16,
        443,
        590,
        420,
        629,
        458,
        579,
        644,
        428,
        523,
        513,
        560,
        539,
        528,
        542,
        613,
        553,
        636,
        633,
        435,
        448,
        474,
        438,
        544,
        467,
        456,
        623,
        515,
        557,
        624,
        437,
        454,
        440,
        536,
        463,
        465,
        559,
        614,
        475,
        541,
        640,
        439,
        447,
        548,
        445,
        453,
        543,
        540,
        551,
        535,
        511,
        657,
        683,
        655,
        656,
        662,
        637,
        635,
        641,
        679,
        658,
        698,
        667,
        653,
        695,
        678,
        664,
        674,
        659,
        682,
        646,
        625,
        645,
        681,
        446,
        533,
        452,
        688,
        531,
        512,
        451,
        565,
        552,
        517,
        459,
        622,
        529,
        444,
        619,
        601,
        470,
        638,
        457,
        538,
        660,
        556,
        621,
        460,
        610,
        627,
        602,
        642,
        466,
        628,
        426,
        449,
        647,
        669,
        574,
        666,
        654,
        589,
        594,
        562,
        631,
        462,
        587,
        580,
        598,
        479,
        567,
        600,
        605,
        583,
        597,
        595,
        571,
        591,
        572,
        472,
        537,
        576
    ],
    "embedding": [
        -1.0,
        -1.0,
        -1.0,
        1.0,
        -1.0,
        1.0,
        -1.0,
        -1.0,
        -0.999975323677063,
        -1.0,
        1.0,
        -1.0,
        -1.0,
        1.0,
        1.0,
        1.0,
        1.0,
        -1.0,
        1.0,
        -1.0,
        1.0,
        -1.0,
        1.0,
        -1.0,
        1.0,
        -1.0,
        -1.0,
        1.0,
        -1.0,
        -1.0,
        1.0,
        1.0,
        -1.0,
        -1.0,
        -1.0,
        1.0,
        -1.0,
        1.0,
        1.0,
        -1.0,
        -1.0,
        1.0,
        -1.0,
        -1.0,
        -1.0,
        -1.0,
        1.0,
        -1.0,
        -0.9999704360961914,
        -0.990057110786438,
        -1.0,
        1.0,
        1.0,
        1.0,
        -1.0,
        1.0,
        1.0,
        1.0,
        -1.0,
        0.9995321035385132,
        -1.0,
        -1.0,
        1.0,
        -1.0,
        1.0,
        -1.0,
        1.0,
        -1.0,
        1.0,
        1.0,
        1.0,
        -1.0,
        -1.0,
        -1.0,
        -1.0,
        1.0,
        1.0,
        1.0,
        1.0,
        1.0,
        1.0,
        1.0,
        1.0,
        -1.0,
        -1.0,
        1.0,
        -1.0,
        1.0,
        1.0,
        1.0,
        -1.0,
        1.0,
        1.0,
        -1.0,
        1.0,
        -1.0,
        1.0,
        -1.0,
        -1.0,
        -1.0,
        -0.9995778203010559,
        -1.0,
        1.0,
        -1.0,
        -1.0,
        1.0,
        1.0,
        1.0,
        -1.0,
        -1.0,
        1.0,
        -1.0,
        -1.0,
        1.0,
        1.0,
        1.0,
        1.0,
        1.0,
        1.0,
        -1.0,
        -1.0,
        1.0,
        -1.0,
        -1.0,
        1.0,
        -1.0,
        -1.0,
        -0.999820351600647,
        -1.0,
        1.0,
        -1.0,
        1.0,
        -1.0,
        -1.0,
        1.0,
        -1.0,
        -1.0,
        1.0,
        1.0,
        -1.0,
        1.0,
        1.0,
        1.0,
        -1.0,
        1.0,
        -1.0,
        1.0,
        -1.0,
        -1.0,
        -1.0,
        0.9991146326065063,
        -1.0,
        1.0,
        -1.0,
        1.0,
        -1.0,
        1.0,
        -1.0,
        1.0,
        -1.0,
        -1.0,
        1.0,
        -1.0,
        -1.0,
        1.0,
        -1.0,
        1.0,
        -1.0,
        -1.0,
        -1.0,
        -1.0,
        -1.0,
        1.0,
        1.0,
        -1.0,
        -1.0,
        1.0,
        -1.0,
        -1.0,
        -1.0,
        1.0,
        -1.0,
        -1.0,
        -1.0,
        1.0,
        -1.0,
        1.0,
        -1.0,
        -1.0,
        -1.0,
        1.0,
        1.0,
        1.0,
        1.0,
        -1.0,
        -1.0,
        1.0,
        -1.0,
        -1.0,
        1.0,
        -1.0,
        1.0,
        -1.0,
        -1.0,
        -1.0,
        -1.0,
        1.0,
        1.0,
        -1.0,
        -1.0,
        -1.0,
        1.0,
        -1.0,
        -1.0,
        -1.0,
        1.0,
        -1.0,
        1.0,
        -1.0,
        -1.0,
        1.0,
        -1.0,
        -1.0,
        1.0,
        -0.9999778270721436,
        -0.9911545515060425,
        1.0,
        -1.0,
        -1.0,
        -1.0,
        1.0,
        -1.0,
        1.0,
        -1.0,
        -1.0,
        1.0,
        -1.0,
        1.0,
        1.0,
        -0.9999945163726807,
        1.0,
        -0.992671012878418,
        1.0,
        -1.0,
        1.0,
        1.0,
        -1.0,
        -1.0,
        -1.0,
        1.0,
        1.0,
        1.0,
        -1.0,
        -1.0,
        -1.0,
        1.0,
        1.0,
        -1.0,
        -1.0,
        -1.0,
        1.0,
        1.0,
        1.0,
        -1.0,
        1.0,
        -1.0,
        -1.0,
        -1.0,
        1.0,
        1.0,
        -0.9996501803398132,
        -1.0,
        -1.0,
        1.0,
        -1.0,
        1.0,
        1.0,
        1.0,
        1.0,
        1.0,
        1.0,
        -1.0,
        1.0,
        1.0,
        1.0,
        -1.0,
        -1.0,
        1.0,
        -1.0,
        -1.0,
        -1.0,
        1.0,
        -1.0,
        -1.0,
        -1.0,
        -1.0,
        -1.0,
        1.0,
        1.0,
        1.0
    ],
    "embedding_scaling_factor": 63.562679290771484,
    "samples": [
        125,
        70,
        94,
        111,
        211,
        138,
        71,
        99,
        240,
        328,
        87,
        53,
        163,
        106,
        62,
        68,
        117,
        138,
        47,
        176,
        103,
        55,
        229,
        112,
        64,
        142,
        120,
        106,
        36,
        66,
        31,
        85,
        75,
        36,
        202,
        75,
        110,
        67,
        28,
        116,
        53,
        66,
        135,
        335,
        86,
        82,
        45,
        70,
        225,
        50,
        45,
        64,
        82,
        132,
        247,
        113,
        284,
        116,
        95,
        43,
        102,
        135,
        47,
        126,
        124,
        64,
        175,
        69,
        50,
        54,
        22,
        34,
        180,
        315,
        106,
        190,
        192,
        71,
        124,
        66,
        231,
        271,
        56,
        90,
        127,
        184,
        49,
        147,
        59,
        124,
        168,
        72,
        269,
        80,
        80,
        55,
        225,
        102,
        64,
        60
    ],
    "category_values_ratio": {
        "63": 3651,
        "62": 3635,
        "61": 3606,
        "64": 3603,
        "59": 3589,
        "60": 3583,
        "44": 3524,
        "58": 3518,
        "57": 3511,
        "43": 3491,
        "42": 3482,
        "65": 3480,
        "45": 3456,
        "56": 3446,
        "55": 3428,
        "67": 3382,
        "66": 3378,
        "85": 3353,
        "53": 3333,
        "84": 3318,
        "54": 3315,
        "52": 3314,
        "46": 3297,
        "51": 3280,
        "87": 3257,
        "86": 3257,
        "69": 3218,
        "68": 3212,
        "83": 3190,
        "50": 3168,
        "82": 3157,
        "41": 3144,
        "70": 3120,
        "88": 3105,
        "47": 3044,
        "89": 3038,
        "71": 3032,
        "48": 3025,
        "90": 2980,
        "49": 2963,
        "91": 2920,
        "81": 2911,
        "72": 2887,
        "80": 2872,
        "40": 2864,
        "93": 2843,
        "73": 2820,
        "92": 2813,
        "78": 2794,
        "79": 2787,
        "75": 2784,
        "74": 2782,
        "77": 2755,
        "94": 2741,
        "76": 2730,
        "95": 2656,
        "39": 2643,
        "96": 2622,
        "97": 2540,
        "98": 2463,
        "99": 2423,
        "115": 2416,
        "119": 2415,
        "38": 2414,
        "114": 2407,
        "121": 2350,
        "124": 2343,
        "122": 2322,
        "120": 2308,
        "112": 2306,
        "113": 2305,
        "116": 2302,
        "100": 2298,
        "126": 2296,
        "37": 2291,
        "117": 2284,
        "111": 2273,
        "118": 2273,
        "123": 2257,
        "127": 2250,
        "125": 2249,
        "131": 2242,
        "101": 2238,
        "130": 2207,
        "110": 2205,
        "129": 2169,
        "36": 2150,
        "132": 2148,
        "128": 2145,
        "136": 2144,
        "102": 2141,
        "134": 2116,
        "108": 2107,
        "104": 2100,
        "35": 2098,
        "109": 2090,
        "133": 2080,
        "138": 2074,
        "103": 2071,
        "137": 2062,
        "105": 2057,
        "135": 2039,
        "139": 2029,
        "106": 2024,
        "107": 2023,
        "141": 1948,
        "142": 1923,
        "34": 1916,
        "140": 1911,
        "33": 1863,
        "144": 1835,
        "143": 1817,
        "145": 1782,
        "32": 1758,
        "31": 1752,
        "147": 1684,
        "146": 1678,
        "148": 1640,
        "150": 1600,
        "149": 1587,
        "29": 1556,
        "151": 1538,
        "30": 1537,
        "153": 1480,
        "152": 1478,
        "154": 1399,
        "155": 1389,
        "28": 1361,
        "156": 1325,
        "158": 1239,
        "159": 1237,
        "27": 1226,
        "160": 1220,
        "157": 1214,
        "164": 1156,
        "162": 1154,
        "161": 1134,
        "163": 1095,
        "165": 1092,
        "169": 1090,
        "166": 1072,
        "171": 1068,
        "23": 1064,
        "170": 1061,
        "168": 1058,
        "21": 1046,
        "167": 1045,
        "26": 1037,
        "22": 1022,
        "173": 1006,
        "172": 991,
        "176": 982,
        "175": 930,
        "180": 927,
        "174": 922,
        "24": 920,
        "177": 919,
        "179": 907,
        "25": 905,
        "178": 876,
        "183": 872,
        "184": 850,
        "182": 842,
        "20": 828,
        "188": 807,
        "181": 807,
        "200": 796,
        "190": 785,
        "187": 768,
        "194": 763,
        "185": 751,
        "193": 750,
        "198": 749,
        "186": 745,
        "191": 744,
        "197": 737,
        "199": 735,
        "205": 729,
        "195": 725,
        "192": 724,
        "203": 723,
        "201": 719,
        "208": 717,
        "207": 716,
        "189": 710,
        "196": 704,
        "202": 695,
        "206": 690,
        "209": 687,
        "204": 682,
        "212": 674,
        "211": 674,
        "216": 652,
        "214": 652,
        "217": 650,
        "220": 645,
        "210": 636,
        "213": 625,
        "218": 620,
        "215": 605,
        "222": 591,
        "221": 581,
        "224": 572,
        "219": 572,
        "226": 561,
        "19": 545,
        "223": 532,
        "227": 526,
        "228": 519,
        "225": 513,
        "229": 506,
        "230": 486,
        "233": 477,
        "231": 473,
        "235": 464,
        "232": 462,
        "239": 457,
        "238": 456,
        "236": 456,
        "234": 452,
        "241": 451,
        "240": 448,
        "237": 415,
        "242": 410,
        "243": 404,
        "244": 402,
        "245": 386,
        "248": 384,
        "18": 376,
        "251": 365,
        "249": 361,
        "247": 354,
        "252": 347,
        "280": 346,
        "272": 345,
        "259": 344,
        "287": 339,
        "246": 338,
        "253": 338,
        "250": 337,
        "258": 336,
        "289": 327,
        "290": 325,
        "262": 325,
        "257": 323,
        "255": 322,
        "294": 321,
        "256": 321,
        "254": 320,
        "270": 320,
        "273": 318,
        "296": 317,
        "293": 315,
        "299": 314,
        "291": 313,
        "281": 311,
        "261": 309,
        "260": 309,
        "267": 309,
        "264": 308,
        "284": 306,
        "283": 306,
        "265": 305,
        "274": 305,
        "285": 302,
        "277": 301,
        "278": 300,
        "279": 299,
        "263": 296,
        "286": 294,
        "269": 294,
        "288": 294,
        "266": 292,
        "271": 291,
        "295": 290,
        "275": 287,
        "276": 285,
        "297": 283,
        "282": 277,
        "301": 275,
        "298": 271,
        "300": 271,
        "292": 270,
        "268": 266,
        "302": 264,
        "303": 260,
        "306": 258,
        "304": 246,
        "305": 240,
        "307": 231,
        "311": 229,
        "308": 229,
        "17": 224,
        "314": 222,
        "320": 220,
        "315": 218,
        "313": 216,
        "309": 214,
        "317": 210,
        "324": 209,
        "310": 203,
        "312": 202,
        "330": 200,
        "333": 199,
        "321": 198,
        "323": 196,
        "318": 195,
        "319": 193,
        "334": 192,
        "328": 190,
        "316": 189,
        "326": 189,
        "332": 188,
        "335": 188,
        "322": 187,
        "339": 185,
        "327": 182,
        "329": 181,
        "331": 179,
        "340": 179,
        "338": 176,
        "337": 175,
        "325": 174,
        "336": 170,
        "342": 165,
        "341": 161,
        "344": 160,
        "345": 153,
        "346": 151,
        "349": 151,
        "343": 146,
        "348": 138,
        "347": 131,
        "350": 127,
        "16": 127,
        "353": 121,
        "356": 113,
        "354": 106,
        "15": 105,
        "351": 104,
        "360": 102,
        "355": 102,
        "357": 101,
        "352": 95,
        "358": 91,
        "359": 89,
        "363": 83,
        "361": 83,
        "362": 78,
        "368": 76,
        "366": 73,
        "369": 71,
        "365": 69,
        "367": 66,
        "364": 60,
        "370": 57,
        "371": 55,
        "14": 46,
        "373": 44,
        "372": 42,
        "381": 40,
        "375": 39,
        "379": 37,
        "377": 35,
        "383": 33,
        "376": 33,
        "380": 29,
        "374": 29,
        "393": 27,
        "387": 26,
        "378": 26,
        "385": 26,
        "390": 23,
        "382": 23,
        "388": 23,
        "384": 23,
        "386": 21,
        "392": 20,
        "394": 20,
        "396": 19,
        "398": 17,
        "389": 16,
        "402": 16,
        "391": 15,
        "395": 14,
        "410": 13,
        "435": 13,
        "407": 12,
        "401": 12,
        "406": 12,
        "413": 11,
        "403": 10,
        "404": 10,
        "405": 10,
        "400": 10,
        "9": 10,
        "13": 10,
        "399": 10,
        "397": 9,
        "409": 9,
        "487": 8,
        "505": 8,
        "443": 8,
        "408": 7,
        "508": 7,
        "423": 7,
        "414": 7,
        "418": 7,
        "411": 7,
        "448": 7,
        "445": 7,
        "530": 7,
        "527": 7,
        "431": 7,
        "453": 7,
        "433": 7,
        "521": 6,
        "12": 6,
        "10": 6,
        "419": 6,
        "436": 6,
        "502": 6,
        "417": 6,
        "8": 6,
        "539": 6,
        "497": 6,
        "437": 6,
        "545": 6,
        "450": 6,
        "522": 6,
        "495": 6,
        "447": 6,
        "464": 6,
        "494": 6,
        "425": 6,
        "514": 6,
        "412": 5,
        "526": 5,
        "507": 5,
        "509": 5,
        "427": 5,
        "503": 5,
        "493": 5,
        "421": 5,
        "458": 5,
        "489": 5,
        "441": 5,
        "420": 5,
        "557": 5,
        "451": 5,
        "504": 5,
        "467": 5,
        "11": 5,
        "488": 5,
        "477": 4,
        "510": 4,
        "499": 4,
        "528": 4,
        "519": 4,
        "491": 4,
        "430": 4,
        "541": 4,
        "486": 4,
        "511": 4,
        "512": 4,
        "535": 4,
        "482": 4,
        "520": 4,
        "483": 4,
        "442": 4,
        "490": 4,
        "531": 4,
        "624": 4,
        "517": 4,
        "518": 3,
        "480": 3,
        "525": 3,
        "534": 3,
        "524": 3,
        "461": 3,
        "434": 3,
        "484": 3,
        "516": 3,
        "415": 3,
        "629": 3,
        "533": 3,
        "422": 3,
        "428": 3,
        "644": 3,
        "500": 3,
        "664": 3,
        "529": 3,
        "438": 3,
        "635": 3,
        "465": 3,
        "446": 3,
        "637": 3,
        "463": 3,
        "440": 3,
        "540": 3,
        "560": 3,
        "623": 3,
        "474": 3,
        "439": 3,
        "456": 3,
        "640": 2,
        "466": 2,
        "462": 2,
        "492": 2,
        "475": 2,
        "424": 2,
        "429": 2,
        "432": 2,
        "536": 2,
        "542": 2,
        "636": 2,
        "561": 2,
        "571": 2,
        "553": 2,
        "498": 2,
        "454": 2,
        "591": 2,
        "601": 2,
        "470": 2,
        "613": 2,
        "619": 2,
        "625": 2,
        "444": 2,
        "646": 2,
        "589": 2,
        "416": 2,
        "674": 2,
        "662": 2,
        "538": 2,
        "426": 2,
        "678": 2,
        "523": 2,
        "459": 2,
        "580": 2,
        "501": 2,
        "452": 2,
        "496": 2,
        "610": 2,
        "645": 2,
        "656": 1,
        "683": 1,
        "579": 1,
        "633": 1,
        "590": 1,
        "544": 1,
        "515": 1,
        "655": 1,
        "476": 1,
        "559": 1,
        "614": 1,
        "548": 1,
        "473": 1,
        "543": 1,
        "681": 1,
        "638": 1,
        "641": 1,
        "485": 1,
        "659": 1,
        "679": 1,
        "658": 1,
        "698": 1,
        "667": 1,
        "653": 1,
        "695": 1,
        "551": 1,
        "622": 1,
        "682": 1,
        "468": 1,
        "688": 1,
        "481": 1,
        "565": 1,
        "552": 1,
        "506": 1,
        "449": 1,
        "469": 1,
        "556": 1,
        "567": 1,
        "479": 1,
        "595": 1,
        "628": 1,
        "460": 1,
        "537": 1,
        "621": 1,
        "657": 1,
        "472": 1,
        "572": 1,
        "627": 1,
        "598": 1,
        "602": 1,
        "642": 1,
        "587": 1,
        "631": 1,
        "562": 1,
        "594": 1,
        "600": 1,
        "605": 1,
        "654": 1,
        "666": 1,
        "574": 1,
        "669": 1,
        "647": 1,
        "583": 1,
        "597": 1,
        "660": 1,
        "513": 1,
        "457": 1,
        "532": 1,
        "576": 1
    },
    "nrows": 445827
}