{
    "column_id": "Airline/Airline.csvAirline.csv/Div1TotalGTime",
    "dataset_name": "Airline.csv",
    "dataset_id": "Airline/Airline.csv",
    "path": "/home/ubuntu/CatDB/Experiments/data/Airline/Airline.csv",
    "table_name": "Airline.csv",
    "table_id": "Airline/Airline.csvAirline.csv",
    "column_name": "Div1TotalGTime",
    "data_source": "Airline",
    "data_type": "int",
    "total_values_count": 445827,
    "distinct_values_count": 104,
    "missing_values_count": 444898,
    "true_ratio": null,
    "min_value": 2.0,
    "max_value": 293.0,
    "mean": 26.743810548977397,
    "median": 19.0,
    "iqr": 24.0,
    "category_values": [
        88,
        78,
        90,
        22,
        6,
        93,
        20,
        51,
        30,
        39,
        53,
        95,
        26,
        21,
        87,
        97,
        81,
        99,
        77,
        69,
        40,
        19,
        293,
        64,
        31,
        85,
        70,
        62,
        28,
        34,
        92,
        114,
        100,
        60,
        16,
        119,
        63,
        7,
        37,
        105,
        58,
        68,
        285,
        23,
        101,
        4,
        45,
        35,
        65,
        27,
        67,
        255,
        184,
        49,
        84,
        13,
        82,
        48,
        43,
        29,
        150,
        24,
        3,
        25,
        8,
        44,
        15,
        55,
        5,
        18,
        14,
        33,
        59,
        56,
        79,
        12,
        11,
        17,
        9,
        50,
        57,
        10,
        135,
        71,
        76,
        41,
        47,
        164,
        32,
        147,
        42,
        128,
        54,
        52,
        2,
        36,
        61,
        38,
        124,
        46,
        142,
        83,
        94,
        110
    ],
    "embedding": [
        -1.0,
        -1.0,
        -1.0,
        1.0,
        -1.0,
        1.0,
        -1.0,
        -1.0,
        -1.0,
        -1.0,
        1.0,
        -1.0,
        -1.0,
        1.0,
        1.0,
        1.0,
        1.0,
        -1.0,
        1.0,
        -1.0,
        1.0,
        -1.0,
        1.0,
        -1.0,
        1.0,
        -1.0,
        -1.0,
        1.0,
        -1.0,
        -1.0,
        1.0,
        1.0,
        -1.0,
        -1.0,
        -1.0,
        1.0,
        -1.0,
        1.0,
        1.0,
        -1.0,
        -1.0,
        1.0,
        -1.0,
        -1.0,
        -1.0,
        -1.0,
        1.0,
        -1.0,
        -1.0,
        -0.9675394892692566,
        -1.0,
        1.0,
        1.0,
        1.0,
        -1.0,
        1.0,
        1.0,
        1.0,
        -1.0,
        0.988651692867279,
        -1.0,
        -1.0,
        1.0,
        -1.0,
        1.0,
        -1.0,
        1.0,
        -1.0,
        1.0,
        1.0,
        1.0,
        -1.0,
        -1.0,
        -1.0,
        -1.0,
        1.0,
        1.0,
        1.0,
        1.0,
        1.0,
        1.0,
        1.0,
        1.0,
        -1.0,
        -1.0,
        1.0,
        -1.0,
        1.0,
        1.0,
        1.0,
        -1.0,
        1.0,
        1.0,
        -1.0,
        1.0,
        -1.0,
        1.0,
        -1.0,
        -1.0,
        -1.0,
        -0.9974442720413208,
        -1.0,
        1.0,
        -1.0,
        -1.0,
        1.0,
        1.0,
        1.0,
        -1.0,
        -1.0,
        1.0,
        -1.0,
        -1.0,
        1.0,
        1.0,
        1.0,
        1.0,
        1.0,
        1.0,
        -1.0,
        -1.0,
        1.0,
        -1.0,
        -1.0,
        1.0,
        -1.0,
        -1.0,
        -1.0,
        -1.0,
        1.0,
        -1.0,
        1.0,
        -1.0,
        -1.0,
        1.0,
        -1.0,
        -1.0,
        1.0,
        1.0,
        -1.0,
        1.0,
        1.0,
        1.0,
        -1.0,
        1.0,
        -1.0,
        1.0,
        -1.0,
        -1.0,
        -1.0,
        1.0,
        -1.0,
        1.0,
        -1.0,
        1.0,
        -1.0,
        1.0,
        -1.0,
        1.0,
        -1.0,
        -1.0,
        1.0,
        -1.0,
        -1.0,
        1.0,
        -1.0,
        1.0,
        -1.0,
        -1.0,
        -1.0,
        -1.0,
        -1.0,
        1.0,
        1.0,
        -1.0,
        -1.0,
        1.0,
        -1.0,
        -1.0,
        -1.0,
        1.0,
        -1.0,
        -1.0,
        -1.0,
        1.0,
        -1.0,
        1.0,
        -1.0,
        -1.0,
        -1.0,
        1.0,
        1.0,
        1.0,
        1.0,
        -1.0,
        -1.0,
        1.0,
        -1.0,
        -1.0,
        1.0,
        -1.0,
        1.0,
        -1.0,
        -1.0,
        -1.0,
        -1.0,
        1.0,
        1.0,
        -1.0,
        -1.0,
        -1.0,
        1.0,
        -1.0,
        -1.0,
        -1.0,
        1.0,
        -1.0,
        1.0,
        -1.0,
        -1.0,
        1.0,
        -1.0,
        -1.0,
        1.0,
        -1.0,
        -0.9579946994781494,
        1.0,
        -1.0,
        -1.0,
        -1.0,
        1.0,
        -1.0,
        1.0,
        -1.0,
        -1.0,
        1.0,
        -1.0,
        1.0,
        1.0,
        -1.0,
        1.0,
        -0.9570891261100769,
        1.0,
        -1.0,
        1.0,
        1.0,
        -1.0,
        -1.0,
        -1.0,
        1.0,
        1.0,
        1.0,
        -1.0,
        -1.0,
        -1.0,
        1.0,
        1.0,
        -1.0,
        -1.0,
        -1.0,
        1.0,
        1.0,
        1.0,
        -1.0,
        1.0,
        -1.0,
        -1.0,
        -1.0,
        1.0,
        1.0,
        -0.9965692758560181,
        -1.0,
        -1.0,
        1.0,
        -1.0,
        1.0,
        1.0,
        1.0,
        1.0,
        1.0,
        1.0,
        -1.0,
        1.0,
        1.0,
        1.0,
        -1.0,
        -1.0,
        1.0,
        -1.0,
        -1.0,
        -1.0,
        1.0,
        -1.0,
        -1.0,
        -1.0,
        -1.0,
        -1.0,
        1.0,
        1.0,
        1.0
    ],
    "embedding_scaling_factor": 168.0358123779297,
    "samples": [],
    "category_values_ratio": {
        "4": 54,
        "5": 43,
        "3": 40,
        "20": 35,
        "7": 31,
        "6": 30,
        "14": 29,
        "12": 28,
        "8": 26,
        "17": 26,
        "19": 24,
        "11": 24,
        "18": 22,
        "16": 22,
        "15": 22,
        "23": 21,
        "21": 21,
        "22": 20,
        "13": 20,
        "29": 17,
        "9": 17,
        "24": 16,
        "10": 16,
        "26": 15,
        "39": 14,
        "28": 14,
        "25": 14,
        "31": 13,
        "27": 11,
        "35": 9,
        "30": 9,
        "32": 8,
        "37": 8,
        "36": 7,
        "33": 7,
        "40": 7,
        "34": 7,
        "51": 7,
        "58": 6,
        "60": 6,
        "2": 6,
        "63": 6,
        "43": 5,
        "50": 5,
        "68": 5,
        "38": 5,
        "53": 5,
        "42": 5,
        "62": 5,
        "64": 4,
        "46": 4,
        "44": 4,
        "41": 4,
        "59": 4,
        "81": 4,
        "90": 4,
        "48": 4,
        "56": 4,
        "95": 3,
        "85": 3,
        "71": 3,
        "78": 3,
        "92": 3,
        "61": 3,
        "65": 3,
        "54": 3,
        "57": 3,
        "69": 3,
        "82": 3,
        "87": 2,
        "101": 2,
        "70": 2,
        "93": 2,
        "45": 2,
        "100": 2,
        "52": 2,
        "67": 2,
        "49": 2,
        "77": 2,
        "55": 2,
        "105": 2,
        "285": 1,
        "150": 1,
        "84": 1,
        "255": 1,
        "293": 1,
        "119": 1,
        "114": 1,
        "135": 1,
        "99": 1,
        "97": 1,
        "79": 1,
        "164": 1,
        "76": 1,
        "47": 1,
        "184": 1,
        "147": 1,
        "94": 1,
        "83": 1,
        "142": 1,
        "124": 1,
        "88": 1,
        "128": 1,
        "110": 1
    },
    "nrows": 445827
}