{
    "column_id": "Airline/Airline.csvAirline.csv/TaxiOut",
    "dataset_name": "Airline.csv",
    "dataset_id": "Airline/Airline.csv",
    "path": "/home/ubuntu/CatDB/Experiments/data/Airline/Airline.csv",
    "table_name": "Airline.csv",
    "table_id": "Airline/Airline.csvAirline.csv",
    "column_name": "TaxiOut",
    "data_source": "Airline",
    "data_type": "int",
    "total_values_count": 445827,
    "distinct_values_count": 151,
    "missing_values_count": 11600,
    "true_ratio": null,
    "min_value": 1.0,
    "max_value": 158.0,
    "mean": 16.449421615882937,
    "median": 14.0,
    "iqr": 8.0,
    "category_values": [
        15,
        14,
        21,
        13,
        20,
        11,
        12,
        18,
        24,
        23,
        17,
        9,
        16,
        42,
        19,
        34,
        10,
        28,
        33,
        22,
        27,
        30,
        25,
        32,
        40,
        29,
        45,
        36,
        46,
        39,
        26,
        37,
        8,
        7,
        31,
        38,
        41,
        35,
        58,
        61,
        44,
        43,
        75,
        59,
        48,
        47,
        86,
        65,
        53,
        55,
        49,
        60,
        66,
        97,
        57,
        52,
        105,
        84,
        51,
        71,
        73,
        56,
        79,
        62,
        67,
        50,
        54,
        121,
        6,
        70,
        63,
        83,
        68,
        81,
        64,
        72,
        139,
        69,
        89,
        5,
        78,
        74,
        77,
        87,
        76,
        98,
        106,
        128,
        109,
        111,
        118,
        82,
        95,
        93,
        94,
        88,
        91,
        124,
        85,
        80,
        99,
        102,
        90,
        96,
        104,
        1,
        131,
        132,
        107,
        103,
        101,
        112,
        137,
        4,
        110,
        126,
        158,
        3,
        2,
        135,
        92,
        141,
        130,
        120,
        114,
        119,
        129,
        122,
        108,
        156,
        125,
        140,
        115,
        100,
        138,
        113,
        133,
        134,
        117,
        147,
        123,
        146,
        143,
        148,
        127,
        136,
        116,
        157,
        151,
        144,
        150
    ],
    "embedding": [
        -1.0,
        -1.0,
        -1.0,
        1.0,
        -1.0,
        1.0,
        -1.0,
        -1.0,
        -1.0,
        -1.0,
        1.0,
        -1.0,
        -1.0,
        1.0,
        1.0,
        1.0,
        1.0,
        -1.0,
        1.0,
        -1.0,
        1.0,
        -1.0,
        1.0,
        -1.0,
        1.0,
        -1.0,
        -1.0,
        1.0,
        -1.0,
        -1.0,
        1.0,
        1.0,
        -1.0,
        -1.0,
        -1.0,
        1.0,
        -1.0,
        1.0,
        1.0,
        -1.0,
        -1.0,
        1.0,
        -1.0,
        -1.0,
        -1.0,
        -1.0,
        1.0,
        -1.0,
        -1.0,
        -0.9874519109725952,
        -1.0,
        1.0,
        1.0,
        1.0,
        -1.0,
        1.0,
        1.0,
        1.0,
        -1.0,
        0.9996767044067383,
        -1.0,
        -1.0,
        1.0,
        -1.0,
        1.0,
        -1.0,
        1.0,
        -1.0,
        1.0,
        1.0,
        1.0,
        -1.0,
        -1.0,
        -1.0,
        -1.0,
        1.0,
        1.0,
        1.0,
        1.0,
        1.0,
        1.0,
        1.0,
        1.0,
        -1.0,
        -1.0,
        1.0,
        -1.0,
        1.0,
        1.0,
        1.0,
        -1.0,
        1.0,
        1.0,
        -1.0,
        1.0,
        -1.0,
        1.0,
        -1.0,
        -1.0,
        -1.0,
        -0.9986863136291504,
        -1.0,
        1.0,
        -1.0,
        -1.0,
        1.0,
        1.0,
        1.0,
        -1.0,
        -1.0,
        1.0,
        -1.0,
        -1.0,
        1.0,
        1.0,
        1.0,
        1.0,
        1.0,
        1.0,
        -1.0,
        -1.0,
        1.0,
        -1.0,
        -1.0,
        1.0,
        -1.0,
        -1.0,
        -1.0,
        -1.0,
        1.0,
        -1.0,
        1.0,
        -1.0,
        -1.0,
        1.0,
        -1.0,
        -1.0,
        1.0,
        1.0,
        -1.0,
        1.0,
        1.0,
        1.0,
        -1.0,
        1.0,
        -1.0,
        1.0,
        -1.0,
        -1.0,
        -1.0,
        1.0,
        -1.0,
        1.0,
        -1.0,
        1.0,
        -1.0,
        1.0,
        -1.0,
        1.0,
        -1.0,
        -1.0,
        1.0,
        -1.0,
        -1.0,
        1.0,
        -1.0,
        1.0,
        -1.0,
        -1.0,
        -1.0,
        -1.0,
        -1.0,
        1.0,
        1.0,
        -1.0,
        -1.0,
        1.0,
        -1.0,
        -1.0,
        -1.0,
        1.0,
        -1.0,
        -1.0,
        -1.0,
        1.0,
        -1.0,
        1.0,
        -1.0,
        -1.0,
        -1.0,
        1.0,
        1.0,
        1.0,
        1.0,
        -1.0,
        -1.0,
        1.0,
        -1.0,
        -1.0,
        1.0,
        -1.0,
        1.0,
        -1.0,
        -1.0,
        -1.0,
        -1.0,
        1.0,
        1.0,
        -1.0,
        -1.0,
        -1.0,
        1.0,
        -1.0,
        -1.0,
        -1.0,
        1.0,
        -1.0,
        1.0,
        -1.0,
        -1.0,
        1.0,
        -1.0,
        -1.0,
        1.0,
        -1.0,
        -0.9652456045150757,
        1.0,
        -1.0,
        -1.0,
        -1.0,
        1.0,
        -1.0,
        1.0,
        -1.0,
        -1.0,
        1.0,
        -1.0,
        1.0,
        1.0,
        -1.0,
        1.0,
        -0.9715182781219482,
        1.0,
        -1.0,
        1.0,
        1.0,
        -1.0,
        -1.0,
        -1.0,
        1.0,
        1.0,
        1.0,
        -1.0,
        -1.0,
        -1.0,
        1.0,
        1.0,
        -1.0,
        -1.0,
        -1.0,
        1.0,
        1.0,
        1.0,
        -1.0,
        1.0,
        -1.0,
        -1.0,
        -1.0,
        1.0,
        1.0,
        -0.9989742040634155,
        -1.0,
        -1.0,
        1.0,
        -1.0,
        1.0,
        1.0,
        1.0,
        1.0,
        1.0,
        1.0,
        -1.0,
        1.0,
        1.0,
        1.0,
        -1.0,
        -1.0,
        1.0,
        -1.0,
        -1.0,
        -1.0,
        1.0,
        -1.0,
        -1.0,
        -1.0,
        -1.0,
        -1.0,
        1.0,
        1.0,
        1.0
    ],
    "embedding_scaling_factor": 178.63697814941406,
    "samples": [
        10,
        28,
        10,
        15,
        19,
        17,
        11,
        34,
        27,
        12,
        15,
        9,
        25,
        13,
        12,
        11,
        20,
        18,
        8,
        13,
        9,
        12,
        15,
        9,
        20,
        12,
        16,
        10,
        20,
        12,
        12,
        15,
        9,
        13,
        12,
        28,
        14,
        29,
        12,
        19,
        19,
        17,
        20,
        20,
        16,
        15,
        11,
        10,
        17,
        11,
        19,
        16,
        10,
        9,
        10,
        10,
        16,
        13,
        8,
        11,
        16,
        21,
        11,
        10,
        24,
        16,
        13,
        16,
        11,
        19,
        15,
        8,
        15,
        31,
        10,
        8,
        11,
        39,
        8,
        37,
        12,
        10,
        10,
        12,
        10,
        27,
        15,
        21,
        23,
        22,
        21,
        20,
        15,
        17,
        40,
        11,
        16,
        17
    ],
    "category_values_ratio": {
        "11": 34368,
        "12": 34256,
        "13": 33394,
        "10": 31388,
        "14": 30635,
        "15": 27079,
        "9": 26008,
        "16": 24032,
        "17": 20434,
        "8": 18873,
        "18": 17347,
        "19": 14885,
        "20": 12770,
        "7": 11824,
        "21": 10619,
        "22": 9469,
        "23": 8022,
        "24": 6763,
        "25": 5836,
        "6": 5449,
        "26": 5088,
        "27": 4525,
        "28": 4059,
        "29": 3378,
        "30": 3134,
        "31": 2752,
        "32": 2450,
        "33": 2214,
        "34": 1971,
        "35": 1715,
        "36": 1612,
        "5": 1567,
        "37": 1428,
        "38": 1268,
        "39": 1088,
        "40": 1087,
        "41": 919,
        "42": 889,
        "43": 795,
        "44": 685,
        "46": 590,
        "45": 586,
        "48": 478,
        "47": 450,
        "49": 446,
        "51": 376,
        "50": 374,
        "4": 374,
        "52": 313,
        "53": 305,
        "54": 276,
        "56": 248,
        "55": 217,
        "57": 217,
        "58": 192,
        "59": 179,
        "60": 165,
        "63": 143,
        "61": 140,
        "62": 135,
        "64": 123,
        "3": 117,
        "65": 96,
        "69": 91,
        "67": 90,
        "66": 84,
        "68": 77,
        "70": 74,
        "73": 70,
        "71": 58,
        "74": 57,
        "72": 55,
        "75": 50,
        "76": 46,
        "77": 46,
        "83": 45,
        "78": 42,
        "79": 39,
        "82": 35,
        "80": 33,
        "86": 30,
        "81": 28,
        "2": 27,
        "84": 26,
        "87": 26,
        "91": 21,
        "88": 21,
        "89": 21,
        "85": 21,
        "90": 20,
        "94": 20,
        "111": 15,
        "96": 14,
        "98": 14,
        "97": 14,
        "92": 14,
        "93": 14,
        "101": 13,
        "95": 13,
        "102": 13,
        "99": 13,
        "113": 12,
        "105": 12,
        "1": 11,
        "108": 9,
        "107": 9,
        "110": 8,
        "118": 8,
        "128": 7,
        "109": 7,
        "104": 7,
        "112": 7,
        "100": 7,
        "125": 7,
        "103": 6,
        "117": 6,
        "120": 6,
        "130": 6,
        "106": 6,
        "138": 5,
        "123": 5,
        "126": 4,
        "114": 4,
        "121": 4,
        "132": 4,
        "141": 4,
        "124": 3,
        "135": 3,
        "129": 3,
        "122": 3,
        "140": 3,
        "139": 3,
        "116": 3,
        "115": 3,
        "146": 3,
        "134": 3,
        "147": 2,
        "148": 2,
        "127": 2,
        "133": 2,
        "131": 2,
        "137": 2,
        "144": 1,
        "151": 1,
        "157": 1,
        "158": 1,
        "136": 1,
        "143": 1,
        "156": 1,
        "119": 1,
        "150": 1
    },
    "nrows": 445827
}