{
    "column_id": "Airline/Airline.csvAirline.csv/DepTime",
    "dataset_name": "Airline.csv",
    "dataset_id": "Airline/Airline.csv",
    "path": "/home/ubuntu/CatDB/Experiments/data/Airline/Airline.csv",
    "table_name": "Airline.csv",
    "table_id": "Airline/Airline.csvAirline.csv",
    "column_name": "DepTime",
    "data_source": "Airline",
    "data_type": "int",
    "total_values_count": 445827,
    "distinct_values_count": 1418,
    "missing_values_count": 11473,
    "true_ratio": null,
    "min_value": 1.0,
    "max_value": 2400.0,
    "mean": 1334.236268113106,
    "median": 1331.0,
    "iqr": 813.0,
    "category_values": [
        1057,
        1056,
        1055,
        1102,
        1240,
        1107,
        1059,
        1058,
        1053,
        1114,
        1054,
        1134,
        1110,
        1101,
        1100,
        1204,
        1539,
        1509,
        1515,
        1519,
        1521,
        1522,
        1723,
        1526,
        1523,
        1517,
        1525,
        1546,
        1520,
        1518,
        1535,
        1629,
        741,
        737,
        743,
        708,
        703,
        704,
        701,
        711,
        709,
        636,
        639,
        728,
        641,
        638,
        635,
        637,
        1229,
        649,
        1819,
        1929,
        1856,
        1911,
        1826,
        1822,
        1830,
        1930,
        2032,
        1904,
        1827,
        1931,
        1818,
        1823,
        1820,
        1825,
        1844,
        1816,
        1838,
        1831,
        1829,
        1828,
        1423,
        1419,
        1421,
        1746,
        1743,
        1812,
        1814,
        1817,
        1811,
        1846,
        1813,
        1926,
        1902,
        1810,
        1901,
        1927,
        1851,
        1918,
        1824,
        1115,
        1126,
        1117,
        2038,
        1119,
        1144,
        1135,
        1140,
        1123,
        1120,
        1113,
        1932,
        1121,
        1116,
        1139,
        1127,
        1125,
        1218,
        1129,
        1124,
        1404,
        1414,
        1358,
        1407,
        1406,
        1408,
        1405,
        1402,
        1401,
        1418,
        1403,
        1410,
        1409,
        1500,
        1400,
        1644,
        1640,
        1815,
        1821,
        1837,
        1443,
        1318,
        1315,
        1317,
        1327,
        1320,
        1313,
        1334,
        1314,
        1312,
        1332,
        1329,
        1309,
        1310,
        1323,
        1354,
        1311,
        1316,
        1510,
        1506,
        1504,
        1457,
        1453,
        1451,
        1449,
        1446,
        1524,
        1448,
        1450,
        1501,
        1452,
        1505,
        1454,
        1348,
        1649,
        1353,
        1426,
        1359,
        1342,
        1349,
        1331,
        1339,
        1337,
        1344,
        1352,
        1340,
        1335,
        1551,
        1338,
        1336,
        1040,
        1045,
        1047,
        1042,
        1130,
        1043,
        1041,
        1038,
        1103,
        1046,
        1048,
        1039,
        1037,
        1044,
        1328,
        2014,
        2139,
        2015,
        2148,
        2054,
        2035,
        2016,
        2021,
        2018,
        2250,
        2141,
        2040,
        2017,
        2020,
        2115,
        2051,
        2029,
        2041,
        2022,
        2039,
        2027,
        1502,
        1513,
        1155,
        1433,
        1529,
        1437,
        1430,
        1503,
        1434,
        1915,
        1436,
        1438,
        1424,
        1440,
        1431,
        1459,
        1422,
        1919,
        1428,
        1444,
        857,
        903,
        900,
        856,
        853,
        957,
        855,
        854,
        912,
        858,
        906,
        850,
        907,
        945,
        2201,
        2028,
        2128,
        2112,
        2100,
        2155,
        2037,
        2031,
        2105,
        2102,
        2059,
        2049,
        2110,
        2042,
        2036,
        2043,
        1306,
        902,
        910,
        913,
        904,
        859,
        915,
        901,
        916,
        1007,
        921,
        1610,
        1326,
        1948,
        2125,
        2006,
        2005,
        2011,
        2019,
        2026,
        2012,
        2009,
        2131,
        2030,
        2004,
        2023,
        2008,
        2010,
        2002,
        1304,
        1441,
        1330,
        1248,
        1245,
        1244,
        1246,
        1250,
        1249,
        1247,
        1251,
        1300,
        1257,
        1553,
        1545,
        1542,
        1555,
        1559,
        1712,
        1554,
        1556,
        1557,
        1635,
        1617,
        1602,
        1607,
        1646,
        1605,
        1600,
        1604,
        1834,
        1603,
        1606,
        911,
        934,
        917,
        914,
        919,
        924,
        1003,
        923,
        930,
        918,
        1008,
        1710,
        1700,
        1657,
        1656,
        1659,
        1658,
        1702,
        1715,
        1732,
        1718,
        1709,
        1733,
        1708,
        1714,
        1722,
        1711,
        1713,
        1716,
        1024,
        1026,
        1136,
        1128,
        1035,
        1028,
        1022,
        1032,
        1029,
        1027,
        1030,
        1023,
        2107,
        1801,
        2003,
        2044,
        2000,
        2007,
        1,
        942,
        937,
        941,
        1015,
        1002,
        949,
        948,
        940,
        946,
        943,
        944,
        947,
        1706,
        1636,
        1703,
        1701,
        1704,
        1707,
        1900,
        1705,
        1903,
        1744,
        1720,
        1804,
        1109,
        1118,
        1847,
        1850,
        1916,
        1832,
        1839,
        1841,
        1852,
        1835,
        1836,
        1840,
        2046,
        2216,
        1910,
        1842,
        926,
        936,
        927,
        1917,
        1749,
        1754,
        1756,
        1757,
        1759,
        1750,
        1800,
        1808,
        1748,
        1753,
        1758,
        1803,
        1914,
        1345,
        1346,
        1351,
        1343,
        1347,
        1341,
        1429,
        1508,
        1634,
        1558,
        1548,
        1541,
        1654,
        1549,
        1540,
        1717,
        1550,
        1621,
        1544,
        2316,
        2231,
        2335,
        2227,
        2225,
        2222,
        2221,
        2319,
        2224,
        2228,
        23,
        2057,
        2359,
        2233,
        2226,
        2236,
        2239,
        2230,
        2219,
        1219,
        1216,
        1224,
        1235,
        1225,
        1254,
        1221,
        1227,
        1228,
        1217,
        1234,
        1220,
        753,
        757,
        1350,
        1724,
        1726,
        1537,
        1538,
        1547,
        1543,
        1552,
        1648,
        1146,
        1150,
        1147,
        1200,
        1151,
        1149,
        1209,
        1148,
        1157,
        1205,
        1145,
        1206,
        1202,
        1156,
        1143,
        754,
        756,
        822,
        806,
        812,
        802,
        759,
        836,
        824,
        804,
        805,
        810,
        801,
        1212,
        814,
        800,
        803,
        1252,
        1303,
        1253,
        1255,
        2334,
        1325,
        1333,
        1324,
        1413,
        1322,
        622,
        616,
        618,
        619,
        848,
        851,
        844,
        841,
        846,
        847,
        852,
        849,
        842,
        845,
        908,
        905,
        928,
        938,
        920,
        1848,
        1921,
        1954,
        1950,
        2143,
        1936,
        1922,
        2134,
        628,
        553,
        626,
        632,
        640,
        642,
        634,
        645,
        723,
        633,
        726,
        1356,
        1355,
        1625,
        1611,
        1613,
        1609,
        1622,
        1638,
        1626,
        1608,
        1627,
        1623,
        2116,
        2033,
        2053,
        2050,
        2138,
        2025,
        2052,
        2101,
        816,
        818,
        815,
        819,
        811,
        813,
        809,
        821,
        958,
        820,
        817,
        1740,
        1655,
        1736,
        1653,
        1725,
        1232,
        1237,
        1233,
        1226,
        1243,
        1302,
        1645,
        1728,
        6,
        20,
        2356,
        2354,
        47,
        2352,
        46,
        2357,
        10,
        39,
        12,
        2358,
        5,
        2353,
        1923,
        1925,
        1935,
        1928,
        1924,
        2114,
        1920,
        1933,
        2,
        53,
        2355,
        14,
        2347,
        4,
        2351,
        1857,
        1909,
        1833,
        1858,
        2056,
        2213,
        1425,
        1420,
        1417,
        1427,
        1615,
        1416,
        1432,
        1913,
        1859,
        1853,
        1947,
        1845,
        1849,
        1854,
        1855,
        1528,
        1530,
        1531,
        1624,
        909,
        931,
        1230,
        1223,
        1435,
        1222,
        1239,
        1213,
        1241,
        1153,
        1049,
        1122,
        1618,
        1154,
        1052,
        1051,
        1806,
        1133,
        827,
        829,
        838,
        832,
        823,
        825,
        826,
        828,
        1945,
        1755,
        1751,
        1752,
        1005,
        1000,
        1843,
        655,
        702,
        658,
        654,
        653,
        647,
        720,
        657,
        656,
        700,
        652,
        2156,
        2126,
        2124,
        2202,
        2127,
        2123,
        2122,
        2121,
        1132,
        1207,
        1210,
        1111,
        1138,
        22,
        2330,
        2301,
        2326,
        2313,
        2247,
        2246,
        2312,
        2341,
        830,
        807,
        808,
        1242,
        1614,
        1719,
        1737,
        1652,
        2300,
        2254,
        129,
        2331,
        236,
        33,
        2346,
        2258,
        2256,
        138,
        2255,
        1106,
        1142,
        1739,
        1514,
        1456,
        1512,
        1455,
        1511,
        1527,
        1534,
        2158,
        719,
        721,
        715,
        716,
        717,
        1258,
        1301,
        2210,
        1905,
        1738,
        1745,
        1747,
        1802,
        2133,
        2303,
        2240,
        2332,
        2223,
        2245,
        2249,
        2229,
        2345,
        2241,
        1214,
        1319,
        1238,
        1236,
        1211,
        2340,
        2336,
        2342,
        1131,
        752,
        755,
        1412,
        1442,
        1641,
        758,
        750,
        727,
        2235,
        1958,
        2024,
        1938,
        1956,
        1908,
        1953,
        1727,
        1034,
        1036,
        1033,
        1031,
        705,
        659,
        706,
        1001,
        1907,
        1729,
        1721,
        1731,
        2218,
        2220,
        2248,
        2217,
        2310,
        2147,
        2146,
        2149,
        2151,
        1516,
        751,
        747,
        707,
        730,
        710,
        725,
        1643,
        1507,
        1940,
        1944,
        623,
        650,
        648,
        651,
        646,
        1256,
        1203,
        621,
        611,
        612,
        610,
        732,
        607,
        617,
        613,
        609,
        1112,
        540,
        546,
        541,
        535,
        644,
        839,
        729,
        1014,
        1019,
        1016,
        1020,
        1021,
        2153,
        1943,
        2108,
        1809,
        1025,
        1141,
        1642,
        1639,
        1637,
        1742,
        1730,
        1946,
        1619,
        718,
        629,
        724,
        951,
        1004,
        950,
        953,
        955,
        952,
        1018,
        1215,
        1159,
        1259,
        1647,
        2304,
        2211,
        2212,
        1632,
        1949,
        1628,
        1633,
        2152,
        2013,
        713,
        714,
        1651,
        1650,
        1616,
        1906,
        1201,
        2322,
        2328,
        630,
        620,
        624,
        731,
        625,
        615,
        1533,
        835,
        837,
        843,
        833,
        748,
        749,
        742,
        1017,
        1630,
        925,
        929,
        935,
        922,
        631,
        614,
        1013,
        1012,
        1152,
        1137,
        840,
        954,
        1011,
        1006,
        1010,
        959,
        956,
        733,
        735,
        734,
        738,
        712,
        1050,
        1411,
        1357,
        739,
        740,
        745,
        746,
        35,
        1158,
        1612,
        1734,
        933,
        1415,
        1307,
        1321,
        1741,
        1104,
        1108,
        1105,
        29,
        25,
        28,
        30,
        145,
        36,
        31,
        132,
        42,
        48,
        32,
        55,
        44,
        27,
        457,
        456,
        453,
        500,
        1934,
        455,
        2315,
        2106,
        736,
        2251,
        2109,
        2047,
        2120,
        1735,
        1959,
        1631,
        1601,
        508,
        507,
        509,
        518,
        505,
        506,
        504,
        510,
        503,
        604,
        502,
        514,
        2206,
        2234,
        2215,
        100,
        2207,
        2208,
        2209,
        2204,
        2200,
        744,
        1009,
        321,
        2157,
        2324,
        43,
        51,
        1536,
        2104,
        2103,
        2111,
        2129,
        643,
        534,
        601,
        536,
        537,
        538,
        532,
        533,
        527,
        528,
        722,
        2058,
        2135,
        2140,
        2137,
        627,
        2306,
        2308,
        2259,
        2309,
        2321,
        2325,
        2257,
        1447,
        932,
        2113,
        1941,
        2034,
        1942,
        1957,
        2001,
        1952,
        1532,
        602,
        559,
        554,
        558,
        556,
        555,
        2253,
        2045,
        24,
        1439,
        2244,
        2238,
        2150,
        2145,
        2154,
        2144,
        1308,
        127,
        56,
        58,
        49,
        101,
        59,
        159,
        54,
        50,
        130,
        116,
        1231,
        1620,
        2136,
        2132,
        2142,
        1208,
        939,
        600,
        552,
        557,
        603,
        608,
        550,
        551,
        1445,
        1912,
        1951,
        38,
        34,
        37,
        45,
        156,
        2205,
        1305,
        2117,
        1458,
        1955,
        2055,
        1807,
        2203,
        2242,
        524,
        451,
        513,
        459,
        501,
        458,
        454,
        2159,
        2214,
        2130,
        2333,
        2048,
        144,
        544,
        549,
        831,
        2232,
        158,
        522,
        530,
        526,
        531,
        525,
        523,
        529,
        2119,
        2317,
        147,
        1939,
        41,
        605,
        26,
        241,
        107,
        110,
        136,
        40,
        1805,
        511,
        450,
        449,
        834,
        606,
        545,
        2311,
        2118,
        452,
        519,
        2243,
        515,
        13,
        542,
        543,
        548,
        547,
        115,
        113,
        111,
        16,
        157,
        1937,
        521,
        2320,
        2344,
        2314,
        2237,
        2338,
        2400,
        2307,
        2329,
        8,
        2327,
        2348,
        448,
        447,
        17,
        9,
        2350,
        2252,
        539,
        516,
        517,
        520,
        512,
        2337,
        2339,
        133,
        2302,
        57,
        7,
        2349,
        21,
        2305,
        152,
        52,
        118,
        141,
        108,
        119,
        106,
        143,
        114,
        103,
        353,
        102,
        219,
        153,
        149,
        146,
        151,
        205,
        142,
        150,
        154,
        210,
        3,
        2323,
        131,
        2343,
        203,
        215,
        11,
        243,
        18,
        121,
        19,
        123,
        125,
        206,
        104,
        252,
        202,
        235,
        105,
        15,
        126,
        255,
        128,
        148,
        325,
        120,
        135,
        112,
        226,
        220,
        117,
        122,
        109,
        124,
        200,
        334,
        140,
        134,
        2318,
        322,
        225,
        319,
        208,
        139,
        201,
        445,
        327,
        307,
        256,
        209,
        204,
        237,
        234,
        250,
        137,
        222,
        240,
        301,
        423,
        354,
        427,
        355,
        435,
        232,
        446,
        316,
        343,
        312,
        410,
        223,
        300,
        305,
        413,
        418,
        434,
        414,
        242,
        248,
        337,
        254,
        303,
        440,
        251,
        306,
        436,
        439,
        246,
        420,
        308,
        358,
        408,
        309,
        224,
        239,
        356,
        437,
        444,
        341,
        249,
        403,
        404,
        227,
        323,
        302,
        438,
        245,
        421,
        416,
        257,
        247,
        348,
        409,
        339,
        411,
        253,
        442,
        231,
        342,
        314,
        310,
        259,
        443,
        406,
        258,
        238,
        230,
        405,
        424,
        304,
        441,
        431,
        402,
        320,
        317,
        328,
        349,
        412,
        213,
        228,
        217,
        212,
        329,
        211,
        417,
        401,
        218,
        311,
        221,
        155,
        216,
        214,
        350,
        207,
        330,
        332,
        318,
        324,
        340,
        357,
        400,
        344,
        313,
        432,
        351,
        333,
        430,
        426
    ],
    "embedding": [
        -1.0,
        -1.0,
        -1.0,
        1.0,
        -1.0,
        1.0,
        -1.0,
        -1.0,
        -0.9999293088912964,
        -1.0,
        1.0,
        -1.0,
        -1.0,
        1.0,
        1.0,
        1.0,
        1.0,
        -1.0,
        1.0,
        -1.0,
        1.0,
        -1.0,
        1.0,
        -1.0,
        1.0,
        -1.0,
        -1.0,
        1.0,
        -1.0,
        -1.0,
        1.0,
        1.0,
        -1.0,
        -1.0,
        -1.0,
        1.0,
        -1.0,
        1.0,
        1.0,
        -1.0,
        -1.0,
        1.0,
        -1.0,
        -1.0,
        -1.0,
        -1.0,
        1.0,
        -1.0,
        -0.9999688863754272,
        -0.9826633930206299,
        -1.0,
        1.0,
        1.0,
        1.0,
        -1.0,
        1.0,
        1.0,
        1.0,
        -1.0,
        0.9982104301452637,
        -1.0,
        -1.0,
        1.0,
        -1.0,
        1.0,
        -1.0,
        1.0,
        -1.0,
        1.0,
        1.0,
        1.0,
        -1.0,
        -1.0,
        -1.0,
        -1.0,
        1.0,
        1.0,
        1.0,
        1.0,
        1.0,
        1.0,
        1.0,
        1.0,
        -1.0,
        -1.0,
        1.0,
        -1.0,
        1.0,
        1.0,
        1.0,
        -1.0,
        1.0,
        1.0,
        -1.0,
        1.0,
        -1.0,
        1.0,
        -1.0,
        -1.0,
        -1.0,
        -0.9978883862495422,
        -1.0,
        1.0,
        -1.0,
        -1.0,
        1.0,
        1.0,
        1.0,
        -1.0,
        -1.0,
        1.0,
        -1.0,
        -1.0,
        1.0,
        1.0,
        1.0,
        1.0,
        1.0,
        1.0,
        -1.0,
        -1.0,
        1.0,
        -1.0,
        -1.0,
        1.0,
        -1.0,
        -1.0,
        -0.9996981620788574,
        -1.0,
        1.0,
        -1.0,
        1.0,
        -1.0,
        -1.0,
        1.0,
        -1.0,
        -1.0,
        1.0,
        1.0,
        -1.0,
        1.0,
        1.0,
        1.0,
        -1.0,
        1.0,
        -1.0,
        1.0,
        -1.0,
        -1.0,
        -1.0,
        0.9997631311416626,
        -1.0,
        1.0,
        -1.0,
        1.0,
        -1.0,
        1.0,
        -1.0,
        1.0,
        -1.0,
        -1.0,
        1.0,
        -1.0,
        -1.0,
        1.0,
        -1.0,
        1.0,
        -1.0,
        -1.0,
        -1.0,
        -1.0,
        -1.0,
        1.0,
        1.0,
        -1.0,
        -1.0,
        1.0,
        -1.0,
        -1.0,
        -1.0,
        1.0,
        -1.0,
        -1.0,
        -1.0,
        1.0,
        -1.0,
        1.0,
        -1.0,
        -1.0,
        -1.0,
        1.0,
        1.0,
        1.0,
        1.0,
        -1.0,
        -1.0,
        1.0,
        -1.0,
        -1.0,
        1.0,
        -1.0,
        1.0,
        -1.0,
        -1.0,
        -1.0,
        -1.0,
        1.0,
        1.0,
        -1.0,
        -1.0,
        -1.0,
        1.0,
        -1.0,
        -1.0,
        -1.0,
        1.0,
        -1.0,
        1.0,
        -1.0,
        -1.0,
        1.0,
        -1.0,
        -1.0,
        1.0,
        -0.999919056892395,
        -0.9832839369773865,
        1.0,
        -1.0,
        -1.0,
        -1.0,
        1.0,
        -1.0,
        1.0,
        -1.0,
        -1.0,
        1.0,
        -1.0,
        1.0,
        1.0,
        -0.9999746680259705,
        1.0,
        -0.9787154793739319,
        1.0,
        -1.0,
        1.0,
        1.0,
        -1.0,
        -1.0,
        -1.0,
        1.0,
        1.0,
        1.0,
        -1.0,
        -1.0,
        -1.0,
        1.0,
        1.0,
        -1.0,
        -1.0,
        -1.0,
        1.0,
        1.0,
        1.0,
        -1.0,
        1.0,
        -1.0,
        -1.0,
        -1.0,
        1.0,
        1.0,
        -0.9982870221138,
        -1.0,
        -1.0,
        1.0,
        -1.0,
        1.0,
        1.0,
        1.0,
        1.0,
        1.0,
        1.0,
        -1.0,
        1.0,
        1.0,
        1.0,
        -1.0,
        -1.0,
        1.0,
        -1.0,
        -1.0,
        -1.0,
        1.0,
        -1.0,
        -1.0,
        -1.0,
        -1.0,
        -1.0,
        1.0,
        1.0,
        0.9999998807907104
    ],
    "embedding_scaling_factor": 13.617624282836914,
    "samples": [
        1512,
        1018,
        1557,
        1301,
        2209,
        1552,
        822,
        640,
        1345,
        1212,
        1848,
        1822,
        901,
        2010,
        1602,
        2204,
        1721,
        1514,
        1526,
        1254,
        1215,
        633,
        1007,
        1932,
        1436,
        850,
        1703,
        1352,
        709,
        1805,
        1144,
        1429,
        2115,
        1523,
        1043,
        818,
        1648,
        859,
        755,
        903,
        1807,
        2052,
        2053,
        834,
        541,
        1422,
        1958,
        1501,
        1536,
        1252,
        2308,
        1219,
        653,
        1747,
        558,
        900,
        1748,
        811,
        1155,
        1124,
        1724,
        912,
        533,
        1603,
        1936,
        818,
        2032,
        756,
        1700,
        1129,
        1356,
        1906,
        1046,
        642,
        1956,
        2024,
        1330,
        655,
        1337,
        1519,
        1311,
        1746,
        1916,
        1004,
        2047,
        1104,
        919,
        959,
        1133,
        850,
        1038,
        1732,
        2145,
        704,
        1006,
        1847,
        810,
        1815
    ],
    "category_values_ratio": {
        "557": 934,
        "555": 924,
        "556": 916,
        "655": 857,
        "658": 856,
        "558": 842,
        "656": 834,
        "657": 804,
        "559": 787,
        "659": 762,
        "600": 759,
        "700": 742,
        "654": 741,
        "554": 726,
        "755": 702,
        "756": 675,
        "757": 639,
        "553": 638,
        "754": 613,
        "955": 602,
        "1733": 597,
        "1355": 592,
        "753": 585,
        "1735": 584,
        "1155": 582,
        "758": 581,
        "725": 576,
        "1110": 576,
        "1755": 575,
        "653": 572,
        "959": 569,
        "1750": 569,
        "1000": 567,
        "1354": 566,
        "1350": 566,
        "900": 564,
        "625": 563,
        "1300": 560,
        "828": 556,
        "1740": 555,
        "1752": 552,
        "855": 550,
        "1754": 547,
        "1743": 547,
        "1655": 546,
        "652": 542,
        "859": 542,
        "1255": 542,
        "1730": 541,
        "1125": 540,
        "1055": 539,
        "829": 538,
        "1459": 537,
        "1120": 537,
        "1343": 537,
        "752": 536,
        "1058": 533,
        "1738": 532,
        "759": 531,
        "858": 531,
        "1010": 529,
        "1353": 529,
        "1734": 529,
        "1358": 528,
        "1457": 528,
        "1555": 527,
        "552": 527,
        "840": 526,
        "1756": 526,
        "1728": 525,
        "1659": 525,
        "1159": 525,
        "1725": 525,
        "1059": 524,
        "827": 524,
        "958": 523,
        "956": 523,
        "857": 520,
        "1344": 520,
        "1500": 519,
        "1525": 519,
        "957": 519,
        "1736": 518,
        "1729": 516,
        "905": 515,
        "1505": 515,
        "1658": 515,
        "1130": 514,
        "856": 513,
        "703": 513,
        "800": 513,
        "1744": 513,
        "1115": 511,
        "1352": 511,
        "1741": 510,
        "940": 509,
        "1258": 509,
        "1751": 508,
        "1154": 507,
        "1156": 507,
        "1737": 507,
        "1351": 507,
        "726": 506,
        "1124": 506,
        "1557": 506,
        "1656": 505,
        "1128": 504,
        "1731": 504,
        "1745": 504,
        "650": 503,
        "1127": 503,
        "954": 501,
        "1259": 501,
        "1005": 501,
        "839": 500,
        "903": 500,
        "1558": 500,
        "1359": 500,
        "1204": 500,
        "1520": 499,
        "1400": 499,
        "1357": 499,
        "1757": 498,
        "1200": 498,
        "2005": 498,
        "1657": 498,
        "949": 498,
        "1015": 498,
        "943": 498,
        "1050": 497,
        "1126": 497,
        "1955": 497,
        "1100": 497,
        "1530": 497,
        "1340": 494,
        "1458": 494,
        "724": 494,
        "701": 493,
        "1205": 493,
        "1430": 492,
        "825": 491,
        "728": 491,
        "1053": 491,
        "1109": 490,
        "1253": 490,
        "1739": 490,
        "1056": 490,
        "1749": 490,
        "1105": 489,
        "626": 489,
        "1054": 489,
        "1626": 488,
        "1157": 488,
        "1600": 487,
        "640": 487,
        "1625": 487,
        "1554": 486,
        "1113": 486,
        "1122": 486,
        "729": 486,
        "1559": 485,
        "1727": 485,
        "1117": 485,
        "1215": 485,
        "1114": 485,
        "1256": 485,
        "1742": 484,
        "1224": 484,
        "1526": 484,
        "1556": 484,
        "1427": 484,
        "1950": 483,
        "1226": 483,
        "1945": 483,
        "1119": 483,
        "601": 483,
        "1424": 483,
        "1020": 483,
        "1158": 483,
        "1004": 482,
        "1504": 482,
        "1454": 482,
        "1303": 481,
        "854": 481,
        "727": 481,
        "1753": 481,
        "1025": 480,
        "1805": 480,
        "1339": 480,
        "1111": 479,
        "1252": 479,
        "1250": 478,
        "1820": 478,
        "945": 478,
        "750": 478,
        "1149": 477,
        "723": 477,
        "1346": 477,
        "1747": 477,
        "1510": 475,
        "1345": 475,
        "826": 475,
        "1348": 474,
        "1519": 474,
        "1759": 474,
        "1338": 474,
        "1949": 474,
        "853": 473,
        "1057": 473,
        "1230": 473,
        "1705": 473,
        "1624": 472,
        "1455": 472,
        "610": 472,
        "1732": 471,
        "1425": 471,
        "830": 470,
        "1225": 470,
        "1528": 470,
        "904": 470,
        "953": 470,
        "605": 470,
        "1546": 469,
        "835": 469,
        "1435": 469,
        "1703": 468,
        "1140": 468,
        "1959": 468,
        "1002": 468,
        "1153": 468,
        "1527": 467,
        "941": 467,
        "2010": 467,
        "1654": 467,
        "1257": 466,
        "1550": 466,
        "1855": 466,
        "1814": 466,
        "1001": 466,
        "1523": 466,
        "939": 465,
        "1007": 465,
        "1700": 465,
        "627": 465,
        "942": 465,
        "1129": 465,
        "1254": 465,
        "944": 464,
        "710": 464,
        "1553": 464,
        "820": 464,
        "1544": 464,
        "1502": 463,
        "1529": 463,
        "1540": 463,
        "1245": 463,
        "1925": 462,
        "1304": 462,
        "1228": 462,
        "1049": 462,
        "1116": 461,
        "1121": 461,
        "1349": 461,
        "1440": 461,
        "1605": 461,
        "1301": 461,
        "1341": 461,
        "1746": 461,
        "1135": 461,
        "2009": 460,
        "1726": 460,
        "705": 460,
        "1208": 460,
        "1428": 459,
        "845": 459,
        "841": 459,
        "1429": 459,
        "1356": 458,
        "1103": 458,
        "1521": 458,
        "1543": 457,
        "1815": 457,
        "730": 457,
        "824": 457,
        "1131": 457,
        "1203": 457,
        "2000": 457,
        "1013": 456,
        "1748": 455,
        "1952": 455,
        "1824": 455,
        "1342": 455,
        "1132": 455,
        "1450": 454,
        "1800": 454,
        "624": 454,
        "1150": 453,
        "1645": 453,
        "1524": 453,
        "950": 453,
        "1539": 453,
        "1541": 453,
        "1632": 453,
        "843": 453,
        "810": 453,
        "1456": 453,
        "1220": 453,
        "1008": 453,
        "1811": 453,
        "615": 452,
        "1926": 452,
        "1944": 452,
        "620": 452,
        "1426": 452,
        "1532": 452,
        "1423": 451,
        "1305": 451,
        "1810": 451,
        "1503": 451,
        "1118": 451,
        "1619": 451,
        "1052": 451,
        "702": 451,
        "1453": 450,
        "952": 450,
        "1629": 450,
        "751": 450,
        "1806": 450,
        "930": 450,
        "1547": 450,
        "1818": 450,
        "1512": 450,
        "1302": 449,
        "1940": 449,
        "1347": 449,
        "850": 448,
        "1701": 448,
        "1702": 448,
        "1953": 448,
        "1434": 448,
        "1535": 448,
        "1029": 447,
        "925": 447,
        "1514": 447,
        "1509": 447,
        "1240": 447,
        "1809": 447,
        "1549": 446,
        "1758": 446,
        "1508": 445,
        "1928": 445,
        "704": 445,
        "1507": 445,
        "1030": 445,
        "1108": 445,
        "2007": 445,
        "1552": 444,
        "1915": 444,
        "842": 444,
        "1408": 444,
        "1515": 443,
        "1813": 443,
        "1548": 443,
        "1324": 442,
        "913": 442,
        "1545": 442,
        "630": 442,
        "1016": 442,
        "1017": 441,
        "1708": 441,
        "852": 441,
        "1710": 441,
        "834": 441,
        "1227": 441,
        "1501": 440,
        "1325": 440,
        "1627": 440,
        "1104": 440,
        "1715": 439,
        "1328": 439,
        "1724": 439,
        "1014": 438,
        "1954": 438,
        "1812": 438,
        "1006": 438,
        "1939": 438,
        "1420": 438,
        "1405": 438,
        "838": 438,
        "831": 437,
        "1711": 437,
        "1045": 437,
        "1622": 437,
        "1623": 437,
        "1448": 437,
        "1720": 437,
        "1924": 436,
        "1251": 436,
        "603": 436,
        "1620": 436,
        "1630": 436,
        "1229": 436,
        "1819": 436,
        "1337": 436,
        "1404": 436,
        "1722": 436,
        "1828": 435,
        "708": 435,
        "910": 435,
        "645": 435,
        "628": 435,
        "1051": 435,
        "1011": 435,
        "1633": 434,
        "720": 434,
        "1309": 434,
        "823": 434,
        "1134": 434,
        "1652": 434,
        "1012": 434,
        "1024": 434,
        "1522": 434,
        "1533": 434,
        "623": 434,
        "1609": 434,
        "833": 434,
        "1607": 433,
        "1653": 433,
        "832": 433,
        "1551": 433,
        "924": 433,
        "902": 432,
        "1112": 432,
        "1219": 432,
        "1948": 432,
        "1211": 431,
        "1209": 431,
        "651": 431,
        "836": 431,
        "1957": 431,
        "1107": 431,
        "901": 431,
        "1221": 431,
        "1641": 431,
        "1649": 430,
        "1320": 430,
        "1433": 430,
        "1438": 430,
        "1009": 429,
        "1201": 429,
        "1823": 429,
        "1825": 429,
        "1704": 429,
        "914": 429,
        "1935": 429,
        "1946": 428,
        "1920": 428,
        "706": 428,
        "1640": 428,
        "1801": 428,
        "1123": 428,
        "1323": 428,
        "844": 428,
        "1947": 428,
        "1958": 428,
        "1650": 428,
        "715": 427,
        "1432": 427,
        "1152": 427,
        "1329": 427,
        "1538": 427,
        "1048": 427,
        "1826": 427,
        "1721": 427,
        "1019": 426,
        "602": 426,
        "1816": 426,
        "1133": 426,
        "1707": 426,
        "1202": 426,
        "1401": 426,
        "1850": 425,
        "1330": 425,
        "1628": 425,
        "1803": 425,
        "1618": 425,
        "1223": 424,
        "1213": 424,
        "1403": 424,
        "1210": 424,
        "951": 424,
        "937": 424,
        "1709": 424,
        "604": 423,
        "2008": 423,
        "1854": 423,
        "1817": 423,
        "1542": 423,
        "1327": 423,
        "1431": 422,
        "1206": 422,
        "1506": 421,
        "641": 421,
        "1222": 421,
        "711": 420,
        "1145": 420,
        "622": 419,
        "551": 419,
        "1445": 419,
        "906": 419,
        "1402": 419,
        "629": 419,
        "1003": 419,
        "1938": 418,
        "1851": 418,
        "1634": 418,
        "1018": 418,
        "1712": 418,
        "1621": 418,
        "815": 418,
        "1956": 418,
        "2002": 418,
        "1102": 417,
        "917": 417,
        "1517": 416,
        "1212": 416,
        "1216": 416,
        "1852": 416,
        "1243": 416,
        "1602": 416,
        "1931": 415,
        "1537": 415,
        "915": 415,
        "1638": 415,
        "1844": 415,
        "1706": 415,
        "1943": 415,
        "1248": 415,
        "1639": 415,
        "1933": 415,
        "642": 415,
        "1644": 414,
        "946": 414,
        "1101": 414,
        "938": 414,
        "1648": 414,
        "1930": 414,
        "638": 414,
        "837": 414,
        "920": 414,
        "1242": 414,
        "1714": 413,
        "1021": 413,
        "1335": 413,
        "1407": 413,
        "1921": 412,
        "1518": 412,
        "1821": 412,
        "735": 412,
        "912": 411,
        "1307": 411,
        "1439": 411,
        "1840": 411,
        "2004": 411,
        "1047": 411,
        "1923": 411,
        "1808": 411,
        "1829": 410,
        "1313": 410,
        "1308": 410,
        "1314": 410,
        "1040": 410,
        "1028": 410,
        "1306": 409,
        "1830": 409,
        "948": 409,
        "1326": 409,
        "1646": 409,
        "929": 408,
        "1151": 408,
        "1919": 408,
        "1631": 408,
        "1139": 408,
        "639": 408,
        "936": 408,
        "1106": 408,
        "1437": 407,
        "1603": 407,
        "1022": 407,
        "1446": 407,
        "1234": 407,
        "1719": 407,
        "1513": 407,
        "1929": 407,
        "1647": 407,
        "911": 406,
        "1922": 406,
        "1610": 406,
        "1856": 406,
        "1451": 406,
        "1449": 405,
        "550": 405,
        "1932": 405,
        "1642": 404,
        "1511": 404,
        "1914": 404,
        "1312": 404,
        "1942": 404,
        "712": 403,
        "811": 403,
        "1927": 403,
        "849": 403,
        "1802": 403,
        "1941": 402,
        "1635": 402,
        "1027": 402,
        "2001": 402,
        "1214": 402,
        "1934": 401,
        "1907": 401,
        "749": 401,
        "1716": 400,
        "709": 400,
        "713": 400,
        "1249": 400,
        "808": 399,
        "1141": 399,
        "813": 399,
        "718": 399,
        "1531": 399,
        "1452": 399,
        "1419": 398,
        "947": 398,
        "1207": 398,
        "1807": 398,
        "2019": 397,
        "1936": 397,
        "1239": 397,
        "1804": 397,
        "1146": 397,
        "1422": 396,
        "1604": 396,
        "1853": 396,
        "1411": 396,
        "1845": 396,
        "1601": 395,
        "1643": 395,
        "1311": 395,
        "2003": 395,
        "614": 395,
        "928": 395,
        "1310": 395,
        "1436": 395,
        "1026": 394,
        "805": 394,
        "1849": 393,
        "1841": 393,
        "1318": 393,
        "1421": 393,
        "812": 393,
        "1410": 393,
        "1023": 393,
        "2011": 393,
        "1148": 392,
        "908": 392,
        "1246": 391,
        "1827": 391,
        "1723": 391,
        "707": 391,
        "1244": 391,
        "1842": 391,
        "907": 391,
        "1651": 390,
        "714": 390,
        "1900": 390,
        "1536": 390,
        "909": 390,
        "1138": 390,
        "1035": 389,
        "1319": 389,
        "1315": 388,
        "927": 388,
        "819": 388,
        "1417": 388,
        "609": 388,
        "617": 388,
        "1044": 388,
        "644": 388,
        "1046": 388,
        "1247": 388,
        "1859": 387,
        "1137": 387,
        "1951": 387,
        "1235": 387,
        "1441": 387,
        "932": 387,
        "809": 386,
        "821": 386,
        "1636": 386,
        "916": 385,
        "1858": 385,
        "1614": 385,
        "804": 385,
        "722": 385,
        "1534": 385,
        "619": 385,
        "606": 385,
        "934": 385,
        "1143": 384,
        "1516": 384,
        "1418": 384,
        "1231": 384,
        "1848": 384,
        "801": 384,
        "926": 384,
        "1241": 383,
        "1615": 383,
        "921": 383,
        "1718": 383,
        "1136": 383,
        "1713": 383,
        "1839": 383,
        "1233": 382,
        "1322": 382,
        "1822": 381,
        "1616": 381,
        "1905": 381,
        "1908": 381,
        "814": 381,
        "817": 381,
        "740": 381,
        "1847": 381,
        "919": 380,
        "618": 380,
        "2015": 380,
        "1717": 380,
        "2006": 380,
        "1617": 380,
        "1857": 379,
        "923": 379,
        "851": 379,
        "1611": 378,
        "635": 378,
        "643": 378,
        "1331": 378,
        "1336": 378,
        "1238": 378,
        "1902": 378,
        "1843": 378,
        "1147": 378,
        "637": 378,
        "607": 377,
        "1218": 377,
        "802": 375,
        "1036": 375,
        "1443": 375,
        "1217": 375,
        "1606": 375,
        "1142": 374,
        "1912": 374,
        "608": 374,
        "935": 374,
        "1911": 374,
        "1043": 373,
        "1901": 372,
        "1846": 372,
        "1442": 371,
        "1144": 371,
        "613": 371,
        "719": 370,
        "822": 370,
        "636": 369,
        "2025": 369,
        "748": 369,
        "931": 368,
        "1413": 368,
        "847": 368,
        "649": 368,
        "646": 368,
        "1406": 368,
        "1038": 367,
        "721": 367,
        "1904": 366,
        "2014": 366,
        "1415": 366,
        "1444": 366,
        "621": 366,
        "1916": 365,
        "1909": 365,
        "933": 365,
        "1913": 364,
        "1612": 364,
        "734": 363,
        "1835": 363,
        "1613": 363,
        "1906": 362,
        "1414": 362,
        "1608": 362,
        "918": 361,
        "2017": 361,
        "1917": 361,
        "2018": 360,
        "1409": 360,
        "1034": 360,
        "922": 360,
        "1041": 359,
        "2013": 359,
        "1903": 359,
        "1033": 359,
        "1910": 359,
        "611": 359,
        "1412": 359,
        "2012": 358,
        "634": 358,
        "2053": 358,
        "1416": 358,
        "1317": 357,
        "1236": 357,
        "1836": 356,
        "745": 356,
        "732": 355,
        "1937": 355,
        "616": 354,
        "848": 354,
        "846": 354,
        "1447": 353,
        "818": 353,
        "612": 352,
        "1918": 352,
        "1316": 351,
        "803": 351,
        "2050": 350,
        "747": 349,
        "731": 349,
        "739": 349,
        "1333": 348,
        "1637": 346,
        "744": 346,
        "716": 346,
        "717": 346,
        "816": 344,
        "2023": 344,
        "743": 343,
        "633": 342,
        "737": 342,
        "1832": 342,
        "1321": 341,
        "1039": 341,
        "733": 340,
        "1838": 340,
        "1032": 340,
        "2022": 339,
        "806": 339,
        "1334": 338,
        "1037": 338,
        "1232": 338,
        "1332": 337,
        "1042": 336,
        "1031": 336,
        "807": 335,
        "746": 330,
        "1833": 330,
        "2055": 330,
        "2021": 329,
        "2054": 329,
        "2016": 328,
        "632": 328,
        "2020": 327,
        "1831": 327,
        "736": 327,
        "647": 321,
        "2049": 321,
        "738": 320,
        "1834": 318,
        "2056": 317,
        "648": 315,
        "2100": 315,
        "2057": 311,
        "1837": 311,
        "741": 310,
        "2153": 309,
        "1237": 309,
        "2150": 308,
        "2058": 306,
        "2024": 305,
        "549": 304,
        "742": 304,
        "631": 302,
        "2110": 300,
        "2052": 299,
        "2155": 298,
        "2154": 294,
        "2028": 293,
        "2030": 290,
        "2144": 288,
        "540": 288,
        "2147": 286,
        "2051": 284,
        "2149": 282,
        "2048": 281,
        "2151": 281,
        "2040": 280,
        "2059": 279,
        "2156": 278,
        "2027": 278,
        "2145": 278,
        "2152": 276,
        "2157": 276,
        "2044": 276,
        "2047": 275,
        "2045": 274,
        "2204": 273,
        "2115": 272,
        "2029": 270,
        "2026": 268,
        "2207": 267,
        "2105": 266,
        "2031": 266,
        "2111": 265,
        "2038": 264,
        "2112": 264,
        "2146": 263,
        "2104": 263,
        "548": 263,
        "2103": 263,
        "2109": 263,
        "2101": 261,
        "2205": 257,
        "2113": 255,
        "545": 255,
        "2036": 254,
        "2203": 250,
        "2159": 249,
        "2148": 249,
        "2202": 248,
        "2108": 247,
        "541": 245,
        "2107": 245,
        "542": 244,
        "2200": 243,
        "2043": 243,
        "2041": 240,
        "2106": 240,
        "2201": 240,
        "544": 239,
        "2158": 238,
        "2046": 238,
        "547": 236,
        "2102": 236,
        "2034": 235,
        "2206": 234,
        "2039": 233,
        "2032": 233,
        "2116": 231,
        "2124": 231,
        "2140": 230,
        "2042": 229,
        "2210": 229,
        "2215": 228,
        "2211": 228,
        "2033": 228,
        "2037": 227,
        "2209": 227,
        "2143": 227,
        "2035": 226,
        "543": 226,
        "2118": 222,
        "2125": 221,
        "2208": 220,
        "2114": 220,
        "2213": 219,
        "2117": 218,
        "538": 217,
        "536": 217,
        "2135": 217,
        "2224": 215,
        "2219": 214,
        "2119": 210,
        "2120": 210,
        "2122": 209,
        "530": 209,
        "2142": 209,
        "2212": 208,
        "2223": 208,
        "2126": 206,
        "539": 206,
        "525": 205,
        "2139": 203,
        "2214": 203,
        "2220": 201,
        "2133": 199,
        "2225": 198,
        "2128": 198,
        "2127": 197,
        "2130": 197,
        "2141": 196,
        "2132": 196,
        "546": 191,
        "2227": 191,
        "2222": 191,
        "529": 190,
        "2138": 190,
        "537": 190,
        "2217": 189,
        "2221": 189,
        "526": 185,
        "2218": 185,
        "2123": 185,
        "2226": 185,
        "2229": 184,
        "528": 183,
        "2121": 183,
        "535": 179,
        "527": 177,
        "2216": 174,
        "2228": 173,
        "2129": 170,
        "2131": 168,
        "2137": 167,
        "531": 164,
        "2136": 164,
        "533": 161,
        "2134": 157,
        "524": 156,
        "2230": 155,
        "534": 154,
        "2238": 141,
        "2231": 141,
        "2233": 140,
        "532": 137,
        "2235": 135,
        "455": 132,
        "2236": 131,
        "2232": 129,
        "2234": 128,
        "523": 128,
        "457": 125,
        "2245": 122,
        "2243": 121,
        "2240": 118,
        "2237": 117,
        "2239": 116,
        "2247": 115,
        "2244": 109,
        "520": 107,
        "2255": 106,
        "522": 106,
        "456": 105,
        "2242": 104,
        "521": 103,
        "2246": 103,
        "2253": 101,
        "500": 99,
        "2355": 98,
        "2315": 98,
        "2308": 97,
        "2251": 96,
        "2312": 96,
        "459": 96,
        "2249": 96,
        "458": 94,
        "2256": 93,
        "2250": 93,
        "2311": 92,
        "2313": 91,
        "454": 91,
        "510": 89,
        "2254": 89,
        "2310": 88,
        "2305": 88,
        "2248": 88,
        "2359": 87,
        "2302": 87,
        "2314": 86,
        "2317": 86,
        "2356": 86,
        "515": 86,
        "2241": 84,
        "2300": 82,
        "453": 81,
        "2303": 81,
        "2258": 81,
        "2319": 80,
        "2322": 80,
        "2354": 79,
        "2307": 79,
        "2325": 79,
        "2352": 79,
        "2321": 78,
        "2259": 78,
        "2353": 76,
        "513": 76,
        "2351": 75,
        "2306": 75,
        "2358": 75,
        "2316": 75,
        "509": 74,
        "2301": 74,
        "2318": 74,
        "518": 74,
        "512": 73,
        "2349": 73,
        "2309": 73,
        "2320": 72,
        "2324": 71,
        "507": 70,
        "2304": 69,
        "2252": 69,
        "2328": 68,
        "2332": 67,
        "508": 67,
        "505": 66,
        "519": 66,
        "2257": 65,
        "502": 64,
        "2350": 64,
        "501": 64,
        "516": 63,
        "511": 63,
        "2329": 62,
        "2326": 61,
        "2348": 61,
        "2340": 60,
        "2323": 59,
        "2327": 59,
        "2345": 59,
        "2342": 58,
        "2357": 58,
        "506": 58,
        "2339": 57,
        "2330": 57,
        "2338": 56,
        "2333": 56,
        "452": 55,
        "2336": 54,
        "503": 54,
        "1": 54,
        "2337": 52,
        "517": 52,
        "2341": 51,
        "2344": 50,
        "2331": 50,
        "504": 48,
        "12": 47,
        "2347": 47,
        "7": 46,
        "2343": 46,
        "25": 46,
        "2": 45,
        "514": 45,
        "2334": 44,
        "5": 44,
        "2346": 44,
        "3": 43,
        "2335": 43,
        "35": 42,
        "24": 41,
        "6": 41,
        "21": 40,
        "19": 39,
        "451": 38,
        "4": 38,
        "18": 38,
        "23": 37,
        "30": 37,
        "32": 35,
        "33": 35,
        "2400": 35,
        "9": 35,
        "22": 35,
        "15": 34,
        "8": 34,
        "29": 34,
        "37": 34,
        "13": 34,
        "53": 33,
        "27": 33,
        "20": 33,
        "10": 33,
        "55": 33,
        "38": 32,
        "31": 32,
        "47": 32,
        "49": 32,
        "17": 31,
        "28": 31,
        "43": 30,
        "14": 30,
        "16": 30,
        "54": 29,
        "39": 29,
        "26": 29,
        "52": 28,
        "44": 28,
        "51": 27,
        "46": 26,
        "107": 25,
        "11": 25,
        "57": 25,
        "36": 25,
        "40": 24,
        "48": 24,
        "42": 24,
        "110": 23,
        "34": 22,
        "41": 22,
        "450": 22,
        "50": 21,
        "115": 20,
        "56": 20,
        "112": 19,
        "143": 19,
        "137": 18,
        "103": 18,
        "45": 17,
        "146": 17,
        "59": 17,
        "126": 17,
        "125": 16,
        "449": 16,
        "113": 16,
        "141": 16,
        "104": 15,
        "58": 15,
        "128": 15,
        "102": 14,
        "448": 14,
        "144": 14,
        "130": 14,
        "119": 14,
        "140": 14,
        "111": 13,
        "101": 13,
        "139": 13,
        "124": 13,
        "136": 13,
        "127": 13,
        "133": 13,
        "138": 12,
        "145": 12,
        "106": 12,
        "132": 12,
        "122": 12,
        "131": 12,
        "148": 12,
        "147": 11,
        "205": 11,
        "142": 11,
        "118": 11,
        "105": 11,
        "134": 11,
        "135": 11,
        "129": 11,
        "109": 11,
        "100": 11,
        "153": 11,
        "158": 10,
        "108": 10,
        "152": 9,
        "149": 9,
        "123": 9,
        "301": 9,
        "200": 8,
        "116": 8,
        "120": 8,
        "114": 8,
        "255": 8,
        "155": 8,
        "154": 7,
        "219": 7,
        "117": 7,
        "241": 7,
        "157": 7,
        "447": 7,
        "156": 7,
        "151": 6,
        "243": 6,
        "215": 6,
        "251": 6,
        "249": 6,
        "208": 6,
        "159": 6,
        "334": 6,
        "239": 6,
        "442": 5,
        "210": 5,
        "236": 5,
        "238": 5,
        "202": 5,
        "247": 5,
        "201": 5,
        "302": 5,
        "256": 5,
        "222": 5,
        "329": 5,
        "203": 5,
        "300": 5,
        "305": 5,
        "252": 5,
        "421": 4,
        "414": 4,
        "337": 4,
        "234": 4,
        "322": 4,
        "408": 4,
        "436": 4,
        "423": 4,
        "248": 4,
        "355": 4,
        "310": 4,
        "217": 4,
        "343": 4,
        "403": 4,
        "209": 4,
        "308": 4,
        "150": 4,
        "316": 3,
        "306": 3,
        "402": 3,
        "206": 3,
        "354": 3,
        "232": 3,
        "226": 3,
        "240": 3,
        "250": 3,
        "312": 3,
        "410": 3,
        "220": 3,
        "418": 3,
        "353": 3,
        "242": 3,
        "204": 3,
        "254": 3,
        "253": 3,
        "342": 3,
        "404": 3,
        "258": 3,
        "224": 3,
        "444": 3,
        "437": 3,
        "212": 3,
        "218": 3,
        "420": 3,
        "227": 3,
        "245": 3,
        "257": 3,
        "228": 3,
        "230": 3,
        "409": 3,
        "339": 3,
        "446": 2,
        "427": 2,
        "416": 2,
        "356": 2,
        "358": 2,
        "413": 2,
        "223": 2,
        "341": 2,
        "411": 2,
        "323": 2,
        "303": 2,
        "309": 2,
        "434": 2,
        "440": 2,
        "246": 2,
        "443": 2,
        "307": 2,
        "321": 2,
        "314": 2,
        "344": 2,
        "349": 2,
        "340": 2,
        "328": 2,
        "405": 2,
        "225": 2,
        "319": 2,
        "406": 2,
        "317": 2,
        "325": 2,
        "439": 2,
        "213": 2,
        "235": 2,
        "401": 2,
        "311": 2,
        "214": 2,
        "207": 2,
        "445": 2,
        "332": 2,
        "221": 1,
        "237": 1,
        "424": 1,
        "304": 1,
        "441": 1,
        "348": 1,
        "412": 1,
        "320": 1,
        "435": 1,
        "438": 1,
        "211": 1,
        "121": 1,
        "327": 1,
        "231": 1,
        "432": 1,
        "431": 1,
        "216": 1,
        "417": 1,
        "259": 1,
        "350": 1,
        "430": 1,
        "333": 1,
        "330": 1,
        "351": 1,
        "313": 1,
        "400": 1,
        "318": 1,
        "324": 1,
        "357": 1,
        "426": 1
    },
    "nrows": 445827
}