{
    "column_id": "Airline/Airline.csvAirline.csv/Div1WheelsOn",
    "dataset_name": "Airline.csv",
    "dataset_id": "Airline/Airline.csv",
    "path": "/home/ubuntu/CatDB/Experiments/data/Airline/Airline.csv",
    "table_name": "Airline.csv",
    "table_id": "Airline/Airline.csvAirline.csv",
    "column_name": "Div1WheelsOn",
    "data_source": "Airline",
    "data_type": "int",
    "total_values_count": 445827,
    "distinct_values_count": 623,
    "missing_values_count": 444898,
    "true_ratio": null,
    "min_value": 1.0,
    "max_value": 2358.0,
    "mean": 1426.4477933261571,
    "median": 1442.0,
    "iqr": 798.0,
    "category_values": [
        1634,
        1528,
        1649,
        526,
        1823,
        1659,
        916,
        1517,
        633,
        1924,
        1624,
        1829,
        351,
        1620,
        1112,
        1619,
        710,
        851,
        1707,
        745,
        912,
        1642,
        1325,
        1651,
        1635,
        858,
        1305,
        515,
        922,
        1138,
        843,
        1556,
        2103,
        102,
        1504,
        1301,
        1630,
        1038,
        807,
        904,
        825,
        935,
        1633,
        840,
        1816,
        1446,
        831,
        1327,
        1028,
        1607,
        1234,
        847,
        1433,
        1930,
        1055,
        1313,
        545,
        533,
        1544,
        1608,
        1614,
        2126,
        1146,
        1155,
        930,
        1201,
        610,
        627,
        753,
        1907,
        506,
        1025,
        957,
        1346,
        1030,
        2011,
        1022,
        727,
        1024,
        528,
        848,
        1207,
        1232,
        1945,
        1552,
        706,
        1037,
        1759,
        143,
        2006,
        1531,
        1647,
        233,
        1330,
        918,
        1615,
        1546,
        1137,
        1554,
        2005,
        1539,
        1418,
        1338,
        1852,
        915,
        2233,
        902,
        2004,
        1256,
        924,
        1452,
        1639,
        1054,
        1148,
        1139,
        1717,
        1814,
        1547,
        1124,
        2001,
        1555,
        953,
        1434,
        827,
        1335,
        1643,
        2121,
        1147,
        1126,
        313,
        932,
        1156,
        2222,
        2203,
        1744,
        2124,
        1604,
        1331,
        2154,
        2034,
        2252,
        1320,
        1154,
        1157,
        1218,
        2007,
        1031,
        1129,
        1336,
        1426,
        1932,
        1104,
        1213,
        2026,
        2245,
        1128,
        1641,
        2015,
        1106,
        1029,
        949,
        1557,
        958,
        15,
        2258,
        1355,
        2350,
        741,
        2101,
        857,
        636,
        1804,
        1601,
        937,
        2049,
        612,
        737,
        752,
        2132,
        1208,
        505,
        1438,
        1245,
        1809,
        2009,
        2239,
        811,
        1817,
        1447,
        2249,
        1849,
        1847,
        1648,
        1503,
        2214,
        6,
        1714,
        830,
        1712,
        1612,
        1901,
        1939,
        1623,
        2041,
        1323,
        1041,
        2010,
        725,
        605,
        1507,
        1715,
        1911,
        748,
        1427,
        1935,
        1936,
        1240,
        1741,
        1743,
        2042,
        455,
        619,
        920,
        954,
        1203,
        1613,
        34,
        1236,
        842,
        1356,
        1008,
        1910,
        2345,
        1658,
        1344,
        1919,
        1308,
        1349,
        1324,
        1558,
        940,
        523,
        1455,
        1451,
        1145,
        1524,
        649,
        45,
        1632,
        2140,
        1701,
        2,
        1458,
        1529,
        1108,
        1843,
        2247,
        2127,
        911,
        850,
        2120,
        2134,
        2111,
        734,
        2251,
        1210,
        1003,
        2032,
        1605,
        1917,
        2021,
        1826,
        1740,
        1200,
        746,
        1044,
        2238,
        1731,
        1846,
        859,
        823,
        1442,
        1036,
        1736,
        1721,
        1758,
        2318,
        732,
        1102,
        1321,
        2202,
        1832,
        1215,
        1121,
        2257,
        1151,
        1027,
        934,
        729,
        2305,
        2244,
        2228,
        2232,
        2229,
        2212,
        2231,
        2220,
        2100,
        2306,
        2259,
        2313,
        806,
        1049,
        10,
        2330,
        1423,
        1211,
        1219,
        1150,
        1300,
        41,
        2155,
        2200,
        1627,
        1521,
        651,
        1805,
        1348,
        1253,
        2221,
        717,
        836,
        1628,
        1523,
        1937,
        1904,
        1309,
        2137,
        1700,
        1747,
        1705,
        1522,
        907,
        835,
        1609,
        1257,
        1249,
        1949,
        1640,
        1450,
        1534,
        2014,
        2058,
        829,
        1435,
        1053,
        1836,
        2242,
        1337,
        1353,
        1352,
        1718,
        1332,
        1341,
        1654,
        1920,
        1431,
        1857,
        1821,
        1801,
        1734,
        1329,
        1303,
        2123,
        2312,
        720,
        1509,
        25,
        2358,
        2300,
        2226,
        1403,
        905,
        1952,
        33,
        1047,
        1757,
        906,
        1519,
        2040,
        1735,
        2105,
        1202,
        1136,
        1533,
        1018,
        1545,
        2003,
        1853,
        1541,
        1921,
        1943,
        1940,
        2030,
        12,
        822,
        1009,
        1944,
        420,
        721,
        1019,
        1017,
        1631,
        1752,
        1315,
        1242,
        338,
        1511,
        1637,
        1955,
        529,
        714,
        1132,
        941,
        1014,
        1251,
        1833,
        2339,
        2352,
        1834,
        3,
        759,
        1622,
        951,
        2017,
        812,
        1422,
        2340,
        2046,
        1445,
        1751,
        1502,
        1655,
        623,
        1449,
        2129,
        2002,
        1510,
        119,
        2048,
        1953,
        1958,
        1837,
        1946,
        1508,
        1750,
        2115,
        2012,
        2219,
        1722,
        712,
        1842,
        1043,
        1951,
        2143,
        1629,
        659,
        2108,
        1616,
        1611,
        1915,
        2024,
        1957,
        936,
        2240,
        2043,
        2236,
        2243,
        1312,
        1140,
        718,
        2153,
        1553,
        931,
        756,
        1125,
        1537,
        926,
        945,
        846,
        1134,
        804,
        738,
        925,
        1033,
        134,
        1238,
        1032,
        1456,
        855,
        1113,
        1704,
        1902,
        1007,
        1828,
        1724,
        1012,
        1749,
        2050,
        2106,
        1048,
        1753,
        1158,
        1109,
        956,
        1333,
        622,
        1004,
        1050,
        1549,
        1818,
        1841,
        1039,
        1652,
        1725,
        1250,
        722,
        1258,
        1259,
        2055,
        107,
        2027,
        657,
        2118,
        1657,
        1807,
        1307,
        1808,
        1,
        1625,
        1603,
        943,
        1209,
        1621,
        950,
        1120,
        1206,
        1002,
        1122,
        921,
        2223,
        1913,
        1425,
        1909,
        1358,
        1922,
        2157,
        1542,
        1224,
        1115,
        1020,
        2316,
        2348,
        1010,
        2135,
        1900,
        1543,
        2211,
        1107,
        29,
        824,
        1228,
        2145,
        1600,
        1516,
        726,
        43,
        1719,
        1702,
        1934,
        2207,
        2018,
        1351,
        803,
        1723,
        908,
        14,
        826,
        643,
        1057,
        903,
        2044,
        2210,
        2250,
        1314,
        1713,
        853,
        1133,
        1710,
        1013,
        32,
        2255,
        1343,
        919,
        2235,
        1339,
        1414,
        1923,
        2008,
        2343,
        959,
        2147,
        1501,
        1703,
        1941,
        1340,
        1515,
        1035,
        2225,
        1430,
        1929,
        1045,
        1052
    ],
    "embedding": [
        -1.0,
        -1.0,
        -1.0,
        1.0,
        -1.0,
        1.0,
        -1.0,
        -1.0,
        -1.0,
        -1.0,
        1.0,
        -1.0,
        -1.0,
        1.0,
        1.0,
        1.0,
        1.0,
        -1.0,
        1.0,
        -1.0,
        1.0,
        -1.0,
        1.0,
        -1.0,
        1.0,
        -1.0,
        -1.0,
        1.0,
        -1.0,
        -1.0,
        1.0,
        1.0,
        -1.0,
        -1.0,
        -1.0,
        1.0,
        -1.0,
        1.0,
        1.0,
        -1.0,
        -1.0,
        1.0,
        -1.0,
        -1.0,
        -1.0,
        -1.0,
        1.0,
        -1.0,
        -1.0,
        -0.9934353828430176,
        -1.0,
        1.0,
        1.0,
        1.0,
        -1.0,
        1.0,
        1.0,
        1.0,
        -1.0,
        0.9968639612197876,
        -1.0,
        -1.0,
        1.0,
        -1.0,
        1.0,
        -1.0,
        1.0,
        -1.0,
        1.0,
        1.0,
        1.0,
        -1.0,
        -1.0,
        -1.0,
        -1.0,
        1.0,
        1.0,
        1.0,
        1.0,
        1.0,
        1.0,
        1.0,
        1.0,
        -1.0,
        -1.0,
        1.0,
        -1.0,
        1.0,
        1.0,
        1.0,
        -1.0,
        1.0,
        1.0,
        -1.0,
        1.0,
        -1.0,
        1.0,
        -1.0,
        -1.0,
        -1.0,
        -0.9979891777038574,
        -1.0,
        1.0,
        -1.0,
        -1.0,
        1.0,
        1.0,
        1.0,
        -1.0,
        -1.0,
        1.0,
        -1.0,
        -1.0,
        1.0,
        1.0,
        1.0,
        1.0,
        1.0,
        1.0,
        -1.0,
        -1.0,
        1.0,
        -1.0,
        -1.0,
        1.0,
        -1.0,
        -1.0,
        -1.0,
        -1.0,
        1.0,
        -1.0,
        1.0,
        -1.0,
        -1.0,
        1.0,
        -1.0,
        -1.0,
        1.0,
        1.0,
        -1.0,
        1.0,
        1.0,
        1.0,
        -1.0,
        1.0,
        -1.0,
        1.0,
        -1.0,
        -1.0,
        -1.0,
        0.9999999403953552,
        -1.0,
        1.0,
        -1.0,
        1.0,
        -1.0,
        1.0,
        -1.0,
        1.0,
        -1.0,
        -1.0,
        1.0,
        -1.0,
        -1.0,
        1.0,
        -1.0,
        1.0,
        -1.0,
        -1.0,
        -1.0,
        -1.0,
        -1.0,
        1.0,
        1.0,
        -1.0,
        -1.0,
        1.0,
        -1.0,
        -1.0,
        -1.0,
        1.0,
        -1.0,
        -1.0,
        -1.0,
        1.0,
        -1.0,
        1.0,
        -1.0,
        -1.0,
        -1.0,
        1.0,
        1.0,
        1.0,
        1.0,
        -1.0,
        -1.0,
        1.0,
        -1.0,
        -1.0,
        1.0,
        -1.0,
        1.0,
        -1.0,
        -1.0,
        -1.0,
        -1.0,
        1.0,
        1.0,
        -1.0,
        -1.0,
        -1.0,
        1.0,
        -1.0,
        -1.0,
        -1.0,
        1.0,
        -1.0,
        1.0,
        -1.0,
        -1.0,
        1.0,
        -1.0,
        -1.0,
        1.0,
        -1.0,
        -0.9929501414299011,
        1.0,
        -1.0,
        -1.0,
        -1.0,
        1.0,
        -1.0,
        1.0,
        -1.0,
        -1.0,
        1.0,
        -1.0,
        1.0,
        1.0,
        -0.9999999403953552,
        1.0,
        -0.9909732341766357,
        1.0,
        -1.0,
        1.0,
        1.0,
        -1.0,
        -1.0,
        -1.0,
        1.0,
        1.0,
        1.0,
        -1.0,
        -1.0,
        -1.0,
        1.0,
        1.0,
        -1.0,
        -1.0,
        -1.0,
        1.0,
        1.0,
        1.0,
        -1.0,
        1.0,
        -1.0,
        -1.0,
        -1.0,
        1.0,
        1.0,
        -0.9983066320419312,
        -1.0,
        -1.0,
        1.0,
        -1.0,
        1.0,
        1.0,
        1.0,
        1.0,
        1.0,
        1.0,
        -1.0,
        1.0,
        1.0,
        1.0,
        -1.0,
        -1.0,
        1.0,
        -1.0,
        -1.0,
        -1.0,
        1.0,
        -1.0,
        -1.0,
        -1.0,
        -1.0,
        -1.0,
        1.0,
        1.0,
        1.0
    ],
    "embedding_scaling_factor": 12.891036987304688,
    "samples": [],
    "category_values_ratio": {
        "940": 5,
        "2006": 5,
        "1139": 5,
        "1022": 4,
        "1622": 4,
        "1433": 4,
        "1605": 4,
        "1219": 4,
        "1651": 4,
        "1715": 4,
        "804": 4,
        "1136": 4,
        "1218": 4,
        "2305": 4,
        "1614": 4,
        "958": 4,
        "1717": 4,
        "1633": 4,
        "1556": 4,
        "1642": 3,
        "1312": 3,
        "1112": 3,
        "858": 3,
        "734": 3,
        "2222": 3,
        "912": 3,
        "2030": 3,
        "1003": 3,
        "1554": 3,
        "1624": 3,
        "1604": 3,
        "1426": 3,
        "922": 3,
        "1138": 3,
        "906": 3,
        "1517": 3,
        "1904": 3,
        "1147": 3,
        "2258": 3,
        "1232": 3,
        "1031": 3,
        "2001": 3,
        "1124": 3,
        "1349": 3,
        "1305": 3,
        "2239": 3,
        "1639": 3,
        "1208": 3,
        "848": 3,
        "1654": 3,
        "1919": 3,
        "1834": 3,
        "1930": 3,
        "6": 3,
        "1151": 3,
        "1048": 3,
        "1423": 3,
        "1054": 3,
        "1330": 3,
        "1037": 3,
        "1240": 3,
        "1132": 3,
        "2306": 3,
        "1842": 3,
        "1234": 3,
        "1612": 3,
        "1805": 3,
        "1201": 3,
        "930": 3,
        "1155": 3,
        "1531": 2,
        "1649": 2,
        "1647": 2,
        "1028": 2,
        "1552": 2,
        "1327": 2,
        "1446": 2,
        "1620": 2,
        "1545": 2,
        "1853": 2,
        "1823": 2,
        "2003": 2,
        "1940": 2,
        "1533": 2,
        "1057": 2,
        "1829": 2,
        "1945": 2,
        "1055": 2,
        "1024": 2,
        "1608": 2,
        "935": 2,
        "1157": 2,
        "1546": 2,
        "1607": 2,
        "847": 2,
        "1313": 2,
        "2126": 2,
        "1154": 2,
        "1146": 2,
        "1637": 2,
        "1329": 2,
        "1025": 2,
        "957": 2,
        "1014": 2,
        "1619": 2,
        "1010": 2,
        "851": 2,
        "1655": 2,
        "953": 2,
        "932": 2,
        "1337": 2,
        "915": 2,
        "1107": 2,
        "2046": 2,
        "1539": 2,
        "812": 2,
        "2005": 2,
        "1320": 2,
        "2252": 2,
        "1338": 2,
        "1418": 2,
        "2007": 2,
        "2004": 2,
        "2121": 2,
        "1325": 2,
        "1615": 2,
        "1635": 2,
        "2040": 2,
        "1301": 2,
        "1630": 2,
        "1952": 2,
        "1017": 2,
        "727": 2,
        "1643": 2,
        "2153": 2,
        "1949": 2,
        "2014": 2,
        "1434": 2,
        "827": 2,
        "1228": 2,
        "1331": 2,
        "1257": 2,
        "1558": 2,
        "1529": 2,
        "2137": 2,
        "1922": 2,
        "950": 2,
        "737": 2,
        "1348": 2,
        "2002": 2,
        "2249": 2,
        "1705": 2,
        "1541": 2,
        "2229": 2,
        "1847": 2,
        "1524": 2,
        "1721": 2,
        "1701": 2,
        "1238": 2,
        "15": 2,
        "1946": 2,
        "1355": 2,
        "2200": 2,
        "1324": 2,
        "1213": 2,
        "1449": 2,
        "1336": 2,
        "2115": 2,
        "2348": 2,
        "1300": 2,
        "1937": 2,
        "1245": 2,
        "2048": 2,
        "651": 2,
        "2245": 2,
        "2101": 2,
        "1523": 2,
        "1458": 2,
        "1601": 2,
        "1108": 2,
        "1503": 2,
        "1049": 2,
        "1041": 2,
        "1039": 2,
        "2231": 2,
        "1935": 2,
        "2232": 2,
        "1743": 2,
        "2042": 2,
        "1613": 2,
        "1027": 2,
        "1008": 2,
        "1215": 2,
        "1832": 2,
        "1036": 2,
        "1308": 2,
        "1939": 2,
        "2244": 2,
        "1321": 2,
        "1125": 2,
        "925": 2,
        "1442": 2,
        "1648": 2,
        "738": 2,
        "823": 2,
        "2134": 2,
        "1846": 2,
        "846": 2,
        "756": 2,
        "1826": 2,
        "931": 2,
        "2238": 2,
        "649": 2,
        "2318": 2,
        "1814": 1,
        "1547": 1,
        "610": 1,
        "1555": 1,
        "1335": 1,
        "1148": 1,
        "1126": 1,
        "1852": 1,
        "313": 1,
        "753": 1,
        "710": 1,
        "526": 1,
        "1659": 1,
        "916": 1,
        "633": 1,
        "1924": 1,
        "351": 1,
        "1707": 1,
        "745": 1,
        "515": 1,
        "924": 1,
        "843": 1,
        "1452": 1,
        "954": 1,
        "1256": 1,
        "1030": 1,
        "2103": 1,
        "1053": 1,
        "1836": 1,
        "2242": 1,
        "1353": 1,
        "1609": 1,
        "34": 1,
        "1203": 1,
        "506": 1,
        "1346": 1,
        "2011": 1,
        "902": 1,
        "528": 1,
        "1207": 1,
        "706": 1,
        "1759": 1,
        "143": 1,
        "233": 1,
        "918": 1,
        "1907": 1,
        "1137": 1,
        "2233": 1,
        "627": 1,
        "1936": 1,
        "1504": 1,
        "920": 1,
        "725": 1,
        "605": 1,
        "1507": 1,
        "1911": 1,
        "748": 1,
        "1427": 1,
        "829": 1,
        "1741": 1,
        "455": 1,
        "619": 1,
        "2010": 1,
        "2009": 1,
        "2203": 1,
        "1809": 1,
        "505": 1,
        "2124": 1,
        "2154": 1,
        "2034": 1,
        "1129": 1,
        "1932": 1,
        "1104": 1,
        "2026": 1,
        "1323": 1,
        "2041": 1,
        "1038": 1,
        "1018": 1,
        "807": 1,
        "904": 1,
        "825": 1,
        "840": 1,
        "1816": 1,
        "831": 1,
        "545": 1,
        "533": 1,
        "1544": 1,
        "102": 1,
        "1156": 1,
        "1623": 1,
        "1744": 1,
        "811": 1,
        "1817": 1,
        "1447": 1,
        "1849": 1,
        "2214": 1,
        "1714": 1,
        "830": 1,
        "1712": 1,
        "1901": 1,
        "1435": 1,
        "1341": 1,
        "2058": 1,
        "1451": 1,
        "2021": 1,
        "1917": 1,
        "842": 1,
        "1356": 1,
        "1910": 1,
        "2345": 1,
        "1658": 1,
        "1344": 1,
        "523": 1,
        "1455": 1,
        "1145": 1,
        "1200": 1,
        "45": 1,
        "1150": 1,
        "1632": 1,
        "2": 1,
        "1843": 1,
        "2247": 1,
        "2127": 1,
        "911": 1,
        "850": 1,
        "2120": 1,
        "1740": 1,
        "1211": 1,
        "1534": 1,
        "1121": 1,
        "1641": 1,
        "746": 1,
        "1044": 1,
        "1731": 1,
        "859": 1,
        "1736": 1,
        "1758": 1,
        "732": 1,
        "1102": 1,
        "2202": 1,
        "2257": 1,
        "2330": 1,
        "934": 1,
        "729": 1,
        "2228": 1,
        "2212": 1,
        "2220": 1,
        "2100": 1,
        "2259": 1,
        "2313": 1,
        "1528": 1,
        "10": 1,
        "2111": 1,
        "2251": 1,
        "1210": 1,
        "836": 1,
        "2105": 1,
        "1202": 1,
        "2358": 1,
        "1236": 1,
        "1332": 1,
        "1352": 1,
        "1521": 1,
        "1253": 1,
        "2221": 1,
        "717": 1,
        "1628": 1,
        "2032": 1,
        "1309": 1,
        "1700": 1,
        "1747": 1,
        "1522": 1,
        "907": 1,
        "1718": 1,
        "835": 1,
        "1249": 1,
        "1640": 1,
        "1450": 1,
        "1735": 1,
        "1519": 1,
        "1757": 1,
        "1047": 1,
        "2140": 1,
        "41": 1,
        "2155": 1,
        "1627": 1,
        "1920": 1,
        "1431": 1,
        "1857": 1,
        "1821": 1,
        "1801": 1,
        "1734": 1,
        "1303": 1,
        "2123": 1,
        "2312": 1,
        "720": 1,
        "1509": 1,
        "25": 1,
        "2300": 1,
        "2226": 1,
        "1403": 1,
        "905": 1,
        "33": 1,
        "1128": 1,
        "1929": 1,
        "2015": 1,
        "1553": 1,
        "2018": 1,
        "1351": 1,
        "803": 1,
        "1723": 1,
        "908": 1,
        "14": 1,
        "826": 1,
        "643": 1,
        "903": 1,
        "43": 1,
        "1634": 1,
        "1934": 1,
        "1958": 1,
        "2017": 1,
        "529": 1,
        "1955": 1,
        "1616": 1,
        "1422": 1,
        "1611": 1,
        "1915": 1,
        "1837": 1,
        "2340": 1,
        "2207": 1,
        "1702": 1,
        "1106": 1,
        "2316": 1,
        "2225": 1,
        "1430": 1,
        "1045": 1,
        "1314": 1,
        "2250": 1,
        "2210": 1,
        "2044": 1,
        "1224": 1,
        "1115": 1,
        "1020": 1,
        "2135": 1,
        "1719": 1,
        "1900": 1,
        "1543": 1,
        "2211": 1,
        "29": 1,
        "824": 1,
        "2145": 1,
        "1600": 1,
        "1516": 1,
        "1537": 1,
        "726": 1,
        "1511": 1,
        "338": 1,
        "2024": 1,
        "1445": 1,
        "12": 1,
        "822": 1,
        "1140": 1,
        "1510": 1,
        "718": 1,
        "623": 1,
        "1009": 1,
        "1944": 1,
        "420": 1,
        "119": 1,
        "721": 1,
        "1242": 1,
        "2129": 1,
        "1502": 1,
        "2243": 1,
        "1315": 1,
        "2240": 1,
        "2043": 1,
        "1631": 1,
        "1752": 1,
        "2236": 1,
        "1019": 1,
        "1751": 1,
        "3": 1,
        "936": 1,
        "2108": 1,
        "1957": 1,
        "2219": 1,
        "714": 1,
        "1953": 1,
        "951": 1,
        "941": 1,
        "2012": 1,
        "2352": 1,
        "1722": 1,
        "2339": 1,
        "712": 1,
        "1833": 1,
        "1750": 1,
        "1251": 1,
        "1043": 1,
        "1951": 1,
        "759": 1,
        "2143": 1,
        "1508": 1,
        "1629": 1,
        "659": 1,
        "1035": 1,
        "1515": 1,
        "1340": 1,
        "1621": 1,
        "2118": 1,
        "1657": 1,
        "1807": 1,
        "1307": 1,
        "1808": 1,
        "1": 1,
        "1625": 1,
        "1603": 1,
        "943": 1,
        "1209": 1,
        "1120": 1,
        "926": 1,
        "1206": 1,
        "1002": 1,
        "1122": 1,
        "921": 1,
        "2223": 1,
        "1913": 1,
        "1425": 1,
        "1725": 1,
        "1909": 1,
        "1652": 1,
        "657": 1,
        "2027": 1,
        "107": 1,
        "1943": 1,
        "1438": 1,
        "1029": 1,
        "1557": 1,
        "2350": 1,
        "741": 1,
        "857": 1,
        "636": 1,
        "1804": 1,
        "937": 1,
        "2049": 1,
        "612": 1,
        "752": 1,
        "2132": 1,
        "949": 1,
        "1921": 1,
        "806": 1,
        "2055": 1,
        "1250": 1,
        "722": 1,
        "1258": 1,
        "1259": 1,
        "1818": 1,
        "945": 1,
        "1941": 1,
        "1343": 1,
        "1358": 1,
        "2157": 1,
        "1542": 1,
        "1713": 1,
        "853": 1,
        "1133": 1,
        "1710": 1,
        "1013": 1,
        "32": 1,
        "2255": 1,
        "919": 1,
        "1134": 1,
        "2235": 1,
        "1339": 1,
        "1414": 1,
        "1923": 1,
        "2008": 1,
        "2343": 1,
        "959": 1,
        "2147": 1,
        "1501": 1,
        "1703": 1,
        "1841": 1,
        "1549": 1,
        "1050": 1,
        "1004": 1,
        "1033": 1,
        "134": 1,
        "1032": 1,
        "1456": 1,
        "855": 1,
        "1113": 1,
        "1704": 1,
        "1902": 1,
        "1007": 1,
        "1828": 1,
        "1724": 1,
        "1012": 1,
        "1749": 1,
        "2050": 1,
        "2106": 1,
        "1753": 1,
        "1158": 1,
        "1109": 1,
        "956": 1,
        "1333": 1,
        "622": 1,
        "1052": 1
    },
    "nrows": 445827
}