{
    "column_id": "Airline/Airline.csvAirline.csv/Div1AirportID",
    "dataset_name": "Airline.csv",
    "dataset_id": "Airline/Airline.csv",
    "path": "/home/ubuntu/CatDB/Experiments/data/Airline/Airline.csv",
    "table_name": "Airline.csv",
    "table_id": "Airline/Airline.csvAirline.csv",
    "column_name": "Div1AirportID",
    "data_source": "Airline",
    "data_type": "int",
    "total_values_count": 445827,
    "distinct_values_count": 147,
    "missing_values_count": 444898,
    "true_ratio": null,
    "min_value": 10135.0,
    "max_value": 16229.0,
    "mean": 13022.393972012916,
    "median": 13204.0,
    "iqr": 3337.0,
    "category_values": [
        15304,
        14635,
        14100,
        12266,
        12478,
        15016,
        12889,
        13495,
        15096,
        12892,
        11298,
        13204,
        12451,
        11697,
        11540,
        13605,
        13303,
        13930,
        14027,
        14814,
        14122,
        14685,
        10821,
        14683,
        14107,
        13485,
        10559,
        12339,
        10194,
        10397,
        10868,
        14831,
        11292,
        10529,
        11423,
        13198,
        14843,
        13244,
        14747,
        12191,
        10721,
        10299,
        14057,
        11057,
        13796,
        13891,
        11884,
        15376,
        12173,
        14828,
        14771,
        12523,
        12819,
        14709,
        14004,
        10994,
        14262,
        10785,
        14869,
        10158,
        13296,
        15070,
        12197,
        14960,
        13487,
        11042,
        11921,
        14689,
        14698,
        10140,
        10423,
        11823,
        15389,
        12280,
        14696,
        10620,
        11433,
        13502,
        15370,
        14314,
        14113,
        13264,
        16101,
        13127,
        11563,
        12884,
        10713,
        10627,
        11865,
        10693,
        12951,
        10135,
        14489,
        13342,
        11471,
        11337,
        11637,
        14730,
        12217,
        11109,
        15380,
        11977,
        14570,
        12278,
        11618,
        13422,
        10257,
        11638,
        14986,
        13230,
        11140,
        16229,
        14492,
        13232,
        10800,
        14893,
        14679,
        11259,
        13851,
        10599,
        12992,
        12206,
        14576,
        11066,
        11481,
        14193,
        10792,
        13931,
        11267,
        11986,
        11278,
        12264,
        15249,
        11193,
        13184,
        11996,
        10781,
        13158,
        12915,
        10185,
        11612,
        13277,
        14574,
        10434,
        10874,
        15919,
        13871
    ],
    "embedding": [
        -1.0,
        -1.0,
        -1.0,
        1.0,
        -1.0,
        1.0,
        -1.0,
        -1.0,
        -1.0,
        -1.0,
        1.0,
        -1.0,
        -1.0,
        1.0,
        1.0,
        1.0,
        1.0,
        -1.0,
        1.0,
        -1.0,
        1.0,
        -1.0,
        1.0,
        -1.0,
        1.0,
        -1.0,
        -1.0,
        1.0,
        -1.0,
        -1.0,
        1.0,
        1.0,
        -1.0,
        -1.0,
        -1.0,
        1.0,
        -1.0,
        1.0,
        1.0,
        -1.0,
        -1.0,
        1.0,
        -1.0,
        -1.0,
        -1.0,
        -1.0,
        1.0,
        -1.0,
        -1.0,
        -0.9980098009109497,
        -1.0,
        1.0,
        1.0,
        1.0,
        -1.0,
        1.0,
        1.0,
        1.0,
        -1.0,
        0.9995397925376892,
        -1.0,
        -1.0,
        1.0,
        -1.0,
        1.0,
        -1.0,
        1.0,
        -1.0,
        1.0,
        1.0,
        1.0,
        -1.0,
        -1.0,
        -1.0,
        -1.0,
        1.0,
        1.0,
        1.0,
        1.0,
        1.0,
        1.0,
        1.0,
        1.0,
        -1.0,
        -1.0,
        1.0,
        -1.0,
        1.0,
        1.0,
        1.0,
        -1.0,
        1.0,
        1.0,
        -1.0,
        1.0,
        -1.0,
        1.0,
        -1.0,
        -1.0,
        -1.0,
        -0.9989779591560364,
        -1.0,
        1.0,
        -1.0,
        -1.0,
        1.0,
        1.0,
        1.0,
        -1.0,
        -1.0,
        1.0,
        -1.0,
        -1.0,
        1.0,
        1.0,
        1.0,
        1.0,
        1.0,
        1.0,
        -1.0,
        -1.0,
        1.0,
        -1.0,
        -1.0,
        1.0,
        -1.0,
        -1.0,
        -1.0,
        -1.0,
        1.0,
        -1.0,
        1.0,
        -1.0,
        -1.0,
        1.0,
        -1.0,
        -1.0,
        1.0,
        1.0,
        -1.0,
        1.0,
        1.0,
        1.0,
        -1.0,
        1.0,
        -1.0,
        1.0,
        -1.0,
        -1.0,
        -1.0,
        1.0,
        -1.0,
        1.0,
        -1.0,
        1.0,
        -1.0,
        1.0,
        -1.0,
        1.0,
        -1.0,
        -1.0,
        1.0,
        -1.0,
        -1.0,
        1.0,
        -1.0,
        1.0,
        -1.0,
        -1.0,
        -1.0,
        -1.0,
        -1.0,
        1.0,
        1.0,
        -1.0,
        -1.0,
        1.0,
        -1.0,
        -1.0,
        -1.0,
        1.0,
        -1.0,
        -1.0,
        -1.0,
        1.0,
        -1.0,
        1.0,
        -1.0,
        -1.0,
        -1.0,
        1.0,
        1.0,
        1.0,
        1.0,
        -1.0,
        -1.0,
        1.0,
        -1.0,
        -1.0,
        1.0,
        -1.0,
        1.0,
        -1.0,
        -1.0,
        -1.0,
        -1.0,
        1.0,
        1.0,
        -1.0,
        -1.0,
        -1.0,
        1.0,
        -1.0,
        -1.0,
        -1.0,
        1.0,
        -1.0,
        1.0,
        -1.0,
        -1.0,
        1.0,
        -1.0,
        -1.0,
        1.0,
        -1.0,
        -0.9985746145248413,
        1.0,
        -1.0,
        -1.0,
        -1.0,
        1.0,
        -1.0,
        1.0,
        -1.0,
        -1.0,
        1.0,
        -1.0,
        1.0,
        1.0,
        -1.0,
        1.0,
        -0.9941797852516174,
        1.0,
        -1.0,
        1.0,
        1.0,
        -1.0,
        -1.0,
        -1.0,
        1.0,
        1.0,
        1.0,
        -1.0,
        -1.0,
        -1.0,
        1.0,
        1.0,
        -1.0,
        -1.0,
        -1.0,
        1.0,
        1.0,
        1.0,
        -1.0,
        1.0,
        -1.0,
        -1.0,
        -1.0,
        1.0,
        1.0,
        -0.9988797307014465,
        -1.0,
        -1.0,
        1.0,
        -1.0,
        1.0,
        1.0,
        1.0,
        1.0,
        1.0,
        1.0,
        -1.0,
        1.0,
        1.0,
        1.0,
        -1.0,
        -1.0,
        1.0,
        -1.0,
        -1.0,
        -1.0,
        1.0,
        -1.0,
        -1.0,
        -1.0,
        -1.0,
        -1.0,
        1.0,
        1.0,
        1.0
    ],
    "embedding_scaling_factor": 56.73514938354492,
    "samples": [],
    "category_values_ratio": {
        "15389": 41,
        "11292": 37,
        "10397": 30,
        "15304": 28,
        "11298": 27,
        "14869": 26,
        "14057": 25,
        "13204": 22,
        "11921": 21,
        "12892": 21,
        "13930": 20,
        "14107": 20,
        "11042": 17,
        "12889": 17,
        "14683": 16,
        "14831": 16,
        "14747": 15,
        "14635": 14,
        "13487": 14,
        "12266": 14,
        "14771": 13,
        "10821": 13,
        "15016": 13,
        "14027": 13,
        "11697": 12,
        "13796": 12,
        "11259": 11,
        "12478": 11,
        "14100": 11,
        "10423": 10,
        "11433": 10,
        "13891": 10,
        "12173": 10,
        "14843": 9,
        "12191": 9,
        "13495": 9,
        "12339": 9,
        "10299": 7,
        "13232": 7,
        "14122": 7,
        "13244": 7,
        "13342": 7,
        "13198": 7,
        "14893": 6,
        "12451": 6,
        "15070": 6,
        "10713": 6,
        "10721": 6,
        "12264": 6,
        "13931": 5,
        "10781": 5,
        "10994": 5,
        "10620": 5,
        "14113": 5,
        "11193": 5,
        "14570": 5,
        "13303": 5,
        "10140": 5,
        "12992": 5,
        "13485": 4,
        "11540": 4,
        "14828": 4,
        "14730": 4,
        "15096": 4,
        "14193": 4,
        "14814": 4,
        "10693": 4,
        "10529": 4,
        "13296": 4,
        "11140": 4,
        "15376": 3,
        "15370": 3,
        "11057": 3,
        "11618": 3,
        "14685": 3,
        "14262": 3,
        "12280": 3,
        "11109": 3,
        "10599": 3,
        "12278": 3,
        "12915": 3,
        "11977": 3,
        "13851": 3,
        "10135": 3,
        "14492": 3,
        "11823": 2,
        "11066": 2,
        "12217": 2,
        "11637": 2,
        "10434": 2,
        "14696": 2,
        "12884": 2,
        "10185": 2,
        "11423": 2,
        "11865": 2,
        "15380": 2,
        "11337": 2,
        "12206": 2,
        "13230": 2,
        "11884": 2,
        "11996": 2,
        "10785": 2,
        "10257": 2,
        "10559": 2,
        "12197": 2,
        "10792": 2,
        "11267": 2,
        "14689": 2,
        "12523": 2,
        "10158": 1,
        "10627": 1,
        "13502": 1,
        "12951": 1,
        "14489": 1,
        "11471": 1,
        "14698": 1,
        "14960": 1,
        "11638": 1,
        "13422": 1,
        "13127": 1,
        "14986": 1,
        "16229": 1,
        "14004": 1,
        "13264": 1,
        "10800": 1,
        "12819": 1,
        "11563": 1,
        "14574": 1,
        "16101": 1,
        "13158": 1,
        "10868": 1,
        "15919": 1,
        "10874": 1,
        "13277": 1,
        "11278": 1,
        "11612": 1,
        "11986": 1,
        "10194": 1,
        "14679": 1,
        "15249": 1,
        "13605": 1,
        "13184": 1,
        "11481": 1,
        "14314": 1,
        "14709": 1,
        "14576": 1,
        "13871": 1
    },
    "nrows": 445827
}