{
    "column_id": "Airline/Airline.csvAirline.csv/DivDistance",
    "dataset_name": "Airline.csv",
    "dataset_id": "Airline/Airline.csv",
    "path": "/home/ubuntu/CatDB/Experiments/data/Airline/Airline.csv",
    "table_name": "Airline.csv",
    "table_id": "Airline/Airline.csvAirline.csv",
    "column_name": "DivDistance",
    "data_source": "Airline",
    "data_type": "int",
    "total_values_count": 445827,
    "distinct_values_count": 130,
    "missing_values_count": 444963,
    "true_ratio": null,
    "min_value": 0.0,
    "max_value": 2614.0,
    "mean": 81.96412037037037,
    "median": 0.0,
    "iqr": 48.25,
    "category_values": [
        0,
        11,
        21,
        119,
        224,
        110,
        1197,
        728,
        507,
        213,
        331,
        2614,
        571,
        160,
        909,
        153,
        95,
        30,
        680,
        17,
        45,
        56,
        35,
        305,
        177,
        105,
        89,
        48,
        25,
        125,
        65,
        197,
        71,
        546,
        106,
        129,
        116,
        67,
        389,
        73,
        176,
        293,
        141,
        88,
        638,
        406,
        109,
        216,
        97,
        349,
        284,
        188,
        49,
        255,
        174,
        191,
        134,
        130,
        36,
        1521,
        223,
        113,
        763,
        867,
        345,
        1235,
        181,
        486,
        1139,
        258,
        1076,
        1067,
        368,
        319,
        419,
        453,
        2556,
        277,
        192,
        148,
        409,
        228,
        337,
        401,
        491,
        612,
        456,
        822,
        675,
        471,
        391,
        483,
        395,
        468,
        587,
        623,
        942,
        682,
        404,
        1747,
        281,
        377,
        361,
        159,
        1218,
        528,
        2026,
        696,
        210,
        1618,
        390,
        601,
        296,
        18,
        850,
        472,
        325,
        369,
        121,
        254,
        99,
        115,
        150,
        301,
        189,
        66,
        114,
        83,
        23,
        132
    ],
    "embedding": [
        -1.0,
        -1.0,
        -1.0,
        1.0,
        -1.0,
        1.0,
        -1.0,
        -1.0,
        -0.9999748468399048,
        -1.0,
        1.0,
        -1.0,
        -1.0,
        1.0,
        1.0,
        1.0,
        1.0,
        -1.0,
        1.0,
        -1.0,
        1.0,
        -1.0,
        1.0,
        -1.0,
        1.0,
        -1.0,
        -1.0,
        1.0,
        -1.0,
        -1.0,
        1.0,
        1.0,
        -1.0,
        -1.0,
        -1.0,
        1.0,
        -1.0,
        1.0,
        1.0,
        -1.0,
        -1.0,
        1.0,
        -1.0,
        -1.0,
        -1.0,
        -1.0,
        1.0,
        -1.0,
        -0.9999569058418274,
        0.03305257111787796,
        -1.0,
        1.0,
        1.0,
        1.0,
        -1.0,
        1.0,
        1.0,
        1.0,
        -1.0,
        0.7385637760162354,
        -1.0,
        -1.0,
        1.0,
        -1.0,
        1.0,
        -1.0,
        1.0,
        -1.0,
        1.0,
        1.0,
        1.0,
        -1.0,
        -1.0,
        -1.0,
        -1.0,
        1.0,
        1.0,
        1.0,
        1.0,
        1.0,
        1.0,
        1.0,
        1.0,
        -1.0,
        -1.0,
        1.0,
        -1.0,
        1.0,
        1.0,
        1.0,
        -1.0,
        1.0,
        1.0,
        -1.0,
        1.0,
        -1.0,
        1.0,
        -1.0,
        -1.0,
        -1.0,
        -0.8812696933746338,
        -1.0,
        1.0,
        -1.0,
        -1.0,
        1.0,
        1.0,
        1.0,
        -1.0,
        -1.0,
        1.0,
        -1.0,
        -1.0,
        1.0,
        1.0,
        1.0,
        1.0,
        1.0,
        1.0,
        -1.0,
        -1.0,
        1.0,
        -1.0,
        -1.0,
        1.0,
        -1.0,
        -1.0,
        -0.9997708201408386,
        -1.0,
        1.0,
        -1.0,
        1.0,
        -1.0,
        -1.0,
        1.0,
        -1.0,
        -1.0,
        1.0,
        1.0,
        -1.0,
        1.0,
        1.0,
        1.0,
        -1.0,
        1.0,
        -1.0,
        1.0,
        -1.0,
        -1.0,
        -1.0,
        0.9985524415969849,
        -1.0,
        1.0,
        -1.0,
        1.0,
        -1.0,
        1.0,
        -1.0,
        1.0,
        -1.0,
        -1.0,
        1.0,
        -1.0,
        -1.0,
        1.0,
        -1.0,
        1.0,
        -1.0,
        -1.0,
        -1.0,
        -1.0,
        -1.0,
        1.0,
        1.0,
        -1.0,
        -1.0,
        1.0,
        -1.0,
        -1.0,
        -1.0,
        1.0,
        -1.0,
        -1.0,
        -1.0,
        1.0,
        -1.0,
        1.0,
        -1.0,
        -1.0,
        -1.0,
        1.0,
        1.0,
        1.0,
        1.0,
        -1.0,
        -1.0,
        1.0,
        -1.0,
        -1.0,
        1.0,
        -1.0,
        1.0,
        -1.0,
        -1.0,
        -1.0,
        -1.0,
        1.0,
        1.0,
        -1.0,
        -1.0,
        -1.0,
        1.0,
        -1.0,
        -1.0,
        -1.0,
        1.0,
        -1.0,
        1.0,
        -1.0,
        -1.0,
        1.0,
        -1.0,
        -1.0,
        1.0,
        -0.9999817609786987,
        0.023714520037174225,
        1.0,
        -1.0,
        -1.0,
        -1.0,
        1.0,
        -1.0,
        1.0,
        -1.0,
        -1.0,
        1.0,
        -1.0,
        1.0,
        1.0,
        -0.9999966025352478,
        1.0,
        0.06025877967476845,
        1.0,
        -1.0,
        1.0,
        1.0,
        -1.0,
        -1.0,
        -1.0,
        1.0,
        1.0,
        1.0,
        -1.0,
        -1.0,
        -1.0,
        1.0,
        1.0,
        -1.0,
        -1.0,
        -1.0,
        1.0,
        1.0,
        1.0,
        -1.0,
        1.0,
        -1.0,
        -1.0,
        -1.0,
        1.0,
        1.0,
        -0.8672542572021484,
        -1.0,
        -1.0,
        1.0,
        -1.0,
        1.0,
        1.0,
        1.0,
        1.0,
        1.0,
        1.0,
        -1.0,
        1.0,
        1.0,
        1.0,
        -1.0,
        -1.0,
        1.0,
        -1.0,
        -1.0,
        -1.0,
        1.0,
        -1.0,
        -1.0,
        -1.0,
        -1.0,
        -1.0,
        1.0,
        1.0,
        1.0
    ],
    "embedding_scaling_factor": 13.688427925109863,
    "samples": [],
    "category_values_ratio": {
        "0": 622,
        "71": 41,
        "89": 20,
        "11": 8,
        "345": 5,
        "56": 5,
        "95": 5,
        "110": 4,
        "45": 3,
        "30": 3,
        "223": 3,
        "1521": 3,
        "406": 2,
        "35": 2,
        "177": 2,
        "571": 2,
        "99": 2,
        "909": 2,
        "456": 2,
        "224": 2,
        "255": 2,
        "125": 2,
        "36": 2,
        "680": 2,
        "141": 2,
        "296": 2,
        "587": 2,
        "181": 2,
        "65": 2,
        "21": 2,
        "18": 2,
        "129": 2,
        "116": 2,
        "601": 2,
        "468": 2,
        "176": 2,
        "638": 1,
        "153": 1,
        "119": 1,
        "1197": 1,
        "728": 1,
        "507": 1,
        "213": 1,
        "331": 1,
        "2614": 1,
        "160": 1,
        "25": 1,
        "17": 1,
        "277": 1,
        "305": 1,
        "48": 1,
        "197": 1,
        "546": 1,
        "106": 1,
        "67": 1,
        "389": 1,
        "216": 1,
        "109": 1,
        "191": 1,
        "97": 1,
        "763": 1,
        "349": 1,
        "284": 1,
        "188": 1,
        "49": 1,
        "174": 1,
        "293": 1,
        "134": 1,
        "130": 1,
        "113": 1,
        "867": 1,
        "2556": 1,
        "486": 1,
        "1139": 1,
        "258": 1,
        "1076": 1,
        "1067": 1,
        "368": 1,
        "319": 1,
        "419": 1,
        "453": 1,
        "73": 1,
        "369": 1,
        "88": 1,
        "822": 1,
        "23": 1,
        "377": 1,
        "281": 1,
        "1618": 1,
        "228": 1,
        "391": 1,
        "395": 1,
        "675": 1,
        "1747": 1,
        "483": 1,
        "114": 1,
        "612": 1,
        "401": 1,
        "337": 1,
        "623": 1,
        "942": 1,
        "682": 1,
        "404": 1,
        "491": 1,
        "471": 1,
        "83": 1,
        "66": 1,
        "105": 1,
        "210": 1,
        "192": 1,
        "1235": 1,
        "409": 1,
        "361": 1,
        "159": 1,
        "1218": 1,
        "528": 1,
        "2026": 1,
        "696": 1,
        "148": 1,
        "189": 1,
        "390": 1,
        "850": 1,
        "472": 1,
        "325": 1,
        "121": 1,
        "254": 1,
        "115": 1,
        "150": 1,
        "301": 1,
        "132": 1
    },
    "nrows": 445827
}