{
    "column_id": "Airline/Airline.csvAirline.csv/TaxiIn",
    "dataset_name": "Airline.csv",
    "dataset_id": "Airline/Airline.csv",
    "path": "/home/ubuntu/CatDB/Experiments/data/Airline/Airline.csv",
    "table_name": "Airline.csv",
    "table_id": "Airline/Airline.csvAirline.csv",
    "column_name": "TaxiIn",
    "data_source": "Airline",
    "data_type": "int",
    "total_values_count": 445827,
    "distinct_values_count": 122,
    "missing_values_count": 11907,
    "true_ratio": null,
    "min_value": 1.0,
    "max_value": 155.0,
    "mean": 7.29429848820059,
    "median": 6.0,
    "iqr": 4.0,
    "category_values": [
        8,
        10,
        14,
        9,
        12,
        11,
        7,
        6,
        4,
        13,
        16,
        5,
        15,
        18,
        17,
        41,
        19,
        26,
        35,
        3,
        22,
        2,
        34,
        20,
        43,
        23,
        30,
        28,
        68,
        61,
        42,
        25,
        27,
        49,
        74,
        21,
        38,
        37,
        65,
        36,
        33,
        31,
        45,
        24,
        57,
        32,
        47,
        59,
        46,
        62,
        44,
        29,
        101,
        40,
        54,
        48,
        52,
        51,
        77,
        56,
        67,
        50,
        78,
        76,
        1,
        63,
        39,
        81,
        58,
        104,
        66,
        53,
        79,
        55,
        86,
        75,
        72,
        70,
        96,
        60,
        95,
        87,
        71,
        64,
        123,
        83,
        99,
        82,
        121,
        127,
        73,
        80,
        69,
        91,
        94,
        89,
        84,
        92,
        100,
        85,
        107,
        147,
        111,
        102,
        142,
        109,
        114,
        120,
        155,
        117,
        97,
        93,
        98,
        110,
        134,
        103,
        138,
        124,
        108,
        105,
        118,
        133
    ],
    "embedding": [
        -1.0,
        -1.0,
        -1.0,
        1.0,
        -1.0,
        1.0,
        -1.0,
        -1.0,
        -1.0,
        -1.0,
        1.0,
        -1.0,
        -1.0,
        1.0,
        1.0,
        1.0,
        1.0,
        -1.0,
        1.0,
        -1.0,
        1.0,
        -1.0,
        1.0,
        -1.0,
        1.0,
        -1.0,
        -1.0,
        1.0,
        -1.0,
        -1.0,
        1.0,
        1.0,
        -1.0,
        -1.0,
        -1.0,
        1.0,
        -1.0,
        1.0,
        1.0,
        -1.0,
        -1.0,
        1.0,
        -1.0,
        -1.0,
        -1.0,
        -1.0,
        1.0,
        -1.0,
        -1.0,
        -0.9264681935310364,
        -1.0,
        1.0,
        1.0,
        1.0,
        -1.0,
        1.0,
        1.0,
        1.0,
        -1.0,
        0.9693920612335205,
        -1.0,
        -1.0,
        1.0,
        -1.0,
        1.0,
        -1.0,
        1.0,
        -1.0,
        1.0,
        1.0,
        1.0,
        -1.0,
        -1.0,
        -1.0,
        -1.0,
        1.0,
        1.0,
        1.0,
        1.0,
        1.0,
        1.0,
        1.0,
        1.0,
        -1.0,
        -1.0,
        1.0,
        -1.0,
        1.0,
        1.0,
        1.0,
        -1.0,
        1.0,
        1.0,
        -1.0,
        1.0,
        -1.0,
        1.0,
        -1.0,
        -1.0,
        -1.0,
        -0.9947752952575684,
        -1.0,
        1.0,
        -1.0,
        -1.0,
        1.0,
        1.0,
        1.0,
        -1.0,
        -1.0,
        1.0,
        -1.0,
        -1.0,
        1.0,
        1.0,
        1.0,
        1.0,
        1.0,
        1.0,
        -1.0,
        -1.0,
        1.0,
        -1.0,
        -1.0,
        1.0,
        -1.0,
        -1.0,
        -1.0,
        -1.0,
        1.0,
        -1.0,
        1.0,
        -1.0,
        -1.0,
        1.0,
        -1.0,
        -1.0,
        1.0,
        1.0,
        -1.0,
        1.0,
        1.0,
        1.0,
        -1.0,
        1.0,
        -1.0,
        1.0,
        -1.0,
        -1.0,
        -1.0,
        1.0,
        -1.0,
        1.0,
        -1.0,
        1.0,
        -1.0,
        1.0,
        -1.0,
        1.0,
        -1.0,
        -1.0,
        1.0,
        -1.0,
        -1.0,
        1.0,
        -1.0,
        1.0,
        -1.0,
        -1.0,
        -1.0,
        -1.0,
        -1.0,
        1.0,
        1.0,
        -1.0,
        -1.0,
        1.0,
        -1.0,
        -1.0,
        -1.0,
        1.0,
        -1.0,
        -1.0,
        -1.0,
        1.0,
        -1.0,
        1.0,
        -1.0,
        -1.0,
        -1.0,
        1.0,
        1.0,
        1.0,
        1.0,
        -1.0,
        -1.0,
        1.0,
        -1.0,
        -1.0,
        1.0,
        -1.0,
        1.0,
        -1.0,
        -1.0,
        -1.0,
        -1.0,
        1.0,
        1.0,
        -1.0,
        -1.0,
        -1.0,
        1.0,
        -1.0,
        -1.0,
        -1.0,
        1.0,
        -1.0,
        1.0,
        -1.0,
        -1.0,
        1.0,
        -1.0,
        -1.0,
        1.0,
        -1.0,
        -0.9146860241889954,
        1.0,
        -1.0,
        -1.0,
        -1.0,
        1.0,
        -1.0,
        1.0,
        -1.0,
        -1.0,
        1.0,
        -1.0,
        1.0,
        1.0,
        -1.0,
        1.0,
        -0.9089332818984985,
        1.0,
        -1.0,
        1.0,
        1.0,
        -1.0,
        -1.0,
        -1.0,
        1.0,
        1.0,
        1.0,
        -1.0,
        -1.0,
        -1.0,
        1.0,
        1.0,
        -1.0,
        -1.0,
        -1.0,
        1.0,
        1.0,
        1.0,
        -1.0,
        1.0,
        -1.0,
        -1.0,
        -1.0,
        1.0,
        1.0,
        -0.9921054840087891,
        -1.0,
        -1.0,
        1.0,
        -1.0,
        1.0,
        1.0,
        1.0,
        1.0,
        1.0,
        1.0,
        -1.0,
        1.0,
        1.0,
        1.0,
        -1.0,
        -1.0,
        1.0,
        -1.0,
        -1.0,
        -1.0,
        1.0,
        -1.0,
        -1.0,
        -1.0,
        -1.0,
        -1.0,
        1.0,
        1.0,
        1.0
    ],
    "embedding_scaling_factor": 349.7618408203125,
    "samples": [
        8,
        5,
        5,
        10,
        4,
        6,
        24,
        5,
        3,
        2,
        5,
        4,
        7,
        3,
        9,
        6,
        4,
        15,
        5,
        5,
        8,
        4,
        10,
        4,
        4,
        5,
        3,
        5,
        4,
        7,
        8,
        4,
        4,
        5,
        3,
        8,
        2,
        3,
        7,
        5,
        7,
        3,
        8,
        4,
        10,
        5,
        10,
        7,
        3,
        4,
        3,
        6,
        14,
        4,
        5,
        6,
        6,
        6,
        6,
        13,
        3,
        9,
        12,
        6,
        7,
        5,
        7,
        5,
        9,
        5,
        4,
        4,
        13,
        3,
        10,
        7,
        16,
        2,
        6,
        10,
        3,
        6,
        4,
        3,
        4,
        10,
        4,
        11,
        7,
        5,
        3,
        5,
        3,
        17,
        4,
        3,
        7,
        10,
        12
    ],
    "category_values_ratio": {
        "5": 73651,
        "4": 70167,
        "6": 60552,
        "7": 46002,
        "3": 38237,
        "8": 33205,
        "9": 23861,
        "10": 17919,
        "11": 13170,
        "12": 9767,
        "2": 7868,
        "13": 7316,
        "14": 5387,
        "15": 4136,
        "16": 3125,
        "17": 2560,
        "18": 2203,
        "19": 1598,
        "20": 1396,
        "21": 1206,
        "22": 1031,
        "23": 919,
        "24": 850,
        "25": 729,
        "26": 677,
        "27": 568,
        "28": 495,
        "29": 494,
        "30": 428,
        "31": 392,
        "1": 353,
        "32": 338,
        "33": 313,
        "34": 242,
        "35": 238,
        "36": 224,
        "37": 181,
        "38": 177,
        "39": 171,
        "40": 133,
        "41": 127,
        "42": 121,
        "43": 117,
        "44": 113,
        "45": 86,
        "46": 74,
        "47": 72,
        "49": 72,
        "51": 57,
        "52": 57,
        "48": 52,
        "50": 49,
        "53": 46,
        "54": 40,
        "56": 36,
        "57": 33,
        "60": 30,
        "58": 30,
        "62": 28,
        "59": 26,
        "63": 25,
        "55": 23,
        "65": 21,
        "67": 21,
        "68": 19,
        "61": 16,
        "66": 16,
        "64": 15,
        "71": 15,
        "73": 11,
        "78": 11,
        "77": 11,
        "70": 11,
        "74": 10,
        "69": 9,
        "75": 7,
        "86": 7,
        "89": 7,
        "87": 7,
        "80": 6,
        "82": 6,
        "72": 6,
        "81": 6,
        "76": 6,
        "79": 6,
        "102": 5,
        "83": 5,
        "84": 5,
        "98": 5,
        "91": 4,
        "96": 3,
        "101": 3,
        "85": 3,
        "97": 3,
        "109": 3,
        "103": 2,
        "92": 2,
        "100": 2,
        "147": 2,
        "93": 2,
        "99": 2,
        "114": 2,
        "110": 2,
        "117": 2,
        "108": 2,
        "94": 2,
        "120": 1,
        "121": 1,
        "107": 1,
        "111": 1,
        "123": 1,
        "142": 1,
        "95": 1,
        "138": 1,
        "127": 1,
        "155": 1,
        "124": 1,
        "118": 1,
        "134": 1,
        "105": 1,
        "104": 1,
        "133": 1
    },
    "nrows": 445827
}