{
    "column_id": "Airline/Airline.csvAirline.csv/DestCityMarketID",
    "dataset_name": "Airline.csv",
    "dataset_id": "Airline/Airline.csv",
    "path": "/home/ubuntu/CatDB/Experiments/data/Airline/Airline.csv",
    "table_name": "Airline.csv",
    "table_id": "Airline/Airline.csvAirline.csv",
    "column_name": "DestCityMarketID",
    "data_source": "Airline",
    "data_type": "int",
    "total_values_count": 445827,
    "distinct_values_count": 273,
    "missing_values_count": 0,
    "true_ratio": null,
    "min_value": 30070.0,
    "max_value": 35991.0,
    "mean": 31723.66489019283,
    "median": 31453.0,
    "iqr": 1852.0,
    "category_values": [
        31295,
        30194,
        31703,
        30559,
        30977,
        32457,
        30852,
        34100,
        31123,
        33195,
        32467,
        30325,
        32575,
        32758,
        31453,
        30423,
        31454,
        32211,
        34614,
        34945,
        30721,
        32134,
        33830,
        34653,
        31057,
        34492,
        34524,
        34057,
        30615,
        33570,
        33214,
        33198,
        30693,
        30466,
        30436,
        33192,
        33851,
        32982,
        33667,
        31714,
        31650,
        32012,
        32337,
        30397,
        34819,
        34262,
        33495,
        30189,
        33342,
        31136,
        30198,
        34570,
        33256,
        34027,
        31503,
        31267,
        30140,
        32896,
        33044,
        34992,
        31423,
        33316,
        30647,
        30529,
        31638,
        31066,
        32441,
        33502,
        34699,
        33244,
        30713,
        31884,
        30299,
        30792,
        30928,
        30257,
        35096,
        32323,
        34321,
        34576,
        30994,
        32070,
        31995,
        30599,
        30666,
        30113,
        30070,
        30107,
        30073,
        31517,
        31401,
        35991,
        30913,
        32523,
        34828,
        35841,
        34256,
        33873,
        33970,
        30165,
        34254,
        30732,
        34986,
        34685,
        30785,
        33933,
        31252,
        33105,
        31637,
        33485,
        31986,
        31612,
        30434,
        30620,
        30208,
        35323,
        31973,
        33360,
        30849,
        30980,
        33486,
        30990,
        32945,
        31624,
        31481,
        31504,
        31871,
        30408,
        32951,
        34783,
        31775,
        31641,
        33728,
        32600,
        34574,
        32448,
        31135,
        30255,
        35412,
        31721,
        31003,
        35356,
        30627,
        35497,
        30431,
        30868,
        31146,
        32402,
        30158,
        32898,
        30135,
        31834,
        30685,
        34222,
        32265,
        32511,
        30476,
        35411,
        33377,
        31982,
        33158,
        30781,
        32891,
        34952,
        30155,
        30747,
        30185,
        31205,
        33785,
        31337,
        31823,
        31977,
        34696,
        32884,
        34689,
        30285,
        34457,
        30372,
        33304,
        31603,
        33388,
        33029,
        33264,
        31921,
        31895,
        34905,
        33367,
        33076,
        34252,
        31648,
        31695,
        32156,
        30157,
        33184,
        34108,
        32547,
        34025,
        30561,
        35041,
        32280,
        34922,
        31898,
        30279,
        31140,
        34236,
        32389,
        34794,
        35389,
        34150,
        31525,
        31122,
        32888,
        35380,
        30469,
        34489,
        31049,
        31076,
        31097,
        31471,
        32519,
        31447,
        34006,
        33459,
        33344,
        31865,
        30141,
        30333,
        32397,
        31013,
        30577,
        34520,
        32335,
        33127,
        32343,
        34113,
        32016,
        32129,
        31587,
        30631,
        30739,
        30779,
        30918,
        34543,
        32255,
        33792,
        33964,
        32206,
        35249,
        30562,
        31953,
        34109,
        33241,
        31778,
        30728,
        34674,
        33038,
        35401,
        34588,
        32177,
        30424,
        31577,
        30894,
        31308,
        31537,
        34711,
        33795,
        35550,
        33277,
        30146,
        30731,
        31150,
        30581,
        31617
    ],
    "embedding": [
        -1.0,
        -1.0,
        -1.0,
        1.0,
        -1.0,
        1.0,
        -1.0,
        -1.0,
        -1.0,
        -1.0,
        1.0,
        -1.0,
        -1.0,
        1.0,
        1.0,
        1.0,
        1.0,
        -1.0,
        1.0,
        -1.0,
        1.0,
        -1.0,
        1.0,
        -1.0,
        1.0,
        -1.0,
        -1.0,
        1.0,
        -1.0,
        -1.0,
        1.0,
        1.0,
        -1.0,
        -1.0,
        -1.0,
        1.0,
        -1.0,
        1.0,
        1.0,
        -1.0,
        -1.0,
        1.0,
        -1.0,
        -1.0,
        -1.0,
        -1.0,
        1.0,
        -1.0,
        -1.0,
        -0.9973974227905273,
        -1.0,
        1.0,
        1.0,
        1.0,
        -1.0,
        1.0,
        1.0,
        1.0,
        -1.0,
        0.9998301267623901,
        -1.0,
        -1.0,
        1.0,
        -1.0,
        1.0,
        -1.0,
        1.0,
        -1.0,
        1.0,
        1.0,
        1.0,
        -1.0,
        -1.0,
        -1.0,
        -1.0,
        1.0,
        1.0,
        1.0,
        1.0,
        1.0,
        1.0,
        1.0,
        1.0,
        -1.0,
        -1.0,
        1.0,
        -1.0,
        1.0,
        1.0,
        1.0,
        -1.0,
        1.0,
        1.0,
        -1.0,
        1.0,
        -1.0,
        1.0,
        -1.0,
        -1.0,
        -1.0,
        -0.9997723698616028,
        -1.0,
        1.0,
        -1.0,
        -1.0,
        1.0,
        1.0,
        1.0,
        -1.0,
        -1.0,
        1.0,
        -1.0,
        -1.0,
        1.0,
        1.0,
        1.0,
        1.0,
        1.0,
        1.0,
        -1.0,
        -1.0,
        1.0,
        -1.0,
        -1.0,
        1.0,
        -1.0,
        -1.0,
        -1.0,
        -1.0,
        1.0,
        -1.0,
        1.0,
        -1.0,
        -1.0,
        1.0,
        -1.0,
        -1.0,
        1.0,
        1.0,
        -1.0,
        1.0,
        1.0,
        1.0,
        -1.0,
        1.0,
        -1.0,
        1.0,
        -1.0,
        -1.0,
        -1.0,
        1.0,
        -1.0,
        1.0,
        -1.0,
        1.0,
        -1.0,
        1.0,
        -1.0,
        1.0,
        -1.0,
        -1.0,
        1.0,
        -1.0,
        -1.0,
        1.0,
        -1.0,
        1.0,
        -1.0,
        -1.0,
        -1.0,
        -1.0,
        -1.0,
        1.0,
        1.0,
        -1.0,
        -1.0,
        1.0,
        -1.0,
        -1.0,
        -1.0,
        1.0,
        -1.0,
        -1.0,
        -1.0,
        1.0,
        -1.0,
        1.0,
        -1.0,
        -1.0,
        -1.0,
        1.0,
        1.0,
        1.0,
        1.0,
        -1.0,
        -1.0,
        1.0,
        -1.0,
        -1.0,
        1.0,
        -1.0,
        1.0,
        -1.0,
        -1.0,
        -1.0,
        -1.0,
        1.0,
        1.0,
        -1.0,
        -1.0,
        -1.0,
        1.0,
        -1.0,
        -1.0,
        -1.0,
        1.0,
        -1.0,
        1.0,
        -1.0,
        -1.0,
        1.0,
        -1.0,
        -1.0,
        1.0,
        -1.0,
        -0.9975407123565674,
        1.0,
        -1.0,
        -1.0,
        -1.0,
        1.0,
        -1.0,
        1.0,
        -1.0,
        -1.0,
        1.0,
        -1.0,
        1.0,
        1.0,
        -1.0,
        1.0,
        -0.997907280921936,
        1.0,
        -1.0,
        1.0,
        1.0,
        -1.0,
        -1.0,
        -1.0,
        1.0,
        1.0,
        1.0,
        -1.0,
        -1.0,
        -1.0,
        1.0,
        1.0,
        -1.0,
        -1.0,
        -1.0,
        1.0,
        1.0,
        1.0,
        -1.0,
        1.0,
        -1.0,
        -1.0,
        -1.0,
        1.0,
        1.0,
        -0.9997621178627014,
        -1.0,
        -1.0,
        1.0,
        -1.0,
        1.0,
        1.0,
        1.0,
        1.0,
        1.0,
        1.0,
        -1.0,
        1.0,
        1.0,
        1.0,
        -1.0,
        -1.0,
        1.0,
        -1.0,
        -1.0,
        -1.0,
        1.0,
        -1.0,
        -1.0,
        -1.0,
        -1.0,
        -1.0,
        1.0,
        1.0,
        1.0
    ],
    "embedding_scaling_factor": 4.80197811126709,
    "samples": [
        32575,
        31650,
        30397,
        31650,
        31123,
        32070,
        33192,
        32575,
        30721,
        33667,
        32575,
        31454,
        32457,
        32457,
        34100,
        30852,
        34614,
        30466,
        31453,
        31650,
        30852,
        31650,
        32575,
        34614,
        32467,
        30397,
        32211,
        32457,
        32575,
        30977,
        30423,
        32457,
        32945,
        30559,
        31703,
        33667,
        31453,
        30194,
        32758,
        30977,
        31650,
        30852,
        30194,
        30977,
        30977,
        30194,
        33570,
        30647,
        31986,
        32467,
        31453,
        31453,
        33198,
        33342,
        30436,
        32211,
        34057,
        31123,
        33195,
        31703,
        31454,
        33570,
        33485,
        30466,
        30397,
        30721,
        32211,
        33570,
        34100,
        31123,
        31703,
        31884,
        30977,
        31650,
        33198,
        31066,
        30977,
        30194,
        32457,
        31140,
        32211,
        32575,
        31454,
        30739,
        31123,
        31295,
        30397,
        34524,
        31703,
        30852,
        33198,
        30721,
        31648,
        31057,
        30194,
        34574,
        30792,
        32467,
        32575,
        31995
    ],
    "category_values_ratio": {
        "30397": 29854,
        "31703": 25574,
        "30977": 25281,
        "32575": 24005,
        "30194": 22367,
        "32457": 20075,
        "30325": 17527,
        "31453": 16188,
        "30852": 16162,
        "32467": 13753,
        "30466": 13035,
        "32211": 12245,
        "31454": 10730,
        "30721": 10538,
        "30559": 9739,
        "31650": 9585,
        "31295": 9463,
        "31057": 9224,
        "34614": 8699,
        "33570": 6016,
        "33195": 5996,
        "34100": 5671,
        "31123": 4320,
        "34057": 4143,
        "30693": 3903,
        "32134": 3878,
        "30423": 3581,
        "33495": 3501,
        "33198": 3325,
        "31714": 3288,
        "30647": 3180,
        "33192": 3154,
        "33342": 2706,
        "34492": 2571,
        "34027": 2430,
        "34819": 2395,
        "33214": 2340,
        "32337": 2207,
        "33830": 1906,
        "30198": 1888,
        "31066": 1778,
        "30529": 1520,
        "31136": 1499,
        "30140": 1445,
        "30436": 1419,
        "33316": 1414,
        "33851": 1324,
        "30792": 1314,
        "33105": 1252,
        "30299": 1230,
        "34653": 1200,
        "30713": 1172,
        "34524": 1156,
        "33244": 1154,
        "30994": 1015,
        "32982": 1005,
        "34570": 1001,
        "32758": 985,
        "34262": 977,
        "33667": 935,
        "30599": 892,
        "30615": 882,
        "31884": 859,
        "30257": 759,
        "31986": 758,
        "33044": 747,
        "30928": 688,
        "31423": 659,
        "30189": 629,
        "32600": 614,
        "30372": 607,
        "31638": 598,
        "30781": 589,
        "34576": 585,
        "33485": 577,
        "31267": 573,
        "31871": 538,
        "34685": 531,
        "35412": 523,
        "34689": 500,
        "32402": 492,
        "30476": 481,
        "33158": 472,
        "35096": 458,
        "34945": 446,
        "33728": 441,
        "31995": 428,
        "32448": 428,
        "30868": 428,
        "32441": 403,
        "32896": 400,
        "34696": 396,
        "34321": 379,
        "31637": 378,
        "32945": 367,
        "31834": 367,
        "31504": 359,
        "30562": 353,
        "31775": 347,
        "32523": 346,
        "30980": 344,
        "34986": 327,
        "31481": 324,
        "30255": 315,
        "30158": 310,
        "31823": 309,
        "31503": 308,
        "34252": 298,
        "31721": 297,
        "31603": 290,
        "30620": 281,
        "30408": 272,
        "32951": 270,
        "30849": 267,
        "31973": 264,
        "30785": 262,
        "32884": 251,
        "34108": 250,
        "31140": 247,
        "30279": 246,
        "33377": 246,
        "32206": 245,
        "31977": 243,
        "31003": 243,
        "33264": 235,
        "33029": 234,
        "34783": 232,
        "31135": 228,
        "31612": 221,
        "34236": 221,
        "33367": 219,
        "34457": 217,
        "31982": 216,
        "34922": 210,
        "30185": 209,
        "30627": 208,
        "35249": 208,
        "32280": 207,
        "30469": 207,
        "30431": 204,
        "32323": 197,
        "30208": 196,
        "31146": 196,
        "31953": 195,
        "33256": 194,
        "33277": 192,
        "32070": 190,
        "30747": 189,
        "33184": 189,
        "30561": 189,
        "31921": 188,
        "31401": 186,
        "34699": 184,
        "31624": 184,
        "34489": 183,
        "34574": 183,
        "30135": 181,
        "33486": 181,
        "31537": 180,
        "33785": 177,
        "31517": 174,
        "31337": 173,
        "35411": 172,
        "30732": 172,
        "30990": 171,
        "32389": 169,
        "35356": 167,
        "33038": 165,
        "35323": 162,
        "31695": 157,
        "30434": 155,
        "31641": 154,
        "34794": 153,
        "31895": 152,
        "33502": 152,
        "33304": 150,
        "31778": 149,
        "30155": 146,
        "31252": 146,
        "34952": 143,
        "31122": 139,
        "31648": 137,
        "30157": 125,
        "32156": 119,
        "35041": 118,
        "33360": 117,
        "31308": 116,
        "30285": 105,
        "34992": 98,
        "30666": 94,
        "35380": 94,
        "34828": 93,
        "32898": 93,
        "31898": 93,
        "30685": 91,
        "33795": 90,
        "31865": 88,
        "32891": 88,
        "34520": 88,
        "35389": 86,
        "30731": 86,
        "30728": 85,
        "35550": 84,
        "30894": 84,
        "35401": 84,
        "33241": 83,
        "32129": 83,
        "30113": 81,
        "31150": 81,
        "30146": 80,
        "30073": 80,
        "30107": 80,
        "32547": 78,
        "30577": 76,
        "31205": 76,
        "32519": 74,
        "34254": 72,
        "31076": 63,
        "33933": 62,
        "34256": 62,
        "31471": 62,
        "32511": 62,
        "35841": 62,
        "30631": 62,
        "34006": 62,
        "34905": 62,
        "30141": 62,
        "33344": 62,
        "33970": 61,
        "33873": 61,
        "33792": 61,
        "30913": 60,
        "35991": 60,
        "34711": 60,
        "32397": 59,
        "34674": 59,
        "30779": 58,
        "31577": 58,
        "30424": 58,
        "31013": 58,
        "32335": 57,
        "34543": 57,
        "34113": 56,
        "31617": 55,
        "31049": 55,
        "33127": 55,
        "33459": 55,
        "34150": 54,
        "32343": 54,
        "31525": 53,
        "34109": 52,
        "30333": 52,
        "32888": 52,
        "31587": 52,
        "30739": 52,
        "32255": 52,
        "30918": 51,
        "33076": 49,
        "32177": 49,
        "31447": 48,
        "32012": 48,
        "30070": 43,
        "31097": 33,
        "33388": 32,
        "32016": 31,
        "34025": 31,
        "32265": 31,
        "33964": 17,
        "34222": 10,
        "30165": 9,
        "34588": 4,
        "30581": 4,
        "35497": 3
    },
    "nrows": 445827
}