{
    "column_id": "Airline/Airline.csvAirline.csv/Div1AirportSeqID",
    "dataset_name": "Airline.csv",
    "dataset_id": "Airline/Airline.csv",
    "path": "/home/ubuntu/CatDB/Experiments/data/Airline/Airline.csv",
    "table_name": "Airline.csv",
    "table_id": "Airline/Airline.csvAirline.csv",
    "column_name": "Div1AirportSeqID",
    "data_source": "Airline",
    "data_type": "int",
    "total_values_count": 445827,
    "distinct_values_count": 147,
    "missing_values_count": 444898,
    "true_ratio": null,
    "min_value": 1013503.0,
    "max_value": 1622902.0,
    "mean": 1302242.09795479,
    "median": 1320402.0,
    "iqr": 333698.0,
    "category_values": [
        1530402,
        1463502,
        1410002,
        1226603,
        1247803,
        1501603,
        1288903,
        1349503,
        1509602,
        1289203,
        1129804,
        1320402,
        1245102,
        1169704,
        1154003,
        1360503,
        1330303,
        1393004,
        1402702,
        1481402,
        1412202,
        1468502,
        1082103,
        1468303,
        1410702,
        1348502,
        1055902,
        1233904,
        1019402,
        1039705,
        1086803,
        1483103,
        1129202,
        1052904,
        1142304,
        1319801,
        1484304,
        1324402,
        1474703,
        1219102,
        1072102,
        1029904,
        1405702,
        1105703,
        1379604,
        1389101,
        1188402,
        1537602,
        1217302,
        1482803,
        1477102,
        1252304,
        1281902,
        1470903,
        1400402,
        1099402,
        1426204,
        1078502,
        1486903,
        1015804,
        1329604,
        1507002,
        1219702,
        1496002,
        1348702,
        1104203,
        1192102,
        1468902,
        1469802,
        1014003,
        1042302,
        1182304,
        1538902,
        1228002,
        1469606,
        1062002,
        1143302,
        1350202,
        1537002,
        1431402,
        1411302,
        1326403,
        1610102,
        1312702,
        1156303,
        1288403,
        1071302,
        1062702,
        1186502,
        1069302,
        1295104,
        1013503,
        1448902,
        1334205,
        1147103,
        1133703,
        1163703,
        1473003,
        1221702,
        1110902,
        1538003,
        1197702,
        1457002,
        1227803,
        1161802,
        1342202,
        1025702,
        1163805,
        1498603,
        1323002,
        1114005,
        1622902,
        1449202,
        1323202,
        1080003,
        1489302,
        1467903,
        1125903,
        1385103,
        1059904,
        1299204,
        1220603,
        1457604,
        1106603,
        1148102,
        1419304,
        1079204,
        1393102,
        1126702,
        1198603,
        1127803,
        1226402,
        1524904,
        1119302,
        1318403,
        1199603,
        1078103,
        1315802,
        1291503,
        1018502,
        1161204,
        1327702,
        1457403,
        1043403,
        1087402,
        1591902,
        1387102
    ],
    "embedding": [
        -1.0,
        -1.0,
        -1.0,
        1.0,
        -1.0,
        1.0,
        -1.0,
        -1.0,
        -1.0,
        -1.0,
        1.0,
        -1.0,
        -1.0,
        1.0,
        1.0,
        1.0,
        1.0,
        -1.0,
        1.0,
        -1.0,
        1.0,
        -1.0,
        1.0,
        -1.0,
        1.0,
        -1.0,
        -1.0,
        1.0,
        -1.0,
        -1.0,
        1.0,
        1.0,
        -1.0,
        -1.0,
        -1.0,
        1.0,
        -1.0,
        1.0,
        1.0,
        -1.0,
        -1.0,
        1.0,
        -1.0,
        -1.0,
        -1.0,
        -1.0,
        1.0,
        -1.0,
        -1.0,
        -0.9931334257125854,
        -1.0,
        1.0,
        1.0,
        1.0,
        -1.0,
        1.0,
        1.0,
        1.0,
        -1.0,
        0.9998151659965515,
        -1.0,
        -1.0,
        1.0,
        -1.0,
        1.0,
        -1.0,
        1.0,
        -1.0,
        1.0,
        1.0,
        1.0,
        -1.0,
        -1.0,
        -1.0,
        -1.0,
        1.0,
        1.0,
        1.0,
        1.0,
        1.0,
        1.0,
        1.0,
        1.0,
        -1.0,
        -1.0,
        1.0,
        -1.0,
        1.0,
        1.0,
        1.0,
        -1.0,
        1.0,
        1.0,
        -1.0,
        1.0,
        -1.0,
        1.0,
        -1.0,
        -1.0,
        -1.0,
        -0.9994853138923645,
        -1.0,
        1.0,
        -1.0,
        -1.0,
        1.0,
        1.0,
        1.0,
        -1.0,
        -1.0,
        1.0,
        -1.0,
        -1.0,
        1.0,
        1.0,
        1.0,
        1.0,
        1.0,
        1.0,
        -1.0,
        -1.0,
        1.0,
        -1.0,
        -1.0,
        1.0,
        -1.0,
        -1.0,
        -1.0,
        -1.0,
        1.0,
        -1.0,
        1.0,
        -1.0,
        -1.0,
        1.0,
        -1.0,
        -1.0,
        1.0,
        1.0,
        -1.0,
        1.0,
        1.0,
        1.0,
        -1.0,
        1.0,
        -1.0,
        1.0,
        -1.0,
        -1.0,
        -1.0,
        1.0,
        -1.0,
        1.0,
        -1.0,
        1.0,
        -1.0,
        1.0,
        -1.0,
        1.0,
        -1.0,
        -1.0,
        1.0,
        -1.0,
        -1.0,
        1.0,
        -1.0,
        1.0,
        -1.0,
        -1.0,
        -1.0,
        -1.0,
        -1.0,
        1.0,
        1.0,
        -1.0,
        -1.0,
        1.0,
        -1.0,
        -1.0,
        -1.0,
        1.0,
        -1.0,
        -1.0,
        -1.0,
        1.0,
        -1.0,
        1.0,
        -1.0,
        -1.0,
        -1.0,
        1.0,
        1.0,
        1.0,
        1.0,
        -1.0,
        -1.0,
        1.0,
        -1.0,
        -1.0,
        1.0,
        -1.0,
        1.0,
        -1.0,
        -1.0,
        -1.0,
        -1.0,
        1.0,
        1.0,
        -1.0,
        -1.0,
        -1.0,
        1.0,
        -1.0,
        -1.0,
        -1.0,
        1.0,
        -1.0,
        1.0,
        -1.0,
        -1.0,
        1.0,
        -1.0,
        -1.0,
        1.0,
        -1.0,
        -0.9950987696647644,
        1.0,
        -1.0,
        -1.0,
        -1.0,
        1.0,
        -1.0,
        1.0,
        -1.0,
        -1.0,
        1.0,
        -1.0,
        1.0,
        1.0,
        -1.0,
        1.0,
        -0.9838707447052002,
        1.0,
        -1.0,
        1.0,
        1.0,
        -1.0,
        -1.0,
        -1.0,
        1.0,
        1.0,
        1.0,
        -1.0,
        -1.0,
        -1.0,
        1.0,
        1.0,
        -1.0,
        -1.0,
        -1.0,
        1.0,
        1.0,
        1.0,
        -1.0,
        1.0,
        -1.0,
        -1.0,
        -1.0,
        1.0,
        1.0,
        -0.9995615482330322,
        -1.0,
        -1.0,
        1.0,
        -1.0,
        1.0,
        1.0,
        1.0,
        1.0,
        1.0,
        1.0,
        -1.0,
        1.0,
        1.0,
        1.0,
        -1.0,
        -1.0,
        1.0,
        -1.0,
        -1.0,
        -1.0,
        1.0,
        -1.0,
        -1.0,
        -1.0,
        -1.0,
        -1.0,
        1.0,
        1.0,
        1.0
    ],
    "embedding_scaling_factor": 4.4587602615356445,
    "samples": [],
    "category_values_ratio": {
        "1538902": 41,
        "1129202": 37,
        "1039705": 30,
        "1530402": 28,
        "1129804": 27,
        "1486903": 26,
        "1405702": 25,
        "1320402": 22,
        "1192102": 21,
        "1289203": 21,
        "1393004": 20,
        "1410702": 20,
        "1104203": 17,
        "1288903": 17,
        "1468303": 16,
        "1483103": 16,
        "1474703": 15,
        "1463502": 14,
        "1348702": 14,
        "1226603": 14,
        "1477102": 13,
        "1082103": 13,
        "1501603": 13,
        "1402702": 13,
        "1169704": 12,
        "1379604": 12,
        "1125903": 11,
        "1247803": 11,
        "1410002": 11,
        "1042302": 10,
        "1143302": 10,
        "1389101": 10,
        "1217302": 10,
        "1484304": 9,
        "1219102": 9,
        "1349503": 9,
        "1233904": 9,
        "1029904": 7,
        "1323202": 7,
        "1412202": 7,
        "1324402": 7,
        "1334205": 7,
        "1319801": 7,
        "1489302": 6,
        "1245102": 6,
        "1507002": 6,
        "1071302": 6,
        "1072102": 6,
        "1226402": 6,
        "1393102": 5,
        "1078103": 5,
        "1099402": 5,
        "1062002": 5,
        "1411302": 5,
        "1119302": 5,
        "1457002": 5,
        "1330303": 5,
        "1014003": 5,
        "1299204": 5,
        "1348502": 4,
        "1154003": 4,
        "1482803": 4,
        "1473003": 4,
        "1509602": 4,
        "1419304": 4,
        "1481402": 4,
        "1069302": 4,
        "1052904": 4,
        "1329604": 4,
        "1114005": 4,
        "1537602": 3,
        "1537002": 3,
        "1105703": 3,
        "1161802": 3,
        "1468502": 3,
        "1426204": 3,
        "1228002": 3,
        "1110902": 3,
        "1059904": 3,
        "1227803": 3,
        "1291503": 3,
        "1197702": 3,
        "1385103": 3,
        "1013503": 3,
        "1449202": 3,
        "1182304": 2,
        "1106603": 2,
        "1221702": 2,
        "1163703": 2,
        "1043403": 2,
        "1469606": 2,
        "1288403": 2,
        "1018502": 2,
        "1142304": 2,
        "1186502": 2,
        "1538003": 2,
        "1133703": 2,
        "1220603": 2,
        "1323002": 2,
        "1188402": 2,
        "1199603": 2,
        "1078502": 2,
        "1025702": 2,
        "1055902": 2,
        "1219702": 2,
        "1079204": 2,
        "1126702": 2,
        "1468902": 2,
        "1252304": 2,
        "1015804": 1,
        "1062702": 1,
        "1350202": 1,
        "1295104": 1,
        "1448902": 1,
        "1147103": 1,
        "1469802": 1,
        "1496002": 1,
        "1163805": 1,
        "1342202": 1,
        "1312702": 1,
        "1498603": 1,
        "1622902": 1,
        "1400402": 1,
        "1326403": 1,
        "1080003": 1,
        "1281902": 1,
        "1156303": 1,
        "1457403": 1,
        "1610102": 1,
        "1315802": 1,
        "1086803": 1,
        "1591902": 1,
        "1087402": 1,
        "1327702": 1,
        "1127803": 1,
        "1161204": 1,
        "1198603": 1,
        "1019402": 1,
        "1467903": 1,
        "1524904": 1,
        "1360503": 1,
        "1318403": 1,
        "1148102": 1,
        "1431402": 1,
        "1470903": 1,
        "1457604": 1,
        "1387102": 1
    },
    "nrows": 445827
}