{
    "column_id": "Airline/Airline.csvAirline.csv/ArrDelay",
    "dataset_name": "Airline.csv",
    "dataset_id": "Airline/Airline.csv",
    "path": "/home/ubuntu/CatDB/Experiments/data/Airline/Airline.csv",
    "table_name": "Airline.csv",
    "table_id": "Airline/Airline.csvAirline.csv",
    "column_name": "ArrDelay",
    "data_source": "Airline",
    "data_type": "int",
    "total_values_count": 445827,
    "distinct_values_count": 735,
    "missing_values_count": 12529,
    "true_ratio": null,
    "min_value": -79.0,
    "max_value": 1659.0,
    "mean": 1.533653513286468,
    "median": -7.0,
    "iqr": 20.0,
    "category_values": [
        -6,
        -12,
        7,
        -5,
        113,
        -3,
        0,
        -7,
        -10,
        -4,
        -15,
        -2,
        4,
        21,
        -14,
        -19,
        -1,
        15,
        63,
        32,
        -33,
        -21,
        -43,
        -22,
        -9,
        -25,
        116,
        -16,
        -37,
        -27,
        -20,
        -18,
        3,
        14,
        39,
        -30,
        -47,
        1,
        43,
        6,
        8,
        11,
        -11,
        9,
        44,
        -8,
        31,
        26,
        335,
        -23,
        -29,
        56,
        37,
        -46,
        34,
        93,
        70,
        29,
        66,
        10,
        18,
        50,
        -24,
        81,
        24,
        36,
        73,
        49,
        23,
        537,
        2,
        12,
        -13,
        468,
        38,
        5,
        -17,
        62,
        19,
        16,
        27,
        186,
        41,
        -26,
        76,
        132,
        -32,
        -28,
        53,
        153,
        20,
        74,
        22,
        25,
        138,
        35,
        1298,
        60,
        98,
        -38,
        259,
        264,
        -34,
        48,
        288,
        86,
        57,
        17,
        229,
        267,
        177,
        13,
        79,
        46,
        94,
        30,
        145,
        45,
        58,
        165,
        28,
        130,
        -31,
        182,
        151,
        -35,
        91,
        42,
        40,
        65,
        67,
        -41,
        92,
        33,
        52,
        68,
        204,
        104,
        71,
        189,
        199,
        305,
        366,
        83,
        119,
        185,
        1043,
        82,
        59,
        54,
        155,
        158,
        223,
        51,
        -42,
        -45,
        262,
        102,
        47,
        111,
        103,
        207,
        181,
        171,
        129,
        143,
        168,
        -39,
        470,
        251,
        84,
        77,
        107,
        89,
        69,
        117,
        211,
        -58,
        -44,
        -63,
        -40,
        147,
        -60,
        -52,
        114,
        137,
        121,
        250,
        -49,
        105,
        134,
        351,
        64,
        435,
        75,
        1107,
        -36,
        -50,
        110,
        88,
        85,
        -48,
        90,
        152,
        139,
        882,
        72,
        215,
        55,
        136,
        209,
        809,
        150,
        127,
        133,
        525,
        275,
        197,
        241,
        193,
        231,
        122,
        128,
        135,
        218,
        100,
        106,
        95,
        174,
        -54,
        61,
        140,
        148,
        118,
        703,
        97,
        112,
        228,
        225,
        101,
        115,
        170,
        180,
        87,
        201,
        125,
        217,
        848,
        270,
        141,
        146,
        356,
        108,
        154,
        126,
        404,
        203,
        96,
        221,
        183,
        249,
        374,
        80,
        99,
        647,
        161,
        -56,
        341,
        202,
        732,
        245,
        298,
        635,
        163,
        -55,
        78,
        172,
        -65,
        -53,
        307,
        286,
        514,
        120,
        -61,
        205,
        677,
        131,
        257,
        318,
        368,
        242,
        432,
        -51,
        300,
        194,
        123,
        359,
        167,
        357,
        159,
        501,
        200,
        380,
        124,
        234,
        164,
        212,
        253,
        280,
        314,
        160,
        363,
        178,
        198,
        208,
        210,
        187,
        166,
        190,
        505,
        -62,
        581,
        248,
        226,
        306,
        175,
        411,
        576,
        392,
        235,
        196,
        109,
        230,
        142,
        184,
        1049,
        144,
        216,
        290,
        273,
        188,
        222,
        263,
        247,
        297,
        179,
        195,
        243,
        162,
        274,
        254,
        156,
        1069,
        -57,
        365,
        371,
        337,
        418,
        213,
        176,
        268,
        1316,
        236,
        266,
        735,
        299,
        220,
        246,
        389,
        255,
        311,
        157,
        1466,
        542,
        312,
        330,
        325,
        283,
        1659,
        261,
        252,
        244,
        191,
        192,
        915,
        672,
        414,
        1180,
        502,
        445,
        169,
        316,
        173,
        317,
        292,
        511,
        375,
        440,
        279,
        -59,
        483,
        1302,
        625,
        766,
        1568,
        296,
        1260,
        -67,
        265,
        1473,
        276,
        149,
        710,
        333,
        238,
        240,
        281,
        439,
        869,
        295,
        1111,
        232,
        346,
        1079,
        289,
        900,
        763,
        656,
        219,
        529,
        287,
        474,
        736,
        812,
        353,
        600,
        992,
        338,
        331,
        224,
        277,
        322,
        291,
        227,
        -66,
        285,
        304,
        487,
        319,
        310,
        237,
        336,
        1543,
        397,
        534,
        214,
        348,
        453,
        393,
        402,
        592,
        349,
        347,
        578,
        282,
        206,
        302,
        492,
        459,
        -64,
        497,
        315,
        -77,
        326,
        523,
        552,
        269,
        648,
        391,
        344,
        309,
        -70,
        233,
        -68,
        567,
        482,
        294,
        342,
        746,
        260,
        272,
        278,
        284,
        324,
        546,
        301,
        327,
        358,
        345,
        541,
        354,
        395,
        464,
        340,
        556,
        408,
        400,
        256,
        917,
        696,
        463,
        538,
        531,
        293,
        451,
        425,
        370,
        373,
        868,
        507,
        949,
        521,
        378,
        350,
        488,
        239,
        855,
        602,
        670,
        892,
        509,
        698,
        948,
        313,
        323,
        804,
        362,
        332,
        352,
        394,
        385,
        642,
        476,
        1041,
        308,
        571,
        417,
        329,
        386,
        343,
        396,
        410,
        271,
        896,
        544,
        863,
        438,
        788,
        427,
        398,
        449,
        1149,
        399,
        491,
        478,
        583,
        933,
        403,
        433,
        947,
        558,
        388,
        409,
        328,
        320,
        379,
        339,
        543,
        258,
        867,
        931,
        527,
        412,
        562,
        564,
        570,
        490,
        980,
        666,
        469,
        384,
        1019,
        493,
        938,
        549,
        424,
        795,
        661,
        1098,
        447,
        555,
        426,
        1071,
        1108,
        717,
        943,
        1370,
        640,
        697,
        -72,
        594,
        416,
        -69,
        376,
        372,
        401,
        367,
        686,
        437,
        369,
        303,
        479,
        574,
        457,
        420,
        811,
        431,
        623,
        645,
        617,
        364,
        321,
        381,
        -75,
        -74,
        524,
        -79,
        361,
        466,
        910,
        503,
        334,
        481,
        506,
        423,
        708,
        803,
        539,
        669,
        606,
        806,
        924,
        458,
        565,
        377,
        797,
        682,
        881,
        629,
        618,
        945,
        480,
        1223,
        841,
        644,
        486,
        485,
        621,
        719,
        650,
        407,
        406,
        415,
        475,
        560,
        584,
        828,
        383,
        786,
        760,
        631,
        823,
        588,
        421,
        852,
        522,
        472,
        465,
        758,
        591,
        817,
        436,
        387,
        689,
        443,
        776,
        580,
        430,
        903,
        450,
        668,
        609,
        756,
        1150,
        454,
        610,
        1093,
        720,
        839,
        925,
        460,
        540,
        1237,
        755,
        638,
        1158,
        734,
        1008,
        1191,
        847,
        1234,
        687,
        512,
        904,
        1125,
        954,
        772,
        405,
        861,
        1152,
        724,
        718,
        978,
        516,
        630
    ],
    "embedding": [
        -1.0,
        -1.0,
        -1.0,
        1.0,
        -1.0,
        0.9999998211860657,
        -1.0,
        -1.0,
        -0.9998530745506287,
        -1.0,
        1.0,
        -1.0,
        -1.0,
        1.0,
        1.0,
        1.0,
        1.0,
        -1.0,
        1.0,
        -1.0,
        1.0,
        -1.0,
        1.0,
        -1.0,
        1.0,
        -1.0,
        -1.0,
        1.0,
        -1.0,
        -1.0,
        1.0,
        1.0,
        -1.0,
        -1.0,
        -1.0,
        1.0,
        -1.0,
        1.0,
        1.0,
        -1.0,
        -1.0,
        1.0,
        -1.0,
        -1.0,
        -1.0,
        -1.0,
        1.0,
        -1.0,
        -0.9987651705741882,
        -0.32282555103302,
        -1.0,
        1.0,
        0.999995231628418,
        1.0,
        -0.9999998807907104,
        1.0,
        1.0,
        1.0,
        -1.0,
        0.9468921422958374,
        -1.0,
        -1.0,
        1.0,
        -1.0,
        1.0,
        -1.0,
        0.9999997019767761,
        -1.0,
        1.0,
        1.0,
        1.0,
        -1.0,
        -1.0,
        -1.0,
        -1.0,
        1.0,
        1.0,
        1.0,
        1.0,
        1.0,
        0.9999989867210388,
        1.0,
        0.9999997019767761,
        -1.0,
        -1.0,
        1.0,
        -1.0,
        1.0,
        1.0,
        1.0,
        -0.9999998807907104,
        0.999999463558197,
        1.0,
        -1.0,
        1.0,
        -1.0,
        0.9999988079071045,
        -1.0,
        -1.0,
        -1.0,
        -0.93379145860672,
        -1.0,
        1.0,
        -1.0,
        -1.0,
        1.0,
        0.9999998807907104,
        1.0,
        -1.0,
        -1.0,
        1.0,
        -1.0,
        -1.0,
        1.0,
        1.0,
        1.0,
        1.0,
        1.0,
        1.0,
        -1.0,
        -1.0,
        1.0,
        -1.0,
        -1.0,
        0.9999667406082153,
        -1.0,
        -1.0,
        -0.9998510479927063,
        -1.0,
        0.9999998807907104,
        -1.0,
        1.0,
        -1.0,
        -1.0,
        1.0,
        -1.0,
        -1.0,
        1.0,
        1.0,
        -1.0,
        1.0,
        1.0,
        1.0,
        -0.9999973177909851,
        1.0,
        -0.9999996423721313,
        0.9999998807907104,
        -1.0,
        -1.0,
        -0.9999909996986389,
        0.999154806137085,
        -1.0,
        1.0,
        -1.0,
        1.0,
        -1.0,
        1.0,
        -1.0,
        1.0,
        -1.0,
        -1.0,
        1.0,
        -1.0,
        -1.0,
        1.0,
        -1.0,
        1.0,
        -1.0,
        -1.0,
        -1.0,
        -1.0,
        -1.0,
        1.0,
        1.0,
        -1.0,
        -1.0,
        1.0,
        -1.0,
        -1.0,
        -1.0,
        1.0,
        -1.0,
        -1.0,
        -1.0,
        1.0,
        -0.9999998807907104,
        1.0,
        -0.9998615384101868,
        -1.0,
        -1.0,
        1.0,
        0.9999995231628418,
        1.0,
        1.0,
        -1.0,
        -1.0,
        1.0,
        -1.0,
        -1.0,
        1.0,
        -1.0,
        1.0,
        -1.0,
        -0.9999998211860657,
        -0.999999463558197,
        -1.0,
        1.0,
        1.0,
        -1.0,
        -1.0,
        -1.0,
        1.0,
        -1.0,
        -1.0,
        -0.999973475933075,
        1.0,
        -1.0,
        0.9999991059303284,
        -1.0,
        -0.9999995231628418,
        1.0,
        -1.0,
        -1.0,
        1.0,
        -0.9998613595962524,
        -0.3735876679420471,
        1.0,
        -1.0,
        -1.0,
        -1.0,
        0.9999998211860657,
        -1.0,
        0.9999998807907104,
        -1.0,
        -1.0,
        1.0,
        -1.0,
        1.0,
        1.0,
        -0.9997473955154419,
        1.0,
        -0.30797380208969116,
        1.0,
        -1.0,
        1.0,
        1.0,
        -1.0,
        -1.0,
        -1.0,
        1.0,
        1.0,
        1.0,
        -1.0,
        -1.0,
        -1.0,
        1.0,
        1.0,
        -1.0,
        -1.0,
        -1.0,
        1.0,
        1.0,
        1.0,
        -1.0,
        0.9999998807907104,
        -1.0,
        -1.0,
        -0.999989926815033,
        1.0,
        1.0,
        -0.9444732666015625,
        -1.0,
        -1.0,
        1.0,
        -1.0,
        1.0,
        1.0,
        1.0,
        1.0,
        1.0,
        1.0,
        -1.0,
        1.0,
        1.0,
        1.0,
        -1.0,
        -1.0,
        1.0,
        -1.0,
        -1.0,
        -1.0,
        1.0,
        -1.0,
        -1.0,
        -1.0,
        -1.0,
        -1.0,
        1.0,
        1.0,
        0.9998512268066406
    ],
    "embedding_scaling_factor": 2209.253662109375,
    "samples": [
        7,
        3,
        -22,
        -11,
        -10,
        -9,
        -12,
        -10,
        -3,
        -1,
        -4,
        -7,
        -23,
        -7,
        33,
        0,
        14,
        -2,
        -7,
        -28,
        54,
        56,
        -24,
        -17,
        94,
        -20,
        -6,
        -30,
        -16,
        8,
        -21,
        4,
        4,
        -21,
        -12,
        -28,
        -2,
        -16,
        -5,
        7,
        7,
        -27,
        -6,
        -8,
        4,
        17,
        -2,
        -14,
        -16,
        -2,
        -3,
        -9,
        -12,
        -23,
        -8,
        3,
        2,
        -33,
        -8,
        -24,
        -19,
        -11,
        -1,
        -11,
        -23,
        -12,
        -30,
        -15,
        15,
        37,
        59,
        4,
        47,
        -17,
        -18,
        -11,
        -13,
        -6,
        -10,
        -36,
        -16,
        -16,
        -16,
        -28,
        -12,
        -37,
        -25,
        -6,
        23,
        -16,
        10,
        -3,
        -8,
        20,
        -24,
        3,
        6
    ],
    "category_values_ratio": {
        "-9": 13069,
        "-10": 12986,
        "-11": 12946,
        "-8": 12884,
        "-12": 12683,
        "-7": 12603,
        "-13": 12266,
        "-6": 12080,
        "-14": 11813,
        "-5": 11694,
        "-15": 11335,
        "-4": 11040,
        "-16": 10556,
        "-3": 10452,
        "-2": 10021,
        "-17": 9968,
        "-18": 9225,
        "-1": 9169,
        "0": 8892,
        "-19": 8597,
        "-20": 7822,
        "1": 7802,
        "2": 7388,
        "-21": 7105,
        "3": 6907,
        "4": 6381,
        "-22": 6304,
        "5": 5896,
        "-23": 5668,
        "6": 5328,
        "-24": 5262,
        "7": 5054,
        "-25": 4613,
        "8": 4549,
        "9": 4333,
        "10": 4057,
        "-26": 3965,
        "11": 3709,
        "12": 3642,
        "-27": 3641,
        "13": 3270,
        "14": 3083,
        "-28": 3038,
        "15": 2799,
        "-29": 2665,
        "16": 2665,
        "17": 2538,
        "-30": 2306,
        "18": 2306,
        "19": 2136,
        "20": 2045,
        "-31": 2043,
        "21": 1916,
        "22": 1866,
        "-32": 1756,
        "23": 1755,
        "24": 1700,
        "25": 1542,
        "26": 1479,
        "-33": 1479,
        "27": 1463,
        "-34": 1306,
        "28": 1303,
        "29": 1262,
        "30": 1172,
        "31": 1169,
        "32": 1125,
        "-35": 1084,
        "33": 1074,
        "34": 990,
        "-36": 969,
        "36": 945,
        "35": 904,
        "-37": 854,
        "37": 850,
        "38": 823,
        "39": 817,
        "40": 804,
        "41": 747,
        "-38": 709,
        "42": 706,
        "43": 689,
        "-39": 658,
        "44": 655,
        "45": 651,
        "46": 633,
        "47": 604,
        "48": 604,
        "49": 576,
        "50": 547,
        "51": 538,
        "-40": 524,
        "52": 517,
        "55": 513,
        "54": 492,
        "53": 477,
        "-41": 443,
        "57": 435,
        "60": 432,
        "56": 423,
        "58": 420,
        "62": 405,
        "61": 395,
        "59": 394,
        "64": 382,
        "-42": 371,
        "65": 370,
        "66": 366,
        "67": 356,
        "63": 348,
        "-43": 335,
        "69": 328,
        "70": 322,
        "72": 314,
        "73": 308,
        "71": 304,
        "68": 291,
        "77": 291,
        "75": 282,
        "-45": 277,
        "79": 273,
        "76": 266,
        "74": 265,
        "83": 263,
        "80": 262,
        "-44": 261,
        "81": 256,
        "78": 254,
        "86": 245,
        "82": 237,
        "87": 227,
        "84": 224,
        "88": 222,
        "85": 216,
        "91": 206,
        "-46": 204,
        "100": 197,
        "89": 195,
        "93": 190,
        "94": 181,
        "90": 180,
        "97": 180,
        "103": 179,
        "92": 178,
        "99": 177,
        "96": 175,
        "-47": 166,
        "106": 166,
        "95": 162,
        "98": 162,
        "101": 159,
        "105": 157,
        "112": 151,
        "104": 151,
        "102": 149,
        "111": 142,
        "-48": 141,
        "107": 135,
        "110": 133,
        "109": 131,
        "113": 126,
        "108": 126,
        "116": 124,
        "123": 124,
        "114": 123,
        "121": 119,
        "119": 118,
        "117": 116,
        "-49": 112,
        "118": 110,
        "125": 109,
        "122": 105,
        "130": 103,
        "115": 102,
        "131": 101,
        "-50": 101,
        "120": 100,
        "127": 99,
        "128": 97,
        "135": 96,
        "129": 96,
        "134": 93,
        "124": 92,
        "137": 92,
        "132": 90,
        "140": 89,
        "138": 89,
        "133": 82,
        "143": 81,
        "-51": 80,
        "-52": 79,
        "126": 79,
        "139": 78,
        "152": 77,
        "163": 75,
        "144": 74,
        "151": 72,
        "147": 72,
        "136": 71,
        "141": 71,
        "142": 69,
        "149": 68,
        "146": 66,
        "161": 65,
        "150": 63,
        "-53": 62,
        "155": 61,
        "158": 61,
        "165": 59,
        "153": 59,
        "148": 58,
        "162": 58,
        "145": 57,
        "166": 57,
        "160": 56,
        "-54": 54,
        "169": 54,
        "154": 53,
        "174": 53,
        "164": 52,
        "157": 52,
        "156": 51,
        "176": 50,
        "172": 49,
        "171": 49,
        "168": 48,
        "159": 47,
        "178": 47,
        "181": 47,
        "175": 46,
        "170": 45,
        "182": 44,
        "180": 42,
        "-55": 42,
        "177": 42,
        "167": 40,
        "184": 40,
        "186": 39,
        "179": 39,
        "195": 39,
        "191": 39,
        "192": 39,
        "203": 38,
        "183": 38,
        "189": 37,
        "173": 37,
        "200": 37,
        "188": 36,
        "-56": 36,
        "193": 35,
        "206": 35,
        "185": 34,
        "196": 34,
        "-57": 34,
        "187": 32,
        "190": 31,
        "210": 31,
        "-58": 31,
        "194": 30,
        "215": 30,
        "197": 28,
        "199": 27,
        "198": 26,
        "221": 26,
        "204": 26,
        "224": 25,
        "216": 25,
        "209": 25,
        "235": 25,
        "248": 24,
        "205": 24,
        "218": 24,
        "214": 24,
        "245": 24,
        "225": 24,
        "201": 24,
        "234": 23,
        "212": 23,
        "-59": 22,
        "208": 22,
        "211": 22,
        "202": 21,
        "230": 21,
        "219": 21,
        "231": 21,
        "-62": 21,
        "229": 20,
        "227": 20,
        "241": 20,
        "236": 20,
        "222": 20,
        "213": 20,
        "247": 20,
        "207": 20,
        "226": 19,
        "232": 19,
        "217": 19,
        "-60": 19,
        "263": 18,
        "239": 18,
        "257": 18,
        "237": 18,
        "240": 17,
        "249": 16,
        "238": 16,
        "228": 16,
        "253": 16,
        "242": 16,
        "233": 15,
        "220": 15,
        "246": 15,
        "-63": 14,
        "250": 14,
        "255": 14,
        "243": 14,
        "286": 14,
        "296": 14,
        "268": 13,
        "291": 13,
        "259": 13,
        "285": 12,
        "317": 12,
        "-65": 12,
        "261": 12,
        "254": 12,
        "-61": 12,
        "283": 11,
        "252": 11,
        "223": 11,
        "287": 11,
        "282": 11,
        "264": 11,
        "273": 11,
        "251": 11,
        "269": 11,
        "288": 11,
        "289": 10,
        "290": 10,
        "244": 10,
        "281": 10,
        "274": 10,
        "298": 10,
        "267": 10,
        "272": 10,
        "260": 10,
        "338": 10,
        "275": 10,
        "305": 9,
        "294": 9,
        "279": 9,
        "313": 9,
        "270": 9,
        "271": 9,
        "277": 9,
        "356": 8,
        "-67": 8,
        "311": 8,
        "284": 8,
        "310": 8,
        "-66": 8,
        "266": 8,
        "335": 8,
        "297": 8,
        "330": 8,
        "280": 8,
        "262": 8,
        "366": 8,
        "302": 7,
        "306": 7,
        "300": 7,
        "348": 7,
        "396": 7,
        "-64": 7,
        "256": 7,
        "309": 7,
        "341": 7,
        "278": 7,
        "293": 7,
        "345": 7,
        "398": 7,
        "344": 6,
        "318": 6,
        "414": 6,
        "307": 6,
        "337": 6,
        "351": 6,
        "276": 6,
        "379": 6,
        "258": 6,
        "265": 6,
        "322": 6,
        "314": 6,
        "295": 6,
        "304": 6,
        "292": 6,
        "315": 5,
        "336": 5,
        "371": 5,
        "400": 5,
        "342": 5,
        "333": 5,
        "320": 5,
        "352": 5,
        "332": 5,
        "324": 5,
        "353": 5,
        "-70": 4,
        "358": 4,
        "340": 4,
        "327": 4,
        "425": 4,
        "378": 4,
        "312": 4,
        "432": 4,
        "426": 4,
        "389": 4,
        "556": 4,
        "474": 4,
        "391": 4,
        "326": 4,
        "316": 4,
        "323": 4,
        "445": 4,
        "392": 4,
        "393": 4,
        "386": 4,
        "397": 4,
        "418": 4,
        "506": 3,
        "303": 3,
        "449": 3,
        "564": 3,
        "562": 3,
        "412": 3,
        "325": 3,
        "328": 3,
        "331": 3,
        "346": 3,
        "388": 3,
        "299": 3,
        "363": 3,
        "365": 3,
        "334": 3,
        "319": 3,
        "458": 3,
        "501": 3,
        "-68": 3,
        "349": 3,
        "357": 3,
        "464": 3,
        "343": 3,
        "408": 3,
        "380": 3,
        "451": 3,
        "329": 3,
        "374": 3,
        "411": 3,
        "347": 3,
        "560": 3,
        "468": 3,
        "642": 3,
        "301": 3,
        "480": 2,
        "409": 2,
        "812": 2,
        "592": 2,
        "492": 2,
        "552": 2,
        "1079": 2,
        "350": 2,
        "369": 2,
        "602": 2,
        "522": 2,
        "481": 2,
        "421": 2,
        "361": 2,
        "410": 2,
        "900": 2,
        "529": 2,
        "732": 2,
        "576": 2,
        "625": 2,
        "417": 2,
        "917": 2,
        "354": 2,
        "541": 2,
        "882": 2,
        "459": 2,
        "1316": 2,
        "848": 2,
        "1107": 2,
        "647": 2,
        "502": 2,
        "470": 2,
        "375": 2,
        "440": 2,
        "483": 2,
        "362": 2,
        "509": 2,
        "583": 2,
        "867": 2,
        "490": 2,
        "924": 2,
        "370": 2,
        "373": 2,
        "488": 2,
        "466": 2,
        "372": 2,
        "668": 2,
        "469": 2,
        "776": 2,
        "463": 2,
        "758": 2,
        "367": 2,
        "527": 2,
        "383": 2,
        "308": 2,
        "-69": 2,
        "401": 2,
        "424": 2,
        "-74": 2,
        "394": 2,
        "447": 2,
        "491": 2,
        "524": 2,
        "321": 2,
        "385": 2,
        "617": 2,
        "594": 2,
        "437": 2,
        "544": 2,
        "339": 2,
        "472": 2,
        "427": 2,
        "640": 2,
        "868": 1,
        "567": 1,
        "482": 1,
        "746": 1,
        "949": 1,
        "546": 1,
        "521": 1,
        "507": 1,
        "476": 1,
        "537": 1,
        "804": 1,
        "670": 1,
        "892": 1,
        "648": 1,
        "698": 1,
        "948": 1,
        "523": 1,
        "-77": 1,
        "497": 1,
        "578": 1,
        "1111": 1,
        "696": 1,
        "395": 1,
        "438": 1,
        "855": 1,
        "656": 1,
        "534": 1,
        "1543": 1,
        "487": 1,
        "992": 1,
        "600": 1,
        "896": 1,
        "863": 1,
        "439": 1,
        "736": 1,
        "402": 1,
        "1149": 1,
        "364": 1,
        "399": 1,
        "763": 1,
        "478": 1,
        "933": 1,
        "403": 1,
        "433": 1,
        "947": 1,
        "558": 1,
        "571": 1,
        "1041": 1,
        "869": 1,
        "420": 1,
        "686": 1,
        "1071": 1,
        "543": 1,
        "1473": 1,
        "1260": 1,
        "931": 1,
        "1568": 1,
        "766": 1,
        "1302": 1,
        "570": 1,
        "980": 1,
        "666": 1,
        "384": 1,
        "1019": 1,
        "493": 1,
        "938": 1,
        "549": 1,
        "795": 1,
        "661": 1,
        "1098": 1,
        "511": 1,
        "555": 1,
        "453": 1,
        "710": 1,
        "1108": 1,
        "1370": 1,
        "717": 1,
        "697": 1,
        "-72": 1,
        "1180": 1,
        "416": 1,
        "672": 1,
        "376": 1,
        "915": 1,
        "1659": 1,
        "542": 1,
        "1466": 1,
        "1043": 1,
        "435": 1,
        "479": 1,
        "574": 1,
        "531": 1,
        "811": 1,
        "431": 1,
        "623": 1,
        "645": 1,
        "735": 1,
        "943": 1,
        "1298": 1,
        "405": 1,
        "788": 1,
        "1191": 1,
        "516": 1,
        "809": 1,
        "-79": 1,
        "525": 1,
        "1069": 1,
        "910": 1,
        "503": 1,
        "703": 1,
        "404": 1,
        "423": 1,
        "708": 1,
        "381": 1,
        "803": 1,
        "539": 1,
        "669": 1,
        "606": 1,
        "806": 1,
        "565": 1,
        "377": 1,
        "797": 1,
        "772": 1,
        "584": 1,
        "978": 1,
        "682": 1,
        "718": 1,
        "629": 1,
        "1008": 1,
        "1152": 1,
        "618": 1,
        "945": 1,
        "724": 1,
        "1049": 1,
        "1223": 1,
        "841": 1,
        "644": 1,
        "486": 1,
        "485": 1,
        "881": 1,
        "621": 1,
        "719": 1,
        "650": 1,
        "407": 1,
        "861": 1,
        "406": 1,
        "415": 1,
        "475": 1,
        "635": 1,
        "828": 1,
        "903": 1,
        "512": 1,
        "786": 1,
        "631": 1,
        "823": 1,
        "588": 1,
        "954": 1,
        "852": 1,
        "677": 1,
        "-75": 1,
        "368": 1,
        "465": 1,
        "581": 1,
        "591": 1,
        "817": 1,
        "1125": 1,
        "436": 1,
        "387": 1,
        "689": 1,
        "443": 1,
        "505": 1,
        "904": 1,
        "538": 1,
        "457": 1,
        "760": 1,
        "580": 1,
        "359": 1,
        "514": 1,
        "609": 1,
        "756": 1,
        "1150": 1,
        "454": 1,
        "610": 1,
        "1093": 1,
        "720": 1,
        "839": 1,
        "925": 1,
        "460": 1,
        "540": 1,
        "687": 1,
        "1237": 1,
        "1234": 1,
        "847": 1,
        "755": 1,
        "638": 1,
        "1158": 1,
        "734": 1,
        "450": 1,
        "430": 1,
        "630": 1
    },
    "nrows": 445827
}