{
    "column_id": "Airline/Airline.csvAirline.csv/DivArrDelay",
    "dataset_name": "Airline.csv",
    "dataset_id": "Airline/Airline.csv",
    "path": "/home/ubuntu/CatDB/Experiments/data/Airline/Airline.csv",
    "table_name": "Airline.csv",
    "table_id": "Airline/Airline.csvAirline.csv",
    "column_name": "DivArrDelay",
    "data_source": "Airline",
    "data_type": "int",
    "total_values_count": 445827,
    "distinct_values_count": 281,
    "missing_values_count": 445205,
    "true_ratio": null,
    "min_value": 12.0,
    "max_value": 1369.0,
    "mean": 194.85852090032154,
    "median": 160.0,
    "iqr": 106.0,
    "category_values": [
        143,
        150,
        188,
        557,
        174,
        1369,
        1053,
        202,
        147,
        98,
        443,
        316,
        206,
        182,
        133,
        377,
        92,
        260,
        152,
        194,
        267,
        301,
        243,
        97,
        120,
        490,
        146,
        261,
        104,
        183,
        145,
        149,
        154,
        160,
        168,
        126,
        100,
        269,
        190,
        275,
        119,
        117,
        178,
        320,
        325,
        172,
        244,
        132,
        258,
        163,
        134,
        307,
        530,
        159,
        89,
        215,
        230,
        415,
        161,
        153,
        736,
        184,
        529,
        90,
        108,
        84,
        124,
        776,
        251,
        112,
        543,
        207,
        566,
        46,
        228,
        78,
        88,
        180,
        237,
        214,
        14,
        39,
        173,
        99,
        116,
        140,
        447,
        115,
        50,
        45,
        76,
        432,
        166,
        158,
        67,
        125,
        80,
        162,
        139,
        131,
        250,
        93,
        113,
        81,
        52,
        151,
        170,
        485,
        199,
        106,
        245,
        156,
        74,
        279,
        137,
        242,
        233,
        144,
        284,
        375,
        738,
        231,
        223,
        118,
        136,
        370,
        141,
        62,
        86,
        191,
        220,
        298,
        175,
        346,
        60,
        542,
        107,
        435,
        91,
        71,
        253,
        201,
        289,
        219,
        203,
        198,
        167,
        205,
        129,
        176,
        123,
        122,
        94,
        229,
        213,
        558,
        186,
        187,
        358,
        586,
        209,
        376,
        236,
        165,
        177,
        196,
        468,
        148,
        232,
        135,
        212,
        103,
        335,
        200,
        507,
        155,
        169,
        271,
        409,
        477,
        73,
        121,
        75,
        324,
        181,
        413,
        338,
        138,
        101,
        95,
        394,
        109,
        77,
        730,
        66,
        85,
        341,
        111,
        561,
        96,
        127,
        56,
        72,
        128,
        234,
        142,
        255,
        822,
        299,
        270,
        189,
        102,
        210,
        342,
        197,
        195,
        326,
        192,
        54,
        63,
        179,
        64,
        110,
        256,
        211,
        277,
        222,
        68,
        83,
        312,
        273,
        57,
        157,
        416,
        164,
        489,
        348,
        603,
        274,
        290,
        257,
        263,
        218,
        378,
        398,
        226,
        440,
        405,
        421,
        479,
        351,
        221,
        867,
        371,
        700,
        34,
        770,
        65,
        732,
        171,
        306,
        239,
        927,
        43,
        246,
        12,
        37,
        238,
        15,
        472,
        240,
        105,
        55,
        442,
        216,
        329,
        79,
        82,
        1169,
        59,
        61
    ],
    "embedding": [
        -1.0,
        -1.0,
        -1.0,
        1.0,
        -1.0,
        1.0,
        -1.0,
        -1.0,
        -0.9999998211860657,
        -1.0,
        1.0,
        -1.0,
        -1.0,
        1.0,
        1.0,
        1.0,
        1.0,
        -1.0,
        1.0,
        -1.0,
        1.0,
        -1.0,
        1.0,
        -1.0,
        1.0,
        -1.0,
        -1.0,
        1.0,
        -1.0,
        -1.0,
        1.0,
        1.0,
        -1.0,
        -1.0,
        -1.0,
        1.0,
        -1.0,
        1.0,
        1.0,
        -1.0,
        -1.0,
        1.0,
        -1.0,
        -1.0,
        -1.0,
        -1.0,
        1.0,
        -1.0,
        -0.9999990463256836,
        -0.9861575961112976,
        -1.0,
        1.0,
        1.0,
        1.0,
        -1.0,
        1.0,
        1.0,
        1.0,
        -1.0,
        0.9996783137321472,
        -1.0,
        -1.0,
        1.0,
        -1.0,
        1.0,
        -1.0,
        1.0,
        -1.0,
        1.0,
        1.0,
        1.0,
        -1.0,
        -1.0,
        -1.0,
        -1.0,
        1.0,
        1.0,
        1.0,
        1.0,
        1.0,
        1.0,
        1.0,
        1.0,
        -1.0,
        -1.0,
        1.0,
        -1.0,
        1.0,
        1.0,
        1.0,
        -1.0,
        1.0,
        1.0,
        -1.0,
        1.0,
        -1.0,
        1.0,
        -1.0,
        -1.0,
        -1.0,
        -0.9996820688247681,
        -1.0,
        1.0,
        -1.0,
        -1.0,
        1.0,
        1.0,
        1.0,
        -1.0,
        -1.0,
        1.0,
        -1.0,
        -1.0,
        1.0,
        1.0,
        1.0,
        1.0,
        1.0,
        1.0,
        -1.0,
        -1.0,
        1.0,
        -1.0,
        -1.0,
        1.0,
        -1.0,
        -1.0,
        -0.999997615814209,
        -1.0,
        1.0,
        -1.0,
        1.0,
        -1.0,
        -1.0,
        1.0,
        -1.0,
        -1.0,
        1.0,
        1.0,
        -1.0,
        1.0,
        1.0,
        1.0,
        -1.0,
        1.0,
        -1.0,
        1.0,
        -1.0,
        -1.0,
        -1.0,
        0.9999605417251587,
        -1.0,
        1.0,
        -1.0,
        1.0,
        -1.0,
        1.0,
        -1.0,
        1.0,
        -1.0,
        -1.0,
        1.0,
        -1.0,
        -1.0,
        1.0,
        -1.0,
        1.0,
        -1.0,
        -1.0,
        -1.0,
        -1.0,
        -1.0,
        1.0,
        1.0,
        -1.0,
        -1.0,
        1.0,
        -1.0,
        -1.0,
        -1.0,
        1.0,
        -1.0,
        -1.0,
        -1.0,
        1.0,
        -1.0,
        1.0,
        -1.0,
        -1.0,
        -1.0,
        1.0,
        1.0,
        1.0,
        1.0,
        -1.0,
        -1.0,
        1.0,
        -1.0,
        -1.0,
        1.0,
        -1.0,
        1.0,
        -1.0,
        -1.0,
        -1.0,
        -1.0,
        1.0,
        1.0,
        -1.0,
        -1.0,
        -1.0,
        1.0,
        -1.0,
        -1.0,
        -1.0,
        1.0,
        -1.0,
        1.0,
        -1.0,
        -1.0,
        1.0,
        -1.0,
        -1.0,
        1.0,
        -0.9999998807907104,
        -0.9867374300956726,
        1.0,
        -1.0,
        -1.0,
        -1.0,
        1.0,
        -1.0,
        1.0,
        -1.0,
        -1.0,
        1.0,
        -1.0,
        1.0,
        1.0,
        -0.9999998807907104,
        1.0,
        -0.9863601922988892,
        1.0,
        -1.0,
        1.0,
        1.0,
        -1.0,
        -1.0,
        -1.0,
        1.0,
        1.0,
        1.0,
        -1.0,
        -1.0,
        -1.0,
        1.0,
        1.0,
        -1.0,
        -1.0,
        -1.0,
        1.0,
        1.0,
        1.0,
        -1.0,
        1.0,
        -1.0,
        -1.0,
        -1.0,
        1.0,
        1.0,
        -0.9997082948684692,
        -1.0,
        -1.0,
        1.0,
        -1.0,
        1.0,
        1.0,
        1.0,
        1.0,
        1.0,
        1.0,
        -1.0,
        1.0,
        1.0,
        1.0,
        -1.0,
        -1.0,
        1.0,
        -1.0,
        -1.0,
        -1.0,
        1.0,
        -1.0,
        -1.0,
        -1.0,
        -1.0,
        -1.0,
        1.0,
        1.0,
        1.0
    ],
    "embedding_scaling_factor": 122.79967498779297,
    "samples": [
        188
    ],
    "category_values_ratio": {
        "134": 8,
        "165": 7,
        "172": 7,
        "139": 7,
        "145": 7,
        "106": 6,
        "112": 6,
        "125": 6,
        "118": 6,
        "230": 6,
        "113": 6,
        "138": 6,
        "160": 5,
        "174": 5,
        "102": 5,
        "206": 5,
        "133": 5,
        "140": 5,
        "182": 5,
        "93": 5,
        "184": 5,
        "144": 5,
        "137": 5,
        "108": 5,
        "163": 5,
        "80": 5,
        "161": 5,
        "123": 5,
        "124": 5,
        "152": 4,
        "71": 4,
        "126": 4,
        "301": 4,
        "176": 4,
        "189": 4,
        "129": 4,
        "150": 4,
        "187": 4,
        "269": 4,
        "104": 4,
        "191": 4,
        "233": 4,
        "117": 4,
        "92": 4,
        "97": 4,
        "199": 4,
        "155": 4,
        "188": 4,
        "159": 4,
        "147": 4,
        "132": 4,
        "153": 4,
        "231": 4,
        "214": 3,
        "146": 3,
        "143": 3,
        "180": 3,
        "258": 3,
        "202": 3,
        "98": 3,
        "267": 3,
        "120": 3,
        "119": 3,
        "261": 3,
        "183": 3,
        "88": 3,
        "154": 3,
        "190": 3,
        "178": 3,
        "56": 3,
        "78": 3,
        "63": 3,
        "77": 3,
        "76": 3,
        "148": 3,
        "81": 3,
        "162": 3,
        "196": 3,
        "99": 3,
        "116": 3,
        "115": 3,
        "158": 3,
        "173": 3,
        "136": 3,
        "166": 3,
        "156": 3,
        "223": 3,
        "237": 3,
        "348": 3,
        "198": 3,
        "205": 3,
        "279": 3,
        "122": 3,
        "94": 3,
        "103": 2,
        "74": 2,
        "149": 2,
        "60": 2,
        "212": 2,
        "192": 2,
        "200": 2,
        "179": 2,
        "195": 2,
        "251": 2,
        "121": 2,
        "250": 2,
        "238": 2,
        "244": 2,
        "405": 2,
        "52": 2,
        "215": 2,
        "284": 2,
        "375": 2,
        "72": 2,
        "275": 2,
        "239": 2,
        "100": 2,
        "62": 2,
        "101": 2,
        "210": 2,
        "171": 2,
        "95": 2,
        "46": 2,
        "270": 2,
        "65": 2,
        "83": 2,
        "256": 2,
        "211": 2,
        "209": 2,
        "194": 2,
        "68": 2,
        "229": 2,
        "110": 2,
        "243": 2,
        "277": 2,
        "167": 2,
        "175": 2,
        "109": 2,
        "219": 2,
        "66": 2,
        "96": 2,
        "135": 2,
        "128": 2,
        "232": 2,
        "177": 2,
        "107": 2,
        "164": 2,
        "529": 1,
        "89": 1,
        "320": 1,
        "325": 1,
        "307": 1,
        "530": 1,
        "324": 1,
        "415": 1,
        "736": 1,
        "242": 1,
        "738": 1,
        "370": 1,
        "507": 1,
        "260": 1,
        "168": 1,
        "485": 1,
        "377": 1,
        "316": 1,
        "443": 1,
        "1053": 1,
        "1369": 1,
        "557": 1,
        "490": 1,
        "561": 1,
        "90": 1,
        "776": 1,
        "245": 1,
        "271": 1,
        "170": 1,
        "151": 1,
        "131": 1,
        "169": 1,
        "341": 1,
        "409": 1,
        "86": 1,
        "586": 1,
        "358": 1,
        "186": 1,
        "558": 1,
        "213": 1,
        "203": 1,
        "289": 1,
        "201": 1,
        "91": 1,
        "435": 1,
        "542": 1,
        "346": 1,
        "298": 1,
        "220": 1,
        "376": 1,
        "477": 1,
        "236": 1,
        "468": 1,
        "335": 1,
        "111": 1,
        "432": 1,
        "85": 1,
        "730": 1,
        "394": 1,
        "338": 1,
        "413": 1,
        "141": 1,
        "181": 1,
        "75": 1,
        "73": 1,
        "67": 1,
        "306": 1,
        "84": 1,
        "822": 1,
        "290": 1,
        "489": 1,
        "105": 1,
        "15": 1,
        "398": 1,
        "603": 1,
        "142": 1,
        "421": 1,
        "299": 1,
        "43": 1,
        "1169": 1,
        "82": 1,
        "34": 1,
        "37": 1,
        "12": 1,
        "867": 1,
        "342": 1,
        "197": 1,
        "255": 1,
        "59": 1,
        "234": 1,
        "326": 1,
        "927": 1,
        "54": 1,
        "700": 1,
        "79": 1,
        "440": 1,
        "226": 1,
        "64": 1,
        "246": 1,
        "416": 1,
        "732": 1,
        "45": 1,
        "378": 1,
        "447": 1,
        "39": 1,
        "14": 1,
        "228": 1,
        "566": 1,
        "207": 1,
        "543": 1,
        "50": 1,
        "127": 1,
        "253": 1,
        "329": 1,
        "274": 1,
        "216": 1,
        "442": 1,
        "472": 1,
        "157": 1,
        "240": 1,
        "222": 1,
        "218": 1,
        "312": 1,
        "351": 1,
        "770": 1,
        "55": 1,
        "221": 1,
        "479": 1,
        "263": 1,
        "371": 1,
        "273": 1,
        "257": 1,
        "57": 1,
        "61": 1
    },
    "nrows": 445827
}