{
    "column_id": "Airline/Airline.csvAirline.csv/WheelsOn",
    "dataset_name": "Airline.csv",
    "dataset_id": "Airline/Airline.csv",
    "path": "/home/ubuntu/CatDB/Experiments/data/Airline/Airline.csv",
    "table_name": "Airline.csv",
    "table_id": "Airline/Airline.csvAirline.csv",
    "column_name": "WheelsOn",
    "data_source": "Airline",
    "data_type": "int",
    "total_values_count": 445827,
    "distinct_values_count": 1440,
    "missing_values_count": 11907,
    "true_ratio": null,
    "min_value": 1.0,
    "max_value": 2400.0,
    "mean": 1483.3006014933628,
    "median": 1519.0,
    "iqr": 810.0,
    "category_values": [
        1424,
        1416,
        1431,
        1617,
        1426,
        1429,
        1419,
        1420,
        1423,
        1412,
        1427,
        1434,
        1433,
        1449,
        1425,
        1411,
        1444,
        1422,
        1530,
        1750,
        1647,
        1659,
        1637,
        1700,
        1708,
        1722,
        1706,
        1918,
        1705,
        1655,
        1704,
        1716,
        1718,
        1728,
        1801,
        1653,
        1646,
        1715,
        1725,
        1702,
        1808,
        1721,
        1603,
        1556,
        1539,
        1546,
        1519,
        1514,
        1517,
        1518,
        1521,
        1601,
        1445,
        1436,
        1525,
        1441,
        1437,
        2031,
        1456,
        1440,
        1432,
        2115,
        2228,
        2205,
        2217,
        2111,
        2108,
        2117,
        2101,
        2220,
        2316,
        2144,
        2239,
        2152,
        2140,
        2131,
        2249,
        2121,
        2143,
        2134,
        2129,
        2139,
        2130,
        2150,
        2136,
        2135,
        2122,
        2018,
        2014,
        2016,
        2004,
        2000,
        2029,
        2039,
        2038,
        2033,
        2020,
        2137,
        2052,
        2026,
        2212,
        2119,
        2114,
        2041,
        2044,
        2058,
        2128,
        2027,
        2159,
        2045,
        2034,
        2100,
        2023,
        2047,
        2107,
        1421,
        1435,
        2339,
        1450,
        1457,
        1447,
        1452,
        1439,
        2232,
        1428,
        1458,
        1442,
        1531,
        1550,
        1542,
        1529,
        1544,
        1543,
        1536,
        1534,
        1533,
        1538,
        1554,
        1540,
        1605,
        1648,
        1555,
        1545,
        1813,
        1815,
        1946,
        1950,
        1937,
        2002,
        1943,
        2030,
        2001,
        1953,
        1941,
        1948,
        1938,
        1945,
        1951,
        1939,
        1954,
        1955,
        1942,
        1934,
        1949,
        2003,
        1936,
        2213,
        2046,
        2053,
        2120,
        2109,
        2054,
        2051,
        2057,
        2048,
        2050,
        2105,
        2055,
        2106,
        2118,
        1842,
        1828,
        1839,
        1825,
        1824,
        1812,
        1807,
        1827,
        1851,
        1829,
        1811,
        1814,
        1840,
        1816,
        1823,
        1831,
        1838,
        1802,
        1820,
        1826,
        1547,
        1532,
        1537,
        1614,
        1524,
        1509,
        1523,
        1511,
        1654,
        1737,
        1526,
        1515,
        1516,
        1507,
        1504,
        1622,
        1610,
        1638,
        1623,
        1649,
        1723,
        1619,
        1630,
        1621,
        1635,
        1631,
        1852,
        1652,
        1632,
        1615,
        1611,
        1636,
        1609,
        1625,
        1618,
        1902,
        2238,
        2348,
        2240,
        2343,
        2225,
        2312,
        2233,
        2319,
        2234,
        2221,
        2243,
        2302,
        107,
        14,
        2301,
        2251,
        2257,
        2326,
        2310,
        2250,
        2246,
        2258,
        2255,
        2308,
        2256,
        2252,
        2156,
        2145,
        1857,
        2126,
        2222,
        2113,
        2142,
        2059,
        158,
        2148,
        2146,
        2200,
        2153,
        203,
        2102,
        1240,
        1303,
        1300,
        1311,
        1327,
        1323,
        1253,
        1346,
        1251,
        1245,
        1320,
        1250,
        1318,
        1749,
        1247,
        1241,
        1258,
        1233,
        1307,
        1255,
        1341,
        1243,
        1232,
        1248,
        1312,
        121,
        3,
        54,
        37,
        26,
        106,
        2358,
        7,
        2355,
        27,
        9,
        4,
        5,
        18,
        2359,
        31,
        2357,
        44,
        8,
        32,
        6,
        12,
        2354,
        2352,
        1100,
        1111,
        1104,
        1059,
        1101,
        1106,
        1127,
        1055,
        1110,
        1112,
        1105,
        1056,
        1130,
        1109,
        1048,
        1057,
        1102,
        1115,
        1237,
        1107,
        1120,
        1626,
        1919,
        1633,
        2304,
        2210,
        2151,
        2218,
        2157,
        2317,
        2223,
        2208,
        2231,
        2337,
        2230,
        2201,
        2241,
        2242,
        2206,
        2204,
        2211,
        2235,
        2224,
        2149,
        1535,
        1559,
        1639,
        1512,
        1520,
        1527,
        1924,
        1908,
        1904,
        2006,
        1903,
        1913,
        1930,
        1926,
        1912,
        1956,
        1915,
        1859,
        2125,
        1914,
        1952,
        1916,
        1900,
        1333,
        1401,
        1339,
        1347,
        1340,
        1343,
        1342,
        1408,
        1330,
        1357,
        1334,
        1325,
        1322,
        1356,
        1319,
        1406,
        1418,
        2005,
        1944,
        1947,
        2324,
        2009,
        2011,
        2010,
        2305,
        2012,
        2008,
        2022,
        2036,
        1957,
        1806,
        1754,
        1932,
        1844,
        1917,
        1821,
        1810,
        1804,
        1800,
        1805,
        1752,
        1803,
        1751,
        1809,
        1858,
        1834,
        1753,
        23,
        2318,
        2329,
        2347,
        2216,
        2237,
        2340,
        2314,
        2323,
        2245,
        2236,
        2325,
        715,
        2244,
        1414,
        1359,
        1404,
        1415,
        1417,
        1409,
        1410,
        1405,
        1407,
        1403,
        1756,
        1818,
        1748,
        1745,
        1931,
        1740,
        1732,
        1759,
        1746,
        1757,
        1733,
        1741,
        1151,
        1229,
        1214,
        1153,
        1259,
        1156,
        1204,
        1135,
        1139,
        1136,
        1138,
        1155,
        1141,
        1219,
        1203,
        1147,
        1148,
        1145,
        1143,
        1140,
        1144,
        1149,
        1152,
        2049,
        2021,
        1940,
        2116,
        1221,
        1225,
        1223,
        1,
        2042,
        2040,
        1608,
        1541,
        1651,
        1606,
        1552,
        1640,
        1604,
        1629,
        1557,
        1612,
        1607,
        1901,
        1920,
        1906,
        1907,
        1921,
        1909,
        1905,
        1911,
        2035,
        1856,
        1910,
        10,
        58,
        2349,
        2351,
        2227,
        38,
        208,
        718,
        29,
        20,
        1505,
        1506,
        1522,
        1701,
        1657,
        1719,
        1042,
        1727,
        1853,
        1709,
        1713,
        1743,
        1735,
        1711,
        1714,
        1448,
        1501,
        1446,
        1500,
        1443,
        1455,
        1454,
        1453,
        1508,
        1650,
        1658,
        1046,
        1128,
        1121,
        1129,
        1119,
        1117,
        1150,
        1211,
        1159,
        2133,
        2103,
        2104,
        2112,
        2110,
        256,
        1459,
        1451,
        1502,
        930,
        926,
        949,
        912,
        1020,
        1032,
        1039,
        1036,
        1040,
        1033,
        1038,
        1034,
        1035,
        1049,
        1118,
        1051,
        1029,
        1043,
        1044,
        1027,
        1030,
        1236,
        1235,
        1656,
        1315,
        1242,
        1234,
        1244,
        1238,
        1239,
        1246,
        1257,
        1301,
        1249,
        1231,
        1224,
        2032,
        2132,
        2015,
        2019,
        2007,
        2,
        2025,
        2013,
        1354,
        1830,
        1742,
        1729,
        1720,
        1736,
        1758,
        1724,
        1817,
        1739,
        1731,
        1726,
        2147,
        2226,
        2141,
        2138,
        2209,
        2320,
        2127,
        2203,
        1641,
        1558,
        1602,
        1600,
        2028,
        1922,
        1933,
        1928,
        2017,
        355,
        1958,
        2024,
        328,
        2344,
        713,
        657,
        734,
        712,
        717,
        756,
        711,
        727,
        750,
        707,
        816,
        729,
        722,
        735,
        839,
        720,
        716,
        724,
        705,
        714,
        706,
        702,
        550,
        612,
        601,
        606,
        547,
        631,
        538,
        545,
        549,
        546,
        552,
        600,
        602,
        541,
        540,
        537,
        559,
        524,
        604,
        551,
        534,
        557,
        548,
        555,
        544,
        528,
        529,
        1925,
        1923,
        25,
        33,
        1847,
        1855,
        1854,
        2215,
        2158,
        2214,
        103,
        2154,
        2043,
        1207,
        1212,
        1206,
        1201,
        1157,
        1142,
        1216,
        1205,
        1200,
        1146,
        1215,
        1134,
        1213,
        1717,
        1747,
        1730,
        1710,
        1703,
        1513,
        1528,
        1510,
        2037,
        2247,
        917,
        929,
        916,
        939,
        936,
        913,
        910,
        947,
        915,
        931,
        918,
        911,
        924,
        920,
        921,
        933,
        908,
        905,
        424,
        618,
        451,
        525,
        433,
        458,
        2333,
        438,
        427,
        425,
        449,
        542,
        432,
        442,
        434,
        417,
        421,
        441,
        435,
        431,
        430,
        453,
        512,
        404,
        412,
        1353,
        1337,
        1335,
        1358,
        1352,
        1400,
        1345,
        1336,
        1355,
        1324,
        1344,
        514,
        520,
        516,
        501,
        502,
        543,
        536,
        617,
        539,
        532,
        623,
        530,
        633,
        608,
        510,
        508,
        1023,
        1021,
        956,
        1019,
        1004,
        958,
        1008,
        1003,
        1013,
        1026,
        1052,
        957,
        1041,
        1012,
        1010,
        658,
        535,
        807,
        759,
        609,
        515,
        531,
        518,
        504,
        1959,
        638,
        708,
        613,
        639,
        554,
        109,
        1123,
        1306,
        1131,
        1126,
        1133,
        1132,
        1125,
        1116,
        1113,
        2341,
        2330,
        134,
        728,
        942,
        733,
        1054,
        841,
        755,
        710,
        719,
        955,
        1350,
        1348,
        2307,
        126,
        131,
        148,
        2336,
        2313,
        2331,
        2346,
        2328,
        2332,
        22,
        2334,
        39,
        2123,
        2353,
        2338,
        43,
        36,
        2335,
        2327,
        105,
        1005,
        1503,
        1627,
        1645,
        1644,
        1642,
        1643,
        1634,
        40,
        2259,
        635,
        624,
        647,
        630,
        644,
        725,
        659,
        846,
        745,
        640,
        655,
        646,
        641,
        626,
        622,
        654,
        741,
        831,
        636,
        1551,
        1553,
        749,
        806,
        801,
        1222,
        1228,
        1202,
        1158,
        1208,
        1154,
        52,
        2248,
        2229,
        50,
        1047,
        1624,
        1613,
        1616,
        1628,
        1006,
        1015,
        1321,
        1332,
        1329,
        1349,
        1331,
        1310,
        13,
        1620,
        848,
        923,
        835,
        901,
        843,
        855,
        854,
        1017,
        834,
        836,
        823,
        845,
        851,
        1009,
        950,
        2253,
        553,
        558,
        48,
        153,
        122,
        151,
        129,
        149,
        108,
        335,
        113,
        49,
        102,
        124,
        1734,
        1738,
        1712,
        1707,
        1822,
        1103,
        1053,
        1124,
        1218,
        1108,
        952,
        1018,
        1016,
        1031,
        959,
        1037,
        1007,
        1024,
        1744,
        2124,
        837,
        754,
        820,
        808,
        830,
        757,
        802,
        809,
        819,
        817,
        815,
        828,
        800,
        804,
        813,
        805,
        811,
        758,
        1326,
        1309,
        1328,
        932,
        925,
        903,
        902,
        1028,
        858,
        909,
        940,
        906,
        853,
        951,
        1841,
        1850,
        1832,
        812,
        753,
        827,
        833,
        847,
        844,
        859,
        825,
        934,
        829,
        857,
        1338,
        141,
        150,
        21,
        146,
        51,
        1351,
        30,
        42,
        137,
        128,
        100,
        155,
        46,
        114,
        41,
        110,
        47,
        28,
        2322,
        2321,
        803,
        746,
        914,
        2254,
        2311,
        1252,
        1317,
        1313,
        1217,
        1227,
        1548,
        1836,
        1848,
        1819,
        1846,
        1927,
        16,
        209,
        850,
        937,
        938,
        946,
        943,
        1002,
        1001,
        953,
        944,
        1000,
        954,
        1011,
        1413,
        1438,
        610,
        1226,
        1230,
        1402,
        1430,
        1045,
        1050,
        852,
        849,
        900,
        856,
        810,
        814,
        842,
        751,
        752,
        748,
        1935,
        1122,
        1137,
        821,
        1058,
        922,
        919,
        928,
        904,
        1302,
        1220,
        1549,
        826,
        838,
        822,
        824,
        1929,
        1210,
        935,
        1114,
        744,
        740,
        742,
        119,
        1305,
        1256,
        653,
        637,
        832,
        730,
        1849,
        1308,
        1755,
        1316,
        1254,
        2309,
        1304,
        2056,
        19,
        17,
        2303,
        205,
        840,
        112,
        11,
        34,
        1837,
        1833,
        628,
        704,
        703,
        701,
        656,
        700,
        721,
        650,
        24,
        304,
        15,
        1843,
        2306,
        2219,
        907,
        444,
        743,
        732,
        736,
        1209,
        1835,
        1845,
        927,
        739,
        737,
        948,
        945,
        216,
        2345,
        2350,
        621,
        603,
        605,
        620,
        116,
        731,
        738,
        457,
        522,
        649,
        556,
        509,
        523,
        527,
        533,
        456,
        521,
        505,
        513,
        526,
        506,
        517,
        607,
        747,
        1022,
        2315,
        1025,
        1314,
        2342,
        619,
        726,
        313,
        818,
        2207,
        120,
        123,
        210,
        2300,
        59,
        125,
        130,
        115,
        314,
        140,
        352,
        144,
        53,
        101,
        57,
        56,
        1014,
        645,
        709,
        652,
        651,
        240,
        241,
        142,
        152,
        2155,
        237,
        111,
        2356,
        941,
        118,
        143,
        133,
        230,
        139,
        632,
        611,
        615,
        614,
        503,
        519,
        229,
        45,
        147,
        127,
        309,
        35,
        136,
        643,
        145,
        723,
        2400,
        2202,
        338,
        337,
        627,
        459,
        507,
        55,
        245,
        642,
        218,
        157,
        616,
        212,
        219,
        206,
        227,
        625,
        224,
        648,
        135,
        217,
        138,
        511,
        154,
        214,
        250,
        629,
        634,
        259,
        104,
        327,
        311,
        132,
        319,
        446,
        232,
        351,
        117,
        159,
        222,
        201,
        454,
        236,
        340,
        243,
        221,
        428,
        156,
        255,
        452,
        450,
        443,
        500,
        204,
        317,
        407,
        448,
        220,
        447,
        254,
        247,
        341,
        429,
        445,
        306,
        202,
        436,
        249,
        326,
        455,
        437,
        345,
        440,
        301,
        308,
        402,
        403,
        215,
        213,
        318,
        223,
        233,
        414,
        336,
        235,
        228,
        332,
        353,
        354,
        359,
        357,
        347,
        207,
        348,
        333,
        200,
        322,
        358,
        225,
        350,
        343,
        344,
        410,
        356,
        321,
        253,
        231,
        439,
        413,
        419,
        400,
        211,
        226,
        426,
        315,
        342,
        418,
        415,
        420,
        422,
        320,
        411,
        312,
        244,
        416,
        346,
        324,
        330,
        252,
        409,
        423,
        303,
        349,
        325,
        248,
        334,
        246,
        242,
        331,
        329,
        257,
        234,
        239,
        405,
        406,
        305,
        310,
        300,
        302,
        408,
        401,
        238,
        258,
        251,
        307,
        316,
        339,
        323
    ],
    "embedding": [
        -1.0,
        -1.0,
        -1.0,
        1.0,
        -1.0,
        1.0,
        -1.0,
        -1.0,
        -0.99998939037323,
        -1.0,
        1.0,
        -1.0,
        -1.0,
        1.0,
        1.0,
        1.0,
        1.0,
        -1.0,
        1.0,
        -1.0,
        1.0,
        -1.0,
        1.0,
        -1.0,
        1.0,
        -1.0,
        -1.0,
        1.0,
        -1.0,
        -1.0,
        1.0,
        1.0,
        -1.0,
        -1.0,
        -1.0,
        1.0,
        -1.0,
        1.0,
        1.0,
        -1.0,
        -1.0,
        1.0,
        -1.0,
        -1.0,
        -1.0,
        -1.0,
        1.0,
        -1.0,
        -0.999994695186615,
        -0.9905630350112915,
        -1.0,
        1.0,
        1.0,
        1.0,
        -1.0,
        1.0,
        1.0,
        1.0,
        -1.0,
        0.9976827502250671,
        -1.0,
        -1.0,
        1.0,
        -1.0,
        1.0,
        -1.0,
        1.0,
        -1.0,
        1.0,
        1.0,
        1.0,
        -1.0,
        -1.0,
        -1.0,
        -1.0,
        1.0,
        1.0,
        1.0,
        1.0,
        1.0,
        1.0,
        1.0,
        1.0,
        -1.0,
        -1.0,
        1.0,
        -1.0,
        1.0,
        1.0,
        1.0,
        -1.0,
        1.0,
        1.0,
        -1.0,
        1.0,
        -1.0,
        1.0,
        -1.0,
        -1.0,
        -1.0,
        -0.9981516599655151,
        -1.0,
        1.0,
        -1.0,
        -1.0,
        1.0,
        1.0,
        1.0,
        -1.0,
        -1.0,
        1.0,
        -1.0,
        -1.0,
        1.0,
        1.0,
        1.0,
        1.0,
        1.0,
        1.0,
        -1.0,
        -1.0,
        1.0,
        -1.0,
        -1.0,
        1.0,
        -1.0,
        -1.0,
        -0.9999521970748901,
        -1.0,
        1.0,
        -1.0,
        1.0,
        -1.0,
        -1.0,
        1.0,
        -1.0,
        -1.0,
        1.0,
        1.0,
        -1.0,
        1.0,
        1.0,
        1.0,
        -1.0,
        1.0,
        -1.0,
        1.0,
        -1.0,
        -1.0,
        -1.0,
        0.9999369978904724,
        -1.0,
        1.0,
        -1.0,
        1.0,
        -1.0,
        1.0,
        -1.0,
        1.0,
        -1.0,
        -1.0,
        1.0,
        -1.0,
        -1.0,
        1.0,
        -1.0,
        1.0,
        -1.0,
        -1.0,
        -1.0,
        -1.0,
        -1.0,
        1.0,
        1.0,
        -1.0,
        -1.0,
        1.0,
        -1.0,
        -1.0,
        -1.0,
        1.0,
        -1.0,
        -1.0,
        -1.0,
        1.0,
        -1.0,
        1.0,
        -1.0,
        -1.0,
        -1.0,
        1.0,
        1.0,
        1.0,
        1.0,
        -1.0,
        -1.0,
        1.0,
        -1.0,
        -1.0,
        1.0,
        -1.0,
        1.0,
        -1.0,
        -1.0,
        -1.0,
        -1.0,
        1.0,
        1.0,
        -1.0,
        -1.0,
        -1.0,
        1.0,
        -1.0,
        -1.0,
        -1.0,
        1.0,
        -1.0,
        1.0,
        -1.0,
        -1.0,
        1.0,
        -1.0,
        -1.0,
        1.0,
        -0.9999881386756897,
        -0.9908177852630615,
        1.0,
        -1.0,
        -1.0,
        -1.0,
        1.0,
        -1.0,
        1.0,
        -1.0,
        -1.0,
        1.0,
        -1.0,
        1.0,
        1.0,
        -0.9999962449073792,
        1.0,
        -0.9890280961990356,
        1.0,
        -1.0,
        1.0,
        1.0,
        -1.0,
        -1.0,
        -1.0,
        1.0,
        1.0,
        1.0,
        -1.0,
        -1.0,
        -1.0,
        1.0,
        1.0,
        -1.0,
        -1.0,
        -1.0,
        1.0,
        1.0,
        1.0,
        -1.0,
        1.0,
        -1.0,
        -1.0,
        -1.0,
        1.0,
        1.0,
        -0.998449444770813,
        -1.0,
        -1.0,
        1.0,
        -1.0,
        1.0,
        1.0,
        1.0,
        1.0,
        1.0,
        1.0,
        -1.0,
        1.0,
        1.0,
        1.0,
        -1.0,
        -1.0,
        1.0,
        -1.0,
        -1.0,
        -1.0,
        1.0,
        -1.0,
        -1.0,
        -1.0,
        -1.0,
        -1.0,
        1.0,
        1.0,
        1.0
    ],
    "embedding_scaling_factor": 13.875626564025879,
    "samples": [
        1703,
        1347,
        2250,
        1441,
        733,
        1026,
        1933,
        2000,
        2243,
        741,
        2313,
        2056,
        1159,
        2021,
        2054,
        1142,
        1456,
        1502,
        1916,
        1406,
        956,
        2135,
        1346,
        1703,
        2128,
        1955,
        1354,
        1647,
        1133,
        1915,
        1057,
        1240,
        1713,
        1908,
        1127,
        1638,
        1800,
        1941,
        2055,
        1658,
        1345,
        1006,
        1244,
        1017,
        719,
        1858,
        1541,
        1532,
        833,
        1622,
        1006,
        2232,
        1439,
        1556,
        1857,
        1301,
        2021,
        1924,
        1846,
        2021,
        1348,
        1832,
        709,
        1816,
        1838,
        1653,
        1848,
        1155,
        1600,
        1833,
        1643,
        1309,
        638,
        1939,
        1948,
        1129,
        1637,
        952,
        1335,
        1154,
        1355,
        1014,
        2155,
        1830,
        1058,
        1040,
        848,
        1035,
        1610,
        1118,
        1032,
        1532,
        655,
        2236,
        1316,
        1801,
        821,
        1314,
        1708
    ],
    "category_values_ratio": {
        "1630": 544,
        "1631": 537,
        "1626": 535,
        "1640": 534,
        "1633": 534,
        "1629": 531,
        "1639": 528,
        "2037": 526,
        "1638": 525,
        "1643": 524,
        "1623": 523,
        "1624": 523,
        "1636": 522,
        "2050": 520,
        "1622": 520,
        "1646": 520,
        "1635": 520,
        "2055": 519,
        "1632": 519,
        "1645": 517,
        "1614": 517,
        "1641": 516,
        "1745": 516,
        "2040": 515,
        "1738": 514,
        "1627": 513,
        "2045": 512,
        "1621": 511,
        "1848": 509,
        "2039": 509,
        "2044": 508,
        "1628": 508,
        "2041": 505,
        "2042": 505,
        "1642": 504,
        "1617": 504,
        "2056": 502,
        "1615": 501,
        "2054": 501,
        "1616": 499,
        "1609": 498,
        "1343": 498,
        "1857": 498,
        "1402": 498,
        "1618": 497,
        "1651": 496,
        "1726": 496,
        "2059": 495,
        "1612": 494,
        "1841": 494,
        "1620": 494,
        "2012": 493,
        "1634": 491,
        "1611": 491,
        "1804": 491,
        "1613": 490,
        "2049": 490,
        "2030": 489,
        "1850": 489,
        "1648": 489,
        "2033": 488,
        "1650": 487,
        "1844": 487,
        "2057": 487,
        "1412": 486,
        "1957": 486,
        "1644": 486,
        "1545": 485,
        "1831": 485,
        "1849": 485,
        "2053": 485,
        "1856": 485,
        "1637": 485,
        "1902": 484,
        "1838": 484,
        "1619": 484,
        "1647": 483,
        "1721": 482,
        "1625": 482,
        "1901": 481,
        "1338": 481,
        "1858": 481,
        "1855": 480,
        "1842": 479,
        "1853": 479,
        "1350": 479,
        "1825": 477,
        "1759": 477,
        "2101": 477,
        "1815": 476,
        "1731": 476,
        "1854": 476,
        "2108": 476,
        "1610": 476,
        "1843": 476,
        "2035": 475,
        "1852": 475,
        "1805": 474,
        "1604": 474,
        "1814": 474,
        "2024": 474,
        "1722": 473,
        "2046": 473,
        "1730": 473,
        "2105": 473,
        "2047": 473,
        "2043": 473,
        "1600": 472,
        "1728": 472,
        "1836": 471,
        "2031": 471,
        "1952": 470,
        "1810": 470,
        "1005": 470,
        "1654": 470,
        "1652": 470,
        "2102": 469,
        "1835": 469,
        "1851": 469,
        "2038": 469,
        "1834": 469,
        "1846": 469,
        "1653": 469,
        "1248": 468,
        "1710": 468,
        "1725": 468,
        "2002": 468,
        "1601": 468,
        "1803": 467,
        "1748": 467,
        "1608": 467,
        "1845": 466,
        "1055": 466,
        "2027": 466,
        "1700": 466,
        "1840": 466,
        "1400": 466,
        "1429": 466,
        "1801": 466,
        "1425": 466,
        "1715": 465,
        "1747": 465,
        "1009": 465,
        "953": 465,
        "1317": 465,
        "1336": 464,
        "1737": 464,
        "1800": 464,
        "1556": 464,
        "1017": 464,
        "2032": 464,
        "1012": 464,
        "1437": 464,
        "1547": 464,
        "1817": 464,
        "1606": 463,
        "2107": 463,
        "1557": 463,
        "1859": 463,
        "1432": 463,
        "1847": 463,
        "1819": 463,
        "1812": 463,
        "1809": 463,
        "1823": 462,
        "1719": 462,
        "2028": 461,
        "1510": 461,
        "1729": 461,
        "1443": 461,
        "1015": 461,
        "1507": 461,
        "1736": 461,
        "2029": 460,
        "2058": 460,
        "1406": 460,
        "1427": 460,
        "2052": 459,
        "949": 459,
        "1517": 459,
        "1723": 459,
        "1255": 459,
        "1535": 459,
        "2014": 459,
        "1821": 459,
        "1816": 459,
        "1435": 458,
        "1540": 458,
        "1004": 458,
        "1807": 458,
        "2104": 458,
        "1433": 458,
        "1019": 458,
        "1348": 457,
        "1345": 457,
        "1655": 457,
        "1718": 457,
        "1008": 457,
        "1356": 457,
        "1408": 457,
        "1743": 457,
        "1752": 457,
        "1830": 457,
        "1552": 457,
        "1954": 456,
        "2051": 456,
        "1419": 456,
        "1951": 456,
        "1000": 456,
        "2023": 455,
        "1824": 455,
        "1423": 454,
        "1829": 454,
        "1820": 454,
        "1959": 454,
        "957": 454,
        "1440": 454,
        "1315": 454,
        "1906": 454,
        "1101": 453,
        "1602": 453,
        "1251": 453,
        "1032": 453,
        "1649": 453,
        "2100": 453,
        "2110": 453,
        "1157": 452,
        "1013": 452,
        "959": 452,
        "1031": 452,
        "1720": 452,
        "1717": 452,
        "1342": 452,
        "1833": 451,
        "1414": 451,
        "1018": 451,
        "1934": 451,
        "1537": 451,
        "2026": 451,
        "1757": 451,
        "1827": 451,
        "1422": 450,
        "1605": 450,
        "1548": 450,
        "1349": 450,
        "1110": 450,
        "1754": 450,
        "1239": 450,
        "1930": 449,
        "1249": 449,
        "1607": 449,
        "1257": 449,
        "1755": 449,
        "1733": 449,
        "1444": 449,
        "1232": 449,
        "1331": 449,
        "1727": 449,
        "1058": 449,
        "1354": 448,
        "1735": 448,
        "1242": 448,
        "1030": 448,
        "1808": 448,
        "1011": 447,
        "1442": 447,
        "2005": 447,
        "1357": 447,
        "1949": 446,
        "1739": 446,
        "1828": 446,
        "1932": 446,
        "1023": 446,
        "1555": 446,
        "1314": 445,
        "1346": 445,
        "1154": 445,
        "1333": 445,
        "1538": 445,
        "1052": 445,
        "1040": 445,
        "1404": 445,
        "1558": 445,
        "1744": 444,
        "1328": 444,
        "1514": 444,
        "1907": 444,
        "1603": 444,
        "1228": 444,
        "1938": 444,
        "2003": 444,
        "2036": 444,
        "1236": 443,
        "1449": 443,
        "1305": 443,
        "1826": 443,
        "1706": 443,
        "1546": 443,
        "1539": 443,
        "1740": 443,
        "1050": 442,
        "1318": 442,
        "1553": 442,
        "1240": 442,
        "1226": 442,
        "1438": 442,
        "2007": 442,
        "1450": 442,
        "1955": 442,
        "1231": 442,
        "1551": 442,
        "1436": 442,
        "1016": 441,
        "1234": 441,
        "1712": 441,
        "1100": 441,
        "1358": 441,
        "1946": 441,
        "1244": 441,
        "1313": 441,
        "1656": 441,
        "1813": 441,
        "1130": 440,
        "2048": 440,
        "1413": 440,
        "1920": 440,
        "1904": 440,
        "1542": 440,
        "1151": 440,
        "2018": 440,
        "1832": 440,
        "1742": 439,
        "1657": 439,
        "1935": 439,
        "1925": 439,
        "1324": 439,
        "1811": 439,
        "1559": 439,
        "1307": 439,
        "1515": 439,
        "1003": 439,
        "1107": 439,
        "1520": 438,
        "1944": 438,
        "2034": 438,
        "2115": 438,
        "1511": 438,
        "2017": 438,
        "948": 437,
        "1351": 437,
        "1330": 437,
        "1352": 437,
        "1713": 437,
        "1956": 437,
        "1942": 437,
        "1355": 437,
        "1417": 436,
        "1247": 436,
        "2103": 436,
        "1159": 436,
        "1714": 436,
        "1327": 436,
        "1113": 436,
        "1116": 436,
        "1243": 436,
        "1134": 436,
        "1900": 436,
        "1006": 436,
        "1021": 436,
        "1837": 436,
        "1659": 436,
        "1045": 436,
        "1047": 436,
        "2006": 435,
        "950": 435,
        "1756": 435,
        "1410": 435,
        "1708": 435,
        "1233": 435,
        "1702": 435,
        "1308": 435,
        "1734": 435,
        "1724": 435,
        "1225": 435,
        "1431": 435,
        "1237": 435,
        "1329": 434,
        "1002": 434,
        "1139": 434,
        "1152": 434,
        "1311": 434,
        "2106": 434,
        "1321": 434,
        "1147": 434,
        "1245": 434,
        "1250": 434,
        "1704": 434,
        "1822": 434,
        "2000": 433,
        "1401": 433,
        "1347": 433,
        "1543": 433,
        "1337": 433,
        "855": 433,
        "1933": 433,
        "839": 433,
        "1143": 432,
        "1927": 432,
        "1923": 432,
        "1549": 432,
        "1527": 432,
        "1530": 431,
        "1958": 431,
        "1014": 431,
        "2001": 431,
        "1943": 431,
        "1554": 431,
        "1541": 431,
        "1424": 431,
        "955": 430,
        "2119": 430,
        "1818": 430,
        "2011": 430,
        "1701": 430,
        "1430": 429,
        "1534": 429,
        "1428": 429,
        "1806": 429,
        "1937": 429,
        "1326": 429,
        "1758": 429,
        "1246": 429,
        "1415": 429,
        "1316": 429,
        "1409": 429,
        "1001": 429,
        "1550": 429,
        "1312": 429,
        "1905": 429,
        "1027": 429,
        "842": 429,
        "1049": 429,
        "1749": 429,
        "1940": 428,
        "2022": 428,
        "1033": 428,
        "1544": 428,
        "843": 428,
        "2025": 428,
        "1521": 428,
        "1447": 428,
        "1941": 428,
        "1459": 428,
        "1148": 427,
        "1903": 427,
        "1214": 427,
        "1310": 427,
        "1309": 427,
        "2009": 427,
        "1525": 427,
        "952": 427,
        "1746": 427,
        "1339": 427,
        "1059": 427,
        "958": 427,
        "1446": 426,
        "1953": 426,
        "1254": 426,
        "1421": 426,
        "1359": 426,
        "1741": 426,
        "2013": 426,
        "1334": 425,
        "2109": 425,
        "1523": 425,
        "1106": 425,
        "1524": 425,
        "1839": 425,
        "1223": 425,
        "2020": 424,
        "1705": 424,
        "1451": 424,
        "1304": 424,
        "1457": 424,
        "846": 424,
        "2021": 424,
        "1319": 424,
        "1108": 424,
        "1303": 424,
        "1407": 424,
        "1910": 423,
        "2019": 423,
        "2116": 423,
        "1252": 423,
        "1945": 423,
        "2121": 423,
        "1455": 423,
        "1042": 423,
        "1007": 423,
        "1915": 423,
        "1912": 423,
        "852": 423,
        "1802": 423,
        "1340": 423,
        "1238": 423,
        "1411": 423,
        "1029": 423,
        "1020": 422,
        "1141": 422,
        "1209": 422,
        "1453": 422,
        "1516": 422,
        "1445": 422,
        "1341": 421,
        "1150": 421,
        "1500": 421,
        "1458": 421,
        "2114": 421,
        "1456": 421,
        "2008": 421,
        "912": 421,
        "1929": 420,
        "1211": 420,
        "1526": 420,
        "1508": 420,
        "1035": 420,
        "1716": 420,
        "1120": 420,
        "1750": 420,
        "1208": 419,
        "1908": 419,
        "946": 419,
        "1320": 419,
        "1253": 419,
        "1044": 419,
        "1220": 419,
        "1928": 418,
        "1909": 418,
        "1434": 418,
        "1703": 418,
        "1418": 418,
        "1145": 418,
        "1102": 418,
        "1512": 417,
        "1131": 417,
        "1127": 417,
        "1135": 417,
        "925": 417,
        "1658": 417,
        "2134": 417,
        "1732": 417,
        "1241": 417,
        "907": 416,
        "1519": 416,
        "1048": 416,
        "1200": 416,
        "941": 416,
        "1057": 416,
        "1133": 416,
        "2010": 416,
        "2015": 416,
        "1922": 415,
        "1914": 415,
        "2125": 415,
        "1416": 415,
        "1114": 414,
        "1426": 414,
        "1203": 414,
        "1025": 414,
        "1936": 414,
        "1205": 414,
        "1041": 413,
        "1439": 413,
        "1506": 413,
        "943": 413,
        "937": 413,
        "1332": 413,
        "1911": 413,
        "1010": 413,
        "1522": 413,
        "841": 413,
        "1913": 413,
        "1948": 413,
        "1344": 413,
        "947": 413,
        "954": 412,
        "951": 412,
        "1751": 412,
        "1034": 412,
        "859": 412,
        "1036": 412,
        "1323": 412,
        "1950": 412,
        "1129": 411,
        "1230": 411,
        "1126": 411,
        "1142": 411,
        "945": 411,
        "1053": 411,
        "2112": 411,
        "1146": 410,
        "1509": 410,
        "857": 410,
        "1528": 410,
        "2120": 410,
        "1115": 410,
        "1353": 410,
        "905": 410,
        "848": 410,
        "1302": 409,
        "2123": 409,
        "1235": 409,
        "1325": 409,
        "1405": 409,
        "1213": 409,
        "1501": 409,
        "1513": 409,
        "944": 409,
        "1531": 408,
        "847": 408,
        "2207": 408,
        "1322": 408,
        "1026": 408,
        "1140": 407,
        "1201": 407,
        "1947": 407,
        "2136": 407,
        "1222": 407,
        "1229": 407,
        "2126": 407,
        "1259": 407,
        "1753": 407,
        "1403": 407,
        "1210": 406,
        "1103": 406,
        "1136": 406,
        "1028": 406,
        "915": 406,
        "917": 406,
        "1533": 406,
        "1306": 406,
        "1335": 405,
        "2138": 405,
        "849": 405,
        "2153": 405,
        "1503": 405,
        "1448": 405,
        "1117": 404,
        "1111": 404,
        "1529": 404,
        "2128": 404,
        "2118": 404,
        "1218": 404,
        "1118": 403,
        "1216": 403,
        "1709": 403,
        "1024": 403,
        "1219": 403,
        "939": 402,
        "1043": 402,
        "1217": 402,
        "1138": 402,
        "1532": 402,
        "1454": 402,
        "942": 402,
        "1917": 401,
        "1256": 401,
        "1158": 401,
        "1924": 401,
        "1939": 401,
        "913": 401,
        "1022": 401,
        "1039": 401,
        "1155": 401,
        "1258": 401,
        "1420": 400,
        "1926": 400,
        "901": 400,
        "1119": 400,
        "1212": 400,
        "2113": 400,
        "1441": 400,
        "1921": 400,
        "1037": 400,
        "902": 400,
        "909": 400,
        "1502": 400,
        "845": 400,
        "1137": 399,
        "2122": 399,
        "2004": 399,
        "2130": 399,
        "1104": 399,
        "933": 399,
        "956": 399,
        "1215": 398,
        "932": 398,
        "2217": 397,
        "850": 397,
        "835": 397,
        "1149": 397,
        "2220": 395,
        "1125": 395,
        "1156": 395,
        "1505": 395,
        "1452": 395,
        "1128": 394,
        "940": 394,
        "2133": 394,
        "2129": 394,
        "2111": 394,
        "1051": 393,
        "908": 393,
        "1707": 393,
        "1518": 393,
        "853": 393,
        "2140": 393,
        "1112": 392,
        "900": 392,
        "1504": 392,
        "914": 392,
        "1916": 391,
        "1124": 391,
        "1121": 391,
        "1202": 391,
        "928": 390,
        "1109": 390,
        "1105": 390,
        "1301": 390,
        "1056": 390,
        "2132": 390,
        "854": 390,
        "1300": 390,
        "844": 389,
        "2117": 389,
        "1206": 389,
        "2143": 389,
        "906": 389,
        "1153": 388,
        "2145": 388,
        "1038": 388,
        "904": 387,
        "1536": 387,
        "1711": 387,
        "1931": 387,
        "1144": 387,
        "840": 386,
        "1122": 386,
        "1132": 386,
        "837": 385,
        "2210": 385,
        "2144": 385,
        "1054": 385,
        "2016": 385,
        "2156": 384,
        "2127": 384,
        "836": 384,
        "1204": 384,
        "2155": 384,
        "2146": 383,
        "2148": 383,
        "924": 383,
        "2141": 383,
        "2240": 382,
        "2205": 381,
        "1123": 381,
        "1224": 381,
        "903": 380,
        "856": 379,
        "936": 379,
        "2137": 379,
        "2209": 378,
        "927": 378,
        "935": 378,
        "922": 378,
        "858": 378,
        "833": 377,
        "923": 376,
        "2159": 376,
        "1221": 376,
        "834": 376,
        "2228": 375,
        "919": 375,
        "2124": 375,
        "1207": 375,
        "920": 375,
        "2149": 374,
        "1918": 374,
        "2158": 374,
        "2213": 374,
        "931": 374,
        "2214": 373,
        "934": 373,
        "2139": 372,
        "851": 372,
        "830": 372,
        "1046": 372,
        "910": 371,
        "911": 371,
        "2157": 371,
        "2226": 371,
        "2135": 370,
        "2201": 369,
        "926": 369,
        "832": 369,
        "2200": 369,
        "2151": 368,
        "2212": 368,
        "2234": 368,
        "1919": 368,
        "1227": 367,
        "2142": 367,
        "2221": 366,
        "2229": 366,
        "2244": 366,
        "2131": 365,
        "2154": 365,
        "930": 364,
        "929": 364,
        "2147": 363,
        "2219": 363,
        "2152": 362,
        "938": 361,
        "918": 361,
        "2237": 359,
        "2215": 359,
        "2208": 359,
        "826": 358,
        "2150": 358,
        "2203": 358,
        "824": 357,
        "2211": 357,
        "2245": 356,
        "2202": 354,
        "2251": 354,
        "822": 354,
        "2239": 352,
        "921": 351,
        "2206": 351,
        "827": 350,
        "2243": 350,
        "2218": 350,
        "2235": 350,
        "2216": 350,
        "2231": 349,
        "821": 349,
        "831": 347,
        "2233": 344,
        "2232": 344,
        "828": 344,
        "2246": 343,
        "2223": 343,
        "802": 343,
        "2248": 341,
        "2225": 341,
        "2255": 340,
        "806": 339,
        "2241": 338,
        "817": 337,
        "2230": 337,
        "2236": 337,
        "2242": 336,
        "2238": 336,
        "2254": 332,
        "2250": 331,
        "2313": 330,
        "2258": 330,
        "2247": 330,
        "825": 330,
        "2204": 329,
        "838": 328,
        "2224": 328,
        "2252": 327,
        "816": 326,
        "749": 326,
        "800": 325,
        "2227": 325,
        "819": 325,
        "2257": 324,
        "2253": 324,
        "809": 324,
        "2249": 323,
        "2222": 322,
        "823": 322,
        "751": 321,
        "755": 321,
        "916": 321,
        "805": 320,
        "2303": 320,
        "2256": 319,
        "756": 318,
        "2320": 318,
        "801": 316,
        "2311": 316,
        "748": 316,
        "752": 315,
        "829": 313,
        "743": 313,
        "810": 313,
        "2305": 312,
        "820": 312,
        "811": 310,
        "2328": 309,
        "804": 309,
        "2316": 308,
        "814": 308,
        "2259": 308,
        "2304": 308,
        "753": 307,
        "757": 307,
        "746": 306,
        "2301": 304,
        "803": 303,
        "812": 303,
        "2300": 303,
        "2314": 302,
        "744": 302,
        "742": 302,
        "737": 301,
        "815": 301,
        "2306": 301,
        "754": 300,
        "2318": 299,
        "736": 299,
        "2321": 299,
        "740": 298,
        "818": 297,
        "2319": 297,
        "745": 296,
        "813": 296,
        "738": 295,
        "2308": 295,
        "2302": 295,
        "750": 294,
        "807": 294,
        "741": 293,
        "2332": 293,
        "2307": 293,
        "2334": 293,
        "808": 292,
        "2336": 292,
        "758": 291,
        "2324": 291,
        "732": 290,
        "2317": 289,
        "759": 288,
        "2312": 286,
        "747": 284,
        "2330": 284,
        "2315": 284,
        "724": 283,
        "2309": 283,
        "2337": 283,
        "2322": 282,
        "2333": 282,
        "2323": 281,
        "2310": 281,
        "734": 281,
        "2326": 280,
        "739": 280,
        "2338": 279,
        "2339": 278,
        "2325": 277,
        "733": 276,
        "728": 276,
        "730": 274,
        "2327": 274,
        "720": 270,
        "2335": 268,
        "731": 268,
        "735": 264,
        "2345": 259,
        "727": 258,
        "2331": 255,
        "729": 254,
        "726": 253,
        "2343": 251,
        "725": 248,
        "2346": 246,
        "2341": 246,
        "2329": 244,
        "2342": 244,
        "715": 241,
        "2340": 240,
        "719": 240,
        "722": 240,
        "718": 238,
        "721": 230,
        "716": 230,
        "714": 229,
        "2354": 227,
        "2348": 227,
        "713": 227,
        "723": 225,
        "2344": 225,
        "2352": 223,
        "717": 221,
        "1": 218,
        "2355": 213,
        "2350": 211,
        "707": 211,
        "2349": 210,
        "700": 209,
        "2351": 204,
        "2357": 202,
        "709": 200,
        "705": 200,
        "2358": 200,
        "702": 198,
        "2353": 197,
        "711": 196,
        "2347": 196,
        "710": 195,
        "712": 190,
        "2359": 189,
        "658": 189,
        "704": 186,
        "708": 182,
        "2356": 181,
        "655": 179,
        "701": 173,
        "703": 172,
        "8": 169,
        "652": 168,
        "659": 167,
        "4": 166,
        "706": 165,
        "657": 164,
        "654": 163,
        "651": 162,
        "2": 162,
        "6": 159,
        "650": 158,
        "653": 157,
        "3": 156,
        "656": 152,
        "2400": 150,
        "649": 150,
        "9": 148,
        "643": 147,
        "645": 144,
        "16": 139,
        "15": 137,
        "5": 137,
        "647": 136,
        "13": 136,
        "648": 134,
        "7": 133,
        "17": 133,
        "642": 132,
        "10": 131,
        "12": 131,
        "646": 130,
        "636": 126,
        "644": 126,
        "641": 125,
        "640": 125,
        "14": 122,
        "633": 121,
        "25": 120,
        "20": 119,
        "22": 118,
        "19": 118,
        "18": 114,
        "26": 114,
        "24": 110,
        "11": 109,
        "638": 108,
        "629": 108,
        "626": 108,
        "28": 108,
        "639": 108,
        "627": 107,
        "36": 107,
        "613": 106,
        "634": 106,
        "635": 106,
        "637": 105,
        "630": 104,
        "23": 104,
        "608": 102,
        "632": 99,
        "617": 99,
        "623": 98,
        "615": 97,
        "628": 95,
        "30": 95,
        "35": 94,
        "631": 94,
        "33": 94,
        "625": 93,
        "553": 92,
        "31": 91,
        "27": 91,
        "556": 91,
        "622": 90,
        "29": 90,
        "618": 90,
        "21": 90,
        "611": 89,
        "621": 89,
        "610": 88,
        "624": 87,
        "602": 87,
        "41": 86,
        "42": 86,
        "603": 85,
        "550": 85,
        "34": 84,
        "609": 84,
        "540": 83,
        "606": 83,
        "620": 83,
        "537": 82,
        "547": 82,
        "549": 82,
        "548": 82,
        "38": 82,
        "616": 81,
        "614": 80,
        "558": 79,
        "545": 79,
        "543": 78,
        "37": 77,
        "32": 77,
        "559": 76,
        "555": 76,
        "605": 76,
        "546": 76,
        "532": 76,
        "538": 75,
        "551": 75,
        "619": 75,
        "604": 74,
        "554": 74,
        "533": 73,
        "544": 72,
        "536": 70,
        "607": 70,
        "39": 70,
        "612": 70,
        "43": 70,
        "48": 70,
        "541": 69,
        "557": 68,
        "40": 68,
        "542": 65,
        "47": 64,
        "552": 64,
        "46": 63,
        "529": 62,
        "600": 62,
        "601": 61,
        "44": 61,
        "58": 60,
        "539": 59,
        "535": 59,
        "51": 57,
        "45": 57,
        "530": 56,
        "528": 55,
        "531": 55,
        "520": 55,
        "525": 54,
        "57": 54,
        "524": 53,
        "527": 53,
        "526": 52,
        "50": 51,
        "102": 50,
        "49": 50,
        "100": 48,
        "522": 47,
        "534": 47,
        "54": 47,
        "104": 46,
        "126": 46,
        "52": 46,
        "113": 46,
        "523": 46,
        "55": 45,
        "105": 45,
        "502": 45,
        "106": 45,
        "107": 43,
        "508": 43,
        "457": 43,
        "503": 43,
        "109": 42,
        "521": 41,
        "453": 41,
        "56": 40,
        "459": 40,
        "121": 40,
        "519": 40,
        "53": 39,
        "103": 38,
        "514": 38,
        "116": 38,
        "110": 38,
        "454": 37,
        "441": 36,
        "455": 36,
        "119": 36,
        "108": 36,
        "506": 36,
        "452": 36,
        "456": 36,
        "504": 35,
        "120": 35,
        "112": 35,
        "509": 34,
        "500": 34,
        "458": 34,
        "115": 34,
        "512": 34,
        "451": 34,
        "513": 34,
        "518": 34,
        "59": 34,
        "447": 34,
        "101": 33,
        "111": 33,
        "450": 33,
        "449": 33,
        "442": 33,
        "117": 33,
        "507": 33,
        "446": 32,
        "118": 32,
        "141": 32,
        "114": 32,
        "517": 32,
        "510": 31,
        "516": 31,
        "438": 31,
        "123": 31,
        "437": 31,
        "129": 31,
        "505": 30,
        "515": 30,
        "135": 29,
        "144": 29,
        "122": 29,
        "445": 29,
        "137": 29,
        "435": 29,
        "138": 28,
        "128": 27,
        "433": 27,
        "127": 27,
        "501": 27,
        "425": 27,
        "443": 27,
        "124": 26,
        "134": 26,
        "436": 26,
        "432": 25,
        "133": 25,
        "434": 25,
        "130": 25,
        "136": 24,
        "131": 23,
        "154": 23,
        "125": 23,
        "132": 23,
        "151": 23,
        "145": 23,
        "448": 23,
        "439": 22,
        "148": 22,
        "427": 22,
        "420": 22,
        "139": 22,
        "431": 21,
        "428": 21,
        "444": 21,
        "155": 21,
        "150": 21,
        "152": 21,
        "140": 20,
        "143": 20,
        "149": 20,
        "430": 20,
        "156": 19,
        "210": 19,
        "146": 19,
        "511": 19,
        "202": 19,
        "214": 18,
        "206": 18,
        "212": 18,
        "157": 18,
        "207": 18,
        "419": 17,
        "205": 17,
        "440": 17,
        "200": 17,
        "414": 17,
        "426": 17,
        "421": 17,
        "142": 16,
        "159": 15,
        "418": 15,
        "229": 15,
        "422": 15,
        "221": 15,
        "240": 15,
        "216": 15,
        "209": 14,
        "215": 14,
        "230": 14,
        "220": 14,
        "218": 14,
        "153": 14,
        "429": 14,
        "417": 13,
        "241": 13,
        "147": 13,
        "235": 13,
        "416": 13,
        "423": 12,
        "326": 12,
        "203": 12,
        "158": 12,
        "211": 11,
        "201": 11,
        "208": 11,
        "303": 11,
        "424": 11,
        "304": 10,
        "308": 10,
        "239": 10,
        "406": 10,
        "413": 10,
        "213": 10,
        "259": 10,
        "219": 10,
        "204": 10,
        "400": 9,
        "224": 9,
        "227": 9,
        "243": 9,
        "300": 9,
        "408": 9,
        "415": 9,
        "409": 9,
        "249": 9,
        "223": 9,
        "222": 9,
        "257": 8,
        "255": 8,
        "225": 8,
        "256": 8,
        "231": 8,
        "237": 8,
        "411": 8,
        "232": 7,
        "236": 7,
        "404": 7,
        "335": 7,
        "412": 7,
        "329": 7,
        "331": 7,
        "338": 7,
        "301": 7,
        "402": 7,
        "217": 7,
        "226": 7,
        "410": 7,
        "359": 7,
        "347": 7,
        "324": 7,
        "322": 7,
        "330": 7,
        "350": 7,
        "244": 7,
        "309": 7,
        "351": 6,
        "355": 6,
        "248": 6,
        "246": 6,
        "357": 6,
        "252": 6,
        "233": 6,
        "343": 6,
        "356": 6,
        "327": 6,
        "253": 6,
        "314": 6,
        "337": 5,
        "336": 5,
        "250": 5,
        "328": 5,
        "245": 5,
        "313": 5,
        "358": 5,
        "234": 5,
        "318": 5,
        "302": 5,
        "320": 5,
        "258": 5,
        "401": 5,
        "319": 5,
        "352": 4,
        "321": 4,
        "316": 4,
        "333": 4,
        "354": 4,
        "353": 4,
        "332": 4,
        "238": 4,
        "403": 4,
        "307": 4,
        "311": 4,
        "310": 4,
        "342": 4,
        "305": 4,
        "254": 4,
        "407": 4,
        "317": 4,
        "306": 4,
        "349": 4,
        "341": 3,
        "323": 3,
        "312": 3,
        "228": 3,
        "345": 3,
        "325": 3,
        "242": 3,
        "334": 3,
        "340": 3,
        "247": 3,
        "315": 3,
        "405": 3,
        "346": 2,
        "251": 2,
        "344": 2,
        "339": 2,
        "348": 1
    },
    "nrows": 445827
}