{
    "column_id": "Airline/Airline.csvAirline.csv/CRSDepTime",
    "dataset_name": "Airline.csv",
    "dataset_id": "Airline/Airline.csv",
    "path": "/home/ubuntu/CatDB/Experiments/data/Airline/Airline.csv",
    "table_name": "Airline.csv",
    "table_id": "Airline/Airline.csvAirline.csv",
    "column_name": "CRSDepTime",
    "data_source": "Airline",
    "data_type": "int",
    "total_values_count": 445827,
    "distinct_values_count": 1214,
    "missing_values_count": 0,
    "true_ratio": null,
    "min_value": 1.0,
    "max_value": 2359.0,
    "mean": 1330.3843867688588,
    "median": 1325.0,
    "iqr": 810.0,
    "category_values": [
        1100,
        1513,
        1523,
        745,
        710,
        645,
        640,
        1825,
        1820,
        1830,
        1425,
        1750,
        1815,
        1115,
        1120,
        1300,
        1405,
        1400,
        1410,
        1645,
        1320,
        1315,
        1500,
        1455,
        1351,
        1340,
        1045,
        2014,
        2019,
        1428,
        1433,
        900,
        2030,
        1325,
        1949,
        2009,
        1310,
        1250,
        1545,
        1600,
        1559,
        1605,
        920,
        1700,
        1659,
        1715,
        1025,
        1040,
        1027,
        1028,
        2035,
        1755,
        2005,
        2359,
        945,
        950,
        1705,
        1635,
        1855,
        1840,
        930,
        1800,
        1330,
        1350,
        1547,
        2230,
        2045,
        1221,
        1232,
        759,
        1406,
        1731,
        1150,
        1342,
        755,
        1530,
        805,
        1255,
        2340,
        2033,
        623,
        850,
        910,
        1915,
        630,
        600,
        1615,
        1650,
        820,
        1230,
        1608,
        2347,
        1845,
        1930,
        2015,
        1215,
        1225,
        1055,
        829,
        830,
        905,
        1925,
        700,
        2130,
        1133,
        1125,
        2246,
        2251,
        2326,
        2345,
        815,
        1235,
        2210,
        2129,
        1854,
        2300,
        1515,
        2200,
        725,
        1745,
        2135,
        1220,
        2330,
        800,
        1415,
        1430,
        730,
        1130,
        1856,
        1135,
        1047,
        1058,
        705,
        948,
        1720,
        1334,
        1343,
        2225,
        2150,
        2055,
        1525,
        1510,
        1848,
        620,
        615,
        540,
        650,
        1010,
        2355,
        1829,
        1030,
        1730,
        1850,
        1625,
        1905,
        955,
        1200,
        1240,
        1245,
        1459,
        1656,
        2215,
        1630,
        2024,
        644,
        658,
        716,
        1640,
        1210,
        810,
        1020,
        1900,
        1207,
        625,
        1535,
        655,
        1540,
        720,
        1155,
        1154,
        845,
        940,
        1014,
        2105,
        1339,
        735,
        852,
        1710,
        1957,
        1920,
        715,
        1037,
        656,
        617,
        2032,
        1655,
        2322,
        1420,
        1701,
        928,
        1611,
        1620,
        1555,
        610,
        840,
        1431,
        1429,
        1000,
        2100,
        1105,
        35,
        30,
        859,
        500,
        2146,
        740,
        2050,
        1741,
        1736,
        1335,
        1743,
        1612,
        2239,
        510,
        2205,
        854,
        1729,
        1015,
        50,
        2110,
        1319,
        1322,
        1805,
        1738,
        1711,
        1624,
        1016,
        2115,
        939,
        1050,
        1725,
        750,
        1911,
        1526,
        1534,
        2310,
        941,
        2036,
        1950,
        1124,
        1121,
        2003,
        2000,
        1029,
        1509,
        1506,
        1740,
        1651,
        2226,
        1835,
        1354,
        59,
        1151,
        1156,
        1159,
        925,
        2140,
        1205,
        1445,
        1153,
        601,
        545,
        1841,
        1735,
        915,
        1447,
        1940,
        1412,
        1604,
        1544,
        835,
        1152,
        1417,
        858,
        40,
        1520,
        929,
        1145,
        1309,
        2120,
        1503,
        1952,
        1847,
        1358,
        1346,
        616,
        1239,
        1241,
        1035,
        1005,
        2159,
        626,
        1507,
        1328,
        1921,
        2149,
        2335,
        1357,
        2134,
        2139,
        1238,
        924,
        1533,
        1440,
        2236,
        45,
        530,
        1355,
        2315,
        1443,
        2144,
        1550,
        2010,
        1216,
        1910,
        2240,
        1457,
        1502,
        959,
        1517,
        1049,
        2224,
        1810,
        2103,
        746,
        1945,
        1012,
        1301,
        1439,
        1352,
        2358,
        935,
        1917,
        825,
        2025,
        612,
        2127,
        2046,
        2054,
        1256,
        1345,
        1959,
        110,
        654,
        1209,
        921,
        1214,
        1033,
        913,
        1438,
        559,
        515,
        1103,
        846,
        550,
        1138,
        120,
        1051,
        1610,
        953,
        957,
        719,
        200,
        1751,
        1302,
        2020,
        1246,
        1244,
        1356,
        707,
        801,
        1857,
        2039,
        1137,
        1822,
        1305,
        2125,
        2051,
        2040,
        1434,
        1435,
        1424,
        1826,
        1912,
        729,
        557,
        1906,
        824,
        1839,
        2245,
        1242,
        753,
        1110,
        1759,
        847,
        605,
        733,
        5,
        828,
        643,
        1653,
        1718,
        1505,
        1613,
        1237,
        1548,
        1522,
        614,
        712,
        555,
        1450,
        1719,
        1454,
        1003,
        1013,
        1518,
        609,
        1852,
        1243,
        706,
        1721,
        1504,
        2259,
        1409,
        1213,
        818,
        1128,
        1127,
        748,
        808,
        2350,
        2255,
        1849,
        1846,
        1546,
        1601,
        1336,
        1341,
        738,
        20,
        1158,
        522,
        1809,
        1754,
        906,
        714,
        1746,
        1204,
        1908,
        936,
        1929,
        1532,
        602,
        637,
        1812,
        1254,
        927,
        1248,
        1306,
        2004,
        502,
        505,
        934,
        743,
        806,
        704,
        639,
        1009,
        1536,
        1146,
        1602,
        1924,
        1427,
        855,
        1614,
        819,
        713,
        657,
        2154,
        659,
        838,
        2006,
        2250,
        517,
        841,
        1508,
        1140,
        1337,
        1817,
        737,
        1034,
        2145,
        1449,
        1644,
        902,
        1108,
        1441,
        1436,
        15,
        1043,
        618,
        2155,
        1344,
        1206,
        744,
        836,
        514,
        1727,
        726,
        701,
        621,
        702,
        1231,
        1411,
        2029,
        1426,
        1901,
        1144,
        1404,
        1007,
        1603,
        1619,
        749,
        55,
        653,
        636,
        812,
        1107,
        1853,
        1748,
        1552,
        751,
        956,
        118,
        1708,
        1724,
        608,
        1324,
        613,
        1828,
        603,
        1031,
        532,
        1807,
        604,
        2031,
        2126,
        635,
        2137,
        1512,
        1332,
        1123,
        1118,
        1432,
        1514,
        1704,
        535,
        2002,
        1654,
        1749,
        1903,
        1904,
        554,
        1944,
        1041,
        757,
        1955,
        212,
        155,
        1223,
        1359,
        1001,
        558,
        1836,
        1142,
        2052,
        1832,
        2349,
        942,
        1834,
        1641,
        1827,
        1816,
        1609,
        2041,
        1811,
        1806,
        1557,
        553,
        1018,
        648,
        1101,
        1136,
        1157,
        1606,
        803,
        914,
        2007,
        1418,
        1423,
        2220,
        708,
        1208,
        1907,
        1022,
        2059,
        839,
        1236,
        135,
        1541,
        2305,
        619,
        916,
        949,
        1021,
        1059,
        646,
        1712,
        1119,
        624,
        1713,
        853,
        1114,
        2053,
        1802,
        1109,
        946,
        159,
        220,
        1935,
        2209,
        843,
        2223,
        1814,
        832,
        1616,
        703,
        951,
        938,
        1538,
        1448,
        25,
        1023,
        1017,
        129,
        734,
        1926,
        754,
        130,
        848,
        731,
        1936,
        1939,
        1744,
        1308,
        1011,
        1104,
        58,
        2016,
        1312,
        537,
        1914,
        2133,
        2043,
        2235,
        2219,
        1954,
        2204,
        525,
        1147,
        1117,
        1234,
        2114,
        501,
        503,
        10,
        919,
        1831,
        2214,
        1859,
        1621,
        1259,
        629,
        1257,
        1211,
        1006,
        1919,
        627,
        1916,
        709,
        543,
        542,
        1629,
        827,
        1943,
        813,
        520,
        1549,
        732,
        1951,
        1201,
        1419,
        39,
        1253,
        2217,
        507,
        611,
        802,
        1442,
        842,
        1132,
        2042,
        1938,
        6,
        1008,
        1413,
        1638,
        150,
        1922,
        2037,
        31,
        21,
        46,
        1623,
        1931,
        2357,
        607,
        1249,
        723,
        101,
        36,
        12,
        649,
        100,
        1402,
        1753,
        1617,
        2227,
        1556,
        724,
        1347,
        1329,
        1821,
        1543,
        1116,
        1053,
        1321,
        1313,
        1728,
        943,
        1739,
        807,
        1307,
        1649,
        2320,
        1554,
        2301,
        1106,
        1126,
        1801,
        2325,
        1437,
        2346,
        1953,
        1758,
        1626,
        1046,
        1946,
        2252,
        1529,
        1056,
        1918,
        1203,
        1303,
        1631,
        722,
        1338,
        1219,
        1519,
        1657,
        1642,
        2034,
        250,
        215,
        140,
        115,
        145,
        255,
        2218,
        2136,
        822,
        1716,
        922,
        826,
        1452,
        1723,
        1934,
        2343,
        1558,
        904,
        1251,
        1742,
        1833,
        1722,
        1129,
        1933,
        1143,
        2018,
        2312,
        2212,
        306,
        817,
        425,
        1019,
        2123,
        809,
        1054,
        1416,
        523,
        355,
        1703,
        2318,
        2342,
        421,
        1808,
        1542,
        2116,
        1224,
        1632,
        1042,
        1407,
        1149,
        1843,
        1258,
        1818,
        1717,
        1942,
        1804,
        1636,
        1702,
        1858,
        2333,
        1948,
        1813,
        2138,
        316,
        2028,
        438,
        205,
        814,
        2242,
        1733,
        2047,
        1707,
        2248,
        1327,
        804,
        1516,
        1401,
        2229,
        954,
        918,
        728,
        1057,
        1233,
        2329,
        536,
        917,
        1937,
        631,
        1646,
        1752,
        1618,
        1036,
        337,
        320,
        1228,
        816,
        2356,
        2008,
        1737,
        1112,
        409,
        932,
        1048,
        1941,
        1706,
        2107,
        736,
        1212,
        1317,
        1734,
        1639,
        1422,
        1531,
        2012,
        2017,
        1148,
        1331,
        300,
        909,
        2101,
        1756,
        1202,
        443,
        2011,
        2056,
        1222,
        2158,
        1421,
        1709,
        1902,
        1824,
        1714,
        1446,
        2026,
        2013,
        1627,
        2048,
        1932,
        1838,
        851,
        1652,
        1637,
        958,
        1648,
        2238,
        2119,
        1913,
        2131,
        606,
        1052,
        1113,
        1451,
        2027,
        400,
        1927,
        2249,
        1956,
        1131,
        721,
        1323,
        2244,
        947,
        756,
        718,
        2022,
        937,
        224,
        342,
        2117,
        2308,
        901,
        1947,
        2339,
        622,
        1044,
        811,
        2147,
        1349,
        2353,
        1217,
        2257,
        2203,
        1501,
        1553,
        2336,
        1622,
        1122,
        2327,
        240,
        2038,
        2112,
        849,
        1456,
        833,
        856,
        544,
        2208,
        2057,
        2108,
        1819,
        907,
        2106,
        1643,
        2237,
        1414,
        2211,
        1551,
        2221,
        1928,
        2156,
        1732,
        634,
        1102,
        1134,
        2206,
        831,
        2216,
        931,
        1634,
        2157,
        844,
        546,
        912,
        1032,
        2153,
        1348,
        1218,
        1229,
        1227,
        837,
        1923,
        1408,
        2152,
        2243,
        1726,
        2321,
        2201,
        2207,
        1511,
        2109,
        1333,
        933,
        2058,
        1326,
        2202,
        1444,
        2148,
        944,
        1747,
        1252,
        2231,
        903,
        1038,
        628,
        2104,
        908,
        2319,
        1958,
        1524,
        1528,
        524,
        1823,
        652,
        1909,
        1539,
        1316,
        857,
        2111,
        1004,
        556,
        717,
        823,
        1803,
        1403,
        504,
        741,
        911,
        2258,
        638,
        641,
        923,
        1318,
        1537,
        711,
        1002,
        2121,
        2102,
        1139,
        1527,
        2314,
        2151,
        2023,
        1247,
        2044,
        2302,
        420,
        410,
        1757,
        1837,
        1141,
        2328,
        158,
        1633,
        1521,
        1226,
        541,
        1311,
        1111,
        1353,
        2256,
        2332,
        1647,
        926,
        1628,
        834,
        9,
        16,
        8,
        1458,
        2247,
        742,
        1039,
        22,
        821,
        1842,
        739,
        642,
        758,
        548,
        1024,
        1607,
        2132,
        1304,
        1844,
        1026,
        534,
        1658,
        727,
        526,
        11,
        2331,
        1314,
        539,
        1851,
        2128,
        2124,
        4,
        752,
        23,
        19,
        2122,
        1453,
        549,
        13,
        2311,
        506,
        2021,
        2232,
        2001,
        531,
        547,
        538,
        633,
        651,
        647,
        521,
        2118,
        335,
        24,
        747,
        310,
        41,
        340,
        952,
        632,
        305,
        513,
        52,
        2352,
        2306,
        2313,
        2354,
        2143,
        7,
        2113,
        2,
        14,
        2228,
        2317,
        2309,
        2334,
        18,
        552,
        2233,
        527,
        2141,
        2304,
        2316,
        2338,
        2234,
        529,
        225,
        17,
        2253,
        231,
        37,
        1,
        2142,
        2241,
        551,
        2213,
        2049,
        48,
        2324,
        2222,
        2341,
        2337,
        3,
        2323,
        508,
        519,
        105
    ],
    "embedding": [
        -1.0,
        -1.0,
        -1.0,
        1.0,
        -1.0,
        1.0,
        -1.0,
        -1.0,
        -0.9999803900718689,
        -1.0,
        1.0,
        -1.0,
        -1.0,
        1.0,
        1.0,
        1.0,
        1.0,
        -1.0,
        1.0,
        -1.0,
        1.0,
        -1.0,
        1.0,
        -1.0,
        1.0,
        -1.0,
        -1.0,
        1.0,
        -1.0,
        -1.0,
        1.0,
        1.0,
        -1.0,
        -1.0,
        -1.0,
        1.0,
        -1.0,
        1.0,
        1.0,
        -1.0,
        -1.0,
        1.0,
        -1.0,
        -1.0,
        -1.0,
        -1.0,
        1.0,
        -1.0,
        -0.9999912977218628,
        -0.9756296277046204,
        -1.0,
        1.0,
        1.0,
        1.0,
        -1.0,
        1.0,
        1.0,
        1.0,
        -1.0,
        0.9974441528320312,
        -1.0,
        -1.0,
        1.0,
        -1.0,
        1.0,
        -1.0,
        1.0,
        -1.0,
        1.0,
        1.0,
        1.0,
        -1.0,
        -1.0,
        -1.0,
        -1.0,
        1.0,
        1.0,
        1.0,
        1.0,
        1.0,
        1.0,
        1.0,
        1.0,
        -1.0,
        -1.0,
        1.0,
        -1.0,
        1.0,
        1.0,
        1.0,
        -1.0,
        1.0,
        1.0,
        -1.0,
        1.0,
        -1.0,
        1.0,
        -1.0,
        -1.0,
        -1.0,
        -0.9984342455863953,
        -1.0,
        1.0,
        -1.0,
        -1.0,
        1.0,
        1.0,
        1.0,
        -1.0,
        -1.0,
        1.0,
        -1.0,
        -1.0,
        1.0,
        1.0,
        1.0,
        1.0,
        1.0,
        1.0,
        -1.0,
        -1.0,
        1.0,
        -1.0,
        -1.0,
        1.0,
        -1.0,
        -1.0,
        -0.9999158978462219,
        -1.0,
        1.0,
        -1.0,
        1.0,
        -1.0,
        -1.0,
        1.0,
        -1.0,
        -1.0,
        1.0,
        1.0,
        -1.0,
        1.0,
        1.0,
        1.0,
        -1.0,
        1.0,
        -1.0,
        1.0,
        -1.0,
        -1.0,
        -1.0,
        0.9999341368675232,
        -1.0,
        1.0,
        -1.0,
        1.0,
        -1.0,
        1.0,
        -1.0,
        1.0,
        -1.0,
        -1.0,
        1.0,
        -1.0,
        -1.0,
        1.0,
        -1.0,
        1.0,
        -1.0,
        -1.0,
        -1.0,
        -1.0,
        -1.0,
        1.0,
        1.0,
        -1.0,
        -1.0,
        1.0,
        -1.0,
        -1.0,
        -1.0,
        1.0,
        -1.0,
        -1.0,
        -1.0,
        1.0,
        -1.0,
        1.0,
        -1.0,
        -1.0,
        -1.0,
        1.0,
        1.0,
        1.0,
        1.0,
        -1.0,
        -1.0,
        1.0,
        -1.0,
        -1.0,
        1.0,
        -1.0,
        1.0,
        -1.0,
        -1.0,
        -1.0,
        -1.0,
        1.0,
        1.0,
        -1.0,
        -1.0,
        -1.0,
        1.0,
        -1.0,
        -1.0,
        -1.0,
        1.0,
        -1.0,
        1.0,
        -1.0,
        -1.0,
        1.0,
        -1.0,
        -1.0,
        1.0,
        -0.9999774694442749,
        -0.9780316352844238,
        1.0,
        -1.0,
        -1.0,
        -1.0,
        1.0,
        -1.0,
        1.0,
        -1.0,
        -1.0,
        1.0,
        -1.0,
        1.0,
        1.0,
        -0.9999929666519165,
        1.0,
        -0.9743308424949646,
        1.0,
        -1.0,
        1.0,
        1.0,
        -1.0,
        -1.0,
        -1.0,
        1.0,
        1.0,
        1.0,
        -1.0,
        -1.0,
        -1.0,
        1.0,
        1.0,
        -1.0,
        -1.0,
        -1.0,
        1.0,
        1.0,
        1.0,
        -1.0,
        1.0,
        -1.0,
        -1.0,
        -1.0,
        1.0,
        1.0,
        -0.9987403154373169,
        -1.0,
        -1.0,
        1.0,
        -1.0,
        1.0,
        1.0,
        1.0,
        1.0,
        1.0,
        1.0,
        -1.0,
        1.0,
        1.0,
        1.0,
        -1.0,
        -1.0,
        1.0,
        -1.0,
        -1.0,
        -1.0,
        1.0,
        -1.0,
        -1.0,
        -1.0,
        -1.0,
        -1.0,
        1.0,
        1.0,
        1.0
    ],
    "embedding_scaling_factor": 11.360838890075684,
    "samples": [
        2005,
        705,
        1745,
        1250,
        1616,
        946,
        635,
        1420,
        1700,
        2125,
        955,
        830,
        730,
        840,
        1210,
        510,
        1635,
        620,
        752,
        955,
        745,
        1525,
        1530,
        1925,
        540,
        600,
        1340,
        1545,
        2020,
        1530,
        1735,
        1907,
        1551,
        1600,
        1307,
        1658,
        1520,
        2020,
        1155,
        1010,
        640,
        1400,
        1015,
        1047,
        500,
        1424,
        2255,
        645,
        1305,
        700,
        740,
        1554,
        1650,
        900,
        1710,
        2025,
        1245,
        1830,
        830,
        1840,
        1710,
        945,
        1550,
        1105,
        1102,
        2140,
        1916,
        1850,
        510,
        1915,
        1816,
        1454,
        1625,
        1200,
        905,
        2100,
        1319,
        643,
        1614,
        925,
        2055,
        1131,
        1745,
        1954,
        1010,
        605,
        1600,
        1915,
        1209,
        1240,
        1610,
        1209,
        1134,
        1005,
        1615,
        1815,
        2105,
        1640,
        1051,
        1739
    ],
    "category_values_ratio": {
        "600": 7211,
        "700": 6449,
        "800": 4252,
        "900": 3042,
        "630": 2892,
        "1200": 2835,
        "830": 2735,
        "730": 2642,
        "1500": 2573,
        "1300": 2533,
        "1700": 2489,
        "1100": 2418,
        "1730": 2390,
        "645": 2318,
        "1000": 2316,
        "1400": 2280,
        "1230": 2241,
        "1800": 2227,
        "1115": 2194,
        "1745": 2132,
        "1600": 2122,
        "845": 2096,
        "1345": 2076,
        "905": 2029,
        "1735": 2026,
        "1530": 2015,
        "705": 1977,
        "715": 1976,
        "2000": 1953,
        "2010": 1908,
        "1130": 1886,
        "1430": 1882,
        "615": 1881,
        "1815": 1845,
        "945": 1841,
        "930": 1828,
        "1015": 1818,
        "605": 1813,
        "1855": 1803,
        "1715": 1796,
        "1705": 1795,
        "1030": 1786,
        "1630": 1785,
        "1330": 1784,
        "1810": 1780,
        "1355": 1777,
        "1825": 1765,
        "1740": 1760,
        "1830": 1754,
        "1215": 1749,
        "1535": 1749,
        "1930": 1744,
        "620": 1744,
        "835": 1726,
        "1900": 1719,
        "840": 1717,
        "1635": 1713,
        "1505": 1704,
        "1945": 1701,
        "1120": 1699,
        "950": 1699,
        "1110": 1697,
        "1845": 1691,
        "1955": 1687,
        "815": 1687,
        "1005": 1687,
        "1020": 1686,
        "755": 1681,
        "1620": 1680,
        "1510": 1679,
        "1125": 1674,
        "1350": 1667,
        "1550": 1663,
        "1145": 1658,
        "1545": 1655,
        "1040": 1654,
        "1250": 1643,
        "1750": 1642,
        "1440": 1610,
        "955": 1608,
        "1245": 1597,
        "640": 1583,
        "710": 1579,
        "1555": 1569,
        "1050": 1566,
        "1010": 1564,
        "1025": 1554,
        "1425": 1547,
        "1710": 1542,
        "1605": 1541,
        "1435": 1541,
        "1415": 1535,
        "1820": 1532,
        "1910": 1530,
        "1650": 1529,
        "820": 1520,
        "1205": 1511,
        "740": 1509,
        "910": 1504,
        "1950": 1502,
        "1645": 1502,
        "1610": 1494,
        "1210": 1491,
        "1105": 1490,
        "1515": 1490,
        "1135": 1486,
        "850": 1477,
        "915": 1471,
        "1315": 1470,
        "2100": 1464,
        "1655": 1464,
        "545": 1463,
        "725": 1461,
        "1155": 1456,
        "1310": 1455,
        "1140": 1449,
        "610": 1446,
        "2005": 1441,
        "1455": 1441,
        "920": 1440,
        "720": 1437,
        "1755": 1429,
        "1045": 1412,
        "1445": 1411,
        "625": 1410,
        "2155": 1406,
        "1325": 1396,
        "1305": 1393,
        "1255": 1389,
        "2015": 1388,
        "1640": 1386,
        "1055": 1381,
        "1615": 1381,
        "1720": 1375,
        "1450": 1369,
        "1220": 1352,
        "825": 1352,
        "1525": 1352,
        "745": 1349,
        "1850": 1344,
        "1840": 1341,
        "650": 1337,
        "940": 1325,
        "1540": 1325,
        "1935": 1314,
        "1925": 1311,
        "1725": 1310,
        "935": 1297,
        "1340": 1294,
        "810": 1276,
        "1915": 1271,
        "1625": 1265,
        "1520": 1264,
        "1335": 1264,
        "530": 1254,
        "1320": 1244,
        "1405": 1235,
        "2150": 1228,
        "1150": 1226,
        "1035": 1224,
        "855": 1219,
        "735": 1213,
        "635": 1212,
        "1225": 1205,
        "1920": 1202,
        "2055": 1197,
        "655": 1195,
        "1940": 1191,
        "925": 1191,
        "1235": 1154,
        "2025": 1145,
        "1805": 1135,
        "1410": 1131,
        "1905": 1121,
        "1240": 1119,
        "2020": 1119,
        "750": 1118,
        "805": 1097,
        "1420": 1068,
        "2030": 1067,
        "2050": 1065,
        "2115": 1022,
        "2200": 1004,
        "550": 967,
        "1835": 939,
        "2040": 935,
        "2205": 877,
        "500": 874,
        "555": 869,
        "2035": 846,
        "2105": 845,
        "2130": 810,
        "540": 800,
        "2210": 780,
        "2145": 771,
        "1759": 748,
        "2045": 682,
        "2215": 656,
        "2140": 634,
        "2359": 630,
        "2120": 607,
        "2230": 564,
        "1959": 528,
        "2225": 512,
        "535": 511,
        "2110": 510,
        "2220": 493,
        "2245": 491,
        "1059": 439,
        "1659": 439,
        "2125": 426,
        "1559": 420,
        "1429": 404,
        "939": 389,
        "2240": 387,
        "2355": 383,
        "1359": 382,
        "2315": 378,
        "515": 374,
        "1929": 364,
        "1529": 354,
        "2135": 349,
        "1346": 349,
        "1259": 345,
        "1209": 345,
        "759": 345,
        "1357": 335,
        "2059": 333,
        "1744": 323,
        "2235": 321,
        "1738": 321,
        "1459": 319,
        "1916": 319,
        "947": 314,
        "1514": 307,
        "1629": 306,
        "2159": 304,
        "1431": 294,
        "959": 294,
        "2255": 292,
        "1302": 292,
        "1112": 290,
        "944": 290,
        "1737": 287,
        "1926": 287,
        "1129": 286,
        "1739": 286,
        "1301": 285,
        "1748": 285,
        "1627": 282,
        "2014": 282,
        "1306": 282,
        "1344": 282,
        "1741": 280,
        "1721": 279,
        "1352": 279,
        "525": 278,
        "1244": 276,
        "812": 276,
        "1736": 276,
        "1056": 274,
        "1614": 274,
        "1729": 274,
        "1031": 271,
        "1132": 269,
        "1512": 268,
        "2300": 267,
        "1136": 262,
        "1749": 262,
        "1322": 259,
        "1949": 259,
        "1936": 257,
        "1119": 253,
        "1932": 252,
        "1506": 252,
        "1121": 250,
        "1102": 249,
        "1159": 249,
        "1131": 248,
        "1921": 247,
        "1518": 247,
        "2019": 241,
        "505": 239,
        "1206": 238,
        "1513": 238,
        "1348": 237,
        "1019": 237,
        "729": 237,
        "833": 236,
        "1533": 235,
        "1207": 234,
        "1828": 233,
        "1439": 232,
        "1411": 231,
        "1354": 231,
        "1732": 231,
        "1122": 230,
        "1859": 230,
        "1256": 230,
        "914": 230,
        "1312": 230,
        "1343": 229,
        "837": 228,
        "1351": 227,
        "1223": 227,
        "1204": 227,
        "1004": 226,
        "1526": 226,
        "1433": 224,
        "520": 224,
        "816": 224,
        "1002": 224,
        "2330": 223,
        "1941": 223,
        "1347": 223,
        "1757": 222,
        "1752": 222,
        "1551": 221,
        "1229": 221,
        "859": 221,
        "1053": 220,
        "1632": 219,
        "1541": 219,
        "1502": 219,
        "941": 219,
        "1051": 218,
        "958": 218,
        "1341": 218,
        "1402": 217,
        "1918": 217,
        "924": 217,
        "929": 217,
        "829": 216,
        "1009": 216,
        "1221": 216,
        "1428": 215,
        "1133": 215,
        "846": 215,
        "1152": 214,
        "1329": 214,
        "1142": 214,
        "1336": 214,
        "1456": 213,
        "1952": 213,
        "1432": 213,
        "1519": 211,
        "1257": 210,
        "1356": 209,
        "1018": 209,
        "1546": 207,
        "1438": 206,
        "917": 206,
        "1232": 206,
        "1652": 206,
        "1756": 206,
        "757": 205,
        "1631": 205,
        "1522": 205,
        "1731": 205,
        "1754": 205,
        "606": 204,
        "1103": 204,
        "907": 204,
        "1701": 204,
        "1437": 202,
        "2212": 201,
        "1007": 200,
        "1708": 200,
        "659": 200,
        "909": 200,
        "1724": 200,
        "1516": 199,
        "942": 199,
        "1643": 199,
        "1906": 199,
        "1709": 198,
        "1028": 198,
        "1802": 197,
        "1528": 197,
        "1316": 197,
        "1014": 196,
        "708": 196,
        "1117": 195,
        "1641": 195,
        "1216": 194,
        "2305": 194,
        "839": 194,
        "1537": 193,
        "1927": 193,
        "1951": 192,
        "1436": 192,
        "1611": 192,
        "1523": 191,
        "1416": 191,
        "1917": 190,
        "1334": 190,
        "1919": 189,
        "1934": 189,
        "2221": 189,
        "922": 189,
        "1239": 189,
        "1106": 188,
        "801": 188,
        "1829": 188,
        "1943": 187,
        "1124": 187,
        "1022": 187,
        "1444": 187,
        "2009": 186,
        "1822": 185,
        "1746": 185,
        "1846": 185,
        "1331": 185,
        "906": 184,
        "831": 184,
        "1451": 183,
        "1553": 183,
        "1427": 183,
        "1339": 182,
        "1821": 182,
        "1814": 182,
        "1026": 182,
        "1548": 182,
        "1033": 181,
        "946": 181,
        "1644": 181,
        "1217": 181,
        "938": 180,
        "809": 180,
        "1311": 180,
        "1012": 180,
        "1156": 179,
        "1407": 179,
        "1349": 178,
        "1923": 178,
        "1649": 177,
        "1408": 176,
        "1406": 176,
        "1319": 176,
        "1154": 175,
        "1609": 175,
        "1422": 175,
        "1253": 175,
        "1042": 175,
        "2129": 175,
        "2144": 174,
        "732": 174,
        "943": 173,
        "1922": 173,
        "1114": 173,
        "1251": 172,
        "1234": 172,
        "918": 172,
        "1054": 172,
        "901": 171,
        "1049": 171,
        "1213": 170,
        "1309": 170,
        "1942": 170,
        "1248": 170,
        "602": 170,
        "1543": 169,
        "736": 169,
        "916": 169,
        "919": 169,
        "1421": 169,
        "1226": 169,
        "2114": 168,
        "1212": 168,
        "719": 168,
        "2002": 167,
        "1001": 167,
        "1236": 167,
        "1208": 167,
        "1107": 167,
        "1848": 167,
        "847": 166,
        "948": 165,
        "1751": 165,
        "2052": 165,
        "1008": 165,
        "1419": 165,
        "1839": 165,
        "1233": 165,
        "1712": 164,
        "1046": 164,
        "1818": 164,
        "1308": 163,
        "1801": 162,
        "717": 162,
        "1531": 162,
        "1003": 162,
        "1717": 161,
        "1931": 161,
        "1637": 161,
        "828": 161,
        "923": 160,
        "2149": 160,
        "1446": 159,
        "1534": 159,
        "1013": 159,
        "814": 158,
        "1246": 158,
        "753": 158,
        "1903": 157,
        "1742": 157,
        "1454": 157,
        "1241": 156,
        "1841": 156,
        "510": 156,
        "1101": 155,
        "1852": 155,
        "1944": 155,
        "1734": 155,
        "1924": 154,
        "1544": 154,
        "2231": 154,
        "1826": 154,
        "1303": 154,
        "1718": 153,
        "1338": 153,
        "1847": 153,
        "1603": 153,
        "1743": 153,
        "658": 153,
        "1958": 152,
        "1938": 152,
        "1607": 152,
        "1626": 152,
        "1358": 151,
        "2209": 151,
        "1556": 151,
        "1902": 151,
        "1604": 151,
        "2320": 151,
        "1021": 151,
        "1939": 150,
        "1653": 150,
        "2011": 150,
        "1447": 150,
        "1011": 150,
        "1933": 150,
        "1634": 150,
        "2350": 150,
        "1238": 150,
        "1726": 150,
        "1153": 149,
        "1328": 149,
        "1713": 149,
        "1058": 148,
        "908": 148,
        "55": 148,
        "2310": 148,
        "1602": 148,
        "806": 147,
        "1621": 147,
        "1552": 147,
        "1412": 147,
        "731": 147,
        "836": 147,
        "1258": 147,
        "1956": 147,
        "1608": 147,
        "1812": 146,
        "1547": 146,
        "1409": 146,
        "1137": 145,
        "1134": 145,
        "1854": 145,
        "1914": 144,
        "1342": 144,
        "854": 144,
        "1314": 144,
        "1128": 144,
        "617": 144,
        "1032": 144,
        "1823": 144,
        "1413": 144,
        "1052": 143,
        "911": 143,
        "1658": 143,
        "1624": 142,
        "1646": 142,
        "1337": 142,
        "1642": 142,
        "1811": 142,
        "1657": 141,
        "1224": 141,
        "1041": 141,
        "1141": 141,
        "1704": 141,
        "1706": 140,
        "1554": 140,
        "1321": 140,
        "626": 140,
        "1227": 140,
        "746": 140,
        "1636": 140,
        "843": 139,
        "1714": 139,
        "1703": 139,
        "1333": 138,
        "1149": 138,
        "1404": 138,
        "601": 138,
        "1318": 138,
        "954": 137,
        "2117": 137,
        "912": 137,
        "1017": 137,
        "1557": 137,
        "1508": 137,
        "1434": 137,
        "957": 136,
        "1307": 136,
        "928": 135,
        "1006": 135,
        "1633": 135,
        "2006": 135,
        "1016": 134,
        "1332": 134,
        "1146": 133,
        "1524": 132,
        "1858": 132,
        "1127": 132,
        "1424": 131,
        "1856": 131,
        "1912": 130,
        "931": 130,
        "956": 130,
        "30": 130,
        "1536": 130,
        "1648": 130,
        "832": 129,
        "702": 129,
        "1242": 129,
        "902": 129,
        "2054": 129,
        "1036": 128,
        "804": 128,
        "951": 128,
        "1538": 128,
        "2127": 127,
        "646": 127,
        "1023": 127,
        "1612": 127,
        "2051": 126,
        "723": 126,
        "2345": 126,
        "1716": 125,
        "1527": 125,
        "1728": 125,
        "1539": 125,
        "2029": 124,
        "838": 124,
        "1426": 124,
        "1118": 124,
        "1158": 123,
        "1913": 123,
        "1727": 123,
        "921": 123,
        "802": 122,
        "1521": 122,
        "1753": 122,
        "1957": 122,
        "1252": 122,
        "903": 122,
        "733": 122,
        "1503": 122,
        "1511": 122,
        "1542": 122,
        "932": 121,
        "1148": 121,
        "1403": 121,
        "1532": 121,
        "1457": 121,
        "1948": 120,
        "844": 120,
        "1247": 120,
        "803": 120,
        "2121": 120,
        "2107": 120,
        "1904": 119,
        "1824": 119,
        "1043": 119,
        "811": 118,
        "2325": 118,
        "1109": 118,
        "1623": 117,
        "1214": 117,
        "1813": 116,
        "714": 116,
        "1231": 116,
        "2022": 116,
        "1504": 115,
        "1758": 115,
        "2101": 115,
        "657": 115,
        "949": 115,
        "728": 115,
        "927": 115,
        "1219": 115,
        "1138": 114,
        "1113": 114,
        "1038": 114,
        "1836": 114,
        "1901": 114,
        "2058": 114,
        "2156": 114,
        "614": 114,
        "1733": 113,
        "1639": 113,
        "2116": 113,
        "2340": 112,
        "758": 112,
        "1707": 112,
        "1228": 112,
        "1327": 112,
        "808": 111,
        "638": 111,
        "1237": 111,
        "1441": 111,
        "1711": 111,
        "754": 111,
        "744": 111,
        "1628": 110,
        "953": 110,
        "40": 110,
        "25": 110,
        "1507": 110,
        "818": 110,
        "904": 109,
        "1443": 109,
        "1806": 109,
        "934": 109,
        "546": 109,
        "701": 109,
        "1954": 108,
        "1834": 108,
        "1833": 108,
        "611": 108,
        "2250": 107,
        "848": 107,
        "1203": 107,
        "155": 107,
        "2218": 107,
        "1946": 107,
        "2134": 106,
        "59": 106,
        "637": 105,
        "821": 105,
        "1143": 105,
        "2119": 105,
        "1831": 105,
        "826": 105,
        "1254": 104,
        "514": 104,
        "1126": 104,
        "2024": 104,
        "1123": 103,
        "1613": 103,
        "1656": 102,
        "813": 102,
        "1909": 102,
        "937": 102,
        "1353": 102,
        "706": 102,
        "1816": 102,
        "1151": 101,
        "2206": 101,
        "636": 101,
        "629": 101,
        "35": 101,
        "644": 101,
        "756": 101,
        "1027": 101,
        "849": 101,
        "604": 100,
        "1622": 100,
        "1218": 99,
        "2118": 99,
        "1838": 99,
        "1853": 99,
        "1417": 98,
        "2012": 98,
        "1144": 97,
        "824": 97,
        "619": 97,
        "1809": 97,
        "1947": 97,
        "1104": 96,
        "1747": 96,
        "45": 96,
        "722": 96,
        "1029": 95,
        "1324": 95,
        "1037": 95,
        "2021": 95,
        "1024": 95,
        "1111": 94,
        "1202": 94,
        "721": 94,
        "556": 94,
        "2137": 94,
        "858": 93,
        "1907": 93,
        "1313": 93,
        "741": 93,
        "1453": 93,
        "1057": 92,
        "1819": 92,
        "853": 92,
        "612": 92,
        "724": 92,
        "1509": 92,
        "823": 92,
        "1601": 92,
        "2004": 92,
        "627": 92,
        "1323": 92,
        "734": 92,
        "748": 91,
        "841": 91,
        "2111": 91,
        "1326": 91,
        "1803": 91,
        "2017": 91,
        "1452": 90,
        "1108": 90,
        "1817": 90,
        "1317": 89,
        "1423": 89,
        "2106": 89,
        "726": 89,
        "1606": 89,
        "1843": 89,
        "2312": 89,
        "1517": 88,
        "2136": 87,
        "737": 87,
        "2146": 87,
        "2008": 87,
        "1249": 87,
        "1702": 86,
        "537": 86,
        "1908": 86,
        "817": 86,
        "1723": 85,
        "1157": 85,
        "628": 85,
        "2139": 85,
        "2214": 84,
        "654": 84,
        "2335": 84,
        "1558": 84,
        "1722": 84,
        "1617": 83,
        "716": 83,
        "2246": 83,
        "643": 82,
        "1139": 82,
        "2244": 81,
        "2053": 81,
        "704": 81,
        "1647": 81,
        "819": 81,
        "749": 81,
        "856": 81,
        "1449": 80,
        "2041": 80,
        "524": 79,
        "1616": 78,
        "2034": 78,
        "1414": 78,
        "1619": 77,
        "851": 77,
        "603": 76,
        "1047": 76,
        "2226": 76,
        "2112": 76,
        "1654": 76,
        "1222": 76,
        "1857": 76,
        "632": 76,
        "857": 75,
        "623": 75,
        "1719": 74,
        "1442": 74,
        "1851": 74,
        "709": 73,
        "2003": 73,
        "531": 73,
        "634": 72,
        "1618": 72,
        "2109": 72,
        "115": 72,
        "834": 72,
        "2319": 72,
        "1243": 72,
        "2028": 71,
        "1039": 71,
        "1807": 71,
        "622": 71,
        "707": 71,
        "2032": 70,
        "1911": 70,
        "2108": 70,
        "2308": 70,
        "653": 70,
        "743": 70,
        "15": 69,
        "1458": 69,
        "738": 69,
        "2314": 69,
        "712": 69,
        "2216": 69,
        "2102": 68,
        "2026": 68,
        "1401": 68,
        "2056": 68,
        "827": 68,
        "1808": 68,
        "2219": 67,
        "2001": 67,
        "1837": 67,
        "648": 67,
        "2042": 67,
        "933": 67,
        "2208": 67,
        "621": 66,
        "1549": 66,
        "2027": 64,
        "2103": 64,
        "727": 64,
        "739": 64,
        "2148": 64,
        "631": 63,
        "1034": 63,
        "2223": 62,
        "135": 62,
        "2232": 62,
        "10": 62,
        "618": 62,
        "2104": 61,
        "822": 61,
        "633": 61,
        "1048": 61,
        "703": 60,
        "1651": 60,
        "807": 60,
        "616": 60,
        "936": 59,
        "2258": 59,
        "1953": 58,
        "2238": 58,
        "2057": 58,
        "613": 57,
        "2016": 57,
        "913": 57,
        "150": 57,
        "542": 57,
        "2158": 57,
        "2046": 56,
        "557": 56,
        "1418": 56,
        "2259": 56,
        "554": 56,
        "2007": 55,
        "751": 55,
        "2229": 55,
        "2031": 55,
        "2207": 54,
        "2128": 54,
        "609": 54,
        "2202": 53,
        "507": 53,
        "652": 53,
        "1304": 53,
        "130": 53,
        "624": 53,
        "1849": 52,
        "2122": 52,
        "1928": 52,
        "2204": 52,
        "1638": 52,
        "1116": 52,
        "1804": 52,
        "2013": 51,
        "2249": 51,
        "541": 51,
        "2211": 51,
        "534": 50,
        "1832": 50,
        "521": 50,
        "536": 50,
        "2039": 49,
        "2311": 49,
        "1501": 49,
        "2342": 49,
        "5": 49,
        "1827": 49,
        "2227": 48,
        "649": 48,
        "539": 47,
        "2043": 47,
        "502": 47,
        "711": 46,
        "2023": 45,
        "608": 45,
        "1937": 45,
        "2151": 44,
        "2224": 44,
        "2154": 44,
        "504": 44,
        "1211": 44,
        "1201": 44,
        "140": 42,
        "742": 41,
        "2038": 41,
        "842": 40,
        "2358": 40,
        "2123": 39,
        "2152": 39,
        "2217": 38,
        "641": 38,
        "522": 38,
        "1842": 38,
        "1448": 38,
        "2131": 37,
        "656": 37,
        "158": 37,
        "2044": 36,
        "2157": 36,
        "255": 36,
        "713": 36,
        "2037": 35,
        "2126": 35,
        "543": 35,
        "548": 35,
        "639": 35,
        "607": 35,
        "58": 34,
        "2242": 34,
        "2357": 34,
        "2248": 34,
        "300": 33,
        "544": 33,
        "443": 33,
        "2322": 33,
        "1844": 33,
        "2247": 32,
        "2228": 32,
        "145": 32,
        "538": 32,
        "1147": 32,
        "46": 32,
        "2302": 31,
        "306": 31,
        "2353": 31,
        "120": 31,
        "2339": 31,
        "523": 31,
        "2328": 31,
        "421": 31,
        "558": 31,
        "503": 30,
        "24": 30,
        "2326": 30,
        "2047": 30,
        "2237": 30,
        "559": 29,
        "651": 29,
        "526": 29,
        "517": 28,
        "553": 28,
        "532": 27,
        "2236": 27,
        "2201": 27,
        "752": 26,
        "2141": 26,
        "2256": 26,
        "506": 26,
        "2251": 26,
        "2316": 26,
        "952": 25,
        "2318": 25,
        "747": 24,
        "926": 24,
        "852": 24,
        "31": 23,
        "2317": 23,
        "508": 23,
        "1044": 21,
        "20": 19,
        "642": 18,
        "718": 18,
        "2018": 18,
        "2203": 17,
        "118": 16,
        "50": 15,
        "342": 14,
        "2356": 14,
        "2354": 14,
        "2048": 13,
        "420": 13,
        "2213": 13,
        "2331": 12,
        "224": 11,
        "2349": 11,
        "2234": 11,
        "647": 11,
        "2153": 11,
        "2336": 10,
        "8": 10,
        "335": 10,
        "250": 10,
        "215": 9,
        "6": 9,
        "2309": 8,
        "2033": 8,
        "2133": 7,
        "2036": 7,
        "340": 7,
        "7": 6,
        "2352": 6,
        "2132": 6,
        "2": 6,
        "305": 6,
        "14": 6,
        "2343": 6,
        "1": 6,
        "16": 5,
        "410": 5,
        "2333": 5,
        "2332": 5,
        "4": 5,
        "501": 5,
        "2329": 5,
        "2301": 5,
        "159": 5,
        "2347": 5,
        "220": 5,
        "2338": 5,
        "2147": 5,
        "2304": 5,
        "2113": 5,
        "2142": 5,
        "2233": 5,
        "2049": 5,
        "2239": 5,
        "2346": 4,
        "2124": 4,
        "11": 4,
        "529": 4,
        "17": 4,
        "18": 4,
        "547": 4,
        "231": 4,
        "2143": 4,
        "2243": 4,
        "39": 4,
        "2337": 4,
        "310": 4,
        "425": 4,
        "129": 4,
        "2138": 4,
        "12": 4,
        "41": 4,
        "2257": 3,
        "3": 3,
        "9": 3,
        "22": 3,
        "337": 3,
        "110": 3,
        "519": 3,
        "549": 3,
        "320": 3,
        "513": 3,
        "52": 3,
        "36": 3,
        "2241": 3,
        "2321": 3,
        "19": 3,
        "205": 3,
        "409": 3,
        "316": 3,
        "2313": 3,
        "13": 2,
        "2252": 2,
        "21": 2,
        "355": 2,
        "2306": 2,
        "23": 2,
        "2222": 2,
        "2327": 2,
        "551": 2,
        "2253": 2,
        "48": 1,
        "527": 1,
        "552": 1,
        "2334": 1,
        "37": 1,
        "400": 1,
        "240": 1,
        "225": 1,
        "101": 1,
        "100": 1,
        "2341": 1,
        "212": 1,
        "2323": 1,
        "200": 1,
        "2324": 1,
        "438": 1,
        "105": 1
    },
    "nrows": 445827
}