{
    "column_id": "Airline/Airline.csvAirline.csv/DepDelay",
    "dataset_name": "Airline.csv",
    "dataset_id": "Airline/Airline.csv",
    "path": "/home/ubuntu/CatDB/Experiments/data/Airline/Airline.csv",
    "table_name": "Airline.csv",
    "table_id": "Airline/Airline.csvAirline.csv",
    "column_name": "DepDelay",
    "data_source": "Airline",
    "data_type": "int",
    "total_values_count": 445827,
    "distinct_values_count": 714,
    "missing_values_count": 11473,
    "true_ratio": null,
    "min_value": -47.0,
    "max_value": 1663.0,
    "mean": 7.793537068842465,
    "median": -2.0,
    "iqr": 10.0,
    "category_values": [
        -3,
        -4,
        -5,
        2,
        100,
        7,
        -1,
        -2,
        -7,
        14,
        -6,
        34,
        10,
        1,
        0,
        64,
        26,
        120,
        3,
        23,
        -8,
        12,
        66,
        -9,
        52,
        43,
        -10,
        344,
        4,
        31,
        46,
        6,
        60,
        122,
        44,
        61,
        18,
        22,
        24,
        16,
        71,
        47,
        29,
        72,
        36,
        63,
        5,
        9,
        11,
        558,
        15,
        20,
        492,
        19,
        58,
        8,
        50,
        42,
        17,
        83,
        39,
        178,
        97,
        131,
        45,
        163,
        85,
        94,
        35,
        151,
        82,
        21,
        56,
        32,
        13,
        1287,
        30,
        282,
        -12,
        -11,
        286,
        57,
        300,
        107,
        74,
        40,
        246,
        258,
        67,
        165,
        76,
        91,
        27,
        104,
        59,
        138,
        149,
        48,
        202,
        169,
        33,
        25,
        28,
        115,
        118,
        80,
        126,
        216,
        77,
        187,
        38,
        324,
        78,
        386,
        90,
        65,
        49,
        113,
        -15,
        -14,
        -13,
        189,
        1077,
        99,
        174,
        158,
        247,
        62,
        268,
        103,
        73,
        95,
        116,
        208,
        81,
        199,
        141,
        41,
        -17,
        132,
        98,
        180,
        101,
        54,
        499,
        274,
        37,
        87,
        136,
        213,
        110,
        89,
        127,
        106,
        249,
        93,
        125,
        121,
        323,
        431,
        108,
        55,
        -19,
        105,
        1129,
        53,
        142,
        144,
        96,
        896,
        236,
        237,
        70,
        224,
        782,
        88,
        137,
        159,
        171,
        534,
        290,
        212,
        265,
        211,
        75,
        68,
        114,
        109,
        84,
        145,
        230,
        69,
        221,
        128,
        117,
        123,
        698,
        196,
        256,
        204,
        197,
        173,
        154,
        164,
        190,
        -36,
        51,
        133,
        143,
        861,
        231,
        275,
        130,
        349,
        119,
        79,
        -18,
        356,
        162,
        86,
        416,
        191,
        235,
        210,
        139,
        242,
        389,
        219,
        655,
        339,
        92,
        741,
        252,
        321,
        640,
        175,
        253,
        102,
        271,
        515,
        -21,
        -16,
        147,
        681,
        135,
        264,
        309,
        381,
        167,
        229,
        112,
        156,
        313,
        205,
        223,
        347,
        148,
        192,
        185,
        157,
        129,
        201,
        195,
        111,
        -22,
        487,
        200,
        385,
        250,
        269,
        280,
        298,
        243,
        217,
        152,
        366,
        232,
        207,
        -20,
        186,
        245,
        182,
        184,
        146,
        179,
        306,
        472,
        594,
        348,
        267,
        338,
        183,
        422,
        241,
        608,
        181,
        251,
        161,
        203,
        1076,
        227,
        160,
        299,
        293,
        225,
        226,
        283,
        155,
        330,
        193,
        168,
        262,
        124,
        368,
        1112,
        363,
        355,
        238,
        -24,
        134,
        435,
        248,
        291,
        284,
        1333,
        266,
        718,
        403,
        390,
        220,
        289,
        278,
        1441,
        514,
        140,
        304,
        257,
        352,
        285,
        1663,
        222,
        391,
        209,
        166,
        259,
        277,
        255,
        153,
        -33,
        923,
        214,
        684,
        270,
        427,
        240,
        1094,
        150,
        516,
        447,
        325,
        -25,
        -27,
        327,
        218,
        176,
        303,
        512,
        411,
        239,
        376,
        445,
        503,
        1303,
        610,
        198,
        773,
        1597,
        1274,
        177,
        1416,
        305,
        696,
        170,
        357,
        261,
        215,
        292,
        449,
        342,
        1109,
        353,
        1069,
        194,
        314,
        925,
        784,
        661,
        875,
        375,
        548,
        260,
        297,
        485,
        744,
        829,
        -31,
        276,
        361,
        623,
        966,
        315,
        172,
        308,
        329,
        287,
        320,
        310,
        272,
        318,
        244,
        302,
        426,
        288,
        333,
        -29,
        1554,
        345,
        359,
        414,
        555,
        281,
        234,
        395,
        296,
        596,
        354,
        553,
        401,
        317,
        254,
        279,
        511,
        367,
        467,
        -28,
        469,
        188,
        495,
        513,
        572,
        404,
        -46,
        -23,
        364,
        -38,
        -34,
        228,
        -26,
        -42,
        -35,
        -32,
        -40,
        -30,
        312,
        295,
        326,
        -43,
        -47,
        575,
        307,
        735,
        273,
        564,
        233,
        332,
        382,
        458,
        453,
        568,
        373,
        408,
        444,
        571,
        415,
        362,
        941,
        343,
        1098,
        731,
        470,
        517,
        528,
        319,
        454,
        440,
        409,
        477,
        370,
        429,
        882,
        507,
        316,
        459,
        374,
        263,
        909,
        294,
        550,
        392,
        206,
        795,
        609,
        383,
        887,
        520,
        717,
        797,
        960,
        417,
        808,
        365,
        371,
        397,
        653,
        490,
        1064,
        664,
        552,
        358,
        613,
        301,
        360,
        903,
        351,
        890,
        452,
        322,
        1313,
        402,
        379,
        1178,
        562,
        927,
        933,
        588,
        398,
        430,
        519,
        889,
        935,
        523,
        405,
        384,
        387,
        593,
        598,
        577,
        497,
        488,
        526,
        979,
        340,
        691,
        462,
        461,
        399,
        1022,
        950,
        328,
        407,
        336,
        815,
        652,
        1072,
        451,
        582,
        421,
        428,
        -41,
        1090,
        1093,
        700,
        926,
        1332,
        632,
        622,
        311,
        433,
        412,
        372,
        410,
        337,
        400,
        457,
        502,
        573,
        393,
        350,
        590,
        463,
        434,
        833,
        394,
        649,
        486,
        489,
        419,
        639,
        1110,
        532,
        380,
        474,
        907,
        669,
        331,
        341,
        420,
        460,
        678,
        828,
        581,
        506,
        766,
        456,
        437,
        479,
        605,
        388,
        799,
        707,
        619,
        607,
        616,
        939,
        1170,
        859,
        659,
        450,
        478,
        494,
        508,
        611,
        629,
        585,
        747,
        617,
        334,
        483,
        424,
        439,
        591,
        827,
        770,
        765,
        891,
        826,
        952,
        850,
        473,
        778,
        615,
        844,
        441,
        522,
        544,
        924,
        529,
        475,
        621,
        518,
        465,
        714,
        540,
        1145,
        586,
        612,
        425,
        464,
        663,
        1106,
        743,
        838,
        943,
        638,
        535,
        1236,
        750,
        631,
        671,
        1162,
        929,
        759,
        1042,
        423,
        1205,
        468,
        855,
        1222,
        702,
        931,
        1156,
        967,
        758,
        777,
        847,
        776,
        566,
        1108,
        738,
        660,
        1009,
        906,
        335,
        646
    ],
    "embedding": [
        -1.0,
        -1.0,
        -1.0,
        1.0,
        -1.0,
        0.9999998807907104,
        -1.0,
        -1.0,
        -0.9999996423721313,
        -1.0,
        1.0,
        -1.0,
        -1.0,
        1.0,
        1.0,
        1.0,
        1.0,
        -1.0,
        1.0,
        -1.0,
        1.0,
        -1.0,
        1.0,
        -1.0,
        1.0,
        -1.0,
        -1.0,
        1.0,
        -1.0,
        -1.0,
        1.0,
        1.0,
        -1.0,
        -1.0,
        -1.0,
        1.0,
        -1.0,
        1.0,
        1.0,
        -1.0,
        -1.0,
        1.0,
        -1.0,
        -1.0,
        -1.0,
        -1.0,
        1.0,
        -1.0,
        -0.999957799911499,
        0.04985945299267769,
        -1.0,
        1.0,
        1.0,
        1.0,
        -0.9999998807907104,
        1.0,
        1.0,
        1.0,
        -1.0,
        0.9253361821174622,
        -1.0,
        -1.0,
        1.0,
        -1.0,
        1.0,
        -1.0,
        0.9999996423721313,
        -1.0,
        1.0,
        1.0,
        1.0,
        -1.0,
        -1.0,
        -1.0,
        -1.0,
        1.0,
        1.0,
        1.0,
        1.0,
        1.0,
        1.0,
        1.0,
        0.9999998211860657,
        -1.0,
        -1.0,
        1.0,
        -1.0,
        1.0,
        1.0,
        1.0,
        -1.0,
        0.9999992847442627,
        1.0,
        -1.0,
        1.0,
        -1.0,
        0.999998927116394,
        -1.0,
        -1.0,
        -1.0,
        -0.8519157767295837,
        -1.0,
        1.0,
        -1.0,
        -1.0,
        1.0,
        1.0,
        1.0,
        -1.0,
        -1.0,
        1.0,
        -1.0,
        -1.0,
        1.0,
        1.0,
        1.0,
        1.0,
        1.0,
        1.0,
        -1.0,
        -1.0,
        1.0,
        -1.0,
        -1.0,
        1.0,
        -1.0,
        -1.0,
        -0.9999998807907104,
        -1.0,
        0.9999998807907104,
        -1.0,
        1.0,
        -1.0,
        -1.0,
        1.0,
        -1.0,
        -1.0,
        1.0,
        1.0,
        -1.0,
        1.0,
        1.0,
        1.0,
        -1.0,
        1.0,
        -0.9999998211860657,
        1.0,
        -1.0,
        -1.0,
        -1.0,
        0.9999975562095642,
        -1.0,
        1.0,
        -1.0,
        1.0,
        -1.0,
        1.0,
        -1.0,
        1.0,
        -1.0,
        -1.0,
        1.0,
        -1.0,
        -1.0,
        1.0,
        -1.0,
        1.0,
        -1.0,
        -1.0,
        -1.0,
        -1.0,
        -1.0,
        1.0,
        1.0,
        -1.0,
        -1.0,
        1.0,
        -1.0,
        -1.0,
        -1.0,
        1.0,
        -1.0,
        -1.0,
        -1.0,
        1.0,
        -0.9999998807907104,
        1.0,
        -1.0,
        -1.0,
        -1.0,
        1.0,
        0.9999997019767761,
        1.0,
        1.0,
        -1.0,
        -1.0,
        1.0,
        -1.0,
        -1.0,
        1.0,
        -1.0,
        1.0,
        -1.0,
        -0.9999996423721313,
        -0.9999997019767761,
        -1.0,
        1.0,
        1.0,
        -1.0,
        -1.0,
        -1.0,
        1.0,
        -1.0,
        -1.0,
        -1.0,
        1.0,
        -1.0,
        0.9999989867210388,
        -1.0,
        -0.9999993443489075,
        1.0,
        -1.0,
        -1.0,
        1.0,
        -1.0,
        0.011268248781561852,
        1.0,
        -1.0,
        -1.0,
        -1.0,
        0.9999998807907104,
        -1.0,
        1.0,
        -1.0,
        -1.0,
        1.0,
        -1.0,
        1.0,
        1.0,
        -1.0,
        1.0,
        0.007854795083403587,
        1.0,
        -1.0,
        1.0,
        1.0,
        -1.0,
        -1.0,
        -1.0,
        1.0,
        1.0,
        1.0,
        -1.0,
        -1.0,
        -1.0,
        1.0,
        1.0,
        -1.0,
        -1.0,
        -1.0,
        1.0,
        1.0,
        1.0,
        -1.0,
        0.9999997019767761,
        -1.0,
        -1.0,
        -1.0,
        1.0,
        1.0,
        -0.8751454949378967,
        -1.0,
        -1.0,
        1.0,
        -1.0,
        1.0,
        1.0,
        1.0,
        1.0,
        1.0,
        1.0,
        -1.0,
        1.0,
        1.0,
        1.0,
        -1.0,
        -1.0,
        1.0,
        -1.0,
        -1.0,
        -1.0,
        1.0,
        -1.0,
        -1.0,
        -1.0,
        -1.0,
        -1.0,
        1.0,
        1.0,
        1.0
    ],
    "embedding_scaling_factor": 4689.95068359375,
    "samples": [
        0,
        -3,
        -3,
        -4,
        18,
        -8,
        -5,
        -5,
        -4,
        -3,
        -6,
        -2,
        -2,
        10,
        18,
        19,
        -6,
        0,
        5,
        97,
        1,
        12,
        -9,
        -1,
        34,
        7,
        -7,
        17,
        12,
        -3,
        -3,
        -1,
        41,
        -10,
        -5,
        -2,
        1112,
        -7,
        -8,
        8,
        -5,
        -2,
        20,
        -2,
        -1,
        -2,
        -10,
        4,
        3,
        -8,
        -10,
        -10,
        -7,
        -10,
        230,
        -7,
        -4,
        -6,
        -5,
        -7,
        -1,
        -2,
        21,
        28,
        3,
        3,
        17,
        0,
        7,
        -4,
        158,
        0,
        -3,
        -3,
        16,
        -2,
        -6,
        0,
        131,
        79,
        -5,
        -1,
        -4,
        -1,
        0,
        16,
        -3,
        3,
        -4,
        -8,
        -6,
        -5,
        -6,
        -6,
        -5,
        -6,
        -7
    ],
    "category_values_ratio": {
        "-3": 34886,
        "-5": 34754,
        "-4": 34420,
        "-2": 33255,
        "-1": 29685,
        "-6": 25896,
        "0": 24638,
        "-7": 20023,
        "-8": 14132,
        "1": 12024,
        "-9": 10164,
        "-10": 9092,
        "2": 9089,
        "3": 7746,
        "4": 6918,
        "5": 6132,
        "6": 5366,
        "7": 4927,
        "8": 4656,
        "-11": 4314,
        "9": 4139,
        "10": 3958,
        "11": 3730,
        "12": 3418,
        "13": 3101,
        "-12": 2995,
        "14": 2883,
        "15": 2846,
        "16": 2503,
        "17": 2321,
        "18": 2234,
        "19": 2127,
        "-13": 2012,
        "20": 1973,
        "21": 1841,
        "22": 1794,
        "23": 1679,
        "24": 1624,
        "25": 1506,
        "26": 1497,
        "-14": 1429,
        "27": 1385,
        "28": 1320,
        "29": 1282,
        "32": 1142,
        "30": 1141,
        "-15": 1112,
        "31": 1086,
        "33": 1045,
        "34": 1022,
        "35": 927,
        "36": 874,
        "37": 870,
        "38": 831,
        "41": 799,
        "40": 784,
        "39": 781,
        "43": 705,
        "-16": 689,
        "42": 686,
        "44": 681,
        "45": 672,
        "46": 619,
        "50": 610,
        "47": 607,
        "49": 605,
        "48": 548,
        "51": 538,
        "53": 524,
        "52": 523,
        "54": 497,
        "60": 474,
        "58": 466,
        "-17": 466,
        "56": 459,
        "55": 458,
        "57": 456,
        "59": 455,
        "62": 417,
        "61": 403,
        "65": 396,
        "63": 379,
        "64": 375,
        "67": 366,
        "66": 363,
        "68": 345,
        "69": 344,
        "70": 325,
        "-18": 324,
        "76": 306,
        "75": 305,
        "72": 301,
        "73": 298,
        "71": 296,
        "74": 295,
        "80": 280,
        "81": 269,
        "-19": 265,
        "77": 262,
        "78": 261,
        "82": 258,
        "85": 257,
        "83": 253,
        "79": 243,
        "87": 241,
        "90": 230,
        "86": 227,
        "92": 222,
        "93": 218,
        "91": 211,
        "89": 210,
        "95": 210,
        "84": 209,
        "98": 208,
        "97": 202,
        "88": 199,
        "94": 188,
        "99": 185,
        "96": 182,
        "101": 181,
        "102": 181,
        "104": 171,
        "100": 170,
        "107": 159,
        "-20": 159,
        "103": 157,
        "105": 155,
        "106": 151,
        "108": 144,
        "115": 142,
        "109": 140,
        "111": 139,
        "110": 139,
        "113": 135,
        "-21": 133,
        "114": 132,
        "112": 130,
        "121": 130,
        "118": 125,
        "120": 122,
        "116": 115,
        "124": 113,
        "117": 113,
        "127": 111,
        "119": 109,
        "131": 109,
        "123": 109,
        "134": 108,
        "133": 108,
        "125": 104,
        "130": 100,
        "136": 98,
        "137": 98,
        "138": 95,
        "129": 90,
        "126": 90,
        "122": 87,
        "-22": 86,
        "145": 84,
        "132": 84,
        "128": 82,
        "152": 82,
        "135": 81,
        "139": 81,
        "142": 78,
        "140": 77,
        "143": 77,
        "149": 72,
        "147": 72,
        "150": 70,
        "144": 70,
        "148": 69,
        "161": 69,
        "-23": 66,
        "146": 66,
        "157": 65,
        "168": 64,
        "154": 61,
        "163": 61,
        "141": 61,
        "160": 60,
        "178": 60,
        "166": 60,
        "158": 60,
        "159": 59,
        "156": 58,
        "153": 58,
        "162": 58,
        "151": 58,
        "165": 57,
        "167": 57,
        "169": 56,
        "155": 54,
        "173": 54,
        "182": 52,
        "164": 52,
        "174": 52,
        "193": 51,
        "171": 51,
        "170": 49,
        "191": 48,
        "-24": 48,
        "186": 47,
        "175": 46,
        "188": 42,
        "194": 42,
        "179": 42,
        "-25": 41,
        "195": 41,
        "190": 40,
        "177": 40,
        "176": 40,
        "180": 40,
        "196": 39,
        "172": 39,
        "181": 37,
        "208": 36,
        "185": 36,
        "184": 35,
        "187": 35,
        "205": 34,
        "183": 32,
        "197": 31,
        "202": 30,
        "215": 30,
        "210": 30,
        "199": 30,
        "207": 29,
        "219": 29,
        "218": 29,
        "200": 28,
        "203": 28,
        "216": 27,
        "212": 27,
        "206": 27,
        "198": 26,
        "192": 26,
        "213": 26,
        "220": 25,
        "201": 25,
        "224": 25,
        "223": 24,
        "222": 24,
        "211": 24,
        "204": 23,
        "234": 23,
        "-26": 22,
        "227": 22,
        "-27": 22,
        "214": 21,
        "250": 21,
        "242": 21,
        "230": 21,
        "243": 20,
        "225": 20,
        "238": 20,
        "189": 20,
        "235": 20,
        "232": 20,
        "244": 19,
        "257": 19,
        "226": 19,
        "256": 18,
        "236": 18,
        "231": 18,
        "262": 18,
        "209": 18,
        "229": 18,
        "277": 18,
        "255": 17,
        "241": 16,
        "253": 16,
        "265": 16,
        "228": 15,
        "274": 15,
        "261": 15,
        "217": 15,
        "252": 15,
        "221": 15,
        "-29": 14,
        "260": 14,
        "283": 14,
        "286": 14,
        "269": 14,
        "245": 14,
        "247": 14,
        "-28": 14,
        "246": 13,
        "251": 13,
        "237": 13,
        "248": 12,
        "275": 12,
        "233": 12,
        "294": 12,
        "273": 12,
        "249": 12,
        "282": 12,
        "353": 12,
        "302": 11,
        "304": 11,
        "280": 11,
        "239": 11,
        "268": 11,
        "287": 11,
        "315": 11,
        "313": 11,
        "-32": 11,
        "264": 10,
        "266": 10,
        "259": 10,
        "290": 10,
        "258": 9,
        "278": 9,
        "306": 9,
        "329": 9,
        "292": 9,
        "254": 9,
        "327": 9,
        "285": 9,
        "303": 9,
        "291": 8,
        "321": 8,
        "311": 8,
        "267": 8,
        "309": 8,
        "318": 8,
        "325": 8,
        "240": 8,
        "272": 8,
        "308": 8,
        "310": 8,
        "289": 8,
        "356": 8,
        "295": 7,
        "317": 7,
        "276": 7,
        "-30": 7,
        "305": 7,
        "279": 7,
        "271": 7,
        "293": 7,
        "401": 7,
        "344": 7,
        "298": 7,
        "389": 6,
        "431": 6,
        "324": 6,
        "323": 6,
        "347": 6,
        "363": 6,
        "352": 6,
        "354": 6,
        "288": 6,
        "270": 6,
        "-33": 6,
        "366": 5,
        "391": 5,
        "367": 5,
        "343": 5,
        "375": 5,
        "300": 5,
        "316": 5,
        "281": 5,
        "284": 5,
        "299": 5,
        "-35": 5,
        "359": 5,
        "296": 5,
        "307": 5,
        "297": 5,
        "-36": 5,
        "333": 5,
        "326": 5,
        "301": 5,
        "368": 4,
        "328": 4,
        "-38": 4,
        "434": 4,
        "355": 4,
        "487": 4,
        "514": 4,
        "342": 4,
        "339": 4,
        "349": 4,
        "330": 4,
        "319": 4,
        "411": 4,
        "348": 4,
        "320": 4,
        "427": 4,
        "345": 4,
        "419": 4,
        "341": 4,
        "362": 4,
        "414": 4,
        "564": 4,
        "-43": 4,
        "374": 4,
        "-31": 4,
        "337": 4,
        "489": 4,
        "444": 4,
        "370": 4,
        "364": 4,
        "404": 4,
        "890": 3,
        "263": 3,
        "550": 3,
        "334": 3,
        "552": 3,
        "358": 3,
        "360": 3,
        "332": 3,
        "447": 3,
        "499": 3,
        "610": 3,
        "350": 3,
        "463": 3,
        "361": 3,
        "410": 3,
        "376": 3,
        "429": 3,
        "507": 3,
        "408": 3,
        "405": 3,
        "467": 3,
        "384": 3,
        "782": 3,
        "399": 3,
        "572": 3,
        "-34": 3,
        "495": 3,
        "390": 3,
        "-40": 3,
        "428": 3,
        "422": 3,
        "312": 3,
        "340": 3,
        "395": 3,
        "497": 3,
        "534": 3,
        "380": 2,
        "421": 2,
        "590": 2,
        "452": 2,
        "331": 2,
        "371": 2,
        "381": 2,
        "896": 2,
        "420": 2,
        "513": 2,
        "512": 2,
        "403": 2,
        "-46": 2,
        "460": 2,
        "492": 2,
        "351": 2,
        "655": 2,
        "386": 2,
        "544": 2,
        "691": 2,
        "653": 2,
        "322": 2,
        "435": 2,
        "508": 2,
        "632": 2,
        "503": 2,
        "494": 2,
        "926": 2,
        "678": 2,
        "385": 2,
        "365": 2,
        "314": 2,
        "451": 2,
        "397": 2,
        "357": 2,
        "594": 2,
        "517": 2,
        "522": 2,
        "437": 2,
        "412": 2,
        "577": 2,
        "598": 2,
        "433": 2,
        "684": 2,
        "338": 2,
        "402": 2,
        "681": 2,
        "382": 2,
        "470": 2,
        "388": 2,
        "417": 2,
        "393": 2,
        "430": 2,
        "379": 2,
        "454": 2,
        "394": 2,
        "717": 2,
        "477": 2,
        "449": 2,
        "519": 2,
        "400": 2,
        "861": 2,
        "619": 2,
        "486": 2,
        "520": 2,
        "383": 2,
        "640": 1,
        "1441": 1,
        "515": 1,
        "472": 1,
        "608": 1,
        "1112": 1,
        "741": 1,
        "1416": 1,
        "1333": 1,
        "718": 1,
        "1597": 1,
        "1663": 1,
        "923": 1,
        "1094": 1,
        "445": 1,
        "1303": 1,
        "773": 1,
        "1274": 1,
        "571": 1,
        "415": 1,
        "941": 1,
        "698": 1,
        "336": 1,
        "416": 1,
        "-47": 1,
        "1129": 1,
        "1077": 1,
        "623": 1,
        "966": 1,
        "426": 1,
        "1554": 1,
        "555": 1,
        "596": 1,
        "553": 1,
        "511": 1,
        "469": 1,
        "-42": 1,
        "387": 1,
        "575": 1,
        "735": 1,
        "458": 1,
        "453": 1,
        "568": 1,
        "373": 1,
        "1069": 1,
        "1109": 1,
        "696": 1,
        "1076": 1,
        "558": 1,
        "1287": 1,
        "523": 1,
        "1090": 1,
        "593": 1,
        "808": 1,
        "409": 1,
        "882": 1,
        "459": 1,
        "909": 1,
        "392": 1,
        "795": 1,
        "609": 1,
        "887": 1,
        "960": 1,
        "588": 1,
        "490": 1,
        "528": 1,
        "1064": 1,
        "664": 1,
        "613": 1,
        "903": 1,
        "1313": 1,
        "1178": 1,
        "562": 1,
        "927": 1,
        "933": 1,
        "744": 1,
        "440": 1,
        "731": 1,
        "488": 1,
        "1072": 1,
        "526": 1,
        "979": 1,
        "462": 1,
        "461": 1,
        "1022": 1,
        "950": 1,
        "407": 1,
        "815": 1,
        "889": 1,
        "652": 1,
        "582": 1,
        "797": 1,
        "-41": 1,
        "1093": 1,
        "700": 1,
        "1332": 1,
        "622": 1,
        "372": 1,
        "457": 1,
        "935": 1,
        "398": 1,
        "1098": 1,
        "829": 1,
        "1222": 1,
        "485": 1,
        "714": 1,
        "777": 1,
        "450": 1,
        "1042": 1,
        "906": 1,
        "621": 1,
        "518": 1,
        "660": 1,
        "855": 1,
        "465": 1,
        "468": 1,
        "1205": 1,
        "607": 1,
        "540": 1,
        "1009": 1,
        "586": 1,
        "423": 1,
        "759": 1,
        "931": 1,
        "929": 1,
        "1162": 1,
        "671": 1,
        "631": 1,
        "535": 1,
        "649": 1,
        "425": 1,
        "828": 1,
        "659": 1,
        "859": 1,
        "1170": 1,
        "479": 1,
        "939": 1,
        "616": 1,
        "907": 1,
        "532": 1,
        "669": 1,
        "1110": 1,
        "639": 1,
        "707": 1,
        "566": 1,
        "581": 1,
        "506": 1,
        "776": 1,
        "766": 1,
        "456": 1,
        "847": 1,
        "474": 1,
        "605": 1,
        "799": 1,
        "612": 1,
        "464": 1,
        "548": 1,
        "833": 1,
        "952": 1,
        "850": 1,
        "473": 1,
        "778": 1,
        "615": 1,
        "844": 1,
        "441": 1,
        "758": 1,
        "738": 1,
        "967": 1,
        "924": 1,
        "826": 1,
        "529": 1,
        "1156": 1,
        "1145": 1,
        "516": 1,
        "573": 1,
        "502": 1,
        "925": 1,
        "784": 1,
        "661": 1,
        "875": 1,
        "475": 1,
        "765": 1,
        "663": 1,
        "611": 1,
        "1106": 1,
        "750": 1,
        "1236": 1,
        "743": 1,
        "838": 1,
        "943": 1,
        "702": 1,
        "335": 1,
        "478": 1,
        "891": 1,
        "629": 1,
        "770": 1,
        "585": 1,
        "747": 1,
        "617": 1,
        "483": 1,
        "424": 1,
        "1108": 1,
        "439": 1,
        "591": 1,
        "827": 1,
        "638": 1,
        "646": 1
    },
    "nrows": 445827
}