{
    "column_id": "Airline/Airline.csvAirline.csv/Div1TailNum",
    "dataset_name": "Airline.csv",
    "dataset_id": "Airline/Airline.csv",
    "path": "/home/ubuntu/CatDB/Experiments/data/Airline/Airline.csv",
    "table_name": "Airline.csv",
    "table_id": "Airline/Airline.csvAirline.csv",
    "column_name": "Div1TailNum",
    "data_source": "Airline",
    "data_type": "string",
    "total_values_count": 445827,
    "distinct_values_count": 583,
    "missing_values_count": 445199,
    "true_ratio": null,
    "min_value": null,
    "max_value": null,
    "mean": null,
    "median": null,
    "iqr": null,
    "category_values": [
        "N3ALAA",
        "N3GUAA",
        "N3BVAA",
        "N3HFAA",
        "N796AA",
        "N480AA",
        "N791AA",
        "N868AA",
        "N3AYAA",
        "N3GYAA",
        "N365AA",
        "N787AA",
        "N353AA",
        "N392AA",
        "N483AA",
        "N3KWAA",
        "N4YNAA",
        "N3KMAA",
        "N345AA",
        "N4YTAA",
        "N020AA",
        "N3GAAA",
        "N5FPAA",
        "N3AKAA",
        "N3DJAA",
        "N010AA",
        "N3KSAA",
        "N436AA",
        "N029AA",
        "N3HLAA",
        "N382AA",
        "N3CUAA",
        "N3MUAA",
        "N3JKAA",
        "N3KAAA",
        "N3DGAA",
        "N3GXAA",
        "N3KFAA",
        "N3KHAA",
        "N3GLAA",
        "N502AA",
        "N3HHAA",
        "N3CCAA",
        "N3ANAA",
        "N3HRAA",
        "N3CWAA",
        "N3DEAA",
        "N4WJAA",
        "N3GWAA",
        "N3CVAA",
        "N4WLAA",
        "N879AA",
        "N3BEAA",
        "N548AA",
        "N3DPAA",
        "N855AA",
        "N3FMAA",
        "N3FAAA",
        "N3MWAA",
        "N873AA",
        "N882AA",
        "N581AA",
        "N474AA",
        "N3AJAA",
        "N5EHAA",
        "N3LSAA",
        "N514AA",
        "N3AHAA",
        "N3ASAA",
        "N3AEAA",
        "N4YPAA",
        "N3HCAA",
        "N3GCAA",
        "N3MVAA",
        "N4UCAA",
        "N5ECAA",
        "N5FMAA",
        "N007AA",
        "N3JXAA",
        "N4XBAA",
        "N119US",
        "N676AW",
        "N191UW",
        "N912UY",
        "N104UW",
        "N583UW",
        "N722US",
        "N963UW",
        "N717UW",
        "N755US",
        "N806AW",
        "N519UW",
        "N117UW",
        "N906AW",
        "N3NCAA",
        "N486AA",
        "N3EFAA",
        "N193UW",
        "N904AW",
        "N765AS",
        "N713AS",
        "N576UW",
        "N925UY",
        "N793AS",
        "N791AS",
        "N317AS",
        "N508AS",
        "N563AS",
        "N535UW",
        "N537UW",
        "N764AS",
        "N467AS",
        "N319AS",
        "N769AS",
        "N768AS",
        "N479AS",
        "N559AS",
        "N579AS",
        "N538AS",
        "N778AS",
        "N568AS",
        "N453AS",
        "N569AS",
        "N423AS",
        "N433AS",
        "N529AS",
        "N408AS",
        "N469AS",
        "N558AS",
        "N531AS",
        "N594AS",
        "N505JB",
        "N535JB",
        "N487AS",
        "N519JB",
        "N595JB",
        "N579JB",
        "N591JB",
        "N298JB",
        "N3KXAA",
        "N3HDAA",
        "N923JB",
        "N706JB",
        "N510JB",
        "N760JB",
        "N599JB",
        "N523JB",
        "N531JB",
        "N526JB",
        "N665JB",
        "N625JB",
        "N715JB",
        "N520JB",
        "N508JB",
        "N206JB",
        "N653JB",
        "N236JB",
        "N632JB",
        "N337JB",
        "N568JB",
        "N571JB",
        "N527JB",
        "N128UW",
        "N779JB",
        "N639JB",
        "N659JB",
        "N621JB",
        "N623JB",
        "N656JB",
        "N603JB",
        "N930AT",
        "N943FR",
        "N951FR",
        "N582HA",
        "N594HA",
        "N227FR",
        "N906FR",
        "N485HA",
        "N628NK",
        "N480HA",
        "N900DE",
        "N478HA",
        "N618NK",
        "N629BR",
        "N740SK",
        "N983CA",
        "N930EV",
        "N634NK",
        "N869AS",
        "N531NK",
        "N706SK",
        "N702SK",
        "N448SW",
        "N956SW",
        "N702BR",
        "N477CA",
        "N506CA",
        "N418SW",
        "N652BR",
        "N973SW",
        "N554CA",
        "N732SK",
        "N135SY",
        "N170SY",
        "N227AG",
        "N935SW",
        "N641CA",
        "N617QX",
        "N496CA",
        "N758SK",
        "N762SK",
        "N144SY",
        "N784SK",
        "N822SK",
        "N965SW",
        "N631SK",
        "N823AS",
        "N549CA",
        "N438SW",
        "N454SW",
        "N216AG",
        "N461SW",
        "N616QX",
        "N803SK",
        "N459SW",
        "N632SK",
        "N416SW",
        "N187PQ",
        "N447SW",
        "N804SK",
        "N14977",
        "N18557",
        "N607SK",
        "N608SK",
        "N613SK",
        "N455CA",
        "N915EV",
        "N675BR",
        "N8933B",
        "N679CA",
        "N625CA",
        "N443SW",
        "N961SW",
        "N679SA",
        "N963SW",
        "N609SK",
        "N728SK",
        "N946SW",
        "N707SK",
        "N776SK",
        "N938SW",
        "N778SK",
        "N797SK",
        "N958SW",
        "N937SW",
        "N978SW",
        "N928EV",
        "N748SK",
        "N785SK",
        "N791SK",
        "N913SW",
        "N951SW",
        "N460SW",
        "N437SW",
        "N693BR",
        "N108SY",
        "N455SW",
        "N783CA",
        "N491UA",
        "N457UA",
        "N68807",
        "N932EV",
        "N957SW",
        "N979SW",
        "N411UA",
        "N848UA",
        "N33132",
        "N814UA",
        "N37468",
        "N772UA",
        "N408UA",
        "N62889",
        "N473UA",
        "N494UA",
        "N24706",
        "N67827",
        "N14231",
        "N75410",
        "N37466",
        "N37255",
        "N77431",
        "N73275",
        "N497UA",
        "N476UA",
        "N26910",
        "N14121",
        "N38727",
        "N14118",
        "N27722",
        "N37413",
        "N420UA",
        "N677UA",
        "N75435",
        "N76517",
        "N447UA",
        "N73406",
        "N73291",
        "N66831",
        "N853UA",
        "N34455",
        "N437UA",
        "N39415",
        "N77510",
        "N69885",
        "N505UA",
        "N14731",
        "N14120",
        "N281VA",
        "N282VA",
        "N629VA",
        "N835VA",
        "N361VA",
        "N639VA",
        "N624VA",
        "N617SW",
        "N281WN",
        "N700GS",
        "N421LV",
        "N8628A",
        "N458WN",
        "N425LV",
        "N959SW",
        "N983SW",
        "N7728D",
        "N553WN",
        "N564WN",
        "N663SW",
        "N526SW",
        "N7833A",
        "N828UA",
        "N37274",
        "N852UA",
        "N750SA",
        "N489WN",
        "N8613K",
        "N788SA",
        "N412WN",
        "N7741C",
        "N952WN",
        "N962WN",
        "N475WN",
        "N635SW",
        "N7815L",
        "N550WN",
        "N947WN",
        "N8310C",
        "N368SW",
        "N364SW",
        "N795SW",
        "N7817J",
        "N7726A",
        "N226WN",
        "N398SW",
        "N8611F",
        "N7734H",
        "N365SW",
        "N757LV",
        "N718SW",
        "N7705A",
        "N8315C",
        "N488WN",
        "N459WN",
        "N7708E",
        "N490WN",
        "N658SW",
        "N249WN",
        "N920WN",
        "N789SW",
        "N909WN",
        "N623SW",
        "N560WN",
        "N796SW",
        "N701GS",
        "N8601C",
        "N621SW",
        "N610WN",
        "N613SW",
        "N762SW",
        "N225WN",
        "N619SW",
        "N420WN",
        "N8652B",
        "N492WN",
        "N522SW",
        "N514SW",
        "N651SW",
        "N8308K",
        "N229WN",
        "N793SA",
        "N782SA",
        "N379SW",
        "N790SW",
        "N360SW",
        "N7818L",
        "N7720F",
        "N449WN",
        "N453WN",
        "N565WN",
        "N7743B",
        "N434WN",
        "N271LV",
        "N527SW",
        "N7835A",
        "N559WN",
        "N231WN",
        "N8672F",
        "N624SW",
        "N255WN",
        "N916WN",
        "N411WN",
        "N496WN",
        "N252WN",
        "N456WN",
        "N406WN",
        "N656SW",
        "N241WN",
        "N467WN",
        "N270WN",
        "N37700",
        "N552NW",
        "N374DA",
        "N954DL",
        "N130DL",
        "N304JB",
        "N284JB",
        "N937DN",
        "N363NW",
        "N359NB",
        "N902DE",
        "N801DZ",
        "N951DL",
        "N997AT",
        "N913DL",
        "N603AT",
        "N933DL",
        "N3743H",
        "N335NB",
        "N702TW",
        "N706TW",
        "N922DX",
        "N999DN",
        "N366NB",
        "N934AT",
        "N985AT",
        "N826DN",
        "N352NW",
        "N834DN",
        "N384DA",
        "N355NW",
        "N349NW",
        "N940AT",
        "N326US",
        "N751AT",
        "N990AT",
        "N806DN",
        "N976DL",
        "N982AT",
        "N910AT",
        "N819DN",
        "N961DL",
        "N568UW",
        "N994DL",
        "N924DN",
        "N325US",
        "N308DE",
        "N940DL",
        "N912DL",
        "N323NB",
        "N671DN",
        "N357NB",
        "N633DL",
        "N962DN",
        "N935DL",
        "N659DL",
        "N582NW",
        "N3759",
        "N827DN",
        "N398DA",
        "N556NW",
        "N546UW",
        "N314US",
        "N944AT",
        "N930DN",
        "N945DL",
        "N803DN",
        "N305DQ",
        "N985DL",
        "N925DL",
        "N294JB",
        "N348JB",
        "N3750D",
        "N6703D",
        "N3757D",
        "N329NB",
        "N972DL",
        "N983AT",
        "N816DN",
        "N144DA",
        "N974DL",
        "N907DA",
        "N371NB",
        "N931DN",
        "N618DL",
        "N906EV",
        "N877AS",
        "N908EV",
        "N902EV",
        "N673AE",
        "N678AE",
        "N12195",
        "N11551",
        "N671AE",
        "N12564",
        "N14203",
        "N12166",
        "N21154",
        "N14148",
        "N17560",
        "N14904",
        "N14158",
        "N11199",
        "N12136",
        "N17146",
        "N13566",
        "N13989",
        "N14905",
        "N12921",
        "N15574",
        "N33182",
        "N14143",
        "N21197",
        "N14177",
        "N17108",
        "N14558",
        "N11194",
        "N15555",
        "N13995",
        "N14570",
        "N195PQ",
        "N16559",
        "N13538",
        "N868AS",
        "N755EV",
        "N311US",
        "N741EV",
        "N611QX",
        "N14568",
        "N606LR",
        "N740EV",
        "N166PQ",
        "N612QX",
        "N878AS",
        "N916EV",
        "N857AS",
        "N923EV",
        "N854AS",
        "N135EV",
        "N761ND",
        "N614QX",
        "N713EV",
        "N11544",
        "N16183",
        "N16149",
        "N13550",
        "N13132",
        "N13903",
        "N14204",
        "N709EV",
        "N707EV",
        "N11150",
        "N25134",
        "N11127",
        "N13133"
    ],
    "embedding": [
        -0.3190212845802307,
        0.20795759558677673,
        0.1891520619392395,
        0.2725958824157715,
        0.27660036087036133,
        0.3504554331302643,
        0.3015713691711426,
        -0.36577916145324707,
        -0.27818790078163147,
        -0.16684705018997192,
        0.3371032774448395,
        -0.2146139144897461,
        0.12276314198970795,
        0.32319605350494385,
        -0.3180325925350189,
        0.1686074137687683,
        -0.2919185757637024,
        0.13843421638011932,
        0.1857425719499588,
        -0.15465953946113586,
        -0.25134435296058655,
        0.25156375765800476,
        -0.17425231635570526,
        -0.30884769558906555,
        0.310491681098938,
        0.2885335087776184,
        0.1362481415271759,
        -0.3539341390132904,
        0.15056337416172028,
        0.26609355211257935,
        -0.4066055119037628,
        -0.24082988500595093,
        0.3388485014438629,
        0.47199979424476624,
        0.17061765491962433,
        -0.3330080807209015,
        0.18720531463623047,
        -0.17466256022453308,
        -0.2633386254310608,
        0.30911973118782043,
        -0.17460589110851288,
        0.047876402735710144,
        0.17657111585140228,
        -0.0956987589597702,
        -0.1776306927204132,
        0.1786307394504547,
        -0.1452162265777588,
        -0.16531702876091003,
        -0.20713526010513306,
        -0.33670422434806824,
        -0.18104083836078644,
        0.17517971992492676,
        0.16324184834957123,
        0.1674453616142273,
        -0.13642418384552002,
        0.15602079033851624,
        -0.157744899392128,
        0.1440320611000061,
        0.327953577041626,
        0.34047168493270874,
        -0.23458200693130493,
        0.1514514684677124,
        -0.14363102614879608,
        0.311744749546051,
        0.17818722128868103,
        0.21167738735675812,
        0.17283838987350464,
        0.23804977536201477,
        0.18243658542633057,
        0.15272246301174164,
        -0.35566022992134094,
        -0.12099646031856537,
        -0.36281776428222656,
        0.1392301321029663,
        0.3690539300441742,
        -0.1773362010717392,
        0.32748687267303467,
        0.15851470828056335,
        0.1259140968322754,
        0.22244490683078766,
        0.36915966868400574,
        0.18720705807209015,
        -0.6466973423957825,
        -0.3477097749710083,
        -0.34620994329452515,
        0.39981627464294434,
        0.27949443459510803,
        -0.4256775379180908,
        -0.19931083917617798,
        -0.5127066969871521,
        -0.18355363607406616,
        -0.38086751103401184,
        -0.24613593518733978,
        0.3034800887107849,
        0.1310199499130249,
        -0.8560032248497009,
        -0.14839942753314972,
        0.2827032804489136,
        -0.1242959201335907,
        -0.1700967699289322,
        0.3363020122051239,
        -0.32315823435783386,
        -0.3472825884819031,
        -0.15444323420524597,
        0.22704704105854034,
        0.18475615978240967,
        -0.17777696251869202,
        0.24919730424880981,
        -0.173955500125885,
        -0.18268181383609772,
        0.2134990394115448,
        0.16653575003147125,
        -0.2581266462802887,
        0.39432239532470703,
        -0.29447463154792786,
        0.3018642067909241,
        -0.1688775271177292,
        0.3541603684425354,
        0.1488315463066101,
        0.16545768082141876,
        0.3510715365409851,
        0.1655164361000061,
        0.2523527443408966,
        -0.3331693708896637,
        -0.18807515501976013,
        -0.17977002263069153,
        0.1843099594116211,
        -0.34956660866737366,
        0.24122031033039093,
        0.17096778750419617,
        0.35412225127220154,
        -0.17764897644519806,
        -0.16448023915290833,
        -0.23735582828521729,
        -0.34127500653266907,
        -0.31304484605789185,
        -0.24267034232616425,
        -0.059958476573228836,
        -0.34470096230506897,
        0.1860252022743225,
        -0.18588818609714508,
        0.3153936564922333,
        -0.18175062537193298,
        -0.16005106270313263,
        0.3256107568740845,
        0.17630478739738464,
        -0.016094302758574486,
        0.17512008547782898,
        -0.16515299677848816,
        0.10351034998893738,
        0.18827059864997864,
        -0.1676146686077118,
        0.18786339461803436,
        0.2687603235244751,
        0.3544553518295288,
        -0.24305224418640137,
        0.39271724224090576,
        0.1644923985004425,
        0.29626700282096863,
        0.30937841534614563,
        0.1806764304637909,
        0.18647685647010803,
        -0.16170579195022583,
        -0.17293936014175415,
        -0.3324693441390991,
        0.22104892134666443,
        -0.3073371350765228,
        -0.2448497712612152,
        0.2657739520072937,
        0.1313883513212204,
        -0.19416444003582,
        0.1774318367242813,
        -0.32268837094306946,
        0.1659471094608307,
        0.2573065757751465,
        0.24947525560855865,
        0.31793203949928284,
        -0.16944178938865662,
        0.3563815951347351,
        0.3223419189453125,
        -0.17233982682228088,
        -0.24993398785591125,
        -0.18619245290756226,
        -0.18973127007484436,
        -0.1525781899690628,
        -0.16303066909313202,
        -0.3674432039260864,
        -0.269881933927536,
        0.33557963371276855,
        -0.17424246668815613,
        -0.16214939951896667,
        -0.3400176465511322,
        -0.16961769759655,
        0.31235116720199585,
        -0.28009042143821716,
        0.37531155347824097,
        0.21359564363956451,
        -0.33343446254730225,
        0.3162398636341095,
        -0.2404233068227768,
        0.16455937922000885,
        0.15329326689243317,
        -0.17031842470169067,
        0.15205919742584229,
        0.17776763439178467,
        0.016590362414717674,
        -0.18272681534290314,
        -0.07445906847715378,
        0.1748298555612564,
        -0.159724622964859,
        0.1474212408065796,
        0.15749135613441467,
        0.20066367089748383,
        0.18122906982898712,
        -0.1655254065990448,
        0.18639376759529114,
        0.28104329109191895,
        -0.34433701634407043,
        0.2991841733455658,
        -0.33753302693367004,
        -0.16927117109298706,
        0.1612316519021988,
        0.1903747022151947,
        0.3485683798789978,
        -0.37517979741096497,
        0.17323315143585205,
        -0.5028179883956909,
        0.31959816813468933,
        -0.1623733639717102,
        0.29872745275497437,
        0.11903340369462967,
        0.32378047704696655,
        0.15973100066184998,
        -0.18649272620677948,
        -0.1427866518497467,
        0.18389669060707092,
        0.16629479825496674,
        0.3126643896102905,
        0.15535728633403778,
        0.31683409214019775,
        -0.35723450779914856,
        -0.2017587125301361,
        0.17961043119430542,
        0.17559434473514557,
        -0.16562506556510925,
        -0.15917553007602692,
        -0.3372945189476013,
        -0.32408568263053894,
        -0.3005320429801941,
        -0.24399933218955994,
        -0.3824631869792938,
        -0.35403966903686523,
        0.18551230430603027,
        0.11117775738239288,
        0.31863531470298767,
        0.17001134157180786,
        0.3537563979625702,
        -0.16388960182666779,
        -0.33049020171165466,
        -0.3626258075237274,
        -0.15563209354877472,
        0.18358497321605682,
        0.16202174127101898,
        0.24953673779964447,
        -0.14823022484779358,
        -0.32711049914360046,
        -0.3308333456516266,
        0.16182000935077667,
        0.372697651386261,
        -0.3302118182182312,
        0.3804521858692169,
        -0.24297882616519928,
        0.3521750569343567,
        -0.3351113200187683,
        0.3801262378692627,
        -0.4999265670776367,
        -0.1452709287405014,
        0.17681768536567688,
        -0.16593582928180695,
        0.15821102261543274,
        -0.1751435399055481,
        -0.195138618350029,
        -0.2695404291152954,
        -0.36341917514801025,
        -0.16028907895088196,
        -0.15756656229496002,
        0.3147778809070587,
        -0.18411527574062347,
        -0.3474181294441223,
        -0.13766677677631378,
        -0.16441091895103455,
        0.3352406620979309,
        0.37474873661994934,
        -0.30483177304267883,
        -0.17774951457977295,
        0.2069348841905594,
        -0.1720665842294693,
        -0.17533135414123535,
        0.23062612116336823,
        0.36023595929145813
    ],
    "embedding_scaling_factor": 1.449586272239685,
    "samples": [],
    "category_values_ratio": {
        "N617SW": 4,
        "N877AS": 4,
        "N4YTAA": 3,
        "N365SW": 3,
        "N508AS": 3,
        "N438SW": 2,
        "N443SW": 2,
        "N823AS": 2,
        "N607SK": 2,
        "N416SW": 2,
        "N216AG": 2,
        "N623SW": 2,
        "N549CA": 2,
        "N14121": 2,
        "N3AYAA": 2,
        "N940DL": 2,
        "N857AS": 2,
        "N554CA": 2,
        "N762SK": 2,
        "N5ECAA": 2,
        "N12564": 2,
        "N702TW": 2,
        "N33182": 2,
        "N459SW": 2,
        "N448SW": 2,
        "N595JB": 2,
        "N519JB": 2,
        "N411UA": 2,
        "N983CA": 2,
        "N364SW": 2,
        "N617QX": 2,
        "N14570": 2,
        "N21154": 2,
        "N702SK": 2,
        "N663SW": 2,
        "N16559": 2,
        "N751AT": 2,
        "N940AT": 2,
        "N474AA": 1,
        "N791AA": 1,
        "N353AA": 1,
        "N787AA": 1,
        "N365AA": 1,
        "N3GYAA": 1,
        "N868AA": 1,
        "N480AA": 1,
        "N392AA": 1,
        "N796AA": 1,
        "N3BVAA": 1,
        "N3DGAA": 1,
        "N3KFAA": 1,
        "N4YPAA": 1,
        "N3HFAA": 1,
        "N3JKAA": 1,
        "N483AA": 1,
        "N382AA": 1,
        "N3FAAA": 1,
        "N010AA": 1,
        "N3KSAA": 1,
        "N029AA": 1,
        "N3GXAA": 1,
        "N3HLAA": 1,
        "N3CUAA": 1,
        "N3KWAA": 1,
        "N3MUAA": 1,
        "N3KAAA": 1,
        "N020AA": 1,
        "N345AA": 1,
        "N3KMAA": 1,
        "N4YNAA": 1,
        "N3FMAA": 1,
        "N4WLAA": 1,
        "N3MWAA": 1,
        "N3AKAA": 1,
        "N531JB": 1,
        "N523JB": 1,
        "N599JB": 1,
        "N3GLAA": 1,
        "N502AA": 1,
        "N3HHAA": 1,
        "N3CCAA": 1,
        "N3ANAA": 1,
        "N3HRAA": 1,
        "N3CWAA": 1,
        "N3DEAA": 1,
        "N4WJAA": 1,
        "N3GWAA": 1,
        "N3CVAA": 1,
        "N879AA": 1,
        "N873AA": 1,
        "N3BEAA": 1,
        "N548AA": 1,
        "N3DPAA": 1,
        "N855AA": 1,
        "N3AEAA": 1,
        "N3ASAA": 1,
        "N3AHAA": 1,
        "N514AA": 1,
        "N3LSAA": 1,
        "N5EHAA": 1,
        "N3KHAA": 1,
        "N3AJAA": 1,
        "N581AA": 1,
        "N882AA": 1,
        "N3DJAA": 1,
        "N433AS": 1,
        "N5FPAA": 1,
        "N4XBAA": 1,
        "N531AS": 1,
        "N591JB": 1,
        "N764AS": 1,
        "N537UW": 1,
        "N535UW": 1,
        "N717UW": 1,
        "N963UW": 1,
        "N722US": 1,
        "N583UW": 1,
        "N104UW": 1,
        "N912UY": 1,
        "N755US": 1,
        "N191UW": 1,
        "N119US": 1,
        "N3JXAA": 1,
        "N505JB": 1,
        "N007AA": 1,
        "N5FMAA": 1,
        "N4UCAA": 1,
        "N676AW": 1,
        "N677UA": 1,
        "N806AW": 1,
        "N117UW": 1,
        "N563AS": 1,
        "N317AS": 1,
        "N791AS": 1,
        "N793AS": 1,
        "N925UY": 1,
        "N576UW": 1,
        "N519UW": 1,
        "N594AS": 1,
        "N535JB": 1,
        "N3GAAA": 1,
        "N569AS": 1,
        "N436AA": 1,
        "N3HCAA": 1,
        "N3GCAA": 1,
        "N3MVAA": 1,
        "N319AS": 1,
        "N769AS": 1,
        "N768AS": 1,
        "N479AS": 1,
        "N559AS": 1,
        "N579AS": 1,
        "N538AS": 1,
        "N778AS": 1,
        "N568AS": 1,
        "N453AS": 1,
        "N423AS": 1,
        "N487AS": 1,
        "N938SW": 1,
        "N529AS": 1,
        "N408AS": 1,
        "N469AS": 1,
        "N558AS": 1,
        "N760JB": 1,
        "N510JB": 1,
        "N706JB": 1,
        "N923JB": 1,
        "N3HDAA": 1,
        "N3KXAA": 1,
        "N467AS": 1,
        "N298JB": 1,
        "N579JB": 1,
        "N928EV": 1,
        "N609SK": 1,
        "N778SK": 1,
        "N653JB": 1,
        "N527JB": 1,
        "N571JB": 1,
        "N568JB": 1,
        "N337JB": 1,
        "N632JB": 1,
        "N236JB": 1,
        "N206JB": 1,
        "N797SK": 1,
        "N508JB": 1,
        "N520JB": 1,
        "N715JB": 1,
        "N625JB": 1,
        "N665JB": 1,
        "N900DE": 1,
        "N128UW": 1,
        "N779JB": 1,
        "N639JB": 1,
        "N659JB": 1,
        "N480HA": 1,
        "N628NK": 1,
        "N485HA": 1,
        "N906FR": 1,
        "N227FR": 1,
        "N594HA": 1,
        "N478HA": 1,
        "N582HA": 1,
        "N943FR": 1,
        "N930AT": 1,
        "N603JB": 1,
        "N656JB": 1,
        "N623JB": 1,
        "N618NK": 1,
        "N187PQ": 1,
        "N822SK": 1,
        "N135SY": 1,
        "N740SK": 1,
        "N930EV": 1,
        "N634NK": 1,
        "N869AS": 1,
        "N531NK": 1,
        "N706SK": 1,
        "N956SW": 1,
        "N702BR": 1,
        "N477CA": 1,
        "N506CA": 1,
        "N418SW": 1,
        "N652BR": 1,
        "N973SW": 1,
        "N732SK": 1,
        "N170SY": 1,
        "N935SW": 1,
        "N227AG": 1,
        "N632SK": 1,
        "N803SK": 1,
        "N616QX": 1,
        "N461SW": 1,
        "N454SW": 1,
        "N631SK": 1,
        "N629BR": 1,
        "N965SW": 1,
        "N784SK": 1,
        "N144SY": 1,
        "N758SK": 1,
        "N496CA": 1,
        "N641CA": 1,
        "N621JB": 1,
        "N951FR": 1,
        "N526JB": 1,
        "N904AW": 1,
        "N455SW": 1,
        "N693BR": 1,
        "N18557": 1,
        "N608SK": 1,
        "N613SK": 1,
        "N455CA": 1,
        "N915EV": 1,
        "N675BR": 1,
        "N8933B": 1,
        "N679CA": 1,
        "N625CA": 1,
        "N961SW": 1,
        "N679SA": 1,
        "N963SW": 1,
        "N728SK": 1,
        "N497UA": 1,
        "N946SW": 1,
        "N707SK": 1,
        "N776SK": 1,
        "N437SW": 1,
        "N460SW": 1,
        "N951SW": 1,
        "N913SW": 1,
        "N791SK": 1,
        "N785SK": 1,
        "N108SY": 1,
        "N748SK": 1,
        "N978SW": 1,
        "N937SW": 1,
        "N958SW": 1,
        "N804SK": 1,
        "N14231": 1,
        "N447SW": 1,
        "N473UA": 1,
        "N14977": 1,
        "N491UA": 1,
        "N457UA": 1,
        "N68807": 1,
        "N932EV": 1,
        "N957SW": 1,
        "N979SW": 1,
        "N848UA": 1,
        "N33132": 1,
        "N814UA": 1,
        "N37468": 1,
        "N772UA": 1,
        "N408UA": 1,
        "N62889": 1,
        "N494UA": 1,
        "N75410": 1,
        "N24706": 1,
        "N67827": 1,
        "N420UA": 1,
        "N37413": 1,
        "N27722": 1,
        "N14118": 1,
        "N38727": 1,
        "N26910": 1,
        "N783CA": 1,
        "N476UA": 1,
        "N3GUAA": 1,
        "N77431": 1,
        "N37255": 1,
        "N37466": 1,
        "N713AS": 1,
        "N962DN": 1,
        "N193UW": 1,
        "N398SW": 1,
        "N7833A": 1,
        "N37274": 1,
        "N249WN": 1,
        "N718SW": 1,
        "N7726A": 1,
        "N226WN": 1,
        "N8611F": 1,
        "N3EFAA": 1,
        "N7734H": 1,
        "N757LV": 1,
        "N7705A": 1,
        "N852UA": 1,
        "N552NW": 1,
        "N488WN": 1,
        "N73406": 1,
        "N73291": 1,
        "N66831": 1,
        "N853UA": 1,
        "N34455": 1,
        "N437UA": 1,
        "N39415": 1,
        "N77510": 1,
        "N69885": 1,
        "N505UA": 1,
        "N14731": 1,
        "N14120": 1,
        "N281VA": 1,
        "N282VA": 1,
        "N629VA": 1,
        "N835VA": 1,
        "N361VA": 1,
        "N459WN": 1,
        "N7708E": 1,
        "N490WN": 1,
        "N489WN": 1,
        "N12921": 1,
        "N14148": 1,
        "N14905": 1,
        "N13566": 1,
        "N17146": 1,
        "N12136": 1,
        "N11199": 1,
        "N14158": 1,
        "N14904": 1,
        "N13989": 1,
        "N374DA": 1,
        "N902DE": 1,
        "N37700": 1,
        "N750SA": 1,
        "N8613K": 1,
        "N658SW": 1,
        "N788SA": 1,
        "N412WN": 1,
        "N7741C": 1,
        "N952WN": 1,
        "N962WN": 1,
        "N475WN": 1,
        "N635SW": 1,
        "N7815L": 1,
        "N550WN": 1,
        "N947WN": 1,
        "N8310C": 1,
        "N368SW": 1,
        "N795SW": 1,
        "N7817J": 1,
        "N526SW": 1,
        "N564WN": 1,
        "N553WN": 1,
        "N3ALAA": 1,
        "N241WN": 1,
        "N656SW": 1,
        "N406WN": 1,
        "N456WN": 1,
        "N7835A": 1,
        "N252WN": 1,
        "N411WN": 1,
        "N916WN": 1,
        "N255WN": 1,
        "N624SW": 1,
        "N8672F": 1,
        "N231WN": 1,
        "N496WN": 1,
        "N514SW": 1,
        "N610WN": 1,
        "N270WN": 1,
        "N701GS": 1,
        "N762SW": 1,
        "N225WN": 1,
        "N8601C": 1,
        "N619SW": 1,
        "N621SW": 1,
        "N560WN": 1,
        "N796SW": 1,
        "N613SW": 1,
        "N522SW": 1,
        "N420WN": 1,
        "N8652B": 1,
        "N909WN": 1,
        "N492WN": 1,
        "N467WN": 1,
        "N559WN": 1,
        "N7728D": 1,
        "N434WN": 1,
        "N983SW": 1,
        "N959SW": 1,
        "N828UA": 1,
        "N425LV": 1,
        "N8628A": 1,
        "N421LV": 1,
        "N700GS": 1,
        "N281WN": 1,
        "N624VA": 1,
        "N639VA": 1,
        "N458WN": 1,
        "N920WN": 1,
        "N8315C": 1,
        "N379SW": 1,
        "N7743B": 1,
        "N527SW": 1,
        "N565WN": 1,
        "N453WN": 1,
        "N449WN": 1,
        "N7720F": 1,
        "N271LV": 1,
        "N7818L": 1,
        "N790SW": 1,
        "N789SW": 1,
        "N782SA": 1,
        "N793SA": 1,
        "N229WN": 1,
        "N8308K": 1,
        "N360SW": 1,
        "N651SW": 1,
        "N15574": 1,
        "N14143": 1,
        "N21197": 1,
        "N801DZ": 1,
        "N944AT": 1,
        "N314US": 1,
        "N546UW": 1,
        "N305DQ": 1,
        "N961DL": 1,
        "N819DN": 1,
        "N910AT": 1,
        "N3743H": 1,
        "N933DL": 1,
        "N603AT": 1,
        "N913DL": 1,
        "N997AT": 1,
        "N951DL": 1,
        "N335NB": 1,
        "N359NB": 1,
        "N945DL": 1,
        "N363NW": 1,
        "N937DN": 1,
        "N284JB": 1,
        "N304JB": 1,
        "N130DL": 1,
        "N76517": 1,
        "N329NB": 1,
        "N706TW": 1,
        "N999DN": 1,
        "N982AT": 1,
        "N976DL": 1,
        "N806DN": 1,
        "N990AT": 1,
        "N326US": 1,
        "N930DN": 1,
        "N803DN": 1,
        "N922DX": 1,
        "N357NB": 1,
        "N486AA": 1,
        "N3NCAA": 1,
        "N906AW": 1,
        "N765AS": 1,
        "N75435": 1,
        "N73275": 1,
        "N447UA": 1,
        "N994DL": 1,
        "N924DN": 1,
        "N325US": 1,
        "N308DE": 1,
        "N912DL": 1,
        "N323NB": 1,
        "N671DN": 1,
        "N633DL": 1,
        "N985DL": 1,
        "N935DL": 1,
        "N659DL": 1,
        "N582NW": 1,
        "N3759": 1,
        "N827DN": 1,
        "N398DA": 1,
        "N556NW": 1,
        "N3757D": 1,
        "N6703D": 1,
        "N3750D": 1,
        "N348JB": 1,
        "N294JB": 1,
        "N925DL": 1,
        "N568UW": 1,
        "N349NW": 1,
        "N355NW": 1,
        "N14177": 1,
        "N678AE": 1,
        "N13903": 1,
        "N13550": 1,
        "N16149": 1,
        "N16183": 1,
        "N11544": 1,
        "N713EV": 1,
        "N614QX": 1,
        "N13132": 1,
        "N954DL": 1,
        "N15555": 1,
        "N14558": 1,
        "N671AE": 1,
        "N11551": 1,
        "N12195": 1,
        "N673AE": 1,
        "N14204": 1,
        "N902EV": 1,
        "N14203": 1,
        "N908EV": 1,
        "N618DL": 1,
        "N931DN": 1,
        "N371NB": 1,
        "N907DA": 1,
        "N974DL": 1,
        "N144DA": 1,
        "N906EV": 1,
        "N11194": 1,
        "N12166": 1,
        "N17560": 1,
        "N17108": 1,
        "N135EV": 1,
        "N709EV": 1,
        "N834DN": 1,
        "N606LR": 1,
        "N352NW": 1,
        "N826DN": 1,
        "N985AT": 1,
        "N934AT": 1,
        "N366NB": 1,
        "N384DA": 1,
        "N972DL": 1,
        "N983AT": 1,
        "N816DN": 1,
        "N916EV": 1,
        "N878AS": 1,
        "N612QX": 1,
        "N166PQ": 1,
        "N740EV": 1,
        "N923EV": 1,
        "N707EV": 1,
        "N14568": 1,
        "N741EV": 1,
        "N311US": 1,
        "N755EV": 1,
        "N868AS": 1,
        "N13538": 1,
        "N195PQ": 1,
        "N611QX": 1,
        "N13995": 1,
        "N854AS": 1,
        "N761ND": 1,
        "N11127": 1,
        "N25134": 1,
        "N11150": 1,
        "N13133": 1
    },
    "nrows": 445827
}