{
    "column_id": "Yelp/Yelp.csvYelp.csv/average_stars",
    "dataset_name": "Yelp.csv",
    "dataset_id": "Yelp/Yelp.csv",
    "path": "/home/ubuntu/CatDB/Experiments/data/Yelp/Yelp.csv",
    "table_name": "Yelp.csv",
    "table_id": "Yelp/Yelp.csvYelp.csv",
    "column_name": "average_stars",
    "data_source": "Yelp",
    "data_type": "float",
    "total_values_count": 229907,
    "distinct_values_count": 331,
    "missing_values_count": 14028,
    "true_ratio": null,
    "min_value": 0.0,
    "max_value": 5.0,
    "mean": 3.7567649933527503,
    "median": 3.78,
    "iqr": 0.54,
    "category_values": [
        3.45,
        3.7,
        4.24,
        4.16,
        3.94,
        3.28,
        3.46,
        4.0,
        4.83,
        3.53,
        3.0,
        4.02,
        3.42,
        3.88,
        3.55,
        4.27,
        3.66,
        3.69,
        4.2,
        4.64,
        3.63,
        3.03,
        3.34,
        3.89,
        3.68,
        4.07,
        3.78,
        5.0,
        3.87,
        3.83,
        3.8,
        3.48,
        3.65,
        3.84,
        3.75,
        3.62,
        3.85,
        3.05,
        4.38,
        3.79,
        2.75,
        3.38,
        3.5,
        3.86,
        3.82,
        3.99,
        3.81,
        3.91,
        4.03,
        3.74,
        4.25,
        3.77,
        3.57,
        3.71,
        3.4,
        3.64,
        3.14,
        2.92,
        3.98,
        3.59,
        3.6,
        4.33,
        3.96,
        4.79,
        2.88,
        3.51,
        4.06,
        3.41,
        3.72,
        2.0,
        4.08,
        2.67,
        4.48,
        3.3,
        4.89,
        3.04,
        3.67,
        3.11,
        3.37,
        4.11,
        2.59,
        4.22,
        3.9,
        4.18,
        1.8,
        2.91,
        3.49,
        3.95,
        4.28,
        3.17,
        4.14,
        4.36,
        3.73,
        1.67,
        3.13,
        3.06,
        3.61,
        3.35,
        4.5,
        3.47,
        3.56,
        4.75,
        3.33,
        3.25,
        1.0,
        2.95,
        3.52,
        4.26,
        2.5,
        3.2,
        3.32,
        3.76,
        4.09,
        1.5,
        3.93,
        4.05,
        3.54,
        3.29,
        3.43,
        4.01,
        4.67,
        4.4,
        3.97,
        2.8,
        4.72,
        2.83,
        3.23,
        4.12,
        3.92,
        3.58,
        1.75,
        4.71,
        3.09,
        4.15,
        4.62,
        4.13,
        2.6,
        4.29,
        2.9,
        4.52,
        4.21,
        4.1,
        4.63,
        3.16,
        2.96,
        3.15,
        4.35,
        4.3,
        3.12,
        4.23,
        3.36,
        4.46,
        4.32,
        4.43,
        4.55,
        4.44,
        3.39,
        2.33,
        3.31,
        2.97,
        3.21,
        3.01,
        2.72,
        3.44,
        3.26,
        4.82,
        3.27,
        4.04,
        4.47,
        2.25,
        3.19,
        2.93,
        4.6,
        3.18,
        3.22,
        4.37,
        4.31,
        4.17,
        4.53,
        1.71,
        1.33,
        2.76,
        4.85,
        4.42,
        2.58,
        3.02,
        4.88,
        4.19,
        4.8,
        2.77,
        2.84,
        2.14,
        4.61,
        4.57,
        4.59,
        2.65,
        2.13,
        2.79,
        2.43,
        4.7,
        2.87,
        2.15,
        2.47,
        2.86,
        2.85,
        2.57,
        2.16,
        2.71,
        2.82,
        4.45,
        2.54,
        4.77,
        4.92,
        3.08,
        3.24,
        2.27,
        2.94,
        4.94,
        4.41,
        1.59,
        4.34,
        2.38,
        4.69,
        3.07,
        4.56,
        2.46,
        4.49,
        1.86,
        2.4,
        2.3,
        2.36,
        4.39,
        3.1,
        2.22,
        2.45,
        2.56,
        2.42,
        2.11,
        1.57,
        4.65,
        2.64,
        2.7,
        2.32,
        4.54,
        2.29,
        2.78,
        2.89,
        2.81,
        2.2,
        2.44,
        1.17,
        2.62,
        4.76,
        4.9,
        4.84,
        4.87,
        1.62,
        1.83,
        2.69,
        2.98,
        4.66,
        1.6,
        2.37,
        4.73,
        4.86,
        2.48,
        2.17,
        4.78,
        4.58,
        1.9,
        1.36,
        2.31,
        2.74,
        2.73,
        4.81,
        2.26,
        1.46,
        2.68,
        2.19,
        2.55,
        4.91,
        1.25,
        2.61,
        2.24,
        2.99,
        2.04,
        1.44,
        4.96,
        4.68,
        1.85,
        2.49,
        1.23,
        2.53,
        1.78,
        1.94,
        2.28,
        4.93,
        4.74,
        4.51,
        1.79,
        1.43,
        2.12,
        2.1,
        1.88,
        1.92,
        1.73,
        1.12,
        1.4,
        1.61,
        1.89,
        1.56,
        2.35,
        2.06,
        2.08,
        2.66,
        2.23,
        2.18,
        1.82,
        1.29,
        4.97,
        2.63,
        1.2,
        1.14,
        2.41,
        2.52,
        2.09,
        0.0,
        1.27,
        2.07,
        1.09,
        1.87
    ],
    "embedding": [
        -0.23339995741844177,
        0.0578448511660099,
        -0.018149131909012794,
        0.08721718192100525,
        -0.06668446958065033,
        0.10224904865026474,
        -0.08809813112020493,
        0.06769190728664398,
        0.1525215208530426,
        0.2792927026748657,
        -0.0411730632185936,
        -0.03399920463562012,
        0.013785799965262413,
        -0.004324852488934994,
        0.1974257081747055,
        1.4177480807120446e-05,
        0.0007015151786617935,
        -0.029818231239914894,
        0.19743101298809052,
        0.06993833184242249,
        0.20809724926948547,
        -0.20015984773635864,
        0.1427573263645172,
        -0.007812193129211664,
        -0.13370566070079803,
        -0.06957358866930008,
        -0.11204860359430313,
        0.00615046126767993,
        0.05522618070244789,
        -0.20589838922023773,
        0.038423292338848114,
        -0.1802821159362793,
        0.17068295180797577,
        -0.10008379071950912,
        -0.0010065834503620863,
        0.0810590386390686,
        0.011146771721541882,
        -0.0420154333114624,
        -0.207059845328331,
        -0.1736532300710678,
        -0.03110654652118683,
        0.17397712171077728,
        -0.15583257377147675,
        0.18393594026565552,
        -0.013125214725732803,
        -0.0006672816234640777,
        -0.09117253869771957,
        0.09038149565458298,
        -0.09423539787530899,
        -0.0367431566119194,
        0.11029430478811264,
        0.005841681268066168,
        0.14014963805675507,
        -0.15223626792430878,
        0.07888176292181015,
        -0.221103236079216,
        0.028227675706148148,
        0.056516729295253754,
        -0.23142226040363312,
        -0.2221391499042511,
        0.22435015439987183,
        0.18078827857971191,
        -0.1869248002767563,
        0.14004163444042206,
        -0.19946202635765076,
        -0.06597135961055756,
        0.15130062401294708,
        0.07043248414993286,
        0.04616871848702431,
        0.03615730255842209,
        0.10953272134065628,
        0.20524494349956512,
        -0.05931024253368378,
        0.0053583369590342045,
        0.08335036039352417,
        0.10885913670063019,
        0.10771661251783371,
        -0.15664683282375336,
        0.22750653326511383,
        -0.043277572840452194,
        0.1747015118598938,
        0.17489093542099,
        -0.14275594055652618,
        -0.016145145520567894,
        -0.1656535416841507,
        0.14260336756706238,
        0.1614677459001541,
        -0.09661082178354263,
        0.06471477448940277,
        0.03877967596054077,
        -0.19098234176635742,
        0.1098942831158638,
        0.10523959249258041,
        0.08006500452756882,
        0.09669909626245499,
        0.029423177242279053,
        0.18272319436073303,
        0.09284751117229462,
        -0.18860666453838348,
        -0.2517021596431732,
        -0.029344530776143074,
        -0.019505327567458153,
        0.16622689366340637,
        -0.0058315349742770195,
        -0.11847606301307678,
        -0.05769886448979378,
        -0.1688457578420639,
        0.04352141171693802,
        0.0970921590924263,
        -0.03292529284954071,
        -0.04983953386545181,
        -0.009892264381051064,
        -0.0721094161272049,
        -0.17552122473716736,
        -0.10687629878520966,
        -0.031228814274072647,
        -0.12603721022605896,
        -0.09112019836902618,
        -0.17785130441188812,
        -0.09019000083208084,
        0.19575642049312592,
        0.07225336879491806,
        -0.058215487748384476,
        -0.16762904822826385,
        0.07565317302942276,
        0.06534779816865921,
        0.2589654326438904,
        0.15020550787448883,
        -0.10064392536878586,
        -0.06182178109884262,
        -0.06737412512302399,
        -0.16092124581336975,
        0.08836327493190765,
        -0.1119159385561943,
        -0.19508178532123566,
        -0.0897597000002861,
        0.01770826056599617,
        0.15052670240402222,
        -0.2092006802558899,
        -0.03620484098792076,
        -0.03010159730911255,
        -0.22144202888011932,
        0.16989177465438843,
        0.03832986205816269,
        -0.00416018208488822,
        0.16213342547416687,
        -0.17298546433448792,
        0.2045793980360031,
        0.15050147473812103,
        0.087761789560318,
        0.029705701395869255,
        -0.0031790270004421473,
        -0.24549193680286407,
        0.03234565630555153,
        -0.19761617481708527,
        0.07330291718244553,
        0.02234639599919319,
        0.10259103029966354,
        0.11224710196256638,
        -0.10485264658927917,
        -0.16591417789459229,
        0.16762016713619232,
        -0.15907177329063416,
        -0.1649520993232727,
        0.07022450864315033,
        -0.004033819772303104,
        -0.18439315259456635,
        0.08423768728971481,
        0.14280696213245392,
        -0.050151992589235306,
        0.12587064504623413,
        0.031122427433729172,
        -0.24663405120372772,
        0.015053686685860157,
        -0.1641276627779007,
        0.19791117310523987,
        -0.04358472302556038,
        -0.19020269811153412,
        0.06403063237667084,
        0.23539462685585022,
        -0.03611421212553978,
        0.07426886260509491,
        -0.12115219980478287,
        -0.18862830102443695,
        -0.039028529077768326,
        0.03351327031850815,
        -0.0899578183889389,
        -0.07843922823667526,
        -0.013204632326960564,
        0.0510275773704052,
        -0.014755234122276306,
        0.09332465380430222,
        -0.15769806504249573,
        0.008723336271941662,
        -0.14076779782772064,
        -0.12536269426345825,
        -0.09887047111988068,
        0.16732370853424072,
        0.10889515280723572,
        0.11625710129737854,
        0.04390010982751846,
        -0.20351429283618927,
        0.07922478765249252,
        -0.0015642083017155528,
        -0.16325220465660095,
        0.1452266275882721,
        0.13987934589385986,
        -0.161274254322052,
        0.035289715975522995,
        -0.009901255369186401,
        0.1344066560268402,
        0.14459411799907684,
        -0.02227666787803173,
        0.05499845743179321,
        -0.10054250806570053,
        0.1326947808265686,
        -0.0941028743982315,
        0.16171331703662872,
        0.1687694638967514,
        -0.07862589508295059,
        0.0693921223282814,
        0.044361699372529984,
        0.1896957904100418,
        0.025615472346544266,
        0.12528236210346222,
        0.18273548781871796,
        -0.2070251703262329,
        -0.04571396857500076,
        0.16815531253814697,
        0.036877237260341644,
        -0.03642401099205017,
        0.048962730914354324,
        -0.06986036151647568,
        -0.11551608890295029,
        0.14851848781108856,
        0.00042139089782722294,
        -0.06314020603895187,
        -0.050146233290433884,
        0.17412155866622925,
        0.092437744140625,
        -0.04333387687802315,
        -0.04912613332271576,
        -0.07386721670627594,
        -0.2477538138628006,
        -0.1512361615896225,
        0.13325829803943634,
        0.09059882909059525,
        0.1481800228357315,
        -0.13527727127075195,
        -0.0043966812081635,
        0.19532331824302673,
        -0.2709863483905792,
        -0.1486874669790268,
        -0.058507733047008514,
        -0.09712763875722885,
        -0.008350335992872715,
        0.040213052183389664,
        0.156250461935997,
        0.05625896528363228,
        0.16985569894313812,
        -0.024140480905771255,
        0.16555152833461761,
        -0.11800424754619598,
        -0.06036796793341637,
        -0.09610260277986526,
        -0.18427914381027222,
        -0.06139615178108215,
        -0.06115441769361496,
        -0.18329894542694092,
        0.09620624780654907,
        -0.16301435232162476,
        -0.1848171204328537,
        0.16527079045772552,
        0.19675981998443604,
        -0.14952482283115387,
        -0.12175905704498291,
        -0.1794811636209488,
        -0.0009792950004339218,
        -0.19762010872364044,
        -0.17313918471336365,
        0.15472081303596497,
        -0.056974224746227264,
        -0.03852049633860588,
        0.20332102477550507,
        -0.07212350517511368,
        0.11307090520858765,
        0.14524126052856445,
        0.07174470275640488,
        -0.06798529624938965,
        -0.13296742737293243,
        0.10489900410175323,
        0.006865333300083876,
        0.10696591436862946,
        -0.17242853343486786,
        -0.2155158966779709,
        -0.022117896005511284,
        0.1602567434310913,
        0.09900039434432983,
        -0.09415759891271591,
        -0.20354929566383362
    ],
    "embedding_scaling_factor": 7.430317054968327e-05,
    "samples": [
        3.69,
        3.43,
        4.05,
        4.06,
        3.6,
        3.81,
        4.13,
        3.71,
        4.3,
        3.77,
        4.61,
        3.41,
        4.0,
        3.77,
        3.67,
        3.92,
        2.98,
        3.85,
        4.16,
        3.59,
        4.0,
        4.0,
        4.08,
        3.73,
        4.14,
        4.33,
        4.03,
        3.0,
        5.0,
        3.19,
        2.99,
        3.71,
        4.86,
        3.54,
        3.15,
        3.9,
        3.77,
        3.9,
        3.62,
        2.0,
        3.46,
        3.3,
        3.45,
        5.0,
        4.75,
        3.76,
        4.08,
        3.24,
        3.79,
        3.96,
        4.1,
        3.96,
        3.51,
        3.18,
        4.1,
        4.07,
        4.13,
        3.5,
        3.11,
        3.79,
        3.84,
        3.61,
        3.62,
        4.24,
        4.57,
        3.72,
        3.84,
        3.93,
        3.94,
        4.27,
        3.0,
        3.79,
        4.5,
        4.05,
        4.09,
        3.86,
        2.44,
        2.82,
        3.79,
        3.54,
        3.39,
        2.89,
        4.02,
        4.72,
        4.3,
        4.17,
        3.43,
        3.37,
        3.33,
        3.84,
        3.51,
        3.49,
        4.5,
        3.34,
        4.3,
        3.68
    ],
    "category_values_ratio": {
        "4.0": 9454,
        "5.0": 8060,
        "3.0": 4045,
        "3.67": 4027,
        "3.5": 3329,
        "3.71": 3049,
        "3.75": 2841,
        "4.5": 2719,
        "3.83": 2632,
        "3.73": 2621,
        "3.79": 2597,
        "3.74": 2515,
        "3.86": 2434,
        "3.9": 2429,
        "3.8": 2334,
        "3.63": 2333,
        "3.68": 2284,
        "3.85": 2248,
        "3.62": 2234,
        "3.69": 2194,
        "1.0": 2145,
        "3.81": 2141,
        "3.77": 2133,
        "3.7": 2114,
        "3.57": 2033,
        "3.43": 2021,
        "3.84": 2008,
        "3.65": 1956,
        "3.82": 1937,
        "3.95": 1928,
        "3.64": 1924,
        "3.6": 1907,
        "3.89": 1861,
        "4.29": 1792,
        "4.33": 1776,
        "3.55": 1763,
        "3.33": 1731,
        "4.08": 1726,
        "3.87": 1726,
        "4.2": 1695,
        "3.72": 1682,
        "3.88": 1678,
        "3.94": 1659,
        "4.12": 1646,
        "3.92": 1618,
        "3.53": 1606,
        "3.52": 1575,
        "4.14": 1570,
        "3.91": 1549,
        "3.78": 1538,
        "3.4": 1527,
        "4.25": 1514,
        "3.54": 1508,
        "3.76": 1505,
        "3.61": 1493,
        "3.58": 1476,
        "3.44": 1449,
        "3.93": 1422,
        "3.42": 1392,
        "4.11": 1363,
        "4.07": 1351,
        "3.96": 1351,
        "4.1": 1336,
        "3.56": 1335,
        "4.17": 1330,
        "4.05": 1268,
        "3.59": 1261,
        "4.67": 1255,
        "4.16": 1238,
        "4.04": 1235,
        "3.99": 1233,
        "3.29": 1216,
        "2.0": 1210,
        "3.66": 1205,
        "3.48": 1186,
        "4.06": 1160,
        "4.09": 1106,
        "3.97": 1077,
        "3.34": 1048,
        "4.03": 1039,
        "3.25": 1029,
        "3.45": 1018,
        "3.36": 1002,
        "3.38": 986,
        "3.49": 984,
        "3.47": 958,
        "4.4": 940,
        "3.17": 930,
        "3.51": 927,
        "3.41": 919,
        "4.02": 877,
        "3.98": 858,
        "4.27": 855,
        "4.22": 830,
        "4.15": 829,
        "3.46": 805,
        "2.5": 739,
        "4.19": 733,
        "3.37": 733,
        "4.38": 720,
        "3.3": 719,
        "3.2": 715,
        "4.6": 705,
        "4.13": 704,
        "4.18": 699,
        "4.75": 666,
        "4.44": 659,
        "4.24": 659,
        "3.32": 648,
        "4.21": 641,
        "3.19": 639,
        "3.39": 627,
        "4.31": 606,
        "4.3": 596,
        "3.31": 589,
        "4.26": 587,
        "4.01": 582,
        "4.23": 570,
        "3.12": 567,
        "3.26": 549,
        "3.35": 548,
        "4.36": 541,
        "2.67": 534,
        "2.33": 522,
        "3.14": 492,
        "4.35": 449,
        "4.32": 440,
        "3.07": 421,
        "4.43": 414,
        "4.8": 410,
        "3.27": 407,
        "3.24": 406,
        "3.22": 397,
        "3.18": 395,
        "3.06": 388,
        "4.37": 380,
        "3.15": 370,
        "2.8": 356,
        "3.1": 350,
        "4.42": 347,
        "3.21": 346,
        "3.09": 344,
        "2.75": 339,
        "4.56": 333,
        "3.23": 324,
        "2.97": 323,
        "3.11": 322,
        "2.82": 317,
        "4.57": 317,
        "3.01": 301,
        "1.5": 292,
        "2.93": 286,
        "4.55": 286,
        "2.83": 281,
        "4.71": 279,
        "2.95": 278,
        "3.28": 274,
        "3.08": 267,
        "4.62": 262,
        "4.83": 260,
        "4.45": 259,
        "4.39": 253,
        "3.13": 247,
        "2.6": 245,
        "3.16": 243,
        "4.47": 229,
        "2.86": 228,
        "4.28": 225,
        "4.48": 211,
        "2.88": 204,
        "4.46": 204,
        "4.41": 202,
        "4.64": 202,
        "4.61": 199,
        "2.89": 195,
        "2.91": 193,
        "4.52": 190,
        "4.34": 186,
        "2.94": 182,
        "2.87": 181,
        "2.92": 177,
        "2.25": 176,
        "4.53": 160,
        "2.85": 156,
        "2.4": 155,
        "4.59": 154,
        "3.05": 151,
        "4.86": 151,
        "3.04": 131,
        "3.02": 128,
        "4.65": 127,
        "4.58": 125,
        "4.88": 119,
        "2.71": 118,
        "4.63": 113,
        "2.2": 112,
        "2.47": 107,
        "2.65": 107,
        "2.78": 106,
        "4.7": 104,
        "2.57": 98,
        "2.58": 97,
        "4.78": 94,
        "1.33": 88,
        "2.62": 85,
        "2.98": 84,
        "3.03": 82,
        "2.76": 80,
        "2.72": 79,
        "4.54": 78,
        "4.69": 76,
        "2.77": 76,
        "2.9": 75,
        "1.67": 70,
        "2.29": 70,
        "2.44": 69,
        "2.43": 68,
        "2.64": 68,
        "2.56": 67,
        "4.92": 65,
        "2.7": 65,
        "4.89": 64,
        "2.79": 62,
        "2.45": 62,
        "2.81": 58,
        "2.99": 57,
        "2.84": 55,
        "4.72": 54,
        "4.49": 54,
        "4.68": 51,
        "4.9": 49,
        "1.8": 49,
        "2.59": 49,
        "4.73": 48,
        "4.81": 46,
        "1.75": 46,
        "2.26": 46,
        "4.79": 44,
        "2.96": 44,
        "4.82": 44,
        "2.17": 43,
        "2.48": 42,
        "2.55": 41,
        "2.27": 40,
        "2.74": 40,
        "4.77": 40,
        "1.57": 39,
        "2.69": 38,
        "2.3": 36,
        "2.73": 36,
        "4.91": 33,
        "2.36": 33,
        "1.9": 33,
        "1.25": 32,
        "2.38": 31,
        "2.54": 31,
        "2.37": 31,
        "1.86": 29,
        "2.68": 29,
        "4.94": 28,
        "4.74": 27,
        "1.83": 26,
        "4.76": 26,
        "2.49": 26,
        "2.14": 25,
        "2.13": 25,
        "2.53": 25,
        "1.6": 25,
        "4.85": 24,
        "2.42": 23,
        "2.22": 22,
        "2.46": 21,
        "2.15": 20,
        "4.66": 20,
        "4.87": 20,
        "2.12": 19,
        "2.61": 18,
        "2.28": 18,
        "2.16": 16,
        "1.71": 16,
        "2.1": 16,
        "4.93": 14,
        "1.44": 14,
        "1.17": 13,
        "1.78": 12,
        "1.23": 12,
        "2.32": 10,
        "1.62": 10,
        "2.11": 9,
        "4.97": 9,
        "2.19": 9,
        "2.24": 8,
        "1.88": 8,
        "1.92": 8,
        "2.66": 8,
        "4.51": 7,
        "1.46": 6,
        "2.35": 6,
        "1.79": 5,
        "2.31": 5,
        "4.84": 5,
        "1.89": 5,
        "1.56": 4,
        "2.18": 4,
        "1.12": 4,
        "1.4": 4,
        "1.85": 4,
        "2.23": 3,
        "1.2": 3,
        "2.09": 3,
        "2.08": 3,
        "1.14": 3,
        "1.27": 2,
        "2.06": 2,
        "4.96": 2,
        "1.29": 2,
        "2.52": 2,
        "1.61": 1,
        "1.43": 1,
        "1.94": 1,
        "1.59": 1,
        "2.04": 1,
        "1.82": 1,
        "0.0": 1,
        "2.63": 1,
        "1.36": 1,
        "2.41": 1,
        "2.07": 1,
        "1.09": 1,
        "1.73": 1,
        "1.87": 1
    },
    "nrows": 229907
}