{
    "column_id": "Violations/Violations.csvViolations.csv/Current+Amount+Due",
    "dataset_name": "Violations.csv",
    "dataset_id": "Violations/Violations.csv",
    "path": "/home/ubuntu/CatDB/Experiments/data/Violations/Violations.csv",
    "table_name": "Violations.csv",
    "table_id": "Violations/Violations.csvViolations.csv",
    "column_name": "Current Amount Due",
    "data_source": "Violations",
    "data_type": "float",
    "total_values_count": 22012,
    "distinct_values_count": 535,
    "missing_values_count": 17591,
    "true_ratio": null,
    "min_value": 0.0,
    "max_value": 18116.15,
    "mean": 3027.907729020583,
    "median": 1761.99,
    "iqr": 5400.39,
    "category_values": [
        1793.21,
        0.0,
        1967.04,
        556.65,
        40.0,
        2362.04,
        829.63,
        1040.0,
        2040.0,
        1800.15,
        1440.0,
        1340.0,
        84.0,
        740.0,
        1228.72,
        194.08,
        4491.39,
        1350.24,
        1442.13,
        2929.12,
        100.0,
        140.0,
        4364.61,
        640.0,
        5641.03,
        5621.67,
        340.0,
        340.34,
        5275.49,
        18116.15,
        488.54,
        3701.24,
        1738.04,
        1728.17,
        1092.1,
        1197.87,
        1912.94,
        446.02,
        1735.39,
        1733.74,
        1399.91,
        1740.02,
        1886.47,
        2136.17,
        381.43,
        5888.4,
        4383.88,
        1363.79,
        5642.0,
        7940.0,
        6107.02,
        2447.12,
        644.89,
        574.12,
        341.01,
        1430.98,
        2905.92,
        2419.71,
        1179.14,
        1897.66,
        1800.85,
        5869.39,
        6144.42,
        7456.95,
        1093.78,
        1517.79,
        3995.71,
        6160.37,
        1348.92,
        1338.48,
        1728.57,
        1864.4,
        446.28,
        1895.19,
        1728.78,
        2769.25,
        1341.98,
        8486.41,
        8496.31,
        8325.89,
        8010.48,
        7981.58,
        7913.1,
        7548.98,
        7205.73,
        7153.3,
        2806.25,
        2802.95,
        2837.04,
        2747.13,
        2779.86,
        8944.33,
        2807.31,
        8831.56,
        8711.14,
        8387.7,
        8222.1,
        8248.97,
        7883.13,
        7775.87,
        7937.7,
        7720.47,
        7551.12,
        7580.28,
        7523.57,
        7421.64,
        7357.43,
        7302.05,
        7174.7,
        7123.33,
        7077.32,
        6981.01,
        9252.26,
        9207.58,
        9118.22,
        9041.86,
        8952.5,
        8729.1,
        6363.69,
        2081.87,
        2105.94,
        947.6,
        466.85,
        440.0,
        3049.5,
        692.28,
        713.18,
        948.68,
        721.59,
        660.0,
        1728.07,
        1731.03,
        1421.12,
        340.5,
        781.33,
        1444.74,
        1435.49,
        1733.7,
        966.93,
        1416.99,
        1540.0,
        1776.36,
        340.92,
        965.1,
        1756.54,
        5746.91,
        4376.59,
        5693.37,
        2149.4,
        3688.84,
        1739.36,
        954.21,
        3939.26,
        5603.48,
        5776.87,
        5630.23,
        340.84,
        443.1,
        4448.08,
        1817.99,
        1346.63,
        6010.13,
        8136.46,
        1739.42,
        1834.69,
        5822.85,
        4406.24,
        1832.53,
        5793.96,
        1141.25,
        1122.45,
        1374.36,
        540.0,
        840.0,
        1742.0,
        4965.49,
        1733.75,
        6089.99,
        1908.86,
        1904.23,
        3774.63,
        3780.63,
        3810.04,
        1126.5,
        5037.45,
        5146.98,
        5813.26,
        2228.82,
        1783.96,
        3020.67,
        784.48,
        744.38,
        560.83,
        1753.56,
        1731.1,
        5649.69,
        1793.3,
        140.45,
        1732.85,
        3844.35,
        1388.67,
        844.98,
        1264.65,
        1139.55,
        3797.43,
        1106.5,
        2443.76,
        1930.88,
        1991.45,
        5686.95,
        340.17,
        5762.93,
        4372.1,
        440.51,
        1823.19,
        4396.72,
        760.0,
        5860.28,
        6078.62,
        1945.86,
        6018.69,
        8388.15,
        1083.22,
        825.4,
        342.01,
        449.35,
        5850.01,
        1785.4,
        1517.92,
        1925.71,
        1907.28,
        1854.94,
        468.48,
        1830.73,
        5987.65,
        1984.19,
        1995.09,
        442.17,
        5621.76,
        2435.0,
        6931.28,
        7935.75,
        5869.94,
        5134.03,
        7274.58,
        7911.07,
        8125.79,
        5161.1,
        5158.67,
        1746.96,
        2412.07,
        4388.16,
        360.0,
        2790.74,
        2392.47,
        2145.69,
        1785.27,
        569.26,
        2234.31,
        7169.09,
        646.31,
        5724.4,
        1733.81,
        626.32,
        5092.78,
        1473.49,
        6674.87,
        1742.99,
        1754.67,
        442.84,
        1354.56,
        2591.57,
        1825.34,
        541.6,
        4271.34,
        4141.28,
        1579.21,
        2347.69,
        5670.35,
        6393.62,
        6677.3,
        1825.44,
        6121.92,
        1865.24,
        8374.04,
        2556.42,
        5014.61,
        2441.01,
        7087.95,
        8700.26,
        1210.68,
        1803.77,
        341.09,
        754.62,
        1348.65,
        1732.42,
        340.42,
        2213.08,
        1746.63,
        2108.6,
        2835.99,
        5983.3,
        9368.35,
        1088.27,
        3576.73,
        980.65,
        340.75,
        2240.0,
        1340.99,
        1767.67,
        642.05,
        5883.85,
        3718.61,
        5836.27,
        5808.93,
        4342.14,
        5644.14,
        644.1,
        1823.21,
        1102.21,
        1559.91,
        451.74,
        1969.52,
        1947.36,
        20.0,
        343.1,
        3297.63,
        1759.14,
        4358.41,
        3865.56,
        42.0,
        6055.42,
        2845.9,
        6714.28,
        1729.11,
        7608.91,
        2315.11,
        1440.19,
        2036.07,
        6948.9,
        9313.64,
        2857.14,
        5904.87,
        5805.43,
        7811.72,
        5970.69,
        9116.58,
        4635.22,
        6293.09,
        6263.09,
        6233.13,
        6432.29,
        6026.81,
        6546.89,
        6679.28,
        2401.93,
        6828.24,
        6102.16,
        4045.12,
        4235.51,
        4266.27,
        6658.44,
        6368.35,
        6099.43,
        5341.43,
        8580.31,
        6820.49,
        6788.38,
        9210.26,
        9120.9,
        9164.22,
        9119.54,
        8897.5,
        7914.55,
        6081.7,
        1413.86,
        1044.47,
        1130.93,
        5807.91,
        2725.96,
        8767.87,
        2617.92,
        666.76,
        439.74,
        1560.31,
        1187.3,
        7205.47,
        1717.1,
        2707.13,
        4146.56,
        3340.0,
        4340.0,
        578.21,
        5944.11,
        5914.14,
        1829.45,
        5711.83,
        9316.1,
        9253.22,
        9149.91,
        12230.24,
        6116.35,
        9346.81,
        9253.71,
        9088.91,
        9078.21,
        9048.25,
        9023.63,
        9006.51,
        8926.25,
        8950.86,
        8909.13,
        8911.67,
        8871.67,
        8744.33,
        8671.56,
        8321.75,
        8261.7,
        8036.97,
        2410.12,
        2327.72,
        5147.98,
        2217.26,
        2807.55,
        6155.56,
        9282.61,
        9231.24,
        9378.92,
        2856.15,
        3292.69,
        1822.1,
        5811.86,
        1472.96,
        2560.46,
        3360.59,
        3667.49,
        3018.92,
        4351.77,
        4366.75,
        5611.19,
        3741.4,
        1475.14,
        1861.12,
        5741.31,
        1085.99,
        1097.59,
        1763.81,
        2689.09,
        1163.99,
        399.84,
        1345.95,
        2111.74,
        1860.27,
        2826.25,
        2858.91,
        439.9,
        5868.87,
        1860.95,
        1346.61,
        5731.89,
        3931.89,
        2051.62,
        1740.35,
        568.42,
        1340.66,
        2889.6,
        943.86,
        1848.62,
        841.04,
        4356.0,
        5858.75,
        1732.75,
        3699.2,
        5973.74,
        540.53,
        1428.63,
        2050.55,
        8431.6,
        1083.51,
        1813.7,
        3673.2,
        2857.51,
        842.4,
        4426.68,
        3762.22,
        843.73,
        5828.37,
        3808.16,
        4367.82,
        5997.29,
        5620.6,
        4379.6,
        1344.3,
        6003.71,
        5133.08,
        5898.3,
        5906.32,
        2851.2,
        444.35,
        5608.35,
        1781.97,
        1749.37,
        1736.05,
        5662.41,
        341.68,
        2840.0,
        841.86,
        1728.12,
        1740.68,
        1761.99,
        1730.85,
        3855.27,
        3666.27,
        1735.72,
        5849.73,
        1345.29,
        1743.84,
        4365.68,
        1341.32,
        3023.54,
        340.25,
        5613.11,
        845.59,
        1086.22,
        1732.83,
        3692.7,
        1743.98,
        4350.96,
        6074.25,
        6115.96,
        2683.19,
        1350.57,
        5718.76,
        1609.5,
        1727.79
    ],
    "embedding": [
        -0.13954946398735046,
        -0.09216098487377167,
        0.1590900868177414,
        0.1580018550157547,
        0.031423285603523254,
        0.2755897343158722,
        0.0849791169166565,
        0.2838897407054901,
        0.2456677258014679,
        0.2607184946537018,
        -0.19484174251556396,
        0.13831987977027893,
        0.11274920403957367,
        -0.19854316115379333,
        0.1799808293581009,
        -0.16969433426856995,
        0.18518206477165222,
        0.16947749257087708,
        0.18201102316379547,
        0.1264825463294983,
        0.2187013477087021,
        0.002461407333612442,
        0.17557695508003235,
        0.18017470836639404,
        0.06320269405841827,
        -0.2250518798828125,
        0.02710086852312088,
        -0.17286233603954315,
        0.18853765726089478,
        -0.31725096702575684,
        -0.134793221950531,
        -0.19934618473052979,
        0.17342010140419006,
        -0.2631147801876068,
        0.16176728904247284,
        0.23952166736125946,
        -0.1310170739889145,
        -0.21701817214488983,
        -0.08446192741394043,
        -0.03880949690937996,
        -0.20677192509174347,
        0.14344018697738647,
        -0.25418949127197266,
        0.1614140272140503,
        -0.1807509809732437,
        0.20019587874412537,
        -0.2536212205886841,
        -0.13590632379055023,
        0.09674718230962753,
        0.10245483368635178,
        -0.008558634668588638,
        -0.18181970715522766,
        0.2695120573043823,
        -0.13778485357761383,
        0.04627421870827675,
        -0.20759260654449463,
        -0.12914440035820007,
        0.1942429542541504,
        -0.16003921627998352,
        -0.20764489471912384,
        0.15725286304950714,
        0.16765156388282776,
        -0.1352541744709015,
        0.03789011761546135,
        -0.16433651745319366,
        -0.20545963943004608,
        0.2626459300518036,
        0.2548335790634155,
        -0.1500415951013565,
        -0.17006497085094452,
        0.25220417976379395,
        0.13652484118938446,
        -0.26172515749931335,
        0.23227649927139282,
        -0.05944247916340828,
        0.038912951946258545,
        0.23189477622509003,
        -0.06147186458110809,
        0.17296545207500458,
        -0.12699775397777557,
        0.04240071401000023,
        0.11318336427211761,
        -0.16041743755340576,
        0.1338377445936203,
        -0.17333978414535522,
        0.18121890723705292,
        0.17457091808319092,
        -0.2738805115222931,
        0.2528430223464966,
        0.18953216075897217,
        -0.15839998424053192,
        0.17967572808265686,
        0.20027902722358704,
        0.2540559470653534,
        0.1446201503276825,
        -0.150455504655838,
        0.07545921206474304,
        -0.03641875088214874,
        -0.15697379410266876,
        -0.23261326551437378,
        0.10931939631700516,
        0.17040441930294037,
        0.1574493944644928,
        0.12493351846933365,
        0.05612543970346451,
        -0.0044912234880030155,
        -0.1310790479183197,
        0.20242778956890106,
        -0.08026314526796341,
        0.08917208015918732,
        -0.23346419632434845,
        0.2231600284576416,
        0.10914582759141922,
        -0.17627966403961182,
        -0.18251962959766388,
        -0.1892266571521759,
        -0.03666894510388374,
        0.033953260630369186,
        -0.055784787982702255,
        -0.2052895873785019,
        0.2041749209165573,
        0.24148066341876984,
        0.11610090732574463,
        -0.11742622405290604,
        -0.11722129583358765,
        -0.04757887125015259,
        0.23954926431179047,
        0.21133503317832947,
        -0.003365038428455591,
        -0.2606692612171173,
        0.06716424226760864,
        -0.13693717122077942,
        0.13514721393585205,
        -0.20862512290477753,
        -0.11605444550514221,
        -0.03902401775121689,
        -0.09968500584363937,
        0.19025282561779022,
        -0.18603575229644775,
        0.07261776179075241,
        0.15433354675769806,
        -0.17666655778884888,
        0.22112154960632324,
        -0.11536595225334167,
        -0.18517276644706726,
        0.13110196590423584,
        -0.1962064504623413,
        0.12272534519433975,
        0.2853124737739563,
        -0.04846152663230896,
        0.15068069100379944,
        -0.16744820773601532,
        -0.04597859084606171,
        0.19192226231098175,
        -0.1705651581287384,
        -0.1363248974084854,
        -0.08485078066587448,
        0.12060527503490448,
        0.1931392252445221,
        -0.2463894635438919,
        -0.11866053193807602,
        0.16102242469787598,
        -0.15628103911876678,
        -0.14138416945934296,
        0.18914461135864258,
        0.10737266391515732,
        -0.15792323648929596,
        0.1961088478565216,
        0.18778344988822937,
        0.09632109850645065,
        0.05950041860342026,
        0.14620721340179443,
        -0.2570861577987671,
        0.1990334838628769,
        -0.16431225836277008,
        0.16189244389533997,
        -0.23024091124534607,
        -0.11230296641588211,
        0.13356472551822662,
        0.16863620281219482,
        0.2005220651626587,
        -0.10048027336597443,
        0.005516134202480316,
        -0.13668829202651978,
        0.09409906715154648,
        0.10686556249856949,
        -0.25459209084510803,
        0.042377859354019165,
        0.11773660778999329,
        0.1493934839963913,
        0.16540399193763733,
        0.14645573496818542,
        -0.17259086668491364,
        -0.20081278681755066,
        -0.16270868480205536,
        -0.16211126744747162,
        0.0449083037674427,
        0.1260245144367218,
        0.25754278898239136,
        0.2459295690059662,
        0.21114300191402435,
        -0.1177779957652092,
        0.14786593616008759,
        0.17377957701683044,
        -0.16272570192813873,
        0.10723387449979782,
        0.12554721534252167,
        -0.031985536217689514,
        -0.09020262956619263,
        -0.18024402856826782,
        0.11147909611463547,
        0.030528420582413673,
        0.16693024337291718,
        0.20067471265792847,
        -0.27860453724861145,
        0.21720492839813232,
        -0.23306335508823395,
        0.31697314977645874,
        0.1466415822505951,
        0.08239869773387909,
        0.2320249229669571,
        -0.16161665320396423,
        0.22016704082489014,
        0.047157105058431625,
        0.21124409139156342,
        0.14328867197036743,
        -0.18641062080860138,
        -0.24633529782295227,
        0.1442856341600418,
        -0.08737095445394516,
        0.11636640131473541,
        0.10548584163188934,
        -0.0828157514333725,
        0.020072199404239655,
        0.038661323487758636,
        -0.09121531993150711,
        -0.16394048929214478,
        0.16538111865520477,
        0.09480642527341843,
        -0.03798644244670868,
        0.14897389709949493,
        -0.24271439015865326,
        -0.10412180423736572,
        -0.17199376225471497,
        -0.10674622654914856,
        0.27032333612442017,
        -0.08924882113933563,
        0.19645598530769348,
        -0.045973364263772964,
        0.194064199924469,
        0.21035368740558624,
        -0.277468204498291,
        -0.18365228176116943,
        0.08242404460906982,
        0.028146952390670776,
        0.1676090955734253,
        0.10131878405809402,
        0.046329598873853683,
        0.2291276603937149,
        0.10318863391876221,
        -0.14023013412952423,
        0.1734956055879593,
        -0.16890808939933777,
        0.1022605150938034,
        -0.16485697031021118,
        -0.10357038676738739,
        -0.1418076604604721,
        -0.28316909074783325,
        -0.14526718854904175,
        0.1901993304491043,
        -0.14898914098739624,
        -0.2026854008436203,
        0.15352553129196167,
        0.15549425780773163,
        -0.29748302698135376,
        0.04767816513776779,
        -0.16615115106105804,
        0.10437358915805817,
        -0.11581939458847046,
        -0.10576450079679489,
        0.06030065938830376,
        0.12285322695970535,
        0.16447369754314423,
        0.20815446972846985,
        0.08548729866743088,
        0.2826288342475891,
        0.2734864354133606,
        0.18683971464633942,
        -0.17901131510734558,
        -0.15337438881397247,
        0.1157730221748352,
        0.22633498907089233,
        0.12691868841648102,
        -0.17584529519081116,
        -0.1419292688369751,
        0.11414921283721924,
        0.16937197744846344,
        0.24397683143615723,
        -0.21274754405021667,
        -0.12982021272182465
    ],
    "embedding_scaling_factor": 0.017827609553933144,
    "samples": [
        6658.44,
        948.68,
        3797.43,
        0.0,
        1540.0,
        0.0,
        7608.91,
        0.0,
        0.0,
        340.0,
        4376.59,
        2412.07,
        5811.86,
        3667.49,
        2036.07,
        1728.78,
        4340.0,
        5850.01
    ],
    "category_values_ratio": {
        "0.0": 927,
        "740.0": 99,
        "1340.0": 88,
        "340.0": 52,
        "440.0": 51,
        "640.0": 50,
        "40.0": 41,
        "140.0": 37,
        "1040.0": 32,
        "4351.77": 30,
        "6931.28": 30,
        "1350.24": 26,
        "2040.0": 22,
        "8431.6": 18,
        "8767.87": 18,
        "5630.23": 18,
        "1969.52": 18,
        "2240.0": 18,
        "1440.0": 16,
        "840.0": 14,
        "7174.7": 13,
        "4364.61": 12,
        "7274.58": 12,
        "1733.75": 12,
        "1991.45": 12,
        "760.0": 12,
        "5850.01": 12,
        "744.38": 12,
        "8909.13": 12,
        "1442.13": 12,
        "9006.51": 12,
        "3692.7": 12,
        "5641.03": 12,
        "5869.94": 12,
        "8125.79": 12,
        "1761.99": 12,
        "9149.91": 12,
        "6432.29": 12,
        "5670.35": 12,
        "1733.74": 12,
        "5693.37": 12,
        "1740.02": 12,
        "4045.12": 12,
        "6679.28": 12,
        "6363.69": 12,
        "2725.96": 12,
        "9378.92": 12,
        "3018.92": 12,
        "9313.64": 12,
        "5983.3": 12,
        "6107.02": 12,
        "5906.32": 12,
        "4376.59": 12,
        "7205.47": 12,
        "1803.77": 12,
        "9368.35": 12,
        "7456.95": 12,
        "3049.5": 12,
        "2149.4": 12,
        "4366.75": 12,
        "1864.4": 12,
        "7123.33": 12,
        "7937.7": 12,
        "6144.42": 12,
        "8897.5": 11,
        "9210.26": 11,
        "754.62": 10,
        "781.33": 10,
        "5133.08": 10,
        "540.0": 10,
        "3340.0": 10,
        "1738.04": 10,
        "6948.9": 10,
        "7935.75": 10,
        "1739.36": 8,
        "1341.98": 8,
        "340.34": 8,
        "1609.5": 8,
        "12230.24": 8,
        "1742.99": 8,
        "3780.63": 8,
        "3808.16": 8,
        "3741.4": 8,
        "1731.1": 8,
        "3931.89": 8,
        "5014.61": 8,
        "3797.43": 8,
        "1728.57": 6,
        "1743.98": 6,
        "1912.94": 6,
        "1732.83": 6,
        "1735.39": 6,
        "2136.17": 6,
        "7551.12": 6,
        "446.28": 6,
        "5849.73": 6,
        "3701.24": 6,
        "7580.28": 6,
        "7523.57": 6,
        "7421.64": 6,
        "1728.17": 6,
        "5621.67": 6,
        "4350.96": 6,
        "7302.05": 6,
        "6115.96": 6,
        "2929.12": 6,
        "6160.37": 6,
        "1228.72": 6,
        "84.0": 6,
        "1800.15": 6,
        "5718.76": 6,
        "2362.04": 6,
        "1967.04": 6,
        "1886.47": 6,
        "1086.22": 6,
        "1345.29": 6,
        "7357.43": 6,
        "9252.26": 6,
        "7077.32": 6,
        "8496.31": 6,
        "8711.14": 6,
        "8831.56": 6,
        "8944.33": 6,
        "1740.68": 6,
        "1730.85": 6,
        "3855.27": 6,
        "7205.73": 6,
        "1731.03": 6,
        "7548.98": 6,
        "7913.1": 6,
        "7981.58": 6,
        "8010.48": 6,
        "8325.89": 6,
        "8486.41": 6,
        "6981.01": 6,
        "1735.72": 6,
        "8248.97": 6,
        "7883.13": 6,
        "7775.87": 6,
        "7720.47": 6,
        "5608.35": 6,
        "948.68": 6,
        "713.18": 6,
        "692.28": 6,
        "5662.41": 6,
        "8729.1": 6,
        "9041.86": 6,
        "9118.22": 6,
        "5888.4": 6,
        "5603.48": 6,
        "1743.84": 6,
        "1139.55": 6,
        "1753.56": 6,
        "784.48": 6,
        "1344.3": 6,
        "5822.85": 6,
        "4406.24": 6,
        "4379.6": 6,
        "560.83": 6,
        "4965.49": 6,
        "8222.1": 6,
        "965.1": 6,
        "1908.86": 6,
        "5037.45": 6,
        "1444.74": 6,
        "1435.49": 6,
        "8136.46": 6,
        "1733.7": 6,
        "4367.82": 6,
        "966.93": 6,
        "5146.98": 6,
        "340.92": 6,
        "5813.26": 6,
        "4426.68": 6,
        "5793.96": 6,
        "1416.99": 6,
        "5828.37": 6,
        "6089.99": 6,
        "2228.82": 6,
        "1540.0": 6,
        "5997.29": 6,
        "6010.13": 6,
        "4365.68": 6,
        "4383.88": 6,
        "5869.39": 6,
        "1800.85": 6,
        "1897.66": 6,
        "2419.71": 6,
        "2905.92": 6,
        "1430.98": 6,
        "1341.32": 6,
        "3023.54": 6,
        "5613.11": 6,
        "845.59": 6,
        "7940.0": 6,
        "5642.0": 6,
        "1363.79": 6,
        "444.35": 6,
        "1346.63": 6,
        "8036.97": 6,
        "1742.0": 6,
        "5746.91": 6,
        "5898.3": 6,
        "1732.85": 6,
        "5620.6": 6,
        "5776.87": 6,
        "340.84": 6,
        "1793.3": 6,
        "6003.71": 6,
        "5649.69": 6,
        "4448.08": 6,
        "1817.99": 6,
        "8387.7": 6,
        "4491.39": 6,
        "7153.3": 6,
        "1729.11": 6,
        "578.21": 6,
        "440.51": 6,
        "8261.7": 6,
        "4396.72": 6,
        "5860.28": 6,
        "8321.75": 6,
        "6078.62": 6,
        "1945.86": 6,
        "6018.69": 6,
        "8388.15": 6,
        "1813.7": 6,
        "8671.56": 6,
        "1925.71": 6,
        "1907.28": 6,
        "8871.67": 6,
        "5987.65": 6,
        "5973.74": 6,
        "8911.67": 6,
        "5621.76": 6,
        "8950.86": 6,
        "8926.25": 6,
        "9023.63": 6,
        "5134.03": 6,
        "7911.07": 6,
        "9048.25": 6,
        "9078.21": 6,
        "9088.91": 6,
        "1865.24": 6,
        "4340.0": 6,
        "4388.16": 6,
        "2412.07": 6,
        "4356.0": 6,
        "9253.22": 6,
        "8952.5": 6,
        "7169.09": 6,
        "6674.87": 6,
        "1340.66": 6,
        "5092.78": 6,
        "2889.6": 6,
        "5724.4": 6,
        "6026.81": 6,
        "943.86": 6,
        "9346.81": 6,
        "1848.62": 6,
        "1785.27": 6,
        "9253.71": 6,
        "9316.1": 6,
        "5944.11": 6,
        "5858.75": 6,
        "5731.89": 6,
        "2591.57": 6,
        "1860.95": 6,
        "541.6": 6,
        "4271.34": 6,
        "5868.87": 6,
        "5711.83": 6,
        "1829.45": 6,
        "6393.62": 6,
        "6677.3": 6,
        "5914.14": 6,
        "6121.92": 6,
        "6233.13": 6,
        "8744.33": 6,
        "6820.49": 6,
        "1746.63": 6,
        "6155.56": 6,
        "2556.42": 6,
        "9282.61": 6,
        "2441.01": 6,
        "7087.95": 6,
        "2111.74": 6,
        "9231.24": 6,
        "2617.92": 6,
        "1345.95": 6,
        "1732.42": 6,
        "5807.91": 6,
        "2213.08": 6,
        "5811.86": 6,
        "5808.93": 6,
        "6081.7": 6,
        "5741.31": 6,
        "1861.12": 6,
        "8580.31": 6,
        "7914.55": 6,
        "9119.54": 6,
        "9164.22": 6,
        "9120.9": 6,
        "1767.67": 6,
        "642.05": 6,
        "5883.85": 6,
        "5836.27": 6,
        "6788.38": 6,
        "4372.1": 6,
        "5686.95": 6,
        "8374.04": 6,
        "1475.14": 6,
        "2707.13": 6,
        "1440.19": 6,
        "4342.14": 6,
        "451.74": 6,
        "5341.43": 6,
        "6368.35": 6,
        "6658.44": 6,
        "1947.36": 6,
        "5762.93": 6,
        "3667.49": 6,
        "4358.41": 6,
        "42.0": 6,
        "6714.28": 6,
        "7608.91": 6,
        "5644.14": 6,
        "2315.11": 6,
        "6102.16": 6,
        "1559.91": 6,
        "6828.24": 6,
        "2857.14": 6,
        "5805.43": 6,
        "7811.72": 6,
        "5970.69": 6,
        "9116.58": 6,
        "6546.89": 6,
        "4635.22": 6,
        "6293.09": 6,
        "6263.09": 6,
        "5611.19": 6,
        "1560.31": 5,
        "3360.59": 5,
        "1374.36": 5,
        "3865.56": 5,
        "540.53": 5,
        "1823.19": 5,
        "1776.36": 5,
        "2858.91": 4,
        "3718.61": 4,
        "947.6": 4,
        "1781.97": 4,
        "341.09": 4,
        "2840.0": 4,
        "3774.63": 4,
        "1728.07": 4,
        "1163.99": 4,
        "1085.99": 4,
        "1097.59": 4,
        "1746.96": 4,
        "1579.21": 4,
        "2036.07": 4,
        "5904.87": 4,
        "3576.73": 4,
        "3995.71": 4,
        "3699.2": 4,
        "1338.48": 4,
        "841.04": 4,
        "6099.43": 4,
        "3666.27": 4,
        "4266.27": 4,
        "4235.51": 4,
        "2851.2": 4,
        "2401.93": 4,
        "646.31": 4,
        "626.32": 4,
        "1754.67": 4,
        "2779.86": 4,
        "1739.42": 4,
        "3673.2": 4,
        "5147.98": 4,
        "340.5": 4,
        "3688.84": 4,
        "4146.56": 4,
        "1083.22": 4,
        "844.98": 4,
        "2857.51": 4,
        "2443.76": 4,
        "1930.88": 4,
        "1428.63": 4,
        "1399.91": 4,
        "6074.25": 4,
        "1187.3": 4,
        "3810.04": 4,
        "1179.14": 4,
        "2435.0": 4,
        "3020.67": 4,
        "1825.44": 4,
        "825.4": 4,
        "1264.65": 4,
        "18116.15": 4,
        "1830.73": 4,
        "3297.63": 4,
        "1759.14": 4,
        "6055.42": 4,
        "342.01": 4,
        "5158.67": 4,
        "1472.96": 4,
        "4141.28": 4,
        "468.48": 4,
        "1854.94": 4,
        "5161.1": 4,
        "3762.22": 4,
        "6116.35": 4,
        "3844.35": 4,
        "1832.53": 3,
        "2347.69": 3,
        "1717.1": 3,
        "1130.93": 3,
        "360.0": 3,
        "1895.19": 3,
        "1044.47": 3,
        "1904.23": 3,
        "1421.12": 3,
        "2108.6": 3,
        "1783.96": 3,
        "1102.21": 3,
        "1093.78": 3,
        "1348.92": 3,
        "2105.94": 3,
        "1727.79": 3,
        "1728.12": 3,
        "1083.51": 3,
        "1350.57": 3,
        "954.21": 3,
        "1736.05": 3,
        "1822.1": 2,
        "2845.9": 2,
        "2560.46": 2,
        "1413.86": 2,
        "1860.27": 2,
        "3292.69": 2,
        "2856.15": 2,
        "20.0": 2,
        "2826.25": 2,
        "343.1": 2,
        "340.75": 2,
        "1823.21": 2,
        "644.1": 2,
        "1340.99": 2,
        "980.65": 2,
        "1088.27": 2,
        "2835.99": 2,
        "1763.81": 2,
        "2689.09": 2,
        "340.42": 2,
        "399.84": 2,
        "8700.26": 2,
        "1984.19": 2,
        "439.9": 2,
        "1473.49": 2,
        "1210.68": 2,
        "666.76": 2,
        "1825.34": 2,
        "1346.61": 2,
        "2807.55": 2,
        "2217.26": 2,
        "2051.62": 2,
        "1740.35": 2,
        "568.42": 2,
        "1733.81": 2,
        "2410.12": 2,
        "2234.31": 2,
        "569.26": 2,
        "2145.69": 2,
        "2392.47": 2,
        "2790.74": 2,
        "1732.75": 2,
        "442.17": 2,
        "1995.09": 2,
        "2050.55": 2,
        "1785.4": 2,
        "2683.19": 2,
        "439.74": 2,
        "1122.45": 2,
        "644.89": 2,
        "1348.65": 2,
        "2747.13": 2,
        "1834.69": 2,
        "842.4": 2,
        "1388.67": 2,
        "140.45": 2,
        "843.73": 2,
        "1126.5": 2,
        "1141.25": 2,
        "829.63": 2,
        "2081.87": 2,
        "443.1": 2,
        "3939.26": 2,
        "2327.72": 2,
        "660.0": 2,
        "1749.37": 2,
        "1756.54": 2,
        "466.85": 2,
        "721.59": 2,
        "556.65": 2,
        "341.68": 2,
        "5275.49": 2,
        "1728.78": 2,
        "1793.21": 2,
        "1106.5": 2,
        "841.86": 2,
        "2807.31": 2,
        "449.35": 2,
        "2837.04": 2,
        "488.54": 2,
        "2806.25": 2,
        "2769.25": 2,
        "2802.95": 2,
        "1517.79": 2,
        "341.01": 2,
        "9207.58": 2,
        "340.25": 2,
        "2447.12": 2,
        "381.43": 2,
        "446.02": 2,
        "1197.87": 2,
        "1092.1": 2,
        "194.08": 1,
        "340.17": 1,
        "100.0": 1,
        "574.12": 1,
        "1354.56": 1,
        "442.84": 1,
        "1517.92": 1
    },
    "nrows": 22012
}