{
    "column_id": "Yelp/Yelp.csvYelp.csv/review_count_y",
    "dataset_name": "Yelp.csv",
    "dataset_id": "Yelp/Yelp.csv",
    "path": "/home/ubuntu/CatDB/Experiments/data/Yelp/Yelp.csv",
    "table_name": "Yelp.csv",
    "table_id": "Yelp/Yelp.csvYelp.csv",
    "column_name": "review_count_y",
    "data_source": "Yelp",
    "data_type": "int",
    "total_values_count": 229907,
    "distinct_values_count": 853,
    "missing_values_count": 14028,
    "true_ratio": null,
    "min_value": 1.0,
    "max_value": 5807.0,
    "mean": 125.03851694699345,
    "median": 44.0,
    "iqr": 138.0,
    "category_values": [
        190,
        66,
        21,
        152,
        101,
        64,
        94,
        2,
        6,
        15,
        295,
        78,
        8,
        551,
        14,
        168,
        249,
        398,
        11,
        575,
        98,
        3,
        80,
        44,
        77,
        400,
        766,
        5,
        176,
        48,
        287,
        180,
        7,
        247,
        105,
        42,
        578,
        26,
        412,
        32,
        17,
        121,
        193,
        12,
        126,
        311,
        19,
        81,
        50,
        39,
        900,
        144,
        425,
        215,
        166,
        89,
        219,
        13,
        63,
        209,
        154,
        70,
        35,
        29,
        195,
        120,
        9,
        57,
        4,
        97,
        632,
        24,
        87,
        272,
        376,
        33,
        1,
        289,
        10,
        31,
        58,
        85,
        131,
        28,
        74,
        274,
        37,
        18,
        167,
        320,
        319,
        23,
        198,
        103,
        79,
        86,
        69,
        325,
        16,
        122,
        22,
        110,
        91,
        162,
        134,
        27,
        399,
        265,
        106,
        224,
        181,
        67,
        165,
        139,
        138,
        508,
        109,
        417,
        204,
        217,
        359,
        725,
        199,
        114,
        88,
        479,
        384,
        71,
        197,
        564,
        99,
        156,
        84,
        177,
        118,
        342,
        133,
        232,
        497,
        285,
        46,
        238,
        324,
        244,
        1107,
        393,
        51,
        559,
        179,
        149,
        52,
        186,
        38,
        188,
        123,
        310,
        263,
        239,
        458,
        100,
        54,
        308,
        478,
        286,
        182,
        185,
        390,
        25,
        403,
        159,
        20,
        1698,
        522,
        76,
        73,
        297,
        158,
        60,
        210,
        1217,
        235,
        41,
        147,
        62,
        115,
        293,
        517,
        229,
        350,
        112,
        107,
        202,
        47,
        174,
        102,
        68,
        627,
        40,
        155,
        253,
        277,
        392,
        192,
        539,
        259,
        34,
        203,
        383,
        145,
        1995,
        234,
        357,
        250,
        561,
        92,
        555,
        93,
        132,
        1325,
        449,
        137,
        30,
        111,
        53,
        49,
        117,
        574,
        1467,
        104,
        187,
        136,
        56,
        448,
        615,
        113,
        127,
        1198,
        59,
        237,
        82,
        576,
        344,
        245,
        242,
        65,
        322,
        189,
        264,
        791,
        83,
        979,
        475,
        36,
        61,
        418,
        889,
        273,
        72,
        90,
        367,
        1259,
        333,
        173,
        278,
        254,
        45,
        184,
        337,
        457,
        306,
        483,
        573,
        379,
        438,
        212,
        151,
        196,
        169,
        241,
        143,
        529,
        424,
        146,
        163,
        290,
        160,
        318,
        108,
        251,
        150,
        55,
        214,
        116,
        722,
        378,
        1497,
        584,
        670,
        135,
        352,
        305,
        125,
        43,
        256,
        391,
        518,
        172,
        211,
        1253,
        623,
        75,
        129,
        369,
        847,
        411,
        96,
        583,
        439,
        130,
        213,
        677,
        340,
        682,
        164,
        206,
        142,
        377,
        620,
        454,
        246,
        535,
        427,
        481,
        157,
        661,
        744,
        382,
        268,
        330,
        356,
        279,
        128,
        218,
        216,
        260,
        266,
        335,
        476,
        343,
        1064,
        148,
        226,
        592,
        512,
        153,
        200,
        569,
        298,
        207,
        537,
        201,
        321,
        557,
        2100,
        541,
        594,
        859,
        1314,
        498,
        650,
        612,
        348,
        493,
        183,
        473,
        205,
        1476,
        1073,
        236,
        95,
        170,
        538,
        484,
        422,
        737,
        440,
        466,
        171,
        365,
        1270,
        228,
        625,
        300,
        720,
        921,
        252,
        434,
        140,
        283,
        699,
        482,
        332,
        373,
        371,
        405,
        267,
        567,
        912,
        525,
        354,
        258,
        588,
        467,
        546,
        230,
        997,
        124,
        314,
        685,
        317,
        545,
        408,
        426,
        223,
        161,
        296,
        323,
        1453,
        221,
        1218,
        836,
        593,
        194,
        288,
        368,
        231,
        360,
        302,
        445,
        719,
        663,
        524,
        664,
        347,
        331,
        985,
        284,
        626,
        394,
        338,
        336,
        2038,
        309,
        606,
        468,
        178,
        509,
        480,
        654,
        2448,
        292,
        1004,
        141,
        1007,
        622,
        1085,
        680,
        568,
        1077,
        904,
        220,
        681,
        429,
        271,
        824,
        510,
        276,
        703,
        1583,
        672,
        757,
        355,
        785,
        474,
        225,
        992,
        281,
        811,
        119,
        769,
        886,
        894,
        1533,
        413,
        243,
        619,
        1696,
        490,
        1238,
        647,
        853,
        754,
        407,
        435,
        548,
        635,
        1579,
        1496,
        806,
        708,
        326,
        675,
        1454,
        240,
        880,
        208,
        692,
        233,
        316,
        386,
        404,
        346,
        312,
        1090,
        671,
        1555,
        786,
        1390,
        1168,
        175,
        566,
        565,
        732,
        526,
        492,
        451,
        191,
        255,
        444,
        487,
        402,
        401,
        496,
        380,
        2587,
        396,
        282,
        464,
        678,
        582,
        477,
        275,
        420,
        1790,
        586,
        614,
        558,
        294,
        1718,
        2012,
        728,
        469,
        817,
        362,
        421,
        938,
        607,
        534,
        470,
        668,
        729,
        436,
        432,
        257,
        978,
        459,
        869,
        499,
        764,
        364,
        351,
        304,
        973,
        630,
        621,
        291,
        1807,
        299,
        222,
        879,
        1518,
        552,
        1021,
        646,
        361,
        695,
        549,
        590,
        1719,
        370,
        688,
        262,
        1151,
        856,
        721,
        540,
        637,
        530,
        450,
        1000,
        543,
        838,
        307,
        339,
        501,
        406,
        2109,
        387,
        488,
        1631,
        269,
        471,
        2810,
        349,
        280,
        1897,
        714,
        327,
        345,
        562,
        511,
        1285,
        713,
        461,
        381,
        270,
        739,
        532,
        634,
        446,
        1914,
        970,
        389,
        700,
        629,
        495,
        1071,
        504,
        749,
        388,
        416,
        927,
        683,
        363,
        366,
        456,
        358,
        860,
        1033,
        946,
        696,
        334,
        580,
        491,
        423,
        1749,
        452,
        638,
        967,
        770,
        870,
        1521,
        433,
        1589,
        1056,
        693,
        750,
        570,
        608,
        1448,
        531,
        1389,
        453,
        655,
        991,
        665,
        1055,
        2274,
        571,
        653,
        845,
        419,
        494,
        1099,
        414,
        527,
        315,
        1037,
        1276,
        261,
        1695,
        1556,
        808,
        1114,
        1006,
        1977,
        1794,
        740,
        819,
        581,
        455,
        560,
        610,
        765,
        628,
        1413,
        462,
        939,
        409,
        553,
        248,
        328,
        911,
        891,
        463,
        437,
        709,
        505,
        1477,
        611,
        528,
        762,
        867,
        443,
        301,
        441,
        1132,
        789,
        1357,
        2191,
        550,
        595,
        523,
        809,
        1001,
        1060,
        447,
        1072,
        503,
        227,
        415,
        2848,
        984,
        1009,
        784,
        1019,
        1091,
        723,
        1063,
        823,
        598,
        687,
        730,
        1047,
        1463,
        1115,
        1100,
        641,
        871,
        430,
        341,
        516,
        814,
        624,
        773,
        1279,
        556,
        1564,
        544,
        605,
        397,
        1104,
        980,
        375,
        313,
        742,
        374,
        563,
        961,
        716,
        1445,
        513,
        502,
        428,
        834,
        1188,
        777,
        1301,
        994,
        489,
        1473,
        1016,
        616,
        353,
        1491,
        303,
        772,
        858,
        472,
        1532,
        914,
        329,
        486,
        792,
        660,
        521,
        1046,
        1140,
        735,
        707,
        533,
        431,
        1084,
        747,
        658,
        601,
        506,
        805,
        694,
        410,
        395,
        1039,
        787,
        1383,
        755,
        643,
        2760,
        642,
        828,
        804,
        1295,
        596,
        905,
        617,
        5807,
        547,
        460,
        1731,
        1511,
        753,
        1120,
        587,
        768
    ],
    "embedding": [
        -1.0,
        -1.0,
        -1.0,
        1.0,
        -1.0,
        1.0,
        -1.0,
        -1.0,
        -0.9999302625656128,
        -1.0,
        1.0,
        -1.0,
        -1.0,
        1.0,
        1.0,
        1.0,
        1.0,
        -1.0,
        1.0,
        -1.0,
        1.0,
        -1.0,
        1.0,
        -1.0,
        1.0,
        -1.0,
        -1.0,
        1.0,
        -1.0,
        -1.0,
        1.0,
        1.0,
        -1.0,
        -1.0,
        -1.0,
        1.0,
        -1.0,
        1.0,
        1.0,
        -1.0,
        -1.0,
        1.0,
        -1.0,
        -1.0,
        -1.0,
        -1.0,
        1.0,
        -1.0,
        -0.999932050704956,
        -0.9158713817596436,
        -1.0,
        1.0,
        1.0,
        1.0,
        -1.0,
        1.0,
        1.0,
        1.0,
        -1.0,
        0.945966899394989,
        -1.0,
        -1.0,
        1.0,
        -1.0,
        1.0,
        -1.0,
        1.0,
        -1.0,
        1.0,
        1.0,
        1.0,
        -1.0,
        -1.0,
        -1.0,
        -1.0,
        1.0,
        1.0,
        1.0,
        1.0,
        1.0,
        1.0,
        1.0,
        1.0,
        -1.0,
        -1.0,
        1.0,
        -1.0,
        1.0,
        1.0,
        1.0,
        -1.0,
        1.0,
        1.0,
        -1.0,
        1.0,
        -1.0,
        1.0,
        -1.0,
        -1.0,
        -1.0,
        -0.9914966225624084,
        -1.0,
        1.0,
        -1.0,
        -1.0,
        1.0,
        1.0,
        1.0,
        -1.0,
        -1.0,
        1.0,
        -1.0,
        -1.0,
        1.0,
        1.0,
        1.0,
        1.0,
        1.0,
        1.0,
        -1.0,
        -1.0,
        1.0,
        -1.0,
        -1.0,
        1.0,
        -1.0,
        -1.0,
        -0.9995601177215576,
        -1.0,
        1.0,
        -1.0,
        1.0,
        -1.0,
        -1.0,
        1.0,
        -1.0,
        -1.0,
        1.0,
        1.0,
        -1.0,
        1.0,
        1.0,
        1.0,
        -1.0,
        1.0,
        -1.0,
        1.0,
        -1.0,
        -1.0,
        -1.0,
        0.9981797933578491,
        -1.0,
        1.0,
        -1.0,
        1.0,
        -1.0,
        1.0,
        -1.0,
        1.0,
        -1.0,
        -1.0,
        1.0,
        -1.0,
        -1.0,
        1.0,
        -1.0,
        1.0,
        -1.0,
        -1.0,
        -1.0,
        -1.0,
        -1.0,
        1.0,
        1.0,
        -1.0,
        -1.0,
        1.0,
        -1.0,
        -1.0,
        -1.0,
        1.0,
        -1.0,
        -1.0,
        -1.0,
        1.0,
        -1.0,
        1.0,
        -1.0,
        -1.0,
        -1.0,
        1.0,
        1.0,
        1.0,
        1.0,
        -1.0,
        -1.0,
        1.0,
        -1.0,
        -1.0,
        1.0,
        -1.0,
        1.0,
        -1.0,
        -1.0,
        -1.0,
        -1.0,
        1.0,
        1.0,
        -1.0,
        -1.0,
        -1.0,
        1.0,
        -1.0,
        -1.0,
        -1.0,
        1.0,
        -1.0,
        1.0,
        -1.0,
        -1.0,
        1.0,
        -1.0,
        -1.0,
        1.0,
        -0.9999321699142456,
        -0.912909746170044,
        1.0,
        -1.0,
        -1.0,
        -1.0,
        1.0,
        -1.0,
        1.0,
        -1.0,
        -1.0,
        1.0,
        -1.0,
        1.0,
        1.0,
        -0.9999814629554749,
        1.0,
        -0.9107505083084106,
        1.0,
        -1.0,
        1.0,
        1.0,
        -1.0,
        -1.0,
        -1.0,
        1.0,
        1.0,
        1.0,
        -1.0,
        -1.0,
        -1.0,
        1.0,
        1.0,
        -1.0,
        -1.0,
        -1.0,
        1.0,
        1.0,
        1.0,
        -1.0,
        1.0,
        -1.0,
        -1.0,
        -1.0,
        1.0,
        1.0,
        -0.9865545630455017,
        -1.0,
        -1.0,
        1.0,
        -1.0,
        1.0,
        1.0,
        1.0,
        1.0,
        1.0,
        1.0,
        -1.0,
        1.0,
        1.0,
        1.0,
        -1.0,
        -1.0,
        1.0,
        -1.0,
        -1.0,
        -1.0,
        1.0,
        -1.0,
        -1.0,
        -1.0,
        -1.0,
        -1.0,
        1.0,
        1.0,
        1.0
    ],
    "embedding_scaling_factor": 239.9508056640625,
    "samples": [
        52,
        56,
        20,
        19,
        69,
        7,
        70,
        23,
        83,
        90,
        185,
        6,
        142,
        55,
        2,
        41,
        9,
        122,
        27,
        17,
        38,
        578,
        347,
        250,
        20,
        130,
        8,
        201,
        330,
        14,
        293,
        11,
        43,
        98,
        66,
        105,
        14,
        115,
        25,
        155,
        791,
        19,
        97,
        32,
        2,
        670,
        21,
        21,
        3,
        145,
        180,
        19,
        297,
        4,
        94,
        27,
        4,
        10,
        195,
        244,
        4,
        31,
        1,
        4,
        578,
        10,
        42,
        87,
        3,
        37,
        38,
        22,
        352,
        42,
        26,
        138,
        169,
        198,
        16,
        182,
        44,
        4,
        50,
        13,
        90,
        38,
        6,
        69,
        62,
        2,
        14,
        323,
        20
    ],
    "category_values_ratio": {
        "1": 6390,
        "2": 6337,
        "3": 5490,
        "4": 5057,
        "5": 4901,
        "6": 4866,
        "7": 4469,
        "8": 3996,
        "9": 3849,
        "10": 3563,
        "11": 3361,
        "14": 3191,
        "12": 2960,
        "13": 2950,
        "15": 2669,
        "17": 2487,
        "16": 2468,
        "18": 2287,
        "20": 2195,
        "19": 2175,
        "21": 2026,
        "25": 1986,
        "23": 1893,
        "22": 1866,
        "27": 1738,
        "24": 1701,
        "28": 1653,
        "26": 1629,
        "29": 1602,
        "34": 1510,
        "32": 1366,
        "30": 1286,
        "35": 1277,
        "33": 1268,
        "41": 1237,
        "31": 1156,
        "44": 1141,
        "39": 1130,
        "38": 1081,
        "42": 984,
        "37": 974,
        "47": 973,
        "36": 947,
        "40": 945,
        "215": 926,
        "43": 919,
        "45": 911,
        "49": 883,
        "59": 859,
        "46": 851,
        "73": 833,
        "60": 828,
        "48": 823,
        "50": 818,
        "68": 800,
        "63": 786,
        "53": 776,
        "56": 768,
        "66": 768,
        "58": 766,
        "83": 753,
        "102": 748,
        "72": 745,
        "55": 743,
        "51": 707,
        "85": 696,
        "132": 686,
        "76": 682,
        "112": 679,
        "91": 668,
        "190": 664,
        "61": 633,
        "67": 629,
        "159": 629,
        "62": 626,
        "80": 608,
        "54": 608,
        "64": 605,
        "122": 593,
        "1253": 588,
        "110": 584,
        "79": 581,
        "127": 579,
        "82": 575,
        "70": 574,
        "93": 569,
        "103": 568,
        "77": 557,
        "57": 551,
        "156": 549,
        "52": 541,
        "100": 541,
        "105": 533,
        "90": 529,
        "376": 523,
        "75": 518,
        "120": 517,
        "134": 516,
        "65": 515,
        "163": 511,
        "106": 509,
        "111": 508,
        "900": 506,
        "142": 506,
        "135": 499,
        "484": 494,
        "182": 488,
        "104": 477,
        "97": 475,
        "94": 474,
        "165": 470,
        "138": 468,
        "377": 461,
        "81": 453,
        "86": 451,
        "71": 446,
        "87": 446,
        "670": 446,
        "84": 442,
        "101": 437,
        "131": 430,
        "114": 428,
        "289": 427,
        "244": 425,
        "140": 422,
        "98": 418,
        "187": 415,
        "74": 415,
        "369": 414,
        "325": 414,
        "152": 413,
        "69": 410,
        "125": 409,
        "162": 407,
        "539": 406,
        "196": 406,
        "116": 406,
        "180": 400,
        "88": 396,
        "129": 393,
        "78": 393,
        "1107": 392,
        "247": 387,
        "153": 386,
        "308": 386,
        "130": 383,
        "229": 378,
        "143": 377,
        "620": 377,
        "89": 375,
        "173": 368,
        "99": 368,
        "578": 367,
        "265": 349,
        "479": 349,
        "158": 348,
        "188": 347,
        "145": 345,
        "584": 343,
        "518": 339,
        "115": 339,
        "149": 338,
        "169": 337,
        "144": 337,
        "398": 336,
        "160": 335,
        "264": 335,
        "95": 334,
        "146": 329,
        "574": 328,
        "186": 327,
        "108": 324,
        "195": 322,
        "123": 321,
        "96": 320,
        "155": 320,
        "109": 318,
        "350": 318,
        "260": 317,
        "136": 316,
        "92": 314,
        "791": 313,
        "426": 299,
        "176": 299,
        "254": 298,
        "216": 297,
        "517": 297,
        "151": 297,
        "286": 293,
        "206": 292,
        "202": 290,
        "438": 289,
        "148": 287,
        "482": 280,
        "113": 276,
        "592": 274,
        "253": 274,
        "483": 274,
        "314": 272,
        "171": 272,
        "107": 271,
        "157": 269,
        "481": 266,
        "319": 265,
        "384": 264,
        "422": 263,
        "185": 261,
        "555": 258,
        "161": 256,
        "224": 256,
        "1467": 255,
        "278": 254,
        "128": 254,
        "167": 252,
        "287": 249,
        "209": 249,
        "242": 249,
        "252": 248,
        "139": 248,
        "207": 247,
        "117": 246,
        "1325": 244,
        "352": 242,
        "118": 240,
        "137": 240,
        "166": 240,
        "220": 239,
        "338": 238,
        "427": 232,
        "356": 232,
        "126": 229,
        "425": 227,
        "322": 225,
        "475": 224,
        "223": 222,
        "189": 220,
        "357": 218,
        "197": 216,
        "390": 216,
        "310": 215,
        "393": 214,
        "298": 210,
        "290": 208,
        "204": 208,
        "417": 207,
        "150": 206,
        "569": 201,
        "412": 200,
        "403": 200,
        "212": 196,
        "179": 196,
        "306": 196,
        "1217": 191,
        "263": 191,
        "211": 191,
        "154": 191,
        "272": 189,
        "256": 187,
        "326": 186,
        "250": 184,
        "336": 183,
        "367": 183,
        "545": 182,
        "124": 182,
        "221": 180,
        "210": 179,
        "424": 177,
        "234": 177,
        "277": 177,
        "285": 175,
        "399": 170,
        "219": 170,
        "458": 168,
        "121": 167,
        "297": 166,
        "293": 165,
        "147": 163,
        "342": 163,
        "201": 162,
        "192": 162,
        "217": 162,
        "564": 159,
        "418": 159,
        "268": 158,
        "199": 158,
        "320": 157,
        "177": 155,
        "239": 154,
        "392": 153,
        "318": 152,
        "168": 151,
        "359": 151,
        "295": 150,
        "333": 150,
        "232": 145,
        "225": 144,
        "273": 143,
        "259": 142,
        "493": 142,
        "575": 142,
        "249": 139,
        "236": 139,
        "258": 138,
        "119": 137,
        "141": 137,
        "1698": 136,
        "288": 136,
        "512": 133,
        "445": 133,
        "172": 132,
        "198": 131,
        "305": 131,
        "561": 130,
        "985": 126,
        "235": 122,
        "283": 121,
        "551": 121,
        "394": 119,
        "178": 119,
        "371": 117,
        "193": 114,
        "200": 113,
        "266": 112,
        "170": 112,
        "330": 106,
        "296": 103,
        "921": 102,
        "411": 102,
        "625": 100,
        "332": 100,
        "632": 100,
        "449": 99,
        "183": 98,
        "292": 97,
        "448": 96,
        "230": 93,
        "164": 87,
        "184": 86,
        "205": 85,
        "606": 82,
        "559": 77,
        "194": 73,
        "311": 71,
        "478": 71,
        "541": 70,
        "174": 70,
        "360": 69,
        "344": 69,
        "992": 66,
        "650": 66,
        "383": 65,
        "661": 63,
        "537": 62,
        "274": 62,
        "181": 59,
        "321": 59,
        "682": 58,
        "466": 57,
        "214": 56,
        "243": 55,
        "133": 54,
        "237": 52,
        "467": 52,
        "231": 51,
        "218": 51,
        "226": 51,
        "238": 50,
        "203": 49,
        "323": 48,
        "522": 48,
        "1583": 46,
        "558": 45,
        "401": 44,
        "213": 44,
        "343": 43,
        "593": 43,
        "912": 43,
        "720": 43,
        "1198": 41,
        "228": 40,
        "439": 39,
        "340": 39,
        "2038": 39,
        "590": 38,
        "355": 37,
        "497": 37,
        "440": 36,
        "317": 36,
        "246": 36,
        "280": 36,
        "240": 36,
        "175": 35,
        "2100": 35,
        "811": 35,
        "279": 34,
        "251": 34,
        "276": 34,
        "282": 33,
        "535": 33,
        "1218": 32,
        "719": 32,
        "348": 31,
        "312": 31,
        "241": 31,
        "764": 31,
        "327": 31,
        "725": 30,
        "681": 30,
        "582": 30,
        "245": 29,
        "638": 29,
        "677": 29,
        "379": 28,
        "233": 28,
        "257": 28,
        "688": 28,
        "1064": 28,
        "291": 27,
        "490": 27,
        "262": 27,
        "663": 27,
        "464": 27,
        "299": 27,
        "470": 27,
        "468": 27,
        "526": 26,
        "222": 26,
        "459": 26,
        "566": 26,
        "637": 26,
        "267": 26,
        "722": 26,
        "504": 26,
        "627": 25,
        "208": 25,
        "509": 24,
        "856": 24,
        "1497": 24,
        "455": 23,
        "400": 23,
        "744": 23,
        "255": 23,
        "548": 23,
        "370": 22,
        "728": 22,
        "462": 22,
        "886": 22,
        "473": 22,
        "692": 22,
        "654": 22,
        "269": 22,
        "391": 21,
        "331": 21,
        "622": 21,
        "351": 21,
        "1259": 20,
        "611": 20,
        "984": 20,
        "432": 20,
        "363": 20,
        "769": 20,
        "1579": 20,
        "302": 19,
        "304": 19,
        "334": 19,
        "461": 19,
        "568": 19,
        "808": 19,
        "626": 19,
        "860": 18,
        "227": 18,
        "300": 18,
        "623": 18,
        "653": 18,
        "1555": 18,
        "404": 18,
        "583": 17,
        "281": 17,
        "294": 17,
        "586": 17,
        "498": 17,
        "824": 17,
        "646": 16,
        "420": 16,
        "423": 16,
        "346": 16,
        "508": 16,
        "365": 16,
        "510": 16,
        "1006": 16,
        "373": 15,
        "630": 15,
        "889": 15,
        "739": 15,
        "347": 15,
        "337": 15,
        "316": 15,
        "335": 15,
        "407": 15,
        "675": 15,
        "573": 15,
        "435": 15,
        "454": 15,
        "527": 14,
        "1099": 14,
        "413": 14,
        "2448": 14,
        "456": 14,
        "565": 14,
        "525": 14,
        "612": 14,
        "880": 14,
        "806": 14,
        "248": 13,
        "1496": 13,
        "261": 13,
        "685": 13,
        "635": 13,
        "836": 13,
        "388": 13,
        "530": 13,
        "785": 13,
        "786": 13,
        "354": 13,
        "416": 13,
        "492": 13,
        "678": 13,
        "437": 13,
        "358": 13,
        "580": 13,
        "621": 13,
        "946": 13,
        "1168": 13,
        "1749": 12,
        "480": 12,
        "408": 12,
        "2587": 12,
        "386": 12,
        "307": 12,
        "477": 12,
        "361": 12,
        "538": 12,
        "284": 12,
        "970": 12,
        "524": 12,
        "1314": 12,
        "1897": 12,
        "324": 12,
        "765": 11,
        "879": 11,
        "396": 11,
        "382": 11,
        "487": 11,
        "387": 11,
        "191": 11,
        "647": 11,
        "1631": 11,
        "1114": 11,
        "789": 11,
        "1807": 11,
        "847": 11,
        "270": 11,
        "341": 11,
        "544": 11,
        "436": 11,
        "434": 11,
        "543": 10,
        "421": 10,
        "380": 10,
        "608": 10,
        "838": 10,
        "375": 10,
        "1000": 10,
        "339": 10,
        "1071": 10,
        "540": 10,
        "693": 9,
        "576": 9,
        "451": 9,
        "668": 9,
        "499": 9,
        "967": 9,
        "364": 9,
        "362": 9,
        "594": 9,
        "1718": 9,
        "713": 9,
        "714": 9,
        "699": 9,
        "853": 9,
        "444": 9,
        "817": 9,
        "1556": 9,
        "1090": 9,
        "1995": 8,
        "368": 8,
        "557": 8,
        "570": 8,
        "1033": 8,
        "349": 8,
        "1719": 8,
        "430": 8,
        "309": 8,
        "614": 8,
        "770": 8,
        "1533": 8,
        "494": 8,
        "476": 8,
        "1794": 8,
        "414": 8,
        "870": 8,
        "315": 8,
        "405": 8,
        "446": 8,
        "628": 8,
        "588": 8,
        "665": 7,
        "275": 7,
        "1453": 7,
        "723": 7,
        "443": 7,
        "1454": 7,
        "441": 7,
        "1073": 7,
        "708": 7,
        "450": 7,
        "447": 7,
        "619": 7,
        "429": 7,
        "1055": 7,
        "562": 7,
        "378": 7,
        "672": 7,
        "1285": 7,
        "546": 7,
        "1521": 7,
        "729": 7,
        "2012": 7,
        "271": 7,
        "757": 7,
        "452": 7,
        "501": 6,
        "552": 6,
        "634": 6,
        "2810": 6,
        "556": 6,
        "1696": 6,
        "409": 6,
        "511": 6,
        "1279": 6,
        "1077": 6,
        "859": 6,
        "750": 6,
        "703": 6,
        "529": 6,
        "869": 6,
        "567": 6,
        "997": 6,
        "1060": 6,
        "581": 5,
        "766": 5,
        "402": 5,
        "904": 5,
        "406": 5,
        "671": 5,
        "1021": 5,
        "419": 5,
        "687": 5,
        "345": 5,
        "489": 5,
        "1589": 5,
        "658": 5,
        "1115": 5,
        "550": 5,
        "531": 5,
        "1009": 5,
        "523": 5,
        "513": 5,
        "773": 4,
        "1004": 4,
        "615": 4,
        "683": 4,
        "496": 4,
        "772": 4,
        "549": 4,
        "1463": 4,
        "366": 4,
        "664": 4,
        "2274": 4,
        "747": 4,
        "655": 4,
        "709": 4,
        "1151": 4,
        "730": 4,
        "894": 4,
        "428": 4,
        "532": 4,
        "463": 4,
        "721": 4,
        "732": 4,
        "809": 4,
        "1413": 4,
        "534": 4,
        "433": 4,
        "474": 4,
        "381": 4,
        "939": 4,
        "2109": 4,
        "301": 4,
        "991": 3,
        "389": 3,
        "1914": 3,
        "629": 3,
        "616": 3,
        "1085": 3,
        "740": 3,
        "495": 3,
        "560": 3,
        "700": 3,
        "845": 3,
        "1448": 3,
        "1056": 3,
        "777": 3,
        "911": 3,
        "680": 3,
        "754": 3,
        "624": 3,
        "1270": 3,
        "784": 3,
        "469": 3,
        "762": 3,
        "1564": 3,
        "871": 3,
        "1188": 3,
        "1084": 3,
        "716": 3,
        "1132": 3,
        "595": 3,
        "1390": 3,
        "503": 3,
        "1977": 2,
        "994": 2,
        "753": 2,
        "737": 2,
        "471": 2,
        "502": 2,
        "607": 2,
        "1046": 2,
        "1001": 2,
        "1695": 2,
        "505": 2,
        "1473": 2,
        "415": 2,
        "2848": 2,
        "1104": 2,
        "1238": 2,
        "938": 2,
        "819": 2,
        "453": 2,
        "1037": 2,
        "571": 2,
        "742": 2,
        "601": 2,
        "313": 2,
        "695": 2,
        "374": 2,
        "303": 2,
        "516": 2,
        "814": 2,
        "1518": 2,
        "491": 2,
        "961": 2,
        "979": 1,
        "1357": 1,
        "973": 1,
        "1790": 1,
        "488": 1,
        "749": 1,
        "927": 1,
        "1007": 1,
        "696": 1,
        "328": 1,
        "2191": 1,
        "1389": 1,
        "1276": 1,
        "610": 1,
        "553": 1,
        "858": 1,
        "891": 1,
        "1477": 1,
        "1072": 1,
        "1445": 1,
        "397": 1,
        "1491": 1,
        "1091": 1,
        "1063": 1,
        "823": 1,
        "598": 1,
        "1047": 1,
        "1100": 1,
        "641": 1,
        "1476": 1,
        "1019": 1,
        "605": 1,
        "980": 1,
        "563": 1,
        "867": 1,
        "834": 1,
        "1301": 1,
        "1016": 1,
        "353": 1,
        "528": 1,
        "805": 1,
        "457": 1,
        "472": 1,
        "905": 1,
        "1532": 1,
        "617": 1,
        "460": 1,
        "547": 1,
        "642": 1,
        "533": 1,
        "5807": 1,
        "707": 1,
        "486": 1,
        "735": 1,
        "1140": 1,
        "660": 1,
        "329": 1,
        "792": 1,
        "587": 1,
        "521": 1,
        "1731": 1,
        "1511": 1,
        "596": 1,
        "1039": 1,
        "978": 1,
        "914": 1,
        "1120": 1,
        "506": 1,
        "694": 1,
        "410": 1,
        "395": 1,
        "787": 1,
        "1295": 1,
        "1383": 1,
        "755": 1,
        "643": 1,
        "431": 1,
        "2760": 1,
        "828": 1,
        "804": 1,
        "768": 1
    },
    "nrows": 229907
}