{
    "column_id": "Yelp/Yelp.csvYelp.csv/review_count_x",
    "dataset_name": "Yelp.csv",
    "dataset_id": "Yelp/Yelp.csv",
    "path": "/home/ubuntu/CatDB/Experiments/data/Yelp/Yelp.csv",
    "table_name": "Yelp.csv",
    "table_id": "Yelp/Yelp.csvYelp.csv",
    "column_name": "review_count_x",
    "data_source": "Yelp",
    "data_type": "int",
    "total_values_count": 229907,
    "distinct_values_count": 293,
    "missing_values_count": 0,
    "true_ratio": null,
    "min_value": 3.0,
    "max_value": 862.0,
    "mean": 113.3941985237509,
    "median": 64.0,
    "iqr": 124.0,
    "category_values": [
        17,
        76,
        236,
        197,
        269,
        86,
        118,
        4,
        293,
        163,
        155,
        41,
        335,
        42,
        32,
        20,
        193,
        63,
        73,
        124,
        103,
        55,
        19,
        178,
        461,
        157,
        46,
        3,
        35,
        83,
        22,
        100,
        5,
        78,
        251,
        217,
        8,
        349,
        58,
        27,
        326,
        38,
        64,
        44,
        9,
        69,
        153,
        317,
        7,
        67,
        110,
        412,
        161,
        101,
        40,
        53,
        96,
        85,
        113,
        72,
        862,
        30,
        15,
        6,
        13,
        57,
        106,
        91,
        74,
        139,
        54,
        31,
        60,
        102,
        80,
        160,
        130,
        115,
        12,
        61,
        176,
        188,
        165,
        144,
        94,
        16,
        52,
        200,
        24,
        270,
        143,
        59,
        10,
        145,
        357,
        43,
        26,
        239,
        171,
        23,
        142,
        575,
        238,
        307,
        112,
        227,
        214,
        95,
        21,
        34,
        170,
        166,
        45,
        18,
        47,
        203,
        148,
        107,
        549,
        11,
        62,
        128,
        184,
        390,
        116,
        79,
        90,
        136,
        402,
        108,
        347,
        362,
        175,
        105,
        71,
        333,
        84,
        25,
        14,
        434,
        181,
        263,
        70,
        189,
        398,
        117,
        202,
        318,
        224,
        88,
        219,
        235,
        185,
        36,
        29,
        186,
        109,
        49,
        81,
        33,
        150,
        303,
        281,
        689,
        453,
        125,
        51,
        652,
        525,
        99,
        271,
        77,
        50,
        735,
        39,
        75,
        82,
        291,
        141,
        594,
        87,
        28,
        201,
        48,
        221,
        310,
        229,
        196,
        283,
        444,
        259,
        321,
        258,
        315,
        353,
        56,
        278,
        187,
        243,
        140,
        97,
        138,
        132,
        68,
        167,
        199,
        93,
        298,
        183,
        89,
        135,
        803,
        207,
        92,
        156,
        194,
        37,
        262,
        316,
        123,
        450,
        230,
        180,
        66,
        134,
        421,
        111,
        121,
        290,
        177,
        276,
        363,
        147,
        580,
        131,
        179,
        127,
        212,
        264,
        489,
        162,
        198,
        129,
        228,
        172,
        119,
        220,
        122,
        441,
        246,
        104,
        248,
        233,
        292,
        218,
        152,
        245,
        137,
        305,
        65,
        287,
        192,
        182,
        304,
        222,
        146,
        299,
        120,
        216,
        265,
        255,
        126,
        168,
        502,
        323,
        154,
        98,
        358,
        114,
        149,
        169,
        343,
        213,
        268,
        158,
        309,
        431,
        151,
        272,
        477,
        133,
        206,
        210
    ],
    "embedding": [
        -1.0,
        -1.0,
        -1.0,
        1.0,
        -1.0,
        1.0,
        -1.0,
        -1.0,
        -1.0,
        -1.0,
        1.0,
        -1.0,
        -1.0,
        1.0,
        1.0,
        1.0,
        1.0,
        -1.0,
        1.0,
        -1.0,
        1.0,
        -1.0,
        1.0,
        -1.0,
        1.0,
        -1.0,
        -1.0,
        1.0,
        -1.0,
        -1.0,
        1.0,
        1.0,
        -1.0,
        -1.0,
        -1.0,
        1.0,
        -1.0,
        1.0,
        1.0,
        -1.0,
        -1.0,
        1.0,
        -1.0,
        -1.0,
        -1.0,
        -1.0,
        1.0,
        -1.0,
        -1.0,
        -0.9884428381919861,
        -1.0,
        1.0,
        1.0,
        1.0,
        -1.0,
        1.0,
        1.0,
        1.0,
        -1.0,
        0.9993905425071716,
        -1.0,
        -1.0,
        1.0,
        -1.0,
        1.0,
        -1.0,
        1.0,
        -1.0,
        1.0,
        1.0,
        1.0,
        -1.0,
        -1.0,
        -1.0,
        -1.0,
        1.0,
        1.0,
        1.0,
        1.0,
        1.0,
        1.0,
        1.0,
        1.0,
        -1.0,
        -1.0,
        1.0,
        -1.0,
        1.0,
        1.0,
        1.0,
        -1.0,
        1.0,
        1.0,
        -1.0,
        1.0,
        -1.0,
        1.0,
        -1.0,
        -1.0,
        -1.0,
        -0.9993657469749451,
        -1.0,
        1.0,
        -1.0,
        -1.0,
        1.0,
        1.0,
        1.0,
        -1.0,
        -1.0,
        1.0,
        -1.0,
        -1.0,
        1.0,
        1.0,
        1.0,
        1.0,
        1.0,
        1.0,
        -1.0,
        -1.0,
        1.0,
        -1.0,
        -1.0,
        1.0,
        -1.0,
        -1.0,
        -1.0,
        -1.0,
        1.0,
        -1.0,
        1.0,
        -1.0,
        -1.0,
        1.0,
        -1.0,
        -1.0,
        1.0,
        1.0,
        -1.0,
        1.0,
        1.0,
        1.0,
        -1.0,
        1.0,
        -1.0,
        1.0,
        -1.0,
        -1.0,
        -1.0,
        0.9999780654907227,
        -1.0,
        1.0,
        -1.0,
        1.0,
        -1.0,
        1.0,
        -1.0,
        1.0,
        -1.0,
        -1.0,
        1.0,
        -1.0,
        -1.0,
        1.0,
        -1.0,
        1.0,
        -1.0,
        -1.0,
        -1.0,
        -1.0,
        -1.0,
        1.0,
        1.0,
        -1.0,
        -1.0,
        1.0,
        -1.0,
        -1.0,
        -1.0,
        1.0,
        -1.0,
        -1.0,
        -1.0,
        1.0,
        -1.0,
        1.0,
        -1.0,
        -1.0,
        -1.0,
        1.0,
        1.0,
        1.0,
        1.0,
        -1.0,
        -1.0,
        1.0,
        -1.0,
        -1.0,
        1.0,
        -1.0,
        1.0,
        -1.0,
        -1.0,
        -1.0,
        -1.0,
        1.0,
        1.0,
        -1.0,
        -1.0,
        -1.0,
        1.0,
        -1.0,
        -1.0,
        -1.0,
        1.0,
        -1.0,
        1.0,
        -1.0,
        -1.0,
        1.0,
        -1.0,
        -1.0,
        1.0,
        -1.0,
        -0.9854835271835327,
        1.0,
        -1.0,
        -1.0,
        -1.0,
        1.0,
        -1.0,
        1.0,
        -1.0,
        -1.0,
        1.0,
        -1.0,
        1.0,
        1.0,
        -1.0,
        1.0,
        -0.983382523059845,
        1.0,
        -1.0,
        1.0,
        1.0,
        -1.0,
        -1.0,
        -1.0,
        1.0,
        1.0,
        1.0,
        -1.0,
        -1.0,
        -1.0,
        1.0,
        1.0,
        -1.0,
        -1.0,
        -1.0,
        1.0,
        1.0,
        1.0,
        -1.0,
        1.0,
        -1.0,
        -1.0,
        -1.0,
        1.0,
        1.0,
        -0.9994742274284363,
        -1.0,
        -1.0,
        1.0,
        -1.0,
        1.0,
        1.0,
        1.0,
        1.0,
        1.0,
        1.0,
        -1.0,
        1.0,
        1.0,
        1.0,
        -1.0,
        -1.0,
        1.0,
        -1.0,
        -1.0,
        -1.0,
        1.0,
        -1.0,
        -1.0,
        -1.0,
        -1.0,
        -1.0,
        1.0,
        1.0,
        1.0
    ],
    "embedding_scaling_factor": 124.54019927978516,
    "samples": [
        130,
        357,
        131,
        110,
        27,
        37,
        4,
        15,
        84,
        216,
        122,
        147,
        26,
        3,
        3,
        4,
        13,
        264,
        163,
        243,
        54,
        9,
        89,
        19,
        575,
        39,
        36,
        25,
        46,
        35,
        166,
        255,
        138,
        127,
        100,
        14,
        412,
        38,
        16,
        235,
        36,
        24,
        36,
        67,
        4,
        3,
        46,
        192,
        59,
        12,
        43,
        4,
        51,
        15,
        236,
        212,
        3,
        131,
        236,
        105,
        362,
        60,
        147,
        132,
        179,
        27,
        192,
        74,
        79,
        122,
        3,
        77,
        63,
        13,
        21,
        134,
        26,
        107,
        127,
        12,
        104,
        11,
        54,
        21,
        4,
        35,
        35,
        450,
        108,
        115,
        50,
        85,
        219,
        8,
        162,
        50,
        36,
        94,
        8,
        358
    ],
    "category_values_ratio": {
        "3": 7593,
        "4": 6676,
        "5": 5036,
        "6": 4893,
        "7": 3947,
        "8": 3385,
        "9": 2743,
        "12": 2485,
        "10": 2452,
        "11": 2406,
        "13": 2175,
        "15": 2048,
        "36": 1982,
        "16": 1961,
        "17": 1895,
        "31": 1868,
        "28": 1851,
        "19": 1801,
        "23": 1769,
        "20": 1722,
        "24": 1706,
        "22": 1688,
        "29": 1686,
        "14": 1684,
        "30": 1666,
        "18": 1653,
        "42": 1580,
        "21": 1574,
        "46": 1539,
        "39": 1507,
        "38": 1499,
        "27": 1495,
        "25": 1473,
        "58": 1438,
        "50": 1430,
        "60": 1420,
        "32": 1419,
        "34": 1413,
        "79": 1399,
        "26": 1391,
        "35": 1378,
        "85": 1347,
        "53": 1314,
        "55": 1297,
        "54": 1279,
        "61": 1266,
        "44": 1253,
        "37": 1244,
        "57": 1240,
        "33": 1238,
        "77": 1220,
        "47": 1203,
        "81": 1199,
        "40": 1192,
        "48": 1185,
        "74": 1173,
        "69": 1163,
        "145": 1141,
        "41": 1130,
        "59": 1113,
        "80": 1104,
        "52": 1079,
        "68": 1075,
        "72": 1066,
        "63": 1064,
        "51": 1055,
        "66": 1046,
        "95": 1032,
        "49": 1004,
        "83": 985,
        "110": 979,
        "124": 979,
        "76": 967,
        "65": 965,
        "73": 940,
        "43": 938,
        "94": 928,
        "93": 917,
        "71": 916,
        "131": 909,
        "461": 907,
        "70": 901,
        "90": 888,
        "100": 883,
        "67": 861,
        "108": 853,
        "122": 849,
        "45": 847,
        "171": 844,
        "862": 844,
        "92": 816,
        "269": 801,
        "135": 797,
        "115": 796,
        "803": 794,
        "132": 787,
        "89": 786,
        "197": 781,
        "64": 764,
        "109": 752,
        "84": 747,
        "125": 746,
        "107": 741,
        "106": 738,
        "147": 732,
        "735": 731,
        "105": 728,
        "56": 724,
        "121": 716,
        "103": 715,
        "102": 701,
        "117": 698,
        "78": 693,
        "139": 690,
        "98": 684,
        "689": 679,
        "62": 671,
        "75": 664,
        "165": 654,
        "82": 648,
        "652": 645,
        "130": 643,
        "160": 632,
        "126": 625,
        "157": 620,
        "156": 619,
        "101": 604,
        "153": 602,
        "202": 600,
        "199": 593,
        "99": 590,
        "594": 588,
        "193": 577,
        "96": 576,
        "580": 575,
        "192": 570,
        "575": 568,
        "143": 561,
        "189": 559,
        "141": 558,
        "140": 557,
        "138": 550,
        "184": 547,
        "137": 546,
        "136": 541,
        "91": 541,
        "549": 540,
        "271": 537,
        "181": 536,
        "88": 524,
        "264": 520,
        "525": 519,
        "262": 519,
        "263": 519,
        "87": 518,
        "258": 515,
        "128": 507,
        "502": 501,
        "127": 501,
        "163": 485,
        "489": 484,
        "120": 473,
        "477": 472,
        "238": 472,
        "118": 468,
        "235": 467,
        "236": 464,
        "155": 461,
        "229": 454,
        "227": 454,
        "114": 451,
        "453": 449,
        "113": 448,
        "450": 447,
        "112": 442,
        "224": 441,
        "148": 438,
        "222": 437,
        "444": 437,
        "441": 436,
        "221": 434,
        "434": 426,
        "431": 426,
        "421": 418,
        "104": 411,
        "412": 408,
        "203": 398,
        "402": 394,
        "398": 392,
        "196": 387,
        "390": 387,
        "97": 384,
        "129": 382,
        "187": 370,
        "185": 366,
        "183": 362,
        "123": 361,
        "362": 361,
        "363": 359,
        "180": 357,
        "178": 354,
        "179": 353,
        "353": 352,
        "358": 351,
        "357": 347,
        "175": 346,
        "349": 344,
        "343": 341,
        "347": 338,
        "170": 337,
        "86": 336,
        "335": 333,
        "333": 332,
        "111": 327,
        "166": 327,
        "323": 321,
        "161": 321,
        "326": 321,
        "162": 320,
        "318": 316,
        "317": 314,
        "315": 313,
        "316": 313,
        "310": 309,
        "321": 307,
        "309": 306,
        "307": 303,
        "305": 302,
        "304": 301,
        "303": 300,
        "154": 300,
        "152": 300,
        "298": 298,
        "299": 296,
        "149": 292,
        "293": 289,
        "292": 289,
        "291": 288,
        "290": 287,
        "287": 285,
        "144": 284,
        "283": 279,
        "281": 278,
        "278": 276,
        "276": 272,
        "272": 271,
        "270": 265,
        "268": 263,
        "134": 262,
        "265": 261,
        "259": 256,
        "251": 251,
        "255": 250,
        "248": 244,
        "245": 242,
        "246": 240,
        "243": 238,
        "239": 238,
        "119": 236,
        "233": 231,
        "116": 230,
        "230": 225,
        "228": 223,
        "220": 219,
        "217": 216,
        "219": 216,
        "218": 215,
        "216": 215,
        "213": 210,
        "212": 210,
        "210": 209,
        "214": 208,
        "207": 206,
        "206": 204,
        "201": 199,
        "198": 198,
        "200": 196,
        "194": 192,
        "188": 186,
        "186": 185,
        "182": 179,
        "176": 176,
        "177": 175,
        "172": 171,
        "169": 168,
        "168": 168,
        "167": 164,
        "158": 157,
        "151": 151,
        "150": 146,
        "146": 145,
        "142": 142,
        "133": 129
    },
    "nrows": 229907
}