{
    "column_id": "Yelp/Yelp.csvYelp.csv/Friday_11",
    "dataset_name": "Yelp.csv",
    "dataset_id": "Yelp/Yelp.csv",
    "path": "/home/ubuntu/CatDB/Experiments/data/Yelp/Yelp.csv",
    "table_name": "Yelp.csv",
    "table_id": "Yelp/Yelp.csvYelp.csv",
    "column_name": "Friday_11",
    "data_source": "Yelp",
    "data_type": "int",
    "total_values_count": 229907,
    "distinct_values_count": 51,
    "missing_values_count": 16395,
    "true_ratio": null,
    "min_value": 0.0,
    "max_value": 166.0,
    "mean": 6.058577503840533,
    "median": 2.0,
    "iqr": 6.0,
    "category_values": [
        0,
        1,
        2,
        5,
        17,
        3,
        8,
        33,
        7,
        13,
        6,
        21,
        15,
        16,
        34,
        19,
        11,
        166,
        4,
        26,
        20,
        35,
        10,
        9,
        23,
        27,
        12,
        44,
        14,
        36,
        43,
        51,
        28,
        29,
        18,
        22,
        40,
        100,
        76,
        37,
        39,
        38,
        61,
        93,
        25,
        24,
        30,
        48,
        42,
        52,
        32
    ],
    "embedding": [
        -1.0,
        -1.0,
        -1.0,
        1.0,
        -1.0,
        1.0,
        -1.0,
        -1.0,
        -1.0,
        -1.0,
        1.0,
        -1.0,
        -1.0,
        1.0,
        1.0,
        1.0,
        1.0,
        -1.0,
        1.0,
        -1.0,
        1.0,
        -1.0,
        1.0,
        -1.0,
        1.0,
        -1.0,
        -1.0,
        1.0,
        -1.0,
        -1.0,
        1.0,
        1.0,
        -1.0,
        -1.0,
        -1.0,
        1.0,
        -1.0,
        1.0,
        1.0,
        -1.0,
        -1.0,
        1.0,
        -1.0,
        -1.0,
        -1.0,
        -1.0,
        1.0,
        -1.0,
        -1.0,
        -0.3466764986515045,
        -1.0,
        1.0,
        1.0,
        1.0,
        -1.0,
        1.0,
        1.0,
        1.0,
        -1.0,
        0.7275636196136475,
        -1.0,
        -1.0,
        1.0,
        -1.0,
        1.0,
        -1.0,
        1.0,
        -1.0,
        1.0,
        1.0,
        1.0,
        -1.0,
        -1.0,
        -1.0,
        -1.0,
        1.0,
        1.0,
        1.0,
        1.0,
        1.0,
        1.0,
        1.0,
        1.0,
        -1.0,
        -1.0,
        1.0,
        -1.0,
        1.0,
        1.0,
        1.0,
        -1.0,
        1.0,
        1.0,
        -1.0,
        1.0,
        -1.0,
        1.0,
        -1.0,
        -1.0,
        -1.0,
        -0.9248107075691223,
        -1.0,
        1.0,
        -1.0,
        -1.0,
        1.0,
        1.0,
        1.0,
        -1.0,
        -1.0,
        1.0,
        -1.0,
        -1.0,
        1.0,
        1.0,
        1.0,
        1.0,
        1.0,
        1.0,
        -1.0,
        -1.0,
        1.0,
        -1.0,
        -1.0,
        1.0,
        -1.0,
        -1.0,
        -1.0,
        -1.0,
        1.0,
        -1.0,
        1.0,
        -1.0,
        -1.0,
        1.0,
        -1.0,
        -1.0,
        1.0,
        1.0,
        -1.0,
        1.0,
        1.0,
        1.0,
        -1.0,
        1.0,
        -1.0,
        1.0,
        -1.0,
        -1.0,
        -1.0,
        1.0,
        -1.0,
        1.0,
        -1.0,
        1.0,
        -1.0,
        1.0,
        -1.0,
        1.0,
        -1.0,
        -1.0,
        1.0,
        -1.0,
        -1.0,
        1.0,
        -1.0,
        1.0,
        -1.0,
        -1.0,
        -1.0,
        -1.0,
        -1.0,
        1.0,
        1.0,
        -1.0,
        -1.0,
        1.0,
        -1.0,
        -1.0,
        -1.0,
        1.0,
        -1.0,
        -1.0,
        -1.0,
        1.0,
        -1.0,
        1.0,
        -1.0,
        -1.0,
        -1.0,
        1.0,
        1.0,
        1.0,
        1.0,
        -1.0,
        -1.0,
        1.0,
        -1.0,
        -1.0,
        1.0,
        -1.0,
        1.0,
        -1.0,
        -1.0,
        -1.0,
        -1.0,
        1.0,
        1.0,
        -1.0,
        -1.0,
        -1.0,
        1.0,
        -1.0,
        -1.0,
        -1.0,
        1.0,
        -1.0,
        1.0,
        -1.0,
        -1.0,
        1.0,
        -1.0,
        -1.0,
        1.0,
        -1.0,
        -0.3460553288459778,
        1.0,
        -1.0,
        -1.0,
        -1.0,
        1.0,
        -1.0,
        1.0,
        -1.0,
        -1.0,
        1.0,
        -1.0,
        1.0,
        1.0,
        -1.0,
        1.0,
        -0.3263333737850189,
        1.0,
        -1.0,
        1.0,
        1.0,
        -1.0,
        -1.0,
        -1.0,
        1.0,
        1.0,
        1.0,
        -1.0,
        -1.0,
        -1.0,
        1.0,
        1.0,
        -1.0,
        -1.0,
        -1.0,
        1.0,
        1.0,
        1.0,
        -1.0,
        1.0,
        -1.0,
        -1.0,
        -1.0,
        1.0,
        1.0,
        -0.9038416147232056,
        -1.0,
        -1.0,
        1.0,
        -1.0,
        1.0,
        1.0,
        1.0,
        1.0,
        1.0,
        1.0,
        -1.0,
        1.0,
        1.0,
        1.0,
        -1.0,
        -1.0,
        1.0,
        -1.0,
        -1.0,
        -1.0,
        1.0,
        -1.0,
        -1.0,
        -1.0,
        -1.0,
        -1.0,
        1.0,
        1.0,
        1.0
    ],
    "embedding_scaling_factor": 483.53173828125,
    "samples": [
        0,
        4,
        0,
        11,
        4,
        1,
        2,
        4,
        4,
        10,
        3,
        93,
        15,
        3,
        20,
        1,
        3,
        0,
        0,
        0,
        18,
        0,
        0,
        1,
        0,
        3,
        3,
        2,
        9,
        10,
        1,
        0,
        1,
        2,
        13,
        3,
        3,
        0,
        0,
        0,
        1,
        0,
        33,
        5,
        5,
        0,
        3,
        3,
        0,
        6,
        1,
        35,
        3,
        0,
        0,
        0,
        2,
        0,
        12,
        7,
        0,
        1,
        35,
        1,
        4,
        0,
        7,
        0,
        1,
        0,
        12,
        0,
        5,
        1,
        1,
        5,
        22,
        0,
        3,
        27,
        17,
        2,
        2,
        0,
        0,
        1,
        0,
        0,
        29,
        0,
        2,
        51,
        1
    ],
    "category_values_ratio": {
        "0": 68928,
        "1": 36106,
        "2": 19405,
        "3": 14827,
        "4": 10199,
        "5": 7566,
        "6": 6435,
        "7": 5249,
        "10": 3882,
        "14": 3577,
        "8": 3420,
        "9": 3038,
        "12": 2787,
        "17": 2780,
        "11": 2545,
        "19": 2109,
        "15": 1947,
        "34": 1444,
        "20": 1425,
        "13": 1361,
        "21": 1308,
        "18": 1225,
        "27": 1084,
        "35": 1041,
        "16": 1019,
        "22": 859,
        "166": 844,
        "43": 731,
        "51": 706,
        "44": 679,
        "36": 519,
        "33": 456,
        "30": 426,
        "29": 342,
        "23": 331,
        "28": 317,
        "61": 301,
        "40": 287,
        "100": 257,
        "93": 250,
        "37": 244,
        "76": 223,
        "38": 209,
        "24": 178,
        "42": 173,
        "52": 117,
        "26": 113,
        "39": 110,
        "48": 63,
        "25": 35,
        "32": 35
    },
    "nrows": 229907
}