{
    "column_id": "Yelp/Yelp.csvYelp.csv/votes_cool",
    "dataset_name": "Yelp.csv",
    "dataset_id": "Yelp/Yelp.csv",
    "path": "/home/ubuntu/CatDB/Experiments/data/Yelp/Yelp.csv",
    "table_name": "Yelp.csv",
    "table_id": "Yelp/Yelp.csvYelp.csv",
    "column_name": "votes_cool",
    "data_source": "Yelp",
    "data_type": "int",
    "total_values_count": 229907,
    "distinct_values_count": 53,
    "missing_values_count": 0,
    "true_ratio": null,
    "min_value": 0.0,
    "max_value": 117.0,
    "mean": 0.8682336770955212,
    "median": 0.0,
    "iqr": 1.0,
    "category_values": [
        1,
        0,
        2,
        3,
        5,
        15,
        4,
        17,
        8,
        23,
        16,
        6,
        7,
        13,
        10,
        9,
        11,
        18,
        14,
        12,
        21,
        19,
        22,
        25,
        26,
        20,
        77,
        36,
        42,
        56,
        29,
        66,
        35,
        38,
        24,
        37,
        28,
        60,
        64,
        50,
        41,
        33,
        27,
        32,
        31,
        30,
        72,
        40,
        39,
        43,
        67,
        59,
        117
    ],
    "embedding": [
        -1.0,
        -1.0,
        -1.0,
        1.0,
        -1.0,
        1.0,
        -1.0,
        -1.0,
        -1.0,
        -1.0,
        1.0,
        -1.0,
        -1.0,
        1.0,
        1.0,
        1.0,
        1.0,
        -1.0,
        1.0,
        -1.0,
        1.0,
        -1.0,
        1.0,
        -1.0,
        1.0,
        -1.0,
        -1.0,
        1.0,
        -1.0,
        -1.0,
        1.0,
        1.0,
        -1.0,
        -1.0,
        -1.0,
        1.0,
        -1.0,
        1.0,
        1.0,
        -1.0,
        -1.0,
        1.0,
        -1.0,
        -1.0,
        -1.0,
        -1.0,
        1.0,
        -1.0,
        -1.0,
        0.05970543250441551,
        -1.0,
        1.0,
        1.0,
        1.0,
        -1.0,
        1.0,
        1.0,
        1.0,
        -1.0,
        0.6379256844520569,
        -1.0,
        -1.0,
        1.0,
        -1.0,
        1.0,
        -1.0,
        1.0,
        -1.0,
        1.0,
        1.0,
        1.0,
        -1.0,
        -1.0,
        -1.0,
        -1.0,
        1.0,
        1.0,
        1.0,
        1.0,
        1.0,
        1.0,
        1.0,
        1.0,
        -1.0,
        -1.0,
        1.0,
        -1.0,
        1.0,
        1.0,
        1.0,
        -1.0,
        1.0,
        1.0,
        -1.0,
        1.0,
        -1.0,
        1.0,
        -1.0,
        -1.0,
        -1.0,
        -0.8775790929794312,
        -1.0,
        1.0,
        -1.0,
        -1.0,
        1.0,
        1.0,
        1.0,
        -1.0,
        -1.0,
        1.0,
        -1.0,
        -1.0,
        1.0,
        1.0,
        1.0,
        1.0,
        1.0,
        1.0,
        -1.0,
        -1.0,
        1.0,
        -1.0,
        -1.0,
        1.0,
        -1.0,
        -1.0,
        -1.0,
        -1.0,
        1.0,
        -1.0,
        1.0,
        -1.0,
        -1.0,
        1.0,
        -1.0,
        -1.0,
        1.0,
        1.0,
        -1.0,
        1.0,
        1.0,
        1.0,
        -1.0,
        1.0,
        -1.0,
        1.0,
        -1.0,
        -1.0,
        -1.0,
        1.0,
        -1.0,
        1.0,
        -1.0,
        1.0,
        -1.0,
        1.0,
        -1.0,
        1.0,
        -1.0,
        -1.0,
        1.0,
        -1.0,
        -1.0,
        1.0,
        -1.0,
        1.0,
        -1.0,
        -1.0,
        -1.0,
        -1.0,
        -1.0,
        1.0,
        1.0,
        -1.0,
        -1.0,
        1.0,
        -1.0,
        -1.0,
        -1.0,
        1.0,
        -1.0,
        -1.0,
        -1.0,
        1.0,
        -1.0,
        1.0,
        -1.0,
        -1.0,
        -1.0,
        1.0,
        1.0,
        1.0,
        1.0,
        -1.0,
        -1.0,
        1.0,
        -1.0,
        -1.0,
        1.0,
        -1.0,
        1.0,
        -1.0,
        -1.0,
        -1.0,
        -1.0,
        1.0,
        1.0,
        -1.0,
        -1.0,
        -1.0,
        1.0,
        -1.0,
        -1.0,
        -1.0,
        1.0,
        -1.0,
        1.0,
        -1.0,
        -1.0,
        1.0,
        -1.0,
        -1.0,
        1.0,
        -1.0,
        0.05252806097269058,
        1.0,
        -1.0,
        -1.0,
        -1.0,
        1.0,
        -1.0,
        1.0,
        -1.0,
        -1.0,
        1.0,
        -1.0,
        1.0,
        1.0,
        -1.0,
        1.0,
        0.08603982627391815,
        1.0,
        -1.0,
        1.0,
        1.0,
        -1.0,
        -1.0,
        -1.0,
        1.0,
        1.0,
        1.0,
        -1.0,
        -1.0,
        -1.0,
        1.0,
        1.0,
        -1.0,
        -1.0,
        -1.0,
        1.0,
        1.0,
        1.0,
        -1.0,
        1.0,
        -1.0,
        -1.0,
        -1.0,
        1.0,
        1.0,
        -0.8526327610015869,
        -1.0,
        -1.0,
        1.0,
        -1.0,
        1.0,
        1.0,
        1.0,
        1.0,
        1.0,
        1.0,
        -1.0,
        1.0,
        1.0,
        1.0,
        -1.0,
        -1.0,
        1.0,
        -1.0,
        -1.0,
        -1.0,
        1.0,
        -1.0,
        -1.0,
        -1.0,
        -1.0,
        -1.0,
        1.0,
        1.0,
        1.0
    ],
    "embedding_scaling_factor": 352.6950988769531,
    "samples": [
        1,
        3,
        0,
        0,
        2,
        0,
        1,
        3,
        1,
        0,
        0,
        1,
        0,
        1,
        1,
        4,
        0,
        0,
        0,
        0,
        0,
        0,
        0,
        1,
        0,
        0,
        0,
        1,
        0,
        0,
        2,
        1,
        0,
        0,
        0,
        0,
        0,
        1,
        2,
        1,
        0,
        0,
        7,
        5,
        0,
        0,
        6,
        1,
        0,
        1,
        0,
        0,
        6,
        3,
        1,
        0,
        0,
        0,
        0,
        0,
        1,
        0,
        2,
        1,
        0,
        1,
        1,
        1,
        0,
        0,
        0,
        0,
        2,
        0,
        0,
        0,
        7,
        0,
        4,
        0,
        2,
        0,
        0,
        1,
        0,
        0,
        0,
        0,
        0,
        0,
        0,
        3,
        0,
        1,
        0,
        0,
        0,
        0,
        3,
        31
    ],
    "category_values_ratio": {
        "0": 144216,
        "1": 45070,
        "2": 18042,
        "3": 8666,
        "4": 4633,
        "5": 2690,
        "6": 1810,
        "7": 1246,
        "8": 878,
        "9": 609,
        "10": 453,
        "11": 355,
        "12": 285,
        "13": 223,
        "14": 158,
        "15": 110,
        "16": 97,
        "17": 80,
        "18": 61,
        "19": 50,
        "20": 37,
        "21": 26,
        "22": 26,
        "23": 16,
        "25": 13,
        "24": 8,
        "26": 6,
        "27": 5,
        "38": 3,
        "66": 3,
        "32": 2,
        "36": 2,
        "37": 2,
        "33": 2,
        "77": 2,
        "30": 2,
        "40": 2,
        "39": 2,
        "28": 2,
        "56": 1,
        "59": 1,
        "67": 1,
        "43": 1,
        "42": 1,
        "72": 1,
        "64": 1,
        "31": 1,
        "29": 1,
        "35": 1,
        "41": 1,
        "50": 1,
        "60": 1,
        "117": 1
    },
    "nrows": 229907
}