{
    "column_id": "Yelp/Yelp.csvYelp.csv/Users.votes_cool",
    "dataset_name": "Yelp.csv",
    "dataset_id": "Yelp/Yelp.csv",
    "path": "/home/ubuntu/CatDB/Experiments/data/Yelp/Yelp.csv",
    "table_name": "Yelp.csv",
    "table_id": "Yelp/Yelp.csvYelp.csv",
    "column_name": "Users.votes_cool",
    "data_source": "Yelp",
    "data_type": "int",
    "total_values_count": 229907,
    "distinct_values_count": 1116,
    "missing_values_count": 14028,
    "true_ratio": null,
    "min_value": 0.0,
    "max_value": 22410.0,
    "mean": 262.2998994807276,
    "median": 18.0,
    "iqr": 114.0,
    "category_values": [
        336,
        18,
        28,
        24,
        161,
        17,
        132,
        0,
        10,
        1,
        171,
        2,
        1354,
        26,
        369,
        568,
        7,
        674,
        13,
        63,
        97,
        172,
        2488,
        15,
        45,
        221,
        102,
        608,
        90,
        103,
        2932,
        9,
        782,
        5,
        29,
        220,
        11,
        80,
        64,
        55,
        263,
        2025,
        202,
        554,
        148,
        21,
        87,
        188,
        12,
        4,
        23,
        915,
        41,
        25,
        3,
        94,
        6,
        91,
        92,
        70,
        934,
        131,
        36,
        50,
        322,
        49,
        1423,
        73,
        69,
        14,
        77,
        499,
        8,
        37,
        117,
        491,
        197,
        34,
        245,
        22,
        71,
        2093,
        88,
        181,
        165,
        878,
        62,
        392,
        174,
        67,
        30,
        2712,
        361,
        3943,
        61,
        85,
        230,
        39,
        1504,
        606,
        54,
        2342,
        403,
        60,
        112,
        295,
        33,
        276,
        168,
        1007,
        523,
        81,
        218,
        109,
        987,
        16,
        84,
        175,
        125,
        1502,
        576,
        114,
        104,
        624,
        1505,
        319,
        65,
        56,
        909,
        83,
        502,
        225,
        299,
        190,
        775,
        106,
        19,
        400,
        93,
        1458,
        48,
        79,
        57,
        2219,
        278,
        409,
        2186,
        358,
        262,
        430,
        311,
        156,
        42,
        7102,
        35,
        51,
        167,
        182,
        2504,
        82,
        52,
        241,
        8429,
        53,
        100,
        1074,
        58,
        43,
        120,
        31,
        515,
        287,
        38,
        552,
        331,
        421,
        1875,
        407,
        144,
        268,
        192,
        9202,
        72,
        46,
        2110,
        198,
        2640,
        1425,
        214,
        6353,
        393,
        119,
        252,
        1876,
        44,
        343,
        223,
        130,
        20,
        169,
        667,
        152,
        714,
        191,
        137,
        189,
        47,
        2130,
        107,
        124,
        139,
        157,
        388,
        1112,
        2457,
        285,
        304,
        193,
        546,
        66,
        74,
        138,
        1867,
        541,
        560,
        68,
        27,
        686,
        280,
        126,
        639,
        657,
        135,
        150,
        340,
        1143,
        3687,
        291,
        113,
        303,
        517,
        105,
        289,
        965,
        1024,
        893,
        1005,
        811,
        435,
        256,
        1794,
        1307,
        290,
        377,
        173,
        204,
        180,
        133,
        816,
        143,
        901,
        1756,
        424,
        327,
        200,
        40,
        614,
        308,
        493,
        492,
        266,
        298,
        209,
        246,
        115,
        1727,
        1610,
        420,
        3901,
        765,
        796,
        545,
        623,
        453,
        384,
        249,
        740,
        943,
        59,
        1092,
        159,
        600,
        8991,
        562,
        228,
        86,
        158,
        635,
        8280,
        128,
        427,
        2178,
        580,
        328,
        451,
        267,
        1151,
        32,
        1036,
        525,
        929,
        4322,
        199,
        233,
        101,
        412,
        847,
        1155,
        95,
        351,
        670,
        1399,
        213,
        187,
        1076,
        601,
        1180,
        1053,
        288,
        593,
        254,
        270,
        1093,
        329,
        1372,
        503,
        518,
        446,
        577,
        431,
        98,
        874,
        326,
        129,
        2202,
        272,
        234,
        296,
        141,
        314,
        96,
        963,
        151,
        140,
        867,
        76,
        134,
        1526,
        89,
        1755,
        177,
        3739,
        212,
        196,
        206,
        9742,
        408,
        979,
        770,
        1045,
        1331,
        551,
        111,
        176,
        352,
        480,
        834,
        136,
        201,
        4782,
        293,
        3814,
        273,
        620,
        231,
        1137,
        78,
        1361,
        1098,
        1812,
        75,
        625,
        466,
        250,
        1391,
        432,
        248,
        428,
        924,
        512,
        513,
        229,
        194,
        286,
        474,
        207,
        363,
        259,
        2452,
        455,
        1736,
        1201,
        1930,
        1815,
        438,
        8011,
        521,
        621,
        164,
        2530,
        258,
        247,
        216,
        636,
        163,
        833,
        380,
        122,
        370,
        536,
        855,
        162,
        118,
        456,
        203,
        1349,
        468,
        279,
        253,
        2606,
        215,
        436,
        484,
        99,
        217,
        4944,
        761,
        1443,
        2340,
        116,
        489,
        149,
        404,
        664,
        121,
        354,
        211,
        297,
        170,
        153,
        243,
        555,
        9302,
        302,
        110,
        402,
        596,
        260,
        768,
        447,
        1199,
        886,
        527,
        145,
        219,
        495,
        320,
        693,
        284,
        687,
        804,
        123,
        506,
        362,
        1852,
        365,
        334,
        543,
        1641,
        709,
        4707,
        2004,
        514,
        355,
        1997,
        205,
        232,
        277,
        2747,
        332,
        445,
        958,
        335,
        4830,
        2562,
        2014,
        396,
        911,
        609,
        983,
        1941,
        627,
        429,
        8283,
        720,
        5871,
        275,
        4891,
        2471,
        1271,
        2254,
        8013,
        235,
        281,
        226,
        333,
        1062,
        1059,
        504,
        497,
        1270,
        2585,
        12486,
        195,
        1200,
        678,
        185,
        265,
        948,
        1153,
        413,
        557,
        359,
        179,
        374,
        566,
        524,
        210,
        292,
        22336,
        870,
        147,
        367,
        244,
        2111,
        360,
        2036,
        3280,
        930,
        550,
        533,
        837,
        1451,
        890,
        1531,
        1661,
        1335,
        108,
        13900,
        946,
        2259,
        237,
        146,
        1477,
        894,
        520,
        347,
        242,
        692,
        2412,
        1467,
        477,
        2725,
        603,
        5539,
        1035,
        6703,
        638,
        823,
        178,
        3542,
        6607,
        8050,
        681,
        683,
        236,
        507,
        142,
        3595,
        815,
        240,
        127,
        737,
        944,
        411,
        842,
        1430,
        801,
        22410,
        487,
        884,
        366,
        2285,
        879,
        406,
        5858,
        3369,
        8233,
        5566,
        18806,
        2105,
        3191,
        255,
        671,
        160,
        758,
        349,
        282,
        875,
        2103,
        2889,
        1971,
        2638,
        1503,
        1602,
        734,
        154,
        567,
        261,
        345,
        1599,
        848,
        251,
        1919,
        184,
        1281,
        269,
        11270,
        337,
        5392,
        1869,
        526,
        15249,
        1621,
        11059,
        183,
        20116,
        224,
        318,
        1460,
        155,
        509,
        1573,
        1276,
        1677,
        18630,
        364,
        746,
        579,
        186,
        1469,
        2664,
        315,
        1835,
        684,
        1204,
        844,
        1095,
        11615,
        2528,
        313,
        849,
        626,
        2120,
        1428,
        422,
        348,
        8320,
        2976,
        1845,
        2006,
        357,
        10597,
        932,
        238,
        356,
        1431,
        672,
        1663,
        935,
        5429,
        590,
        479,
        585,
        2256,
        10973,
        1157,
        727,
        947,
        227,
        342,
        2053,
        701,
        881,
        1170,
        397,
        283,
        508,
        1312,
        750,
        3338,
        394,
        2991,
        1121,
        534,
        1124,
        312,
        383,
        271,
        660,
        9912,
        310,
        2657,
        668,
        1314,
        3846,
        309,
        470,
        1485,
        916,
        274,
        2710,
        1817,
        1162,
        648,
        1064,
        239,
        457,
        2757,
        405,
        931,
        6293,
        912,
        9211,
        697,
        482,
        819,
        572,
        2578,
        1394,
        14381,
        1357,
        659,
        485,
        653,
        807,
        208,
        2468,
        820,
        3855,
        952,
        2098,
        830,
        323,
        1517,
        729,
        324,
        18681,
        398,
        974,
        642,
        381,
        2819,
        476,
        530,
        5662,
        6444,
        728,
        7244,
        306,
        5479,
        665,
        3886,
        3740,
        1656,
        955,
        2484,
        1880,
        316,
        910,
        437,
        1798,
        1139,
        1496,
        1426,
        658,
        766,
        3982,
        1802,
        3984,
        11372,
        1302,
        1427,
        496,
        1347,
        1612,
        486,
        2746,
        1910,
        10413,
        325,
        633,
        1473,
        395,
        902,
        3353,
        1255,
        1367,
        305,
        3903,
        294,
        640,
        1238,
        4132,
        537,
        439,
        1256,
        1642,
        599,
        1581,
        719,
        257,
        2027,
        2228,
        1262,
        877,
        862,
        694,
        1220,
        1040,
        695,
        368,
        386,
        744,
        575,
        798,
        650,
        9884,
        2194,
        433,
        539,
        2331,
        475,
        6412,
        4135,
        341,
        591,
        1217,
        602,
        460,
        1707,
        861,
        850,
        1279,
        722,
        2214,
        1398,
        473,
        3187,
        3587,
        5590,
        846,
        410,
        1912,
        469,
        1463,
        443,
        1542,
        1097,
        3796,
        1837,
        2288,
        1595,
        1146,
        690,
        4886,
        871,
        1682,
        317,
        2089,
        1260,
        505,
        371,
        1706,
        1356,
        3247,
        4930,
        483,
        3399,
        1317,
        6405,
        558,
        1936,
        818,
        880,
        3264,
        353,
        459,
        390,
        773,
        1608,
        166,
        2145,
        1218,
        959,
        19815,
        618,
        3664,
        444,
        389,
        376,
        1111,
        425,
        2674,
        1537,
        10444,
        338,
        5319,
        752,
        739,
        604,
        3959,
        2730,
        2390,
        10294,
        887,
        905,
        449,
        2753,
        3871,
        1118,
        553,
        3130,
        434,
        222,
        375,
        1168,
        1650,
        1069,
        2030,
        1995,
        762,
        822,
        708,
        4814,
        5627,
        529,
        982,
        4375,
        2097,
        1274,
        598,
        516,
        841,
        662,
        2455,
        426,
        2600,
        1522,
        1206,
        2967,
        993,
        991,
        574,
        1512,
        2034,
        9832,
        1833,
        1808,
        2717,
        972,
        651,
        1363,
        711,
        594,
        3060,
        1184,
        661,
        3307,
        1125,
        2928,
        385,
        3775,
        1089,
        1680,
        891,
        4796,
        3473,
        976,
        771,
        751,
        414,
        1759,
        2708,
        1119,
        921,
        2591,
        399,
        417,
        561,
        1421,
        448,
        1136,
        1296,
        1027,
        2167,
        1979,
        960,
        3703,
        925,
        1974,
        3239,
        5740,
        1653,
        3953,
        724,
        1898,
        382,
        1999,
        559,
        564,
        10563,
        710,
        866,
        3321,
        617,
        1786,
        1629,
        532,
        1366,
        755,
        1039,
        339,
        2780,
        307,
        2245,
        2414,
        676,
        3902,
        1289,
        1223,
        471,
        1807,
        828,
        1333,
        3138,
        1087,
        1273,
        1020,
        906,
        540,
        498,
        3834,
        462,
        3038,
        3105,
        330,
        549,
        1197,
        615,
        1038,
        1208,
        898,
        702,
        738,
        2729,
        790,
        851,
        14642,
        11836,
        677,
        1094,
        2082,
        418,
        763,
        1160,
        1563,
        10431,
        1142,
        1743,
        6068,
        372,
        1029,
        8798,
        966,
        14827,
        2479,
        809,
        647,
        3535,
        1980,
        2286,
        1741,
        1185,
        582,
        883
    ],
    "embedding": [
        -1.0,
        -1.0,
        -1.0,
        1.0,
        -1.0,
        1.0,
        -1.0,
        -1.0,
        -0.9999889731407166,
        -1.0,
        1.0,
        -1.0,
        -1.0,
        1.0,
        1.0,
        1.0,
        1.0,
        -1.0,
        1.0,
        -1.0,
        1.0,
        -1.0,
        1.0,
        -1.0,
        1.0,
        -1.0,
        -1.0,
        1.0,
        -1.0,
        -1.0,
        1.0,
        1.0,
        -1.0,
        -1.0,
        -1.0,
        1.0,
        -1.0,
        1.0,
        1.0,
        -1.0,
        -1.0,
        1.0,
        -1.0,
        -1.0,
        -1.0,
        -1.0,
        1.0,
        -1.0,
        -0.9999811053276062,
        -0.7140009999275208,
        -1.0,
        1.0,
        1.0,
        1.0,
        -1.0,
        1.0,
        1.0,
        1.0,
        -1.0,
        0.868755578994751,
        -1.0,
        -1.0,
        1.0,
        -1.0,
        1.0,
        -1.0,
        1.0,
        -1.0,
        1.0,
        1.0,
        1.0,
        -1.0,
        -1.0,
        -1.0,
        -1.0,
        1.0,
        1.0,
        1.0,
        1.0,
        1.0,
        1.0,
        1.0,
        1.0,
        -1.0,
        -1.0,
        1.0,
        -1.0,
        1.0,
        1.0,
        1.0,
        -1.0,
        1.0,
        1.0,
        -1.0,
        1.0,
        -1.0,
        1.0,
        -1.0,
        -1.0,
        -1.0,
        -0.9672629833221436,
        -1.0,
        1.0,
        -1.0,
        -1.0,
        1.0,
        1.0,
        1.0,
        -1.0,
        -1.0,
        1.0,
        -1.0,
        -1.0,
        1.0,
        1.0,
        1.0,
        1.0,
        1.0,
        1.0,
        -1.0,
        -1.0,
        1.0,
        -1.0,
        -1.0,
        1.0,
        -1.0,
        -1.0,
        -0.9998990297317505,
        -1.0,
        1.0,
        -1.0,
        1.0,
        -1.0,
        -1.0,
        1.0,
        -1.0,
        -1.0,
        1.0,
        1.0,
        -1.0,
        1.0,
        1.0,
        1.0,
        -1.0,
        1.0,
        -1.0,
        1.0,
        -1.0,
        -1.0,
        -1.0,
        0.9993621110916138,
        -1.0,
        1.0,
        -1.0,
        1.0,
        -1.0,
        1.0,
        -1.0,
        1.0,
        -1.0,
        -1.0,
        1.0,
        -1.0,
        -1.0,
        1.0,
        -1.0,
        1.0,
        -1.0,
        -1.0,
        -1.0,
        -1.0,
        -1.0,
        1.0,
        1.0,
        -1.0,
        -1.0,
        1.0,
        -1.0,
        -1.0,
        -1.0,
        1.0,
        -1.0,
        -1.0,
        -1.0,
        1.0,
        -1.0,
        1.0,
        -1.0,
        -1.0,
        -1.0,
        1.0,
        1.0,
        1.0,
        1.0,
        -1.0,
        -1.0,
        1.0,
        -1.0,
        -1.0,
        1.0,
        -1.0,
        1.0,
        -1.0,
        -1.0,
        -1.0,
        -1.0,
        1.0,
        1.0,
        -1.0,
        -1.0,
        -1.0,
        1.0,
        -1.0,
        -1.0,
        -1.0,
        1.0,
        -1.0,
        1.0,
        -1.0,
        -1.0,
        1.0,
        -1.0,
        -1.0,
        1.0,
        -0.9999919533729553,
        -0.7118834853172302,
        1.0,
        -1.0,
        -1.0,
        -1.0,
        1.0,
        -1.0,
        1.0,
        -1.0,
        -1.0,
        1.0,
        -1.0,
        1.0,
        1.0,
        -0.9999985694885254,
        1.0,
        -0.7013247013092041,
        1.0,
        -1.0,
        1.0,
        1.0,
        -1.0,
        -1.0,
        -1.0,
        1.0,
        1.0,
        1.0,
        -1.0,
        -1.0,
        -1.0,
        1.0,
        1.0,
        -1.0,
        -1.0,
        -1.0,
        1.0,
        1.0,
        1.0,
        -1.0,
        1.0,
        -1.0,
        -1.0,
        -1.0,
        1.0,
        1.0,
        -0.9567954540252686,
        -1.0,
        -1.0,
        1.0,
        -1.0,
        1.0,
        1.0,
        1.0,
        1.0,
        1.0,
        1.0,
        -1.0,
        1.0,
        1.0,
        1.0,
        -1.0,
        -1.0,
        1.0,
        -1.0,
        -1.0,
        -1.0,
        1.0,
        -1.0,
        -1.0,
        -1.0,
        -1.0,
        -1.0,
        1.0,
        1.0,
        1.0
    ],
    "embedding_scaling_factor": 307.83917236328125,
    "samples": [
        11,
        11,
        0,
        10,
        3,
        201,
        0,
        0,
        0,
        3,
        3,
        117,
        13,
        18,
        2004,
        13,
        7,
        2,
        56,
        4,
        1098,
        590,
        68,
        2,
        245,
        156,
        0,
        39,
        3,
        0,
        4,
        7,
        636,
        11,
        19,
        0,
        11,
        1876,
        2,
        25,
        761,
        15,
        1155,
        48,
        3,
        9,
        35,
        782,
        5,
        90,
        7,
        3,
        14,
        686,
        2,
        43,
        105,
        4,
        8,
        145,
        489,
        16,
        169,
        3,
        0,
        19,
        0,
        111,
        284,
        0,
        1794,
        0,
        12,
        0,
        4,
        24,
        0,
        125,
        3,
        40,
        285,
        1,
        1155,
        138,
        5,
        11,
        424,
        1502,
        194,
        20,
        22,
        7,
        62,
        200
    ],
    "category_values_ratio": {
        "0": 25422,
        "1": 15012,
        "2": 10795,
        "3": 8321,
        "4": 6584,
        "5": 5754,
        "6": 4626,
        "7": 4334,
        "8": 3818,
        "9": 3409,
        "11": 2904,
        "10": 2597,
        "12": 2524,
        "13": 2480,
        "15": 2411,
        "17": 2086,
        "18": 1908,
        "16": 1907,
        "14": 1906,
        "19": 1627,
        "20": 1585,
        "25": 1569,
        "21": 1544,
        "23": 1475,
        "22": 1419,
        "27": 1385,
        "30": 1246,
        "33": 1239,
        "29": 1096,
        "26": 1071,
        "24": 1060,
        "28": 1052,
        "35": 1018,
        "31": 930,
        "62": 926,
        "36": 926,
        "37": 903,
        "44": 898,
        "34": 893,
        "38": 817,
        "41": 780,
        "42": 760,
        "32": 735,
        "40": 730,
        "45": 709,
        "49": 705,
        "39": 629,
        "50": 609,
        "51": 591,
        "8991": 588,
        "117": 579,
        "79": 562,
        "80": 558,
        "61": 538,
        "54": 536,
        "56": 535,
        "58": 534,
        "52": 526,
        "72": 524,
        "2025": 506,
        "48": 491,
        "148": 489,
        "1875": 486,
        "43": 484,
        "47": 483,
        "60": 463,
        "53": 451,
        "64": 450,
        "65": 449,
        "102": 445,
        "85": 444,
        "3901": 442,
        "126": 430,
        "88": 428,
        "502": 426,
        "66": 417,
        "113": 402,
        "67": 396,
        "1502": 392,
        "90": 387,
        "76": 378,
        "4322": 376,
        "109": 376,
        "77": 370,
        "100": 368,
        "46": 362,
        "81": 360,
        "57": 349,
        "83": 347,
        "68": 343,
        "420": 342,
        "87": 338,
        "740": 333,
        "424": 332,
        "2932": 328,
        "55": 328,
        "94": 322,
        "1876": 320,
        "89": 316,
        "546": 314,
        "125": 314,
        "319": 313,
        "489": 302,
        "1794": 299,
        "73": 299,
        "8429": 297,
        "71": 296,
        "91": 294,
        "119": 294,
        "104": 292,
        "164": 290,
        "106": 286,
        "143": 282,
        "63": 282,
        "115": 276,
        "204": 275,
        "96": 270,
        "322": 269,
        "92": 265,
        "245": 265,
        "2342": 263,
        "623": 262,
        "221": 261,
        "70": 260,
        "343": 259,
        "1425": 257,
        "403": 257,
        "135": 257,
        "84": 257,
        "430": 257,
        "2530": 255,
        "1005": 254,
        "116": 253,
        "86": 251,
        "1098": 250,
        "97": 250,
        "296": 249,
        "259": 248,
        "95": 245,
        "1155": 245,
        "6353": 244,
        "120": 241,
        "75": 240,
        "451": 238,
        "110": 237,
        "69": 237,
        "560": 236,
        "122": 236,
        "141": 232,
        "847": 232,
        "137": 229,
        "78": 229,
        "796": 229,
        "200": 228,
        "958": 226,
        "82": 222,
        "834": 220,
        "118": 218,
        "576": 216,
        "1053": 214,
        "2457": 214,
        "400": 213,
        "59": 213,
        "291": 211,
        "2093": 211,
        "304": 210,
        "2219": 210,
        "181": 209,
        "133": 208,
        "203": 208,
        "211": 207,
        "278": 207,
        "190": 204,
        "523": 204,
        "214": 203,
        "163": 200,
        "2110": 200,
        "197": 200,
        "103": 199,
        "2202": 198,
        "554": 197,
        "1199": 195,
        "412": 195,
        "635": 194,
        "3943": 194,
        "131": 194,
        "114": 193,
        "242": 192,
        "7102": 191,
        "782": 190,
        "247": 189,
        "105": 186,
        "308": 184,
        "1443": 182,
        "1423": 182,
        "272": 182,
        "893": 181,
        "1201": 181,
        "686": 180,
        "1143": 179,
        "150": 178,
        "111": 176,
        "136": 176,
        "929": 176,
        "295": 175,
        "1361": 174,
        "121": 173,
        "667": 173,
        "758": 173,
        "284": 173,
        "144": 172,
        "432": 171,
        "285": 170,
        "129": 170,
        "263": 169,
        "328": 167,
        "568": 166,
        "303": 166,
        "1727": 164,
        "241": 162,
        "107": 162,
        "230": 161,
        "393": 161,
        "168": 159,
        "987": 158,
        "674": 158,
        "138": 158,
        "194": 156,
        "130": 155,
        "123": 155,
        "174": 154,
        "187": 154,
        "1074": 153,
        "421": 153,
        "775": 153,
        "878": 153,
        "207": 153,
        "246": 152,
        "335": 152,
        "1180": 149,
        "191": 148,
        "621": 148,
        "384": 147,
        "158": 147,
        "491": 146,
        "1372": 146,
        "557": 144,
        "171": 144,
        "206": 143,
        "1076": 143,
        "359": 143,
        "552": 143,
        "220": 142,
        "205": 142,
        "909": 142,
        "209": 142,
        "493": 142,
        "151": 140,
        "218": 140,
        "1092": 139,
        "189": 139,
        "99": 139,
        "2504": 138,
        "74": 138,
        "161": 137,
        "2186": 136,
        "1024": 135,
        "377": 134,
        "157": 133,
        "517": 133,
        "518": 133,
        "215": 132,
        "336": 132,
        "409": 131,
        "201": 131,
        "369": 131,
        "2640": 130,
        "608": 130,
        "1200": 130,
        "354": 129,
        "407": 128,
        "250": 127,
        "506": 127,
        "98": 127,
        "180": 126,
        "2004": 126,
        "1526": 126,
        "177": 125,
        "192": 125,
        "456": 124,
        "965": 123,
        "915": 122,
        "326": 121,
        "867": 121,
        "127": 120,
        "233": 119,
        "1354": 118,
        "541": 117,
        "311": 116,
        "320": 116,
        "804": 116,
        "176": 116,
        "427": 114,
        "1307": 113,
        "1271": 112,
        "355": 112,
        "901": 112,
        "1059": 111,
        "193": 111,
        "124": 110,
        "216": 110,
        "199": 110,
        "874": 109,
        "268": 109,
        "833": 109,
        "664": 108,
        "152": 108,
        "1349": 108,
        "484": 106,
        "768": 104,
        "609": 103,
        "165": 103,
        "521": 102,
        "1458": 102,
        "562": 102,
        "290": 102,
        "1815": 102,
        "145": 101,
        "139": 100,
        "258": 100,
        "93": 99,
        "934": 99,
        "1112": 99,
        "169": 98,
        "363": 96,
        "374": 96,
        "600": 95,
        "606": 95,
        "801": 95,
        "428": 93,
        "593": 92,
        "299": 92,
        "447": 92,
        "195": 90,
        "178": 90,
        "601": 90,
        "156": 89,
        "153": 88,
        "182": 88,
        "1093": 88,
        "1007": 88,
        "132": 88,
        "512": 88,
        "636": 87,
        "270": 87,
        "108": 86,
        "687": 86,
        "543": 86,
        "603": 86,
        "173": 86,
        "361": 86,
        "281": 86,
        "1045": 85,
        "298": 85,
        "327": 85,
        "101": 84,
        "720": 84,
        "175": 84,
        "638": 83,
        "514": 83,
        "2562": 82,
        "474": 82,
        "267": 81,
        "435": 81,
        "943": 81,
        "670": 80,
        "413": 80,
        "513": 80,
        "351": 79,
        "453": 79,
        "436": 79,
        "134": 77,
        "202": 77,
        "362": 77,
        "625": 76,
        "219": 75,
        "331": 75,
        "639": 75,
        "693": 74,
        "236": 74,
        "499": 73,
        "1505": 73,
        "536": 73,
        "408": 73,
        "196": 73,
        "231": 73,
        "254": 73,
        "172": 72,
        "525": 72,
        "515": 72,
        "302": 71,
        "709": 71,
        "287": 70,
        "446": 70,
        "225": 69,
        "497": 68,
        "280": 68,
        "128": 68,
        "358": 67,
        "527": 67,
        "213": 66,
        "234": 66,
        "624": 65,
        "112": 65,
        "360": 65,
        "352": 65,
        "392": 64,
        "140": 62,
        "232": 61,
        "276": 61,
        "367": 61,
        "340": 60,
        "1331": 60,
        "248": 60,
        "266": 59,
        "286": 58,
        "186": 56,
        "149": 52,
        "262": 52,
        "504": 50,
        "314": 49,
        "223": 49,
        "274": 48,
        "188": 48,
        "185": 47,
        "251": 46,
        "273": 46,
        "12486": 46,
        "283": 44,
        "210": 44,
        "596": 44,
        "244": 43,
        "212": 43,
        "2130": 41,
        "226": 41,
        "963": 41,
        "1151": 41,
        "870": 41,
        "147": 40,
        "162": 39,
        "265": 39,
        "380": 39,
        "580": 39,
        "167": 39,
        "260": 39,
        "4830": 39,
        "1677": 38,
        "1930": 37,
        "146": 36,
        "217": 36,
        "9742": 35,
        "228": 35,
        "208": 34,
        "545": 34,
        "155": 34,
        "184": 33,
        "746": 32,
        "240": 32,
        "275": 31,
        "229": 31,
        "252": 31,
        "431": 30,
        "370": 29,
        "289": 29,
        "366": 29,
        "714": 28,
        "761": 28,
        "1852": 27,
        "9302": 27,
        "411": 26,
        "2036": 26,
        "468": 25,
        "243": 25,
        "1504": 23,
        "253": 23,
        "329": 23,
        "255": 23,
        "1919": 23,
        "1610": 23,
        "313": 23,
        "288": 23,
        "179": 23,
        "524": 23,
        "1621": 23,
        "455": 22,
        "256": 22,
        "142": 22,
        "3191": 21,
        "249": 21,
        "1399": 21,
        "1641": 21,
        "1460": 20,
        "590": 20,
        "159": 20,
        "886": 20,
        "13900": 20,
        "3687": 20,
        "1427": 19,
        "1661": 19,
        "2747": 19,
        "1335": 19,
        "237": 19,
        "509": 19,
        "271": 18,
        "404": 18,
        "396": 18,
        "567": 18,
        "916": 18,
        "3542": 18,
        "1755": 18,
        "2578": 18,
        "1062": 17,
        "2006": 17,
        "293": 16,
        "345": 16,
        "2746": 16,
        "533": 16,
        "692": 16,
        "315": 16,
        "911": 16,
        "683": 15,
        "198": 15,
        "526": 15,
        "983": 15,
        "269": 15,
        "2014": 15,
        "347": 15,
        "364": 15,
        "183": 15,
        "406": 14,
        "1941": 14,
        "551": 14,
        "530": 14,
        "1496": 14,
        "227": 14,
        "770": 14,
        "154": 14,
        "894": 14,
        "657": 14,
        "2285": 14,
        "1798": 14,
        "572": 14,
        "811": 14,
        "1477": 13,
        "4944": 13,
        "443": 13,
        "8050": 13,
        "483": 13,
        "1281": 13,
        "948": 13,
        "626": 13,
        "170": 13,
        "2710": 13,
        "492": 13,
        "282": 12,
        "1602": 12,
        "1146": 12,
        "5429": 12,
        "22410": 12,
        "879": 12,
        "1097": 12,
        "577": 12,
        "9211": 12,
        "342": 12,
        "261": 12,
        "292": 12,
        "397": 12,
        "325": 12,
        "2991": 12,
        "466": 12,
        "2259": 11,
        "8280": 11,
        "503": 11,
        "837": 11,
        "429": 11,
        "10597": 11,
        "239": 11,
        "2254": 11,
        "11059": 11,
        "1391": 11,
        "15249": 11,
        "337": 11,
        "972": 11,
        "1485": 11,
        "877": 11,
        "480": 11,
        "1367": 11,
        "816": 11,
        "881": 11,
        "312": 11,
        "1612": 11,
        "297": 11,
        "671": 11,
        "388": 11,
        "160": 11,
        "402": 11,
        "614": 11,
        "4135": 11,
        "383": 11,
        "235": 10,
        "1040": 10,
        "924": 10,
        "930": 10,
        "2712": 10,
        "479": 10,
        "324": 10,
        "476": 10,
        "9912": 10,
        "310": 10,
        "5566": 9,
        "575": 9,
        "405": 9,
        "1157": 9,
        "11372": 9,
        "555": 9,
        "1121": 9,
        "1064": 9,
        "394": 9,
        "357": 9,
        "734": 9,
        "496": 9,
        "579": 9,
        "309": 9,
        "257": 9,
        "1869": 9,
        "1971": 9,
        "684": 9,
        "844": 9,
        "6703": 9,
        "11615": 9,
        "653": 8,
        "1467": 8,
        "507": 8,
        "2725": 8,
        "9202": 8,
        "3369": 8,
        "279": 8,
        "766": 8,
        "701": 8,
        "318": 8,
        "14381": 8,
        "678": 8,
        "10413": 8,
        "955": 8,
        "1656": 8,
        "334": 8,
        "22336": 8,
        "18630": 8,
        "2120": 8,
        "1997": 7,
        "640": 7,
        "2340": 7,
        "475": 7,
        "520": 7,
        "2412": 7,
        "744": 7,
        "457": 7,
        "1463": 7,
        "18806": 7,
        "1276": 7,
        "487": 7,
        "11270": 7,
        "6444": 7,
        "7244": 7,
        "371": 7,
        "166": 7,
        "349": 7,
        "2484": 7,
        "1503": 7,
        "2528": 7,
        "3739": 7,
        "690": 7,
        "1599": 7,
        "3814": 7,
        "1035": 7,
        "944": 7,
        "2053": 7,
        "2468": 7,
        "1880": 7,
        "1347": 7,
        "3587": 6,
        "566": 6,
        "2111": 6,
        "846": 6,
        "1469": 6,
        "599": 6,
        "1137": 6,
        "3903": 6,
        "1431": 6,
        "2089": 6,
        "238": 6,
        "815": 6,
        "719": 6,
        "365": 6,
        "1573": 6,
        "1736": 6,
        "1036": 6,
        "2606": 6,
        "2717": 6,
        "819": 6,
        "10973": 6,
        "884": 6,
        "10444": 6,
        "1835": 6,
        "1936": 6,
        "1428": 6,
        "1430": 6,
        "1531": 5,
        "508": 5,
        "1095": 5,
        "947": 5,
        "737": 5,
        "3595": 5,
        "627": 5,
        "1312": 5,
        "277": 5,
        "422": 5,
        "3187": 5,
        "486": 5,
        "8013": 5,
        "912": 5,
        "1162": 5,
        "807": 5,
        "1366": 5,
        "381": 5,
        "642": 5,
        "8233": 5,
        "648": 5,
        "1421": 5,
        "323": 5,
        "3855": 5,
        "375": 5,
        "1317": 5,
        "2256": 4,
        "1912": 4,
        "445": 4,
        "477": 4,
        "495": 4,
        "532": 4,
        "822": 4,
        "469": 4,
        "1394": 4,
        "4930": 4,
        "750": 4,
        "823": 4,
        "697": 4,
        "871": 4,
        "1682": 4,
        "952": 4,
        "8283": 4,
        "855": 4,
        "1706": 4,
        "2488": 4,
        "820": 4,
        "2471": 4,
        "3473": 4,
        "3060": 4,
        "681": 4,
        "2976": 4,
        "1537": 4,
        "8320": 4,
        "1802": 4,
        "306": 4,
        "658": 4,
        "902": 4,
        "2228": 4,
        "3399": 4,
        "444": 4,
        "650": 4,
        "395": 4,
        "974": 4,
        "585": 4,
        "890": 4,
        "728": 4,
        "376": 4,
        "5479": 4,
        "348": 4,
        "4132": 4,
        "3886": 4,
        "537": 4,
        "910": 4,
        "830": 4,
        "2664": 4,
        "550": 4,
        "2027": 4,
        "1153": 4,
        "672": 4,
        "659": 3,
        "727": 3,
        "449": 3,
        "10294": 3,
        "3959": 3,
        "2098": 3,
        "2730": 3,
        "1160": 3,
        "729": 3,
        "3775": 3,
        "18681": 3,
        "2452": 3,
        "665": 3,
        "905": 3,
        "5319": 3,
        "3321": 3,
        "1812": 3,
        "1111": 3,
        "875": 3,
        "222": 3,
        "2928": 3,
        "338": 3,
        "1139": 3,
        "1426": 3,
        "437": 3,
        "316": 3,
        "332": 3,
        "1124": 3,
        "1357": 3,
        "2753": 3,
        "4891": 3,
        "5662": 3,
        "851": 3,
        "414": 3,
        "842": 3,
        "818": 3,
        "505": 3,
        "959": 3,
        "1451": 3,
        "539": 3,
        "224": 3,
        "946": 3,
        "473": 3,
        "2889": 3,
        "1595": 3,
        "317": 3,
        "2034": 3,
        "353": 3,
        "1808": 3,
        "1204": 3,
        "3338": 3,
        "1663": 3,
        "482": 3,
        "1756": 3,
        "979": 3,
        "1256": 3,
        "695": 3,
        "439": 3,
        "6607": 3,
        "386": 3,
        "1238": 3,
        "921": 2,
        "931": 2,
        "561": 2,
        "4707": 2,
        "470": 2,
        "2105": 2,
        "1817": 2,
        "1759": 2,
        "932": 2,
        "6293": 2,
        "8011": 2,
        "751": 2,
        "2729": 2,
        "771": 2,
        "356": 2,
        "647": 2,
        "633": 2,
        "3280": 2,
        "20116": 2,
        "850": 2,
        "341": 2,
        "433": 2,
        "602": 2,
        "620": 2,
        "898": 2,
        "1398": 2,
        "368": 2,
        "2214": 2,
        "798": 2,
        "1279": 2,
        "9884": 2,
        "5740": 2,
        "1038": 2,
        "330": 2,
        "651": 2,
        "9832": 2,
        "3984": 2,
        "668": 2,
        "1910": 2,
        "1260": 2,
        "2674": 2,
        "841": 2,
        "1218": 2,
        "425": 2,
        "390": 2,
        "1356": 2,
        "2390": 2,
        "1650": 2,
        "2097": 2,
        "848": 2,
        "708": 2,
        "3796": 2,
        "2288": 2,
        "553": 2,
        "3130": 2,
        "849": 2,
        "1542": 2,
        "991": 2,
        "1807": 2,
        "1206": 2,
        "1255": 2,
        "3353": 2,
        "2455": 2,
        "305": 2,
        "1642": 2,
        "1089": 2,
        "5539": 2,
        "862": 2,
        "2030": 2,
        "19815": 2,
        "558": 2,
        "880": 2,
        "426": 2,
        "604": 2,
        "4375": 2,
        "617": 2,
        "935": 1,
        "1270": 1,
        "1314": 1,
        "333": 1,
        "5871": 1,
        "1170": 1,
        "534": 1,
        "660": 1,
        "2657": 1,
        "4886": 1,
        "3846": 1,
        "2757": 1,
        "485": 1,
        "438": 1,
        "1517": 1,
        "398": 1,
        "3247": 1,
        "6405": 1,
        "1845": 1,
        "2585": 1,
        "765": 1,
        "5392": 1,
        "722": 1,
        "2178": 1,
        "2194": 1,
        "2331": 1,
        "6412": 1,
        "662": 1,
        "1217": 1,
        "460": 1,
        "1707": 1,
        "861": 1,
        "5590": 1,
        "2638": 1,
        "410": 1,
        "1867": 1,
        "1837": 1,
        "1302": 1,
        "3740": 1,
        "1119": 1,
        "2819": 1,
        "5858": 1,
        "2103": 1,
        "3264": 1,
        "4796": 1,
        "2600": 1,
        "459": 1,
        "1608": 1,
        "2145": 1,
        "618": 1,
        "3664": 1,
        "389": 1,
        "752": 1,
        "739": 1,
        "3871": 1,
        "982": 1,
        "1118": 1,
        "434": 1,
        "1168": 1,
        "1069": 1,
        "1995": 1,
        "762": 1,
        "4814": 1,
        "5627": 1,
        "529": 1,
        "694": 1,
        "773": 1,
        "887": 1,
        "1522": 1,
        "1274": 1,
        "2967": 1,
        "993": 1,
        "574": 1,
        "1512": 1,
        "1833": 1,
        "1363": 1,
        "711": 1,
        "594": 1,
        "1184": 1,
        "661": 1,
        "3307": 1,
        "1125": 1,
        "385": 1,
        "1680": 1,
        "891": 1,
        "976": 1,
        "2708": 1,
        "516": 1,
        "598": 1,
        "1220": 1,
        "1980": 1,
        "1262": 1,
        "1999": 1,
        "564": 1,
        "1974": 1,
        "372": 1,
        "462": 1,
        "755": 1,
        "1039": 1,
        "1208": 1,
        "702": 1,
        "738": 1,
        "790": 1,
        "14642": 1,
        "11836": 1,
        "399": 1,
        "677": 1,
        "1094": 1,
        "3535": 1,
        "2082": 1,
        "809": 1,
        "2479": 1,
        "559": 1,
        "724": 1,
        "763": 1,
        "10563": 1,
        "1653": 1,
        "3239": 1,
        "1786": 1,
        "1629": 1,
        "1136": 1,
        "382": 1,
        "3953": 1,
        "1898": 1,
        "448": 1,
        "582": 1,
        "1296": 1,
        "1027": 1,
        "2167": 1,
        "1979": 1,
        "960": 1,
        "3703": 1,
        "925": 1,
        "866": 1,
        "710": 1,
        "418": 1,
        "1563": 1,
        "1581": 1,
        "471": 1,
        "3105": 1,
        "3138": 1,
        "1741": 1,
        "1087": 1,
        "1273": 1,
        "1020": 1,
        "906": 1,
        "540": 1,
        "498": 1,
        "2286": 1,
        "3834": 1,
        "3038": 1,
        "417": 1,
        "591": 1,
        "2591": 1,
        "3982": 1,
        "4782": 1,
        "1473": 1,
        "294": 1,
        "1333": 1,
        "1223": 1,
        "14827": 1,
        "1289": 1,
        "10431": 1,
        "966": 1,
        "1142": 1,
        "8798": 1,
        "1029": 1,
        "1743": 1,
        "6068": 1,
        "615": 1,
        "1197": 1,
        "549": 1,
        "828": 1,
        "339": 1,
        "2780": 1,
        "307": 1,
        "2245": 1,
        "2414": 1,
        "676": 1,
        "1185": 1,
        "3902": 1,
        "883": 1
    },
    "nrows": 229907
}