{
    "column_id": "Yelp/Yelp.csvYelp.csv/Users.votes_funny",
    "dataset_name": "Yelp.csv",
    "dataset_id": "Yelp/Yelp.csv",
    "path": "/home/ubuntu/CatDB/Experiments/data/Yelp/Yelp.csv",
    "table_name": "Yelp.csv",
    "table_id": "Yelp/Yelp.csvYelp.csv",
    "column_name": "Users.votes_funny",
    "data_source": "Yelp",
    "data_type": "int",
    "total_values_count": 229907,
    "distinct_values_count": 1027,
    "missing_values_count": 14028,
    "true_ratio": null,
    "min_value": 0.0,
    "max_value": 24519.0,
    "mean": 213.03789159668148,
    "median": 16.0,
    "iqr": 90.0,
    "category_values": [
        308,
        8,
        12,
        25,
        89,
        15,
        94,
        0,
        2,
        1,
        42,
        13,
        698,
        3,
        40,
        275,
        421,
        590,
        20,
        48,
        6,
        52,
        1451,
        247,
        112,
        16,
        501,
        51,
        142,
        2382,
        551,
        4,
        137,
        11,
        69,
        134,
        281,
        1209,
        139,
        487,
        58,
        24,
        50,
        9,
        168,
        32,
        746,
        7,
        35,
        57,
        5,
        44,
        55,
        892,
        84,
        21,
        19,
        331,
        830,
        14,
        64,
        46,
        17,
        81,
        80,
        516,
        72,
        396,
        145,
        10,
        136,
        36,
        22,
        1852,
        131,
        54,
        101,
        34,
        144,
        248,
        66,
        174,
        26,
        28,
        60,
        85,
        33,
        1979,
        366,
        3969,
        76,
        169,
        39,
        1205,
        494,
        18,
        1890,
        342,
        45,
        56,
        83,
        1060,
        77,
        405,
        31,
        183,
        685,
        49,
        135,
        47,
        1492,
        666,
        126,
        403,
        2373,
        97,
        277,
        29,
        63,
        904,
        530,
        234,
        157,
        702,
        23,
        291,
        93,
        43,
        1175,
        61,
        37,
        1350,
        205,
        253,
        1635,
        265,
        180,
        321,
        299,
        82,
        4785,
        59,
        170,
        156,
        1884,
        151,
        10451,
        65,
        122,
        1105,
        143,
        67,
        30,
        41,
        671,
        109,
        346,
        91,
        1415,
        123,
        393,
        1233,
        519,
        27,
        116,
        9114,
        62,
        70,
        1511,
        1815,
        92,
        1159,
        6230,
        1860,
        171,
        90,
        246,
        53,
        1569,
        118,
        158,
        589,
        445,
        181,
        3471,
        104,
        160,
        407,
        1143,
        2267,
        730,
        147,
        165,
        242,
        376,
        105,
        1076,
        317,
        179,
        74,
        837,
        111,
        100,
        1204,
        3133,
        280,
        262,
        402,
        382,
        598,
        1001,
        751,
        849,
        622,
        361,
        184,
        1422,
        1166,
        173,
        132,
        909,
        117,
        1237,
        371,
        150,
        204,
        327,
        98,
        835,
        154,
        146,
        609,
        1548,
        125,
        279,
        2517,
        472,
        404,
        395,
        400,
        133,
        651,
        38,
        978,
        344,
        463,
        4943,
        430,
        114,
        127,
        78,
        415,
        6253,
        276,
        140,
        2215,
        210,
        378,
        88,
        1277,
        207,
        108,
        759,
        249,
        529,
        238,
        2672,
        303,
        172,
        110,
        79,
        87,
        504,
        107,
        113,
        758,
        803,
        128,
        201,
        688,
        1216,
        725,
        490,
        1072,
        175,
        224,
        333,
        962,
        1372,
        71,
        503,
        431,
        782,
        73,
        245,
        187,
        753,
        412,
        1614,
        115,
        167,
        370,
        340,
        1316,
        68,
        1206,
        1201,
        1404,
        6026,
        191,
        6797,
        565,
        655,
        120,
        260,
        408,
        916,
        1050,
        297,
        483,
        130,
        86,
        102,
        182,
        4120,
        202,
        2891,
        148,
        465,
        177,
        250,
        220,
        447,
        1307,
        738,
        1829,
        600,
        593,
        338,
        203,
        687,
        302,
        379,
        769,
        621,
        569,
        189,
        578,
        446,
        166,
        199,
        226,
        155,
        2006,
        414,
        1323,
        1057,
        1684,
        1234,
        309,
        7349,
        384,
        586,
        2470,
        267,
        268,
        194,
        626,
        232,
        313,
        341,
        694,
        164,
        162,
        436,
        332,
        1824,
        1750,
        121,
        756,
        106,
        124,
        3769,
        653,
        776,
        1615,
        511,
        185,
        579,
        243,
        480,
        119,
        343,
        311,
        96,
        138,
        153,
        263,
        432,
        7177,
        468,
        824,
        1002,
        413,
        329,
        307,
        488,
        423,
        662,
        469,
        433,
        935,
        543,
        103,
        255,
        141,
        1056,
        149,
        270,
        1074,
        888,
        285,
        4926,
        1248,
        356,
        383,
        228,
        1731,
        240,
        686,
        1976,
        259,
        1220,
        292,
        178,
        4647,
        99,
        1977,
        1374,
        192,
        895,
        444,
        628,
        1041,
        214,
        682,
        9203,
        493,
        6137,
        4249,
        75,
        2562,
        977,
        1588,
        5838,
        288,
        198,
        459,
        95,
        1097,
        819,
        773,
        545,
        458,
        2482,
        9895,
        1187,
        334,
        152,
        216,
        320,
        200,
        992,
        453,
        375,
        188,
        364,
        241,
        352,
        261,
        15730,
        930,
        325,
        359,
        980,
        286,
        1918,
        2771,
        792,
        489,
        713,
        417,
        957,
        1291,
        1453,
        1475,
        1254,
        8857,
        874,
        1981,
        1753,
        701,
        422,
        2138,
        1756,
        244,
        435,
        2924,
        427,
        5391,
        787,
        251,
        163,
        5293,
        386,
        623,
        2977,
        580,
        3757,
        5817,
        520,
        278,
        767,
        3852,
        618,
        369,
        176,
        632,
        398,
        401,
        467,
        2054,
        779,
        24519,
        523,
        367,
        557,
        1564,
        330,
        466,
        256,
        5167,
        159,
        2810,
        7806,
        231,
        5887,
        17534,
        2501,
        2444,
        710,
        585,
        186,
        229,
        351,
        215,
        305,
        195,
        1194,
        924,
        1861,
        3239,
        1021,
        2544,
        783,
        1482,
        429,
        641,
        354,
        689,
        237,
        380,
        252,
        1696,
        1193,
        599,
        233,
        9003,
        282,
        193,
        3791,
        1717,
        10514,
        1685,
        221,
        239,
        11987,
        295,
        13648,
        284,
        1268,
        196,
        227,
        581,
        1442,
        1294,
        966,
        15370,
        563,
        1035,
        528,
        258,
        882,
        496,
        2147,
        225,
        1356,
        442,
        1179,
        999,
        831,
        9452,
        441,
        2371,
        878,
        2036,
        161,
        399,
        212,
        1083,
        485,
        4925,
        764,
        388,
        2554,
        1839,
        1916,
        301,
        8780,
        768,
        881,
        1014,
        1667,
        794,
        3441,
        535,
        1412,
        397,
        552,
        1574,
        10103,
        1472,
        972,
        1009,
        575,
        219,
        945,
        310,
        1317,
        629,
        660,
        1087,
        919,
        474,
        345,
        235,
        547,
        1183,
        640,
        266,
        2734,
        385,
        2655,
        743,
        1107,
        290,
        304,
        289,
        9423,
        300,
        2149,
        348,
        860,
        2256,
        315,
        406,
        349,
        867,
        190,
        747,
        1708,
        1549,
        910,
        498,
        781,
        1826,
        374,
        539,
        7856,
        703,
        8067,
        634,
        254,
        2142,
        903,
        13074,
        1104,
        387,
        462,
        595,
        1984,
        476,
        3936,
        1784,
        818,
        257,
        420,
        1344,
        20310,
        681,
        558,
        2547,
        273,
        475,
        197,
        3373,
        5819,
        772,
        319,
        506,
        211,
        5363,
        451,
        457,
        129,
        3209,
        693,
        3706,
        2853,
        1337,
        1067,
        786,
        213,
        1520,
        865,
        478,
        616,
        858,
        1562,
        347,
        601,
        362,
        4377,
        2154,
        287,
        3353,
        10532,
        964,
        1066,
        1299,
        2414,
        1265,
        6150,
        1038,
        754,
        610,
        293,
        2732,
        979,
        1436,
        464,
        296,
        428,
        418,
        492,
        1481,
        394,
        567,
        328,
        1519,
        536,
        298,
        1064,
        434,
        1749,
        1383,
        987,
        617,
        1724,
        1714,
        1152,
        815,
        230,
        577,
        891,
        659,
        363,
        500,
        6311,
        269,
        2513,
        283,
        5247,
        206,
        365,
        3807,
        971,
        353,
        222,
        1249,
        737,
        1044,
        1405,
        1483,
        1470,
        306,
        2534,
        3127,
        4405,
        851,
        1659,
        1195,
        358,
        933,
        368,
        1677,
        559,
        2086,
        1745,
        2248,
        2038,
        932,
        657,
        381,
        716,
        620,
        4141,
        538,
        4825,
        1362,
        870,
        1553,
        1906,
        944,
        1100,
        1178,
        757,
        630,
        1552,
        2691,
        4021,
        2168,
        4708,
        3331,
        410,
        1789,
        680,
        1153,
        470,
        602,
        800,
        1393,
        1586,
        20707,
        373,
        793,
        1773,
        512,
        1733,
        822,
        424,
        654,
        236,
        1950,
        1382,
        6452,
        10625,
        218,
        1740,
        572,
        426,
        2815,
        2463,
        2221,
        217,
        7009,
        3733,
        4354,
        355,
        883,
        264,
        461,
        3243,
        766,
        533,
        721,
        1004,
        271,
        208,
        1364,
        990,
        1833,
        834,
        1309,
        739,
        649,
        532,
        3808,
        5721,
        318,
        440,
        527,
        1055,
        3458,
        1231,
        209,
        871,
        2471,
        665,
        456,
        829,
        1993,
        1367,
        744,
        2763,
        695,
        1028,
        390,
        1605,
        805,
        1478,
        7481,
        1473,
        948,
        316,
        1907,
        2792,
        1085,
        1293,
        696,
        2410,
        897,
        635,
        814,
        827,
        411,
        607,
        4359,
        2441,
        631,
        339,
        4813,
        938,
        1642,
        3765,
        3321,
        416,
        350,
        272,
        1521,
        314,
        1768,
        549,
        2164,
        372,
        684,
        1354,
        1088,
        1466,
        667,
        2624,
        2073,
        499,
        719,
        2700,
        742,
        1500,
        3289,
        3694,
        2218,
        1108,
        564,
        294,
        9488,
        576,
        806,
        3000,
        326,
        1380,
        1534,
        531,
        1189,
        324,
        583,
        574,
        936,
        1687,
        1720,
        1336,
        913,
        2278,
        700,
        223,
        1469,
        2166,
        1070,
        515,
        481,
        3097,
        3001,
        1137,
        991,
        443,
        789,
        678,
        508,
        1425,
        9118,
        11070,
        571,
        1526,
        312,
        683,
        646,
        4042,
        1690,
        5931,
        745,
        7088,
        11108,
        1851,
        1498,
        1441,
        2025,
        323,
        1411,
        566
    ],
    "embedding": [
        -1.0,
        -1.0,
        -1.0,
        1.0,
        -1.0,
        1.0,
        -1.0,
        -1.0,
        -1.0,
        -1.0,
        1.0,
        -1.0,
        -1.0,
        1.0,
        1.0,
        1.0,
        1.0,
        -1.0,
        1.0,
        -1.0,
        1.0,
        -1.0,
        1.0,
        -1.0,
        1.0,
        -1.0,
        -1.0,
        1.0,
        -1.0,
        -1.0,
        1.0,
        1.0,
        -1.0,
        -1.0,
        -1.0,
        1.0,
        -1.0,
        1.0,
        1.0,
        -1.0,
        -1.0,
        1.0,
        -1.0,
        -1.0,
        -1.0,
        -1.0,
        1.0,
        -1.0,
        -0.9999998807907104,
        -0.696742832660675,
        -1.0,
        1.0,
        1.0,
        1.0,
        -1.0,
        1.0,
        1.0,
        1.0,
        -1.0,
        0.8681968450546265,
        -1.0,
        -1.0,
        1.0,
        -1.0,
        1.0,
        -1.0,
        1.0,
        -1.0,
        1.0,
        1.0,
        1.0,
        -1.0,
        -1.0,
        -1.0,
        -1.0,
        1.0,
        1.0,
        1.0,
        1.0,
        1.0,
        1.0,
        1.0,
        1.0,
        -1.0,
        -1.0,
        1.0,
        -1.0,
        1.0,
        1.0,
        1.0,
        -1.0,
        1.0,
        1.0,
        -1.0,
        1.0,
        -1.0,
        1.0,
        -1.0,
        -1.0,
        -1.0,
        -0.9657644629478455,
        -1.0,
        1.0,
        -1.0,
        -1.0,
        1.0,
        1.0,
        1.0,
        -1.0,
        -1.0,
        1.0,
        -1.0,
        -1.0,
        1.0,
        1.0,
        1.0,
        1.0,
        1.0,
        1.0,
        -1.0,
        -1.0,
        1.0,
        -1.0,
        -1.0,
        1.0,
        -1.0,
        -1.0,
        -0.9999982118606567,
        -1.0,
        1.0,
        -1.0,
        1.0,
        -1.0,
        -1.0,
        1.0,
        -1.0,
        -1.0,
        1.0,
        1.0,
        -1.0,
        1.0,
        1.0,
        1.0,
        -1.0,
        1.0,
        -1.0,
        1.0,
        -1.0,
        -1.0,
        -1.0,
        0.9999856948852539,
        -1.0,
        1.0,
        -1.0,
        1.0,
        -1.0,
        1.0,
        -1.0,
        1.0,
        -1.0,
        -1.0,
        1.0,
        -1.0,
        -1.0,
        1.0,
        -1.0,
        1.0,
        -1.0,
        -1.0,
        -1.0,
        -1.0,
        -1.0,
        1.0,
        1.0,
        -1.0,
        -1.0,
        1.0,
        -1.0,
        -1.0,
        -1.0,
        1.0,
        -1.0,
        -1.0,
        -1.0,
        1.0,
        -1.0,
        1.0,
        -1.0,
        -1.0,
        -1.0,
        1.0,
        1.0,
        1.0,
        1.0,
        -1.0,
        -1.0,
        1.0,
        -1.0,
        -1.0,
        1.0,
        -1.0,
        1.0,
        -1.0,
        -1.0,
        -1.0,
        -1.0,
        1.0,
        1.0,
        -1.0,
        -1.0,
        -1.0,
        1.0,
        -1.0,
        -1.0,
        -1.0,
        1.0,
        -1.0,
        1.0,
        -1.0,
        -1.0,
        1.0,
        -1.0,
        -1.0,
        1.0,
        -1.0,
        -0.6950539350509644,
        1.0,
        -1.0,
        -1.0,
        -1.0,
        1.0,
        -1.0,
        1.0,
        -1.0,
        -1.0,
        1.0,
        -1.0,
        1.0,
        1.0,
        -1.0,
        1.0,
        -0.6877103447914124,
        1.0,
        -1.0,
        1.0,
        1.0,
        -1.0,
        -1.0,
        -1.0,
        1.0,
        1.0,
        1.0,
        -1.0,
        -1.0,
        -1.0,
        1.0,
        1.0,
        -1.0,
        -1.0,
        -1.0,
        1.0,
        1.0,
        1.0,
        -1.0,
        1.0,
        -1.0,
        -1.0,
        -1.0,
        1.0,
        1.0,
        -0.9554884433746338,
        -1.0,
        -1.0,
        1.0,
        -1.0,
        1.0,
        1.0,
        1.0,
        1.0,
        1.0,
        1.0,
        -1.0,
        1.0,
        1.0,
        1.0,
        -1.0,
        -1.0,
        1.0,
        -1.0,
        -1.0,
        -1.0,
        1.0,
        -1.0,
        -1.0,
        -1.0,
        -1.0,
        -1.0,
        1.0,
        1.0,
        1.0
    ],
    "embedding_scaling_factor": 301.52264404296875,
    "samples": [
        0,
        1209,
        849,
        378,
        421,
        8,
        10,
        39,
        0,
        5,
        0,
        0,
        3,
        28,
        132,
        1,
        331,
        1,
        0,
        1,
        5,
        2,
        23,
        0,
        0,
        45,
        29,
        383,
        64,
        776,
        81,
        0,
        2,
        0,
        1,
        11,
        463,
        3,
        1,
        23,
        29,
        3,
        24,
        11,
        57,
        756,
        109,
        291,
        121,
        61,
        51,
        141,
        21,
        7,
        181,
        9,
        136,
        91,
        1,
        356,
        401,
        0,
        151,
        60,
        2672,
        24,
        8,
        600,
        60,
        2382,
        0,
        2267,
        803,
        3,
        123,
        5,
        153,
        1,
        1492,
        0,
        0,
        356,
        0,
        21,
        3,
        1307,
        22,
        4,
        165,
        14,
        0,
        2,
        0,
        6,
        5
    ],
    "category_values_ratio": {
        "0": 28336,
        "1": 15888,
        "2": 10750,
        "3": 8567,
        "4": 7032,
        "5": 5919,
        "6": 5225,
        "7": 4165,
        "8": 3786,
        "9": 3209,
        "10": 2998,
        "11": 2973,
        "13": 2337,
        "12": 2261,
        "14": 2188,
        "15": 2003,
        "18": 1987,
        "19": 1844,
        "17": 1843,
        "24": 1751,
        "20": 1720,
        "16": 1573,
        "21": 1466,
        "28": 1393,
        "22": 1324,
        "25": 1206,
        "36": 1189,
        "26": 1180,
        "35": 1180,
        "27": 1139,
        "30": 1135,
        "29": 1071,
        "39": 1065,
        "43": 1036,
        "34": 1030,
        "23": 1022,
        "33": 963,
        "46": 902,
        "61": 887,
        "32": 880,
        "45": 840,
        "64": 805,
        "37": 804,
        "54": 802,
        "77": 761,
        "31": 729,
        "40": 695,
        "48": 695,
        "51": 689,
        "74": 681,
        "38": 679,
        "42": 659,
        "52": 657,
        "41": 653,
        "4943": 588,
        "47": 586,
        "49": 585,
        "56": 566,
        "55": 558,
        "69": 534,
        "67": 530,
        "53": 530,
        "62": 521,
        "93": 519,
        "1209": 506,
        "57": 505,
        "589": 488,
        "104": 485,
        "44": 479,
        "79": 462,
        "50": 461,
        "126": 444,
        "2517": 442,
        "59": 436,
        "80": 432,
        "280": 432,
        "396": 427,
        "90": 425,
        "487": 421,
        "92": 403,
        "1492": 392,
        "68": 389,
        "116": 387,
        "111": 384,
        "58": 382,
        "66": 380,
        "2672": 376,
        "1233": 371,
        "136": 371,
        "758": 371,
        "155": 367,
        "76": 352,
        "71": 352,
        "153": 351,
        "317": 349,
        "151": 349,
        "279": 342,
        "651": 333,
        "830": 329,
        "2382": 328,
        "1569": 320,
        "173": 316,
        "97": 312,
        "131": 304,
        "169": 301,
        "376": 301,
        "112": 300,
        "10451": 297,
        "247": 296,
        "511": 296,
        "94": 295,
        "75": 294,
        "123": 293,
        "89": 292,
        "1422": 288,
        "593": 287,
        "157": 282,
        "91": 280,
        "84": 280,
        "133": 279,
        "204": 279,
        "702": 276,
        "165": 274,
        "101": 270,
        "291": 269,
        "143": 265,
        "121": 264,
        "1890": 263,
        "113": 261,
        "849": 257,
        "342": 257,
        "1159": 257,
        "63": 257,
        "2470": 255,
        "146": 253,
        "370": 253,
        "331": 253,
        "738": 250,
        "132": 248,
        "803": 245,
        "395": 245,
        "238": 244,
        "6230": 244,
        "83": 244,
        "88": 243,
        "412": 239,
        "327": 231,
        "72": 231,
        "98": 230,
        "179": 228,
        "1220": 224,
        "329": 223,
        "759": 220,
        "666": 217,
        "494": 217,
        "70": 214,
        "2267": 214,
        "130": 212,
        "1350": 211,
        "1852": 211,
        "205": 210,
        "128": 208,
        "73": 208,
        "530": 202,
        "1511": 200,
        "234": 200,
        "81": 199,
        "1614": 198,
        "118": 197,
        "160": 197,
        "145": 196,
        "144": 196,
        "135": 196,
        "174": 195,
        "3969": 194,
        "415": 194,
        "421": 193,
        "86": 193,
        "82": 192,
        "4785": 191,
        "551": 190,
        "400": 189,
        "463": 187,
        "776": 186,
        "108": 185,
        "688": 182,
        "139": 181,
        "751": 181,
        "1057": 181,
        "1204": 179,
        "107": 179,
        "263": 179,
        "158": 177,
        "127": 177,
        "156": 177,
        "685": 177,
        "529": 176,
        "585": 176,
        "154": 176,
        "299": 175,
        "1307": 174,
        "609": 172,
        "302": 170,
        "122": 170,
        "178": 169,
        "181": 168,
        "249": 168,
        "332": 164,
        "1548": 164,
        "60": 162,
        "321": 162,
        "292": 159,
        "244": 158,
        "137": 156,
        "590": 154,
        "1105": 153,
        "340": 153,
        "117": 152,
        "393": 152,
        "191": 152,
        "408": 150,
        "1237": 149,
        "1072": 149,
        "140": 147,
        "262": 146,
        "1372": 146,
        "378": 144,
        "1415": 143,
        "904": 143,
        "110": 142,
        "275": 141,
        "430": 140,
        "243": 139,
        "276": 138,
        "100": 138,
        "1884": 138,
        "78": 137,
        "120": 137,
        "308": 137,
        "65": 137,
        "730": 137,
        "103": 136,
        "1635": 136,
        "180": 136,
        "1001": 135,
        "200": 135,
        "96": 135,
        "725": 134,
        "501": 133,
        "203": 133,
        "504": 133,
        "164": 133,
        "1187": 130,
        "1815": 130,
        "183": 130,
        "138": 128,
        "87": 128,
        "1248": 127,
        "1201": 126,
        "85": 125,
        "114": 124,
        "150": 123,
        "746": 122,
        "519": 121,
        "1206": 121,
        "384": 120,
        "142": 119,
        "698": 118,
        "147": 117,
        "543": 116,
        "1860": 115,
        "246": 115,
        "106": 114,
        "170": 113,
        "343": 113,
        "977": 113,
        "1166": 113,
        "819": 111,
        "586": 111,
        "102": 110,
        "253": 110,
        "105": 109,
        "480": 108,
        "1824": 108,
        "892": 107,
        "753": 107,
        "267": 106,
        "413": 105,
        "444": 105,
        "1002": 104,
        "383": 104,
        "214": 103,
        "1234": 102,
        "1175": 102,
        "260": 102,
        "756": 102,
        "241": 102,
        "503": 102,
        "1143": 99,
        "402": 98,
        "134": 96,
        "194": 96,
        "242": 95,
        "344": 95,
        "99": 95,
        "356": 95,
        "199": 95,
        "779": 95,
        "346": 95,
        "109": 94,
        "166": 93,
        "626": 93,
        "268": 92,
        "935": 92,
        "490": 92,
        "277": 91,
        "386": 90,
        "201": 89,
        "371": 89,
        "171": 88,
        "621": 88,
        "962": 88,
        "1060": 88,
        "379": 87,
        "172": 87,
        "248": 86,
        "427": 86,
        "916": 85,
        "198": 84,
        "493": 84,
        "341": 83,
        "403": 83,
        "446": 82,
        "125": 82,
        "1977": 82,
        "311": 81,
        "978": 81,
        "578": 81,
        "228": 81,
        "333": 77,
        "837": 76,
        "148": 76,
        "364": 76,
        "196": 74,
        "361": 73,
        "2373": 73,
        "286": 72,
        "671": 72,
        "888": 71,
        "565": 71,
        "431": 70,
        "220": 70,
        "433": 69,
        "177": 69,
        "167": 69,
        "224": 67,
        "453": 67,
        "115": 67,
        "141": 66,
        "152": 66,
        "187": 65,
        "600": 65,
        "459": 64,
        "162": 64,
        "458": 64,
        "185": 63,
        "270": 63,
        "325": 61,
        "95": 61,
        "1050": 60,
        "119": 57,
        "240": 57,
        "281": 57,
        "285": 56,
        "516": 52,
        "189": 50,
        "488": 49,
        "366": 48,
        "163": 47,
        "545": 47,
        "9895": 46,
        "265": 45,
        "930": 43,
        "3471": 41,
        "1316": 41,
        "210": 40,
        "1277": 39,
        "4647": 39,
        "966": 38,
        "1684": 37,
        "6797": 35,
        "182": 34,
        "404": 34,
        "352": 34,
        "245": 33,
        "773": 32,
        "375": 32,
        "581": 31,
        "258": 31,
        "124": 31,
        "192": 30,
        "338": 30,
        "569": 30,
        "255": 28,
        "1035": 28,
        "288": 28,
        "1056": 27,
        "202": 27,
        "7177": 27,
        "349": 27,
        "401": 26,
        "1205": 26,
        "307": 26,
        "1918": 26,
        "207": 26,
        "221": 25,
        "469": 24,
        "149": 24,
        "184": 24,
        "278": 24,
        "1696": 23,
        "211": 23,
        "300": 23,
        "903": 23,
        "1685": 23,
        "523": 22,
        "432": 22,
        "369": 21,
        "1074": 21,
        "2444": 21,
        "1216": 21,
        "1404": 20,
        "159": 20,
        "1254": 20,
        "414": 20,
        "8857": 20,
        "227": 20,
        "3133": 20,
        "212": 20,
        "767": 20,
        "496": 20,
        "232": 19,
        "1976": 19,
        "1194": 19,
        "295": 19,
        "1453": 19,
        "188": 18,
        "747": 18,
        "176": 18,
        "2142": 18,
        "686": 18,
        "2977": 18,
        "320": 17,
        "405": 17,
        "1097": 17,
        "858": 17,
        "1916": 17,
        "297": 17,
        "407": 17,
        "298": 17,
        "701": 16,
        "2414": 16,
        "1412": 16,
        "694": 16,
        "580": 16,
        "315": 16,
        "219": 16,
        "394": 16,
        "348": 16,
        "653": 15,
        "1374": 15,
        "436": 15,
        "867": 15,
        "418": 15,
        "293": 15,
        "616": 15,
        "485": 15,
        "628": 14,
        "303": 14,
        "622": 14,
        "330": 14,
        "629": 14,
        "1041": 14,
        "399": 14,
        "195": 14,
        "397": 14,
        "226": 14,
        "3769": 13,
        "1753": 13,
        "824": 13,
        "385": 13,
        "382": 13,
        "313": 13,
        "1193": 13,
        "398": 13,
        "1708": 13,
        "334": 13,
        "5817": 13,
        "2655": 12,
        "620": 12,
        "441": 12,
        "8067": 12,
        "559": 12,
        "290": 12,
        "475": 12,
        "474": 12,
        "273": 12,
        "175": 12,
        "24519": 12,
        "3441": 12,
        "310": 12,
        "239": 11,
        "250": 11,
        "1588": 11,
        "8780": 11,
        "483": 11,
        "417": 11,
        "11987": 11,
        "713": 11,
        "687": 11,
        "1981": 11,
        "1564": 11,
        "1299": 11,
        "557": 11,
        "10514": 11,
        "979": 11,
        "462": 11,
        "6253": 11,
        "261": 11,
        "1085": 11,
        "256": 11,
        "468": 11,
        "815": 11,
        "423": 11,
        "662": 11,
        "1979": 10,
        "9423": 10,
        "1475": 10,
        "769": 10,
        "296": 10,
        "301": 10,
        "388": 10,
        "618": 10,
        "716": 10,
        "380": 10,
        "579": 10,
        "909": 10,
        "659": 10,
        "186": 10,
        "406": 10,
        "1195": 9,
        "782": 9,
        "528": 9,
        "641": 9,
        "5293": 9,
        "309": 9,
        "1021": 9,
        "792": 9,
        "5887": 9,
        "787": 9,
        "2036": 9,
        "129": 9,
        "535": 9,
        "252": 9,
        "743": 9,
        "1717": 9,
        "282": 9,
        "193": 9,
        "319": 9,
        "442": 9,
        "390": 9,
        "10532": 9,
        "9452": 9,
        "9114": 8,
        "6150": 8,
        "206": 8,
        "2924": 8,
        "351": 8,
        "464": 8,
        "783": 8,
        "1337": 8,
        "710": 8,
        "1482": 8,
        "786": 8,
        "13074": 8,
        "1472": 8,
        "422": 8,
        "4141": 8,
        "945": 8,
        "2810": 8,
        "1756": 8,
        "1294": 8,
        "216": 8,
        "15370": 8,
        "563": 8,
        "680": 8,
        "15730": 8,
        "359": 8,
        "373": 8,
        "500": 8,
        "304": 8,
        "5363": 7,
        "1731": 7,
        "601": 7,
        "1066": 7,
        "2891": 7,
        "358": 7,
        "215": 7,
        "9003": 7,
        "208": 7,
        "367": 7,
        "17534": 7,
        "1984": 7,
        "2371": 7,
        "980": 7,
        "865": 7,
        "1615": 7,
        "6026": 7,
        "457": 7,
        "552": 7,
        "2138": 7,
        "381": 7,
        "190": 7,
        "5819": 7,
        "1067": 7,
        "283": 7,
        "1520": 7,
        "345": 7,
        "1083": 6,
        "368": 6,
        "1906": 6,
        "1323": 6,
        "259": 6,
        "1789": 6,
        "6452": 6,
        "1014": 6,
        "1750": 6,
        "1100": 6,
        "682": 6,
        "10103": 6,
        "447": 6,
        "161": 6,
        "538": 6,
        "2792": 6,
        "314": 6,
        "665": 6,
        "851": 6,
        "3127": 6,
        "610": 6,
        "1436": 6,
        "2054": 6,
        "289": 6,
        "434": 6,
        "575": 6,
        "472": 6,
        "233": 6,
        "213": 6,
        "766": 6,
        "660": 5,
        "632": 5,
        "1189": 5,
        "933": 5,
        "1009": 5,
        "882": 5,
        "387": 5,
        "558": 5,
        "2534": 5,
        "365": 5,
        "355": 5,
        "1183": 5,
        "835": 5,
        "595": 5,
        "237": 5,
        "3852": 5,
        "831": 5,
        "197": 5,
        "910": 5,
        "362": 5,
        "1291": 5,
        "703": 5,
        "428": 5,
        "5838": 5,
        "209": 5,
        "284": 5,
        "607": 5,
        "3936": 5,
        "230": 5,
        "1354": 5,
        "7806": 5,
        "374": 5,
        "781": 5,
        "532": 5,
        "229": 4,
        "1549": 4,
        "489": 4,
        "305": 4,
        "992": 4,
        "1574": 4,
        "1356": 4,
        "634": 4,
        "257": 4,
        "476": 4,
        "9203": 4,
        "1317": 4,
        "818": 4,
        "640": 4,
        "599": 4,
        "2554": 4,
        "266": 4,
        "1268": 4,
        "681": 4,
        "520": 4,
        "4925": 4,
        "225": 4,
        "2147": 4,
        "353": 4,
        "623": 4,
        "1714": 4,
        "429": 4,
        "870": 4,
        "2154": 4,
        "3209": 4,
        "3321": 4,
        "3706": 4,
        "451": 4,
        "531": 4,
        "4021": 4,
        "411": 4,
        "363": 4,
        "1553": 4,
        "2168": 4,
        "583": 4,
        "1393": 4,
        "1724": 4,
        "1451": 4,
        "1382": 4,
        "871": 4,
        "1519": 4,
        "328": 4,
        "2410": 4,
        "271": 4,
        "218": 4,
        "1659": 4,
        "1562": 3,
        "272": 3,
        "294": 3,
        "895": 3,
        "3239": 3,
        "287": 3,
        "1829": 3,
        "924": 3,
        "1478": 3,
        "416": 3,
        "4813": 3,
        "498": 3,
        "465": 3,
        "1107": 3,
        "1104": 3,
        "2006": 3,
        "4249": 3,
        "478": 3,
        "567": 3,
        "1064": 3,
        "1481": 3,
        "492": 3,
        "2562": 3,
        "948": 3,
        "655": 3,
        "1907": 3,
        "1784": 3,
        "2734": 3,
        "2441": 3,
        "646": 3,
        "3373": 3,
        "20310": 3,
        "3000": 3,
        "2221": 3,
        "461": 3,
        "874": 3,
        "269": 3,
        "1087": 3,
        "264": 3,
        "306": 3,
        "168": 3,
        "3757": 3,
        "547": 3,
        "3807": 3,
        "470": 3,
        "440": 3,
        "354": 3,
        "834": 3,
        "1442": 3,
        "533": 3,
        "737": 3,
        "957": 3,
        "3733": 3,
        "512": 3,
        "445": 3,
        "251": 3,
        "2086": 3,
        "7009": 3,
        "2248": 3,
        "2815": 3,
        "426": 3,
        "2463": 3,
        "1667": 3,
        "1179": 3,
        "10625": 3,
        "999": 3,
        "467": 3,
        "654": 3,
        "222": 2,
        "2482": 2,
        "1749": 2,
        "2771": 2,
        "891": 2,
        "6311": 2,
        "235": 2,
        "410": 2,
        "1044": 2,
        "1405": 2,
        "1470": 2,
        "435": 2,
        "1677": 2,
        "932": 2,
        "1265": 2,
        "2732": 2,
        "2038": 2,
        "539": 2,
        "7856": 2,
        "347": 2,
        "420": 2,
        "693": 2,
        "4926": 2,
        "566": 2,
        "657": 2,
        "881": 2,
        "1178": 2,
        "944": 2,
        "5391": 2,
        "768": 2,
        "1552": 2,
        "1605": 2,
        "506": 2,
        "3353": 2,
        "1833": 2,
        "1364": 2,
        "744": 2,
        "602": 2,
        "7481": 2,
        "1425": 2,
        "678": 2,
        "1733": 2,
        "424": 2,
        "20707": 2,
        "991": 2,
        "829": 2,
        "324": 2,
        "236": 2,
        "1950": 2,
        "814": 2,
        "1153": 2,
        "878": 2,
        "2501": 2,
        "3243": 2,
        "3694": 2,
        "13648": 2,
        "7349": 2,
        "3458": 2,
        "372": 2,
        "527": 2,
        "1521": 2,
        "549": 2,
        "938": 2,
        "649": 2,
        "339": 2,
        "631": 2,
        "2471": 2,
        "1231": 2,
        "1004": 1,
        "972": 1,
        "598": 1,
        "4405": 1,
        "572": 1,
        "721": 1,
        "1309": 1,
        "466": 1,
        "1362": 1,
        "4354": 1,
        "990": 1,
        "4825": 1,
        "1249": 1,
        "5167": 1,
        "739": 1,
        "1483": 1,
        "971": 1,
        "3808": 1,
        "2513": 1,
        "695": 1,
        "318": 1,
        "1028": 1,
        "919": 1,
        "1055": 1,
        "5247": 1,
        "1076": 1,
        "231": 1,
        "5721": 1,
        "1839": 1,
        "1745": 1,
        "456": 1,
        "577": 1,
        "1993": 1,
        "1367": 1,
        "217": 1,
        "2763": 1,
        "794": 1,
        "1768": 1,
        "1152": 1,
        "617": 1,
        "805": 1,
        "987": 1,
        "1383": 1,
        "1473": 1,
        "822": 1,
        "2149": 1,
        "635": 1,
        "2215": 1,
        "536": 1,
        "1293": 1,
        "696": 1,
        "860": 1,
        "897": 1,
        "2164": 1,
        "316": 1,
        "2256": 1,
        "827": 1,
        "1826": 1,
        "6137": 1,
        "3331": 1,
        "4120": 1,
        "630": 1,
        "754": 1,
        "1038": 1,
        "1642": 1,
        "757": 1,
        "3765": 1,
        "3791": 1,
        "1773": 1,
        "350": 1,
        "793": 1,
        "1861": 1,
        "964": 1,
        "1088": 1,
        "2691": 1,
        "9488": 1,
        "1740": 1,
        "1108": 1,
        "684": 1,
        "4377": 1,
        "1466": 1,
        "667": 1,
        "2624": 1,
        "2073": 1,
        "499": 1,
        "719": 1,
        "2700": 1,
        "742": 1,
        "1500": 1,
        "3289": 1,
        "254": 1,
        "564": 1,
        "1336": 1,
        "4708": 1,
        "1720": 1,
        "883": 1,
        "1586": 1,
        "576": 1,
        "806": 1,
        "764": 1,
        "326": 1,
        "1380": 1,
        "1534": 1,
        "1344": 1,
        "2544": 1,
        "2853": 1,
        "689": 1,
        "574": 1,
        "936": 1,
        "1687": 1,
        "2218": 1,
        "913": 1,
        "2278": 1,
        "700": 1,
        "11070": 1,
        "3001": 1,
        "1469": 1,
        "2166": 1,
        "1070": 1,
        "515": 1,
        "481": 1,
        "3097": 1,
        "1137": 1,
        "9118": 1,
        "800": 1,
        "443": 1,
        "789": 1,
        "2547": 1,
        "508": 1,
        "571": 1,
        "1526": 1,
        "1411": 1,
        "5931": 1,
        "223": 1,
        "312": 1,
        "683": 1,
        "772": 1,
        "4042": 1,
        "1690": 1,
        "745": 1,
        "323": 1,
        "7088": 1,
        "11108": 1,
        "1851": 1,
        "1498": 1,
        "1441": 1,
        "2025": 1,
        "4359": 1
    },
    "nrows": 229907
}