{
    "column_id": "Yelp/Yelp.csvYelp.csv/Saturday_11",
    "dataset_name": "Yelp.csv",
    "dataset_id": "Yelp/Yelp.csv",
    "path": "/home/ubuntu/CatDB/Experiments/data/Yelp/Yelp.csv",
    "table_name": "Yelp.csv",
    "table_id": "Yelp/Yelp.csvYelp.csv",
    "column_name": "Saturday_11",
    "data_source": "Yelp",
    "data_type": "int",
    "total_values_count": 229907,
    "distinct_values_count": 51,
    "missing_values_count": 16395,
    "true_ratio": null,
    "min_value": 0.0,
    "max_value": 218.0,
    "mean": 6.123107834688448,
    "median": 1.0,
    "iqr": 5.0,
    "category_values": [
        0,
        5,
        4,
        3,
        1,
        2,
        10,
        19,
        7,
        8,
        31,
        12,
        34,
        6,
        17,
        22,
        11,
        218,
        9,
        14,
        21,
        46,
        18,
        23,
        29,
        27,
        40,
        30,
        87,
        77,
        37,
        48,
        35,
        16,
        24,
        13,
        32,
        44,
        66,
        76,
        50,
        38,
        36,
        79,
        65,
        80,
        15,
        20,
        26,
        43,
        25
    ],
    "embedding": [
        -1.0,
        -1.0,
        -1.0,
        1.0,
        -1.0,
        1.0,
        -1.0,
        -1.0,
        -1.0,
        -1.0,
        1.0,
        -1.0,
        -1.0,
        1.0,
        1.0,
        1.0,
        1.0,
        -1.0,
        1.0,
        -1.0,
        1.0,
        -1.0,
        1.0,
        -1.0,
        1.0,
        -1.0,
        -1.0,
        1.0,
        -1.0,
        -1.0,
        1.0,
        1.0,
        -1.0,
        -1.0,
        -1.0,
        1.0,
        -1.0,
        1.0,
        1.0,
        -1.0,
        -1.0,
        1.0,
        -1.0,
        -1.0,
        -1.0,
        -1.0,
        1.0,
        -1.0,
        -1.0,
        -0.28438302874565125,
        -1.0,
        1.0,
        1.0,
        1.0,
        -1.0,
        1.0,
        1.0,
        1.0,
        -1.0,
        0.728265643119812,
        -1.0,
        -1.0,
        1.0,
        -1.0,
        1.0,
        -1.0,
        1.0,
        -1.0,
        1.0,
        1.0,
        1.0,
        -1.0,
        -1.0,
        -1.0,
        -1.0,
        1.0,
        1.0,
        1.0,
        1.0,
        1.0,
        1.0,
        1.0,
        1.0,
        -1.0,
        -1.0,
        1.0,
        -1.0,
        1.0,
        1.0,
        1.0,
        -1.0,
        1.0,
        1.0,
        -1.0,
        1.0,
        -1.0,
        1.0,
        -1.0,
        -1.0,
        -1.0,
        -0.9178606271743774,
        -1.0,
        1.0,
        -1.0,
        -1.0,
        1.0,
        1.0,
        1.0,
        -1.0,
        -1.0,
        1.0,
        -1.0,
        -1.0,
        1.0,
        1.0,
        1.0,
        1.0,
        1.0,
        1.0,
        -1.0,
        -1.0,
        1.0,
        -1.0,
        -1.0,
        1.0,
        -1.0,
        -1.0,
        -1.0,
        -1.0,
        1.0,
        -1.0,
        1.0,
        -1.0,
        -1.0,
        1.0,
        -1.0,
        -1.0,
        1.0,
        1.0,
        -1.0,
        1.0,
        1.0,
        1.0,
        -1.0,
        1.0,
        -1.0,
        1.0,
        -1.0,
        -1.0,
        -1.0,
        1.0,
        -1.0,
        1.0,
        -1.0,
        1.0,
        -1.0,
        1.0,
        -1.0,
        1.0,
        -1.0,
        -1.0,
        1.0,
        -1.0,
        -1.0,
        1.0,
        -1.0,
        1.0,
        -1.0,
        -1.0,
        -1.0,
        -1.0,
        -1.0,
        1.0,
        1.0,
        -1.0,
        -1.0,
        1.0,
        -1.0,
        -1.0,
        -1.0,
        1.0,
        -1.0,
        -1.0,
        -1.0,
        1.0,
        -1.0,
        1.0,
        -1.0,
        -1.0,
        -1.0,
        1.0,
        1.0,
        1.0,
        1.0,
        -1.0,
        -1.0,
        1.0,
        -1.0,
        -1.0,
        1.0,
        -1.0,
        1.0,
        -1.0,
        -1.0,
        -1.0,
        -1.0,
        1.0,
        1.0,
        -1.0,
        -1.0,
        -1.0,
        1.0,
        -1.0,
        -1.0,
        -1.0,
        1.0,
        -1.0,
        1.0,
        -1.0,
        -1.0,
        1.0,
        -1.0,
        -1.0,
        1.0,
        -1.0,
        -0.28466472029685974,
        1.0,
        -1.0,
        -1.0,
        -1.0,
        1.0,
        -1.0,
        1.0,
        -1.0,
        -1.0,
        1.0,
        -1.0,
        1.0,
        1.0,
        -1.0,
        1.0,
        -0.2623506188392639,
        1.0,
        -1.0,
        1.0,
        1.0,
        -1.0,
        -1.0,
        -1.0,
        1.0,
        1.0,
        1.0,
        -1.0,
        -1.0,
        -1.0,
        1.0,
        1.0,
        -1.0,
        -1.0,
        -1.0,
        1.0,
        1.0,
        1.0,
        -1.0,
        1.0,
        -1.0,
        -1.0,
        -1.0,
        1.0,
        1.0,
        -0.8978989124298096,
        -1.0,
        -1.0,
        1.0,
        -1.0,
        1.0,
        1.0,
        1.0,
        1.0,
        1.0,
        1.0,
        -1.0,
        1.0,
        1.0,
        1.0,
        -1.0,
        -1.0,
        1.0,
        -1.0,
        -1.0,
        -1.0,
        1.0,
        -1.0,
        -1.0,
        -1.0,
        -1.0,
        -1.0,
        1.0,
        1.0,
        1.0
    ],
    "embedding_scaling_factor": 426.31365966796875,
    "samples": [
        0,
        2,
        1,
        2,
        6,
        1,
        0,
        7,
        9,
        5,
        0,
        65,
        12,
        5,
        12,
        0,
        5,
        0,
        0,
        2,
        21,
        0,
        8,
        6,
        0,
        5,
        4,
        4,
        0,
        9,
        0,
        0,
        31,
        1,
        6,
        1,
        3,
        0,
        0,
        0,
        4,
        0,
        31,
        2,
        0,
        0,
        6,
        0,
        0,
        11,
        0,
        48,
        0,
        0,
        0,
        0,
        0,
        1,
        5,
        3,
        0,
        1,
        48,
        1,
        12,
        0,
        3,
        0,
        0,
        0,
        13,
        4,
        1,
        1,
        2,
        7,
        22,
        1,
        4,
        29,
        0,
        3,
        0,
        0,
        0,
        0,
        0,
        0,
        24,
        0,
        4,
        77,
        0
    ],
    "category_values_ratio": {
        "0": 83168,
        "1": 30559,
        "2": 16766,
        "3": 14405,
        "4": 9588,
        "5": 7843,
        "7": 5678,
        "6": 5184,
        "9": 4620,
        "8": 4236,
        "10": 3419,
        "12": 2308,
        "19": 1868,
        "23": 1794,
        "17": 1665,
        "11": 1619,
        "13": 1551,
        "18": 1515,
        "40": 1324,
        "14": 1074,
        "30": 975,
        "218": 844,
        "21": 819,
        "34": 790,
        "16": 774,
        "46": 734,
        "87": 731,
        "31": 717,
        "50": 670,
        "24": 572,
        "48": 437,
        "32": 414,
        "27": 394,
        "20": 386,
        "38": 373,
        "22": 338,
        "37": 309,
        "29": 303,
        "79": 301,
        "15": 289,
        "77": 288,
        "35": 257,
        "66": 257,
        "65": 250,
        "44": 225,
        "76": 223,
        "43": 173,
        "26": 166,
        "36": 160,
        "25": 82,
        "80": 77
    },
    "nrows": 229907
}