{
    "column_id": "Yelp/Yelp.csvYelp.csv/Thursday_12",
    "dataset_name": "Yelp.csv",
    "dataset_id": "Yelp/Yelp.csv",
    "path": "/home/ubuntu/CatDB/Experiments/data/Yelp/Yelp.csv",
    "table_name": "Yelp.csv",
    "table_id": "Yelp/Yelp.csvYelp.csv",
    "column_name": "Thursday_12",
    "data_source": "Yelp",
    "data_type": "int",
    "total_values_count": 229907,
    "distinct_values_count": 53,
    "missing_values_count": 16395,
    "true_ratio": null,
    "min_value": 0.0,
    "max_value": 254.0,
    "mean": 6.3139027314624006,
    "median": 2.0,
    "iqr": 6.0,
    "category_values": [
        0,
        6,
        13,
        2,
        1,
        4,
        7,
        3,
        5,
        8,
        21,
        25,
        22,
        10,
        24,
        254,
        19,
        9,
        33,
        27,
        17,
        12,
        14,
        18,
        67,
        15,
        37,
        20,
        43,
        11,
        49,
        45,
        16,
        23,
        69,
        29,
        41,
        51,
        57,
        77,
        53,
        28,
        46,
        98,
        61,
        47,
        88,
        32,
        94,
        105,
        52,
        106,
        31
    ],
    "embedding": [
        -1.0,
        -1.0,
        -1.0,
        1.0,
        -1.0,
        1.0,
        -1.0,
        -1.0,
        -0.9998951554298401,
        -1.0,
        1.0,
        -1.0,
        -1.0,
        1.0,
        1.0,
        1.0,
        1.0,
        -1.0,
        1.0,
        -1.0,
        1.0,
        -1.0,
        1.0,
        -1.0,
        1.0,
        -1.0,
        -1.0,
        1.0,
        -1.0,
        -1.0,
        1.0,
        1.0,
        -1.0,
        -1.0,
        -1.0,
        1.0,
        -1.0,
        1.0,
        1.0,
        -1.0,
        -1.0,
        1.0,
        -1.0,
        -1.0,
        -1.0,
        -1.0,
        1.0,
        -1.0,
        -0.9998204112052917,
        -0.37421125173568726,
        -1.0,
        1.0,
        1.0,
        1.0,
        -1.0,
        1.0,
        1.0,
        1.0,
        -1.0,
        0.7181118726730347,
        -1.0,
        -1.0,
        1.0,
        -1.0,
        1.0,
        -1.0,
        1.0,
        -1.0,
        1.0,
        1.0,
        1.0,
        -1.0,
        -1.0,
        -1.0,
        -1.0,
        1.0,
        1.0,
        1.0,
        1.0,
        1.0,
        1.0,
        1.0,
        1.0,
        -1.0,
        -1.0,
        1.0,
        -1.0,
        1.0,
        1.0,
        1.0,
        -1.0,
        1.0,
        1.0,
        -1.0,
        1.0,
        -1.0,
        1.0,
        -1.0,
        -1.0,
        -1.0,
        -0.9281428456306458,
        -1.0,
        1.0,
        -1.0,
        -1.0,
        1.0,
        1.0,
        1.0,
        -1.0,
        -1.0,
        1.0,
        -1.0,
        -1.0,
        1.0,
        1.0,
        1.0,
        1.0,
        1.0,
        1.0,
        -1.0,
        -1.0,
        1.0,
        -1.0,
        -1.0,
        1.0,
        -1.0,
        -1.0,
        -0.9990447759628296,
        -1.0,
        1.0,
        -1.0,
        1.0,
        -1.0,
        -1.0,
        1.0,
        -1.0,
        -1.0,
        1.0,
        1.0,
        -1.0,
        1.0,
        1.0,
        1.0,
        -1.0,
        1.0,
        -1.0,
        1.0,
        -1.0,
        -1.0,
        -1.0,
        0.9939666390419006,
        -1.0,
        1.0,
        -1.0,
        1.0,
        -1.0,
        1.0,
        -1.0,
        1.0,
        -1.0,
        -1.0,
        1.0,
        -1.0,
        -1.0,
        1.0,
        -1.0,
        1.0,
        -1.0,
        -1.0,
        -1.0,
        -1.0,
        -1.0,
        1.0,
        1.0,
        -1.0,
        -1.0,
        1.0,
        -1.0,
        -1.0,
        -1.0,
        1.0,
        -1.0,
        -1.0,
        -1.0,
        1.0,
        -1.0,
        1.0,
        -1.0,
        -1.0,
        -1.0,
        1.0,
        1.0,
        1.0,
        1.0,
        -1.0,
        -1.0,
        1.0,
        -1.0,
        -1.0,
        1.0,
        -1.0,
        1.0,
        -1.0,
        -1.0,
        -1.0,
        -1.0,
        1.0,
        1.0,
        -1.0,
        -1.0,
        -1.0,
        1.0,
        -1.0,
        -1.0,
        -1.0,
        1.0,
        -1.0,
        1.0,
        -1.0,
        -1.0,
        1.0,
        -1.0,
        -1.0,
        1.0,
        -0.9999238848686218,
        -0.3734535574913025,
        1.0,
        -1.0,
        -1.0,
        -1.0,
        1.0,
        -1.0,
        1.0,
        -1.0,
        -1.0,
        1.0,
        -1.0,
        1.0,
        1.0,
        -0.9999858140945435,
        1.0,
        -0.35560762882232666,
        1.0,
        -1.0,
        1.0,
        1.0,
        -1.0,
        -1.0,
        -1.0,
        1.0,
        1.0,
        1.0,
        -1.0,
        -1.0,
        -1.0,
        1.0,
        1.0,
        -1.0,
        -1.0,
        -1.0,
        1.0,
        1.0,
        1.0,
        -1.0,
        1.0,
        -1.0,
        -1.0,
        -1.0,
        1.0,
        1.0,
        -0.9057013392448425,
        -1.0,
        -1.0,
        1.0,
        -1.0,
        1.0,
        1.0,
        1.0,
        1.0,
        1.0,
        1.0,
        -1.0,
        1.0,
        1.0,
        1.0,
        -1.0,
        -1.0,
        1.0,
        -1.0,
        -1.0,
        -1.0,
        1.0,
        -1.0,
        -1.0,
        -1.0,
        -1.0,
        -1.0,
        1.0,
        1.0,
        1.0
    ],
    "embedding_scaling_factor": 545.2386474609375,
    "samples": [
        2,
        27,
        0,
        8,
        7,
        24,
        25,
        4,
        0,
        4,
        3,
        0,
        8,
        10,
        14,
        0,
        1,
        3,
        18,
        1,
        9,
        0,
        10,
        0,
        0,
        2,
        0,
        10,
        1,
        5,
        254,
        4,
        1,
        0,
        7,
        0,
        14,
        6,
        0,
        1,
        5,
        5,
        7,
        2,
        1,
        0,
        1,
        17,
        4,
        10,
        0,
        2,
        0,
        2,
        0,
        61,
        0,
        2,
        1,
        4,
        0,
        4,
        1,
        4,
        0,
        4,
        0,
        7,
        18,
        1,
        6,
        0,
        2,
        1,
        0,
        69,
        0,
        1,
        4,
        4,
        10,
        1,
        0,
        0,
        1,
        2,
        7,
        6,
        0,
        2,
        10,
        2,
        2
    ],
    "category_values_ratio": {
        "0": 60846,
        "1": 31942,
        "2": 22058,
        "3": 14302,
        "4": 12790,
        "5": 10507,
        "6": 8777,
        "7": 6728,
        "10": 5324,
        "8": 4624,
        "9": 4244,
        "14": 3702,
        "11": 2675,
        "21": 2501,
        "13": 2048,
        "12": 2036,
        "20": 1911,
        "17": 1684,
        "19": 1630,
        "15": 1472,
        "25": 1437,
        "18": 1428,
        "24": 1012,
        "16": 961,
        "254": 844,
        "43": 731,
        "27": 701,
        "22": 538,
        "61": 351,
        "41": 321,
        "49": 288,
        "51": 287,
        "33": 265,
        "46": 250,
        "57": 223,
        "45": 192,
        "53": 188,
        "37": 188,
        "23": 178,
        "88": 145,
        "28": 141,
        "77": 130,
        "98": 118,
        "32": 117,
        "47": 112,
        "94": 110,
        "69": 106,
        "106": 98,
        "29": 89,
        "67": 52,
        "105": 45,
        "31": 37,
        "52": 28
    },
    "nrows": 229907
}