{
    "column_id": "Yelp/Yelp.csvYelp.csv/Thursday_17",
    "dataset_name": "Yelp.csv",
    "dataset_id": "Yelp/Yelp.csv",
    "path": "/home/ubuntu/CatDB/Experiments/data/Yelp/Yelp.csv",
    "table_name": "Yelp.csv",
    "table_id": "Yelp/Yelp.csvYelp.csv",
    "column_name": "Thursday_17",
    "data_source": "Yelp",
    "data_type": "int",
    "total_values_count": 229907,
    "distinct_values_count": 51,
    "missing_values_count": 16395,
    "true_ratio": null,
    "min_value": 0.0,
    "max_value": 470.0,
    "mean": 7.334177938476526,
    "median": 2.0,
    "iqr": 8.0,
    "category_values": [
        1,
        2,
        38,
        10,
        3,
        5,
        16,
        39,
        4,
        0,
        6,
        24,
        8,
        58,
        21,
        69,
        18,
        13,
        12,
        36,
        15,
        302,
        9,
        11,
        17,
        20,
        33,
        14,
        7,
        19,
        25,
        28,
        27,
        68,
        31,
        26,
        48,
        44,
        30,
        22,
        23,
        29,
        32,
        59,
        37,
        470,
        35,
        78,
        34,
        52,
        67
    ],
    "embedding": [
        -1.0,
        -1.0,
        -1.0,
        1.0,
        -1.0,
        1.0,
        -1.0,
        -1.0,
        -1.0,
        -1.0,
        1.0,
        -1.0,
        -1.0,
        1.0,
        1.0,
        1.0,
        1.0,
        -1.0,
        1.0,
        -1.0,
        1.0,
        -1.0,
        1.0,
        -1.0,
        1.0,
        -1.0,
        -1.0,
        1.0,
        -1.0,
        -1.0,
        1.0,
        1.0,
        -1.0,
        -1.0,
        -1.0,
        1.0,
        -1.0,
        1.0,
        1.0,
        -1.0,
        -1.0,
        1.0,
        -1.0,
        -1.0,
        -1.0,
        -1.0,
        1.0,
        -1.0,
        -1.0,
        -0.42189261317253113,
        -1.0,
        1.0,
        1.0,
        1.0,
        -1.0,
        1.0,
        1.0,
        1.0,
        -1.0,
        0.7515951991081238,
        -1.0,
        -1.0,
        1.0,
        -1.0,
        1.0,
        -1.0,
        1.0,
        -1.0,
        1.0,
        1.0,
        1.0,
        -1.0,
        -1.0,
        -1.0,
        -1.0,
        1.0,
        1.0,
        1.0,
        1.0,
        1.0,
        1.0,
        1.0,
        1.0,
        -1.0,
        -1.0,
        1.0,
        -1.0,
        1.0,
        1.0,
        1.0,
        -1.0,
        1.0,
        1.0,
        -1.0,
        1.0,
        -1.0,
        1.0,
        -1.0,
        -1.0,
        -1.0,
        -0.9339531660079956,
        -1.0,
        1.0,
        -1.0,
        -1.0,
        1.0,
        1.0,
        1.0,
        -1.0,
        -1.0,
        1.0,
        -1.0,
        -1.0,
        1.0,
        1.0,
        1.0,
        1.0,
        1.0,
        1.0,
        -1.0,
        -1.0,
        1.0,
        -1.0,
        -1.0,
        1.0,
        -1.0,
        -1.0,
        -1.0,
        -1.0,
        1.0,
        -1.0,
        1.0,
        -1.0,
        -1.0,
        1.0,
        -1.0,
        -1.0,
        1.0,
        1.0,
        -1.0,
        1.0,
        1.0,
        1.0,
        -1.0,
        1.0,
        -1.0,
        1.0,
        -1.0,
        -1.0,
        -1.0,
        1.0,
        -1.0,
        1.0,
        -1.0,
        1.0,
        -1.0,
        1.0,
        -1.0,
        1.0,
        -1.0,
        -1.0,
        1.0,
        -1.0,
        -1.0,
        1.0,
        -1.0,
        1.0,
        -1.0,
        -1.0,
        -1.0,
        -1.0,
        -1.0,
        1.0,
        1.0,
        -1.0,
        -1.0,
        1.0,
        -1.0,
        -1.0,
        -1.0,
        1.0,
        -1.0,
        -1.0,
        -1.0,
        1.0,
        -1.0,
        1.0,
        -1.0,
        -1.0,
        -1.0,
        1.0,
        1.0,
        1.0,
        1.0,
        -1.0,
        -1.0,
        1.0,
        -1.0,
        -1.0,
        1.0,
        -1.0,
        1.0,
        -1.0,
        -1.0,
        -1.0,
        -1.0,
        1.0,
        1.0,
        -1.0,
        -1.0,
        -1.0,
        1.0,
        -1.0,
        -1.0,
        -1.0,
        1.0,
        -1.0,
        1.0,
        -1.0,
        -1.0,
        1.0,
        -1.0,
        -1.0,
        1.0,
        -1.0,
        -0.41879895329475403,
        1.0,
        -1.0,
        -1.0,
        -1.0,
        1.0,
        -1.0,
        1.0,
        -1.0,
        -1.0,
        1.0,
        -1.0,
        1.0,
        1.0,
        -1.0,
        1.0,
        -0.40168434381484985,
        1.0,
        -1.0,
        1.0,
        1.0,
        -1.0,
        -1.0,
        -1.0,
        1.0,
        1.0,
        1.0,
        -1.0,
        -1.0,
        -1.0,
        1.0,
        1.0,
        -1.0,
        -1.0,
        -1.0,
        1.0,
        1.0,
        1.0,
        -1.0,
        1.0,
        -1.0,
        -1.0,
        -1.0,
        1.0,
        1.0,
        -0.9145252704620361,
        -1.0,
        -1.0,
        1.0,
        -1.0,
        1.0,
        1.0,
        1.0,
        1.0,
        1.0,
        1.0,
        -1.0,
        1.0,
        1.0,
        1.0,
        -1.0,
        -1.0,
        1.0,
        -1.0,
        -1.0,
        -1.0,
        1.0,
        -1.0,
        -1.0,
        -1.0,
        -1.0,
        -1.0,
        1.0,
        1.0,
        1.0
    ],
    "embedding_scaling_factor": 493.951416015625,
    "samples": [
        4,
        0,
        1,
        0,
        5,
        2,
        11,
        0,
        2,
        8,
        16,
        1,
        4,
        12,
        0,
        3,
        20,
        14,
        1,
        6,
        1,
        1,
        1,
        1,
        1,
        0,
        4,
        68,
        6,
        5,
        1,
        0,
        3,
        15,
        11,
        6,
        5,
        0,
        31,
        1,
        23,
        1,
        1,
        3,
        24,
        5,
        3,
        8,
        0,
        0,
        5,
        3,
        0,
        11,
        1,
        16,
        38,
        2,
        0,
        0,
        302,
        0,
        4,
        58,
        25,
        7,
        6,
        20,
        9,
        3,
        5,
        4,
        8,
        5,
        0,
        0,
        13,
        6,
        5,
        4,
        2,
        36,
        1,
        8,
        0,
        8,
        2,
        27,
        27,
        4
    ],
    "category_values_ratio": {
        "0": 57777,
        "1": 31404,
        "2": 19217,
        "3": 14886,
        "4": 12747,
        "5": 10629,
        "6": 7639,
        "8": 5503,
        "9": 5397,
        "7": 5140,
        "10": 4392,
        "12": 3688,
        "11": 3592,
        "13": 3227,
        "16": 2559,
        "14": 2312,
        "15": 2273,
        "17": 2187,
        "27": 1877,
        "19": 1483,
        "20": 1404,
        "18": 1343,
        "26": 1214,
        "24": 1128,
        "302": 844,
        "33": 760,
        "68": 731,
        "25": 694,
        "36": 687,
        "29": 646,
        "28": 573,
        "31": 558,
        "21": 537,
        "32": 484,
        "23": 475,
        "48": 437,
        "34": 380,
        "37": 376,
        "39": 316,
        "22": 266,
        "35": 240,
        "38": 232,
        "78": 231,
        "30": 226,
        "59": 223,
        "58": 216,
        "470": 130,
        "52": 117,
        "44": 54,
        "69": 35,
        "67": 26
    },
    "nrows": 229907
}