{
    "column_id": "Yelp/Yelp.csvYelp.csv/Users.votes_useful",
    "dataset_name": "Yelp.csv",
    "dataset_id": "Yelp/Yelp.csv",
    "path": "/home/ubuntu/CatDB/Experiments/data/Yelp/Yelp.csv",
    "table_name": "Yelp.csv",
    "table_id": "Yelp/Yelp.csvYelp.csv",
    "column_name": "Users.votes_useful",
    "data_source": "Yelp",
    "data_type": "int",
    "total_values_count": 229907,
    "distinct_values_count": 1329,
    "missing_values_count": 14028,
    "true_ratio": null,
    "min_value": 0.0,
    "max_value": 24293.0,
    "mean": 366.0084862353448,
    "median": 52.0,
    "iqr": 216.0,
    "category_values": [
        564,
        36,
        41,
        75,
        233,
        43,
        258,
        2,
        15,
        8,
        3,
        349,
        60,
        6,
        1671,
        4,
        104,
        633,
        955,
        7,
        33,
        1105,
        58,
        190,
        158,
        327,
        3758,
        52,
        126,
        341,
        240,
        25,
        5,
        853,
        165,
        109,
        4148,
        18,
        1041,
        19,
        20,
        154,
        308,
        32,
        205,
        176,
        34,
        54,
        40,
        313,
        2685,
        80,
        296,
        826,
        282,
        0,
        61,
        204,
        50,
        12,
        397,
        9,
        13,
        72,
        1159,
        136,
        114,
        17,
        142,
        198,
        16,
        172,
        82,
        175,
        1,
        157,
        1280,
        256,
        10,
        108,
        184,
        38,
        1034,
        89,
        1787,
        11,
        29,
        121,
        118,
        62,
        27,
        135,
        117,
        760,
        14,
        28,
        161,
        152,
        21,
        767,
        24,
        429,
        37,
        83,
        93,
        51,
        358,
        74,
        143,
        2375,
        23,
        192,
        220,
        339,
        322,
        1037,
        225,
        30,
        495,
        169,
        466,
        128,
        86,
        170,
        209,
        146,
        132,
        3847,
        416,
        4287,
        244,
        457,
        99,
        2404,
        898,
        96,
        85,
        3104,
        717,
        206,
        151,
        231,
        954,
        26,
        420,
        224,
        1279,
        195,
        770,
        163,
        551,
        183,
        1122,
        227,
        343,
        257,
        2132,
        918,
        137,
        1088,
        1512,
        123,
        64,
        500,
        56,
        207,
        1115,
        241,
        1224,
        35,
        396,
        410,
        423,
        1113,
        178,
        53,
        656,
        270,
        22,
        55,
        1598,
        139,
        155,
        127,
        2656,
        752,
        84,
        629,
        3241,
        625,
        147,
        673,
        447,
        150,
        9659,
        197,
        331,
        2746,
        77,
        506,
        8401,
        264,
        1299,
        49,
        255,
        87,
        145,
        289,
        63,
        69,
        601,
        141,
        610,
        44,
        88,
        222,
        565,
        98,
        129,
        188,
        650,
        65,
        2452,
        603,
        243,
        71,
        78,
        539,
        97,
        392,
        10452,
        248,
        219,
        31,
        119,
        105,
        42,
        90,
        214,
        148,
        2519,
        386,
        3118,
        103,
        1699,
        187,
        8001,
        2291,
        828,
        253,
        329,
        68,
        106,
        162,
        94,
        130,
        2523,
        747,
        284,
        941,
        409,
        122,
        167,
        1175,
        301,
        221,
        442,
        3385,
        67,
        166,
        461,
        201,
        523,
        1561,
        2851,
        95,
        385,
        540,
        39,
        1098,
        267,
        125,
        203,
        2311,
        733,
        876,
        116,
        971,
        48,
        522,
        285,
        768,
        1010,
        323,
        492,
        1214,
        3992,
        660,
        226,
        47,
        45,
        536,
        761,
        174,
        252,
        530,
        180,
        1245,
        1154,
        1155,
        1495,
        980,
        250,
        131,
        595,
        140,
        2401,
        1518,
        419,
        622,
        107,
        384,
        275,
        836,
        159,
        66,
        310,
        1091,
        2014,
        283,
        576,
        149,
        626,
        81,
        316,
        780,
        124,
        547,
        716,
        211,
        684,
        382,
        454,
        120,
        462,
        475,
        375,
        232,
        1427,
        2092,
        260,
        2299,
        798,
        113,
        177,
        5065,
        202,
        59,
        924,
        1085,
        1096,
        715,
        1016,
        516,
        79,
        46,
        485,
        91,
        999,
        352,
        168,
        1205,
        70,
        709,
        10629,
        1057,
        265,
        277,
        236,
        979,
        10676,
        791,
        2840,
        907,
        342,
        678,
        194,
        242,
        687,
        160,
        1875,
        111,
        57,
        1239,
        73,
        115,
        588,
        1255,
        112,
        554,
        5504,
        491,
        415,
        223,
        350,
        251,
        273,
        596,
        234,
        1453,
        440,
        2106,
        294,
        200,
        92,
        263,
        1178,
        884,
        1434,
        1298,
        366,
        740,
        376,
        134,
        411,
        1310,
        246,
        487,
        1750,
        957,
        217,
        616,
        647,
        713,
        110,
        921,
        212,
        164,
        291,
        286,
        1049,
        813,
        578,
        2575,
        570,
        193,
        216,
        259,
        1371,
        314,
        186,
        880,
        309,
        2305,
        76,
        189,
        237,
        335,
        2067,
        398,
        279,
        102,
        3924,
        12895,
        579,
        1184,
        521,
        1039,
        1543,
        412,
        1432,
        1809,
        1004,
        345,
        549,
        280,
        694,
        1118,
        266,
        325,
        5416,
        483,
        3812,
        902,
        965,
        369,
        734,
        393,
        1342,
        1803,
        1414,
        1696,
        928,
        1029,
        401,
        847,
        407,
        1226,
        608,
        593,
        771,
        1129,
        797,
        368,
        743,
        399,
        360,
        1447,
        645,
        290,
        662,
        3502,
        1657,
        138,
        1824,
        2348,
        278,
        8745,
        651,
        653,
        3255,
        338,
        371,
        852,
        527,
        210,
        144,
        1331,
        609,
        261,
        510,
        619,
        387,
        903,
        101,
        185,
        607,
        569,
        741,
        668,
        357,
        274,
        1393,
        181,
        304,
        568,
        3554,
        574,
        613,
        448,
        297,
        5078,
        873,
        365,
        196,
        1737,
        2612,
        920,
        215,
        723,
        100,
        171,
        380,
        320,
        269,
        497,
        606,
        428,
        703,
        229,
        9835,
        390,
        759,
        537,
        1381,
        917,
        720,
        153,
        1545,
        1143,
        704,
        449,
        408,
        832,
        548,
        969,
        489,
        133,
        862,
        953,
        896,
        582,
        784,
        4283,
        499,
        535,
        1052,
        1836,
        319,
        764,
        438,
        5103,
        2544,
        191,
        638,
        592,
        2191,
        156,
        885,
        364,
        318,
        519,
        3686,
        562,
        1455,
        612,
        5733,
        2392,
        477,
        710,
        1119,
        868,
        1352,
        586,
        3559,
        389,
        451,
        9827,
        940,
        5612,
        533,
        6186,
        2967,
        1442,
        2639,
        213,
        421,
        10406,
        218,
        302,
        333,
        620,
        182,
        455,
        1494,
        1365,
        528,
        591,
        1467,
        2808,
        15384,
        1376,
        1013,
        445,
        381,
        173,
        307,
        388,
        1397,
        230,
        326,
        1468,
        974,
        555,
        295,
        235,
        677,
        529,
        819,
        1070,
        293,
        524,
        424,
        905,
        359,
        470,
        772,
        430,
        23863,
        947,
        422,
        247,
        1431,
        356,
        2827,
        719,
        615,
        2368,
        509,
        4069,
        553,
        179,
        1230,
        725,
        2066,
        1244,
        2009,
        1995,
        2082,
        1811,
        328,
        15190,
        1128,
        2917,
        2834,
        1905,
        661,
        346,
        618,
        239,
        431,
        1111,
        2903,
        1292,
        379,
        614,
        355,
        228,
        2711,
        892,
        245,
        6063,
        1555,
        8482,
        353,
        1360,
        5013,
        1074,
        7441,
        8539,
        952,
        312,
        459,
        584,
        968,
        857,
        199,
        3628,
        458,
        1101,
        208,
        1163,
        705,
        361,
        575,
        347,
        484,
        511,
        367,
        303,
        23412,
        460,
        514,
        731,
        1363,
        1095,
        3033,
        659,
        478,
        779,
        238,
        6491,
        417,
        714,
        3923,
        9735,
        546,
        534,
        6568,
        24293,
        427,
        4176,
        672,
        894,
        292,
        373,
        513,
        1482,
        3066,
        2238,
        299,
        2631,
        1744,
        919,
        268,
        330,
        298,
        1167,
        344,
        2287,
        1007,
        395,
        2785,
        1520,
        580,
        1372,
        337,
        12233,
        493,
        6034,
        1932,
        782,
        17257,
        1959,
        271,
        12766,
        795,
        20648,
        354,
        2144,
        587,
        501,
        402,
        900,
        1975,
        1476,
        636,
        1864,
        20762,
        825,
        520,
        404,
        2468,
        669,
        2818,
        2288,
        300,
        858,
        1817,
        841,
        1480,
        12847,
        822,
        2875,
        1135,
        909,
        2428,
        340,
        1149,
        287,
        1713,
        886,
        503,
        9119,
        988,
        2683,
        317,
        2529,
        544,
        10924,
        374,
        1148,
        254,
        2510,
        262,
        573,
        394,
        1741,
        1173,
        7632,
        414,
        1877,
        599,
        2923,
        11461,
        932,
        1132,
        1305,
        2684,
        1295,
        1851,
        1189,
        474,
        1258,
        641,
        581,
        683,
        1912,
        934,
        306,
        6316,
        3584,
        1584,
        796,
        479,
        432,
        1125,
        552,
        391,
        807,
        990,
        11897,
        561,
        403,
        3265,
        889,
        502,
        311,
        4759,
        400,
        336,
        877,
        1865,
        559,
        3768,
        2332,
        1650,
        1967,
        674,
        321,
        525,
        3283,
        276,
        1071,
        6598,
        648,
        1176,
        11168,
        476,
        567,
        515,
        453,
        964,
        2978,
        657,
        1466,
        16707,
        1335,
        1210,
        911,
        992,
        3931,
        951,
        3932,
        1136,
        2690,
        542,
        1058,
        632,
        794,
        628,
        817,
        1695,
        21214,
        363,
        1353,
        754,
        3674,
        315,
        473,
        577,
        829,
        680,
        7293,
        7465,
        671,
        970,
        9283,
        845,
        605,
        7736,
        1056,
        378,
        351,
        4303,
        3958,
        1917,
        2267,
        1209,
        875,
        3476,
        1929,
        624,
        504,
        2373,
        1183,
        249,
        1903,
        1675,
        558,
        753,
        324,
        1644,
        4494,
        1637,
        5179,
        518,
        15570,
        1692,
        1961,
        1535,
        2558,
        3353,
        370,
        2796,
        11632,
        465,
        1613,
        776,
        441,
        815,
        1077,
        435,
        722,
        4130,
        1674,
        437,
        4918,
        272,
        563,
        1036,
        773,
        827,
        348,
        1610,
        758,
        977,
        5162,
        456,
        804,
        922,
        617,
        413,
        1429,
        1982,
        496,
        1012,
        2125,
        1395,
        281,
        332,
        2086,
        2627,
        2359,
        1369,
        937,
        1574,
        893,
        444,
        557,
        1018,
        1144,
        1320,
        9219,
        2847,
        631,
        3391,
        814,
        7676,
        505,
        4704,
        526,
        512,
        823,
        1025,
        1391,
        377,
        1764,
        488,
        1001,
        1761,
        2351,
        1380,
        3383,
        3888,
        8144,
        585,
        2258,
        1458,
        2069,
        726,
        494,
        1843,
        5790,
        2432,
        2621,
        2759,
        630,
        1043,
        790,
        2134,
        649,
        702,
        1340,
        1423,
        4160,
        6187,
        2874,
        963,
        1969,
        433,
        2737,
        1547,
        2469,
        1290,
        799,
        405,
        1879,
        3900,
        5482,
        418,
        1022,
        482,
        4236,
        2543,
        6762,
        3208,
        1169,
        1042,
        3757,
        686,
        850,
        480,
        446,
        707,
        1899,
        2208,
        2599,
        1303,
        695,
        1595,
        1421,
        23080,
        1141,
        3572,
        806,
        1838,
        452,
        1289,
        3078,
        1854,
        12744,
        406,
        4703,
        2141,
        1192,
        688,
        4727,
        469,
        2924,
        2857,
        11852,
        362,
        1151,
        2591,
        637,
        6486,
        517,
        532,
        1000,
        3343,
        644,
        685,
        871,
        721,
        621,
        1283,
        887,
        2045,
        560,
        1069,
        2581,
        1479,
        3030,
        1072,
        1028,
        5250,
        5735,
        915,
        1625,
        5573,
        305,
        490,
        2317,
        471,
        1504,
        755,
        288,
        2854,
        665,
        910,
        728,
        1589,
        464,
        735,
        959,
        2586,
        757,
        1732,
        1777,
        3326,
        1127,
        1277,
        2399,
        434,
        10396,
        2019,
        2234,
        831,
        611,
        3279,
        809,
        840,
        1509,
        856,
        481,
        879,
        3144,
        1392,
        667,
        1301,
        450,
        3845,
        1387,
        3450,
        3973,
        1487,
        334,
        472,
        541,
        6221,
        3870,
        972,
        1860,
        738,
        1910,
        2883,
        1308,
        1090,
        2994,
        935,
        670,
        2129,
        1322,
        2648,
        712,
        1539,
        697,
        2396,
        2936,
        838,
        1235,
        3799,
        1157,
        2143,
        2931,
        7071,
        1888,
        5984,
        808,
        2485,
        2120,
        443,
        978,
        1254,
        10134,
        789,
        1164,
        4096,
        750,
        2328,
        1537,
        1053,
        1821,
        1123,
        590,
        486,
        1153,
        855,
        426,
        3393,
        2542,
        2783,
        1243,
        818,
        5640,
        1689,
        737,
        1779,
        640,
        383,
        1850,
        2068,
        3618,
        1285,
        1491,
        1035,
        425,
        732,
        4008,
        786,
        3660,
        3284,
        1577,
        863,
        1215,
        870,
        1586,
        1197,
        1256,
        3165,
        17740,
        13146,
        1253,
        1450,
        2389,
        811,
        834,
        1250,
        2003,
        12740,
        1329,
        781,
        1868,
        744,
        571,
        7197,
        1604,
        583,
        10627,
        658,
        15014,
        2933,
        1046,
        5148,
        2108,
        2337,
        860,
        1700
    ],
    "embedding": [
        -1.0,
        -1.0,
        -1.0,
        1.0,
        -1.0,
        1.0,
        -1.0,
        -1.0,
        -0.9999969005584717,
        -1.0,
        1.0,
        -1.0,
        -1.0,
        1.0,
        1.0,
        1.0,
        1.0,
        -1.0,
        1.0,
        -1.0,
        1.0,
        -1.0,
        1.0,
        -1.0,
        1.0,
        -1.0,
        -1.0,
        1.0,
        -1.0,
        -1.0,
        1.0,
        1.0,
        -1.0,
        -1.0,
        -1.0,
        1.0,
        -1.0,
        1.0,
        1.0,
        -1.0,
        -1.0,
        1.0,
        -1.0,
        -1.0,
        -1.0,
        -1.0,
        1.0,
        -1.0,
        -0.9999942183494568,
        -0.867337167263031,
        -1.0,
        1.0,
        1.0,
        1.0,
        -1.0,
        1.0,
        1.0,
        1.0,
        -1.0,
        0.935519814491272,
        -1.0,
        -1.0,
        1.0,
        -1.0,
        1.0,
        -1.0,
        1.0,
        -1.0,
        1.0,
        1.0,
        1.0,
        -1.0,
        -1.0,
        -1.0,
        -1.0,
        1.0,
        1.0,
        1.0,
        1.0,
        1.0,
        1.0,
        1.0,
        1.0,
        -1.0,
        -1.0,
        1.0,
        -1.0,
        1.0,
        1.0,
        1.0,
        -1.0,
        1.0,
        1.0,
        -1.0,
        1.0,
        -1.0,
        1.0,
        -1.0,
        -1.0,
        -1.0,
        -0.9858736395835876,
        -1.0,
        1.0,
        -1.0,
        -1.0,
        1.0,
        1.0,
        1.0,
        -1.0,
        -1.0,
        1.0,
        -1.0,
        -1.0,
        1.0,
        1.0,
        1.0,
        1.0,
        1.0,
        1.0,
        -1.0,
        -1.0,
        1.0,
        -1.0,
        -1.0,
        1.0,
        -1.0,
        -1.0,
        -0.9999379515647888,
        -1.0,
        1.0,
        -1.0,
        1.0,
        -1.0,
        -1.0,
        1.0,
        -1.0,
        -1.0,
        1.0,
        1.0,
        -1.0,
        1.0,
        1.0,
        1.0,
        -1.0,
        1.0,
        -1.0,
        1.0,
        -1.0,
        -1.0,
        -1.0,
        0.9998223781585693,
        -1.0,
        1.0,
        -1.0,
        1.0,
        -1.0,
        1.0,
        -1.0,
        1.0,
        -1.0,
        -1.0,
        1.0,
        -1.0,
        -1.0,
        1.0,
        -1.0,
        1.0,
        -1.0,
        -1.0,
        -1.0,
        -1.0,
        -1.0,
        1.0,
        1.0,
        -1.0,
        -1.0,
        1.0,
        -1.0,
        -1.0,
        -1.0,
        1.0,
        -1.0,
        -1.0,
        -1.0,
        1.0,
        -1.0,
        1.0,
        -1.0,
        -1.0,
        -1.0,
        1.0,
        1.0,
        1.0,
        1.0,
        -1.0,
        -1.0,
        1.0,
        -1.0,
        -1.0,
        1.0,
        -1.0,
        1.0,
        -1.0,
        -1.0,
        -1.0,
        -1.0,
        1.0,
        1.0,
        -1.0,
        -1.0,
        -1.0,
        1.0,
        -1.0,
        -1.0,
        -1.0,
        1.0,
        -1.0,
        1.0,
        -1.0,
        -1.0,
        1.0,
        -1.0,
        -1.0,
        1.0,
        -0.9999977350234985,
        -0.8646816611289978,
        1.0,
        -1.0,
        -1.0,
        -1.0,
        1.0,
        -1.0,
        1.0,
        -1.0,
        -1.0,
        1.0,
        -1.0,
        1.0,
        1.0,
        -0.9999996423721313,
        1.0,
        -0.8597114086151123,
        1.0,
        -1.0,
        1.0,
        1.0,
        -1.0,
        -1.0,
        -1.0,
        1.0,
        1.0,
        1.0,
        -1.0,
        -1.0,
        -1.0,
        1.0,
        1.0,
        -1.0,
        -1.0,
        -1.0,
        1.0,
        1.0,
        1.0,
        -1.0,
        1.0,
        -1.0,
        -1.0,
        -1.0,
        1.0,
        1.0,
        -0.9805335402488708,
        -1.0,
        -1.0,
        1.0,
        -1.0,
        1.0,
        1.0,
        1.0,
        1.0,
        1.0,
        1.0,
        -1.0,
        1.0,
        1.0,
        1.0,
        -1.0,
        -1.0,
        1.0,
        -1.0,
        -1.0,
        -1.0,
        1.0,
        -1.0,
        -1.0,
        -1.0,
        -1.0,
        -1.0,
        1.0,
        1.0,
        1.0
    ],
    "embedding_scaling_factor": 215.08277893066406,
    "samples": [
        18,
        1,
        2,
        13,
        431,
        3,
        3,
        15,
        1,
        1239,
        612,
        42,
        357,
        9,
        979,
        275,
        187,
        21,
        18,
        0,
        29,
        37,
        8,
        0,
        1737,
        0,
        59,
        11,
        7,
        0,
        1052,
        1455,
        114,
        1,
        2132,
        3,
        0,
        102,
        47,
        1037,
        2,
        34,
        27,
        8,
        4,
        30,
        491,
        290,
        3,
        14,
        1098,
        62,
        27,
        4,
        82,
        0,
        18,
        791,
        181,
        850,
        1,
        184,
        21,
        3104,
        0,
        3,
        6,
        301,
        1085,
        21,
        202,
        38,
        1224,
        18,
        58,
        5,
        206,
        331,
        23412,
        158,
        1,
        51,
        12,
        3353,
        26,
        0,
        234,
        633,
        41,
        76,
        2851,
        29,
        34,
        101,
        82
    ],
    "category_values_ratio": {
        "0": 7957,
        "1": 7237,
        "2": 6289,
        "3": 5600,
        "4": 4748,
        "5": 4359,
        "6": 3842,
        "7": 3769,
        "8": 3330,
        "9": 3198,
        "10": 2743,
        "11": 2681,
        "13": 2424,
        "12": 2380,
        "14": 2151,
        "16": 1999,
        "15": 1996,
        "17": 1945,
        "18": 1899,
        "20": 1745,
        "21": 1738,
        "19": 1735,
        "24": 1666,
        "22": 1653,
        "29": 1643,
        "23": 1608,
        "25": 1566,
        "27": 1374,
        "28": 1349,
        "26": 1309,
        "30": 1249,
        "36": 1240,
        "32": 1163,
        "31": 1163,
        "34": 1079,
        "39": 1047,
        "37": 1012,
        "33": 1007,
        "50": 904,
        "38": 900,
        "41": 889,
        "35": 864,
        "60": 864,
        "40": 853,
        "51": 823,
        "74": 810,
        "42": 803,
        "49": 797,
        "46": 790,
        "86": 764,
        "67": 756,
        "93": 731,
        "54": 728,
        "45": 726,
        "57": 725,
        "44": 719,
        "62": 709,
        "59": 706,
        "43": 699,
        "68": 667,
        "48": 661,
        "71": 654,
        "56": 646,
        "58": 627,
        "52": 595,
        "55": 593,
        "10629": 588,
        "64": 579,
        "75": 571,
        "53": 544,
        "61": 543,
        "82": 543,
        "183": 531,
        "85": 525,
        "83": 522,
        "94": 517,
        "70": 514,
        "72": 514,
        "78": 509,
        "79": 508,
        "117": 507,
        "2685": 506,
        "90": 494,
        "65": 485,
        "132": 485,
        "84": 481,
        "96": 470,
        "80": 469,
        "135": 462,
        "66": 459,
        "244": 452,
        "89": 451,
        "122": 450,
        "69": 449,
        "47": 448,
        "108": 445,
        "5065": 442,
        "125": 441,
        "126": 440,
        "92": 430,
        "113": 427,
        "107": 423,
        "119": 422,
        "95": 417,
        "105": 413,
        "106": 412,
        "204": 410,
        "73": 405,
        "81": 402,
        "233": 399,
        "76": 399,
        "88": 396,
        "2132": 392,
        "5504": 376,
        "423": 376,
        "2452": 374,
        "87": 374,
        "1115": 374,
        "77": 370,
        "101": 368,
        "111": 366,
        "114": 362,
        "91": 362,
        "224": 357,
        "121": 349,
        "104": 347,
        "282": 346,
        "148": 343,
        "798": 340,
        "140": 339,
        "98": 338,
        "197": 336,
        "1175": 335,
        "99": 333,
        "457": 332,
        "221": 331,
        "4148": 328,
        "181": 327,
        "176": 326,
        "112": 326,
        "1122": 326,
        "491": 325,
        "275": 324,
        "63": 321,
        "2523": 320,
        "129": 314,
        "256": 312,
        "1098": 309,
        "186": 306,
        "102": 303,
        "146": 303,
        "180": 301,
        "341": 297,
        "8401": 297,
        "169": 297,
        "116": 294,
        "920": 294,
        "192": 293,
        "159": 288,
        "2401": 288,
        "152": 287,
        "103": 285,
        "158": 282,
        "131": 282,
        "190": 278,
        "1453": 277,
        "172": 276,
        "576": 274,
        "251": 271,
        "564": 270,
        "240": 266,
        "201": 265,
        "97": 263,
        "3104": 263,
        "231": 261,
        "747": 260,
        "487": 258,
        "1699": 257,
        "408": 256,
        "3255": 255,
        "717": 254,
        "1495": 254,
        "109": 254,
        "1414": 250,
        "162": 248,
        "150": 247,
        "1034": 247,
        "174": 246,
        "170": 245,
        "8001": 244,
        "297": 241,
        "155": 241,
        "767": 239,
        "149": 232,
        "194": 232,
        "1049": 231,
        "284": 231,
        "127": 230,
        "165": 230,
        "813": 230,
        "1085": 229,
        "211": 228,
        "442": 227,
        "178": 226,
        "876": 226,
        "134": 224,
        "1455": 224,
        "656": 222,
        "257": 221,
        "720": 220,
        "173": 220,
        "118": 219,
        "335": 217,
        "154": 216,
        "212": 214,
        "1298": 214,
        "2851": 214,
        "147": 213,
        "143": 212,
        "2375": 212,
        "918": 211,
        "123": 211,
        "236": 211,
        "151": 211,
        "164": 210,
        "110": 210,
        "2656": 210,
        "853": 209,
        "554": 208,
        "213": 208,
        "752": 206,
        "161": 205,
        "145": 205,
        "384": 203,
        "331": 202,
        "253": 202,
        "826": 202,
        "884": 201,
        "392": 201,
        "219": 200,
        "226": 200,
        "2519": 200,
        "357": 199,
        "205": 199,
        "2575": 198,
        "1224": 198,
        "137": 198,
        "979": 196,
        "198": 195,
        "1155": 194,
        "4287": 194,
        "429": 193,
        "449": 193,
        "1545": 193,
        "310": 193,
        "1041": 192,
        "9659": 191,
        "733": 190,
        "342": 190,
        "1787": 188,
        "167": 188,
        "124": 188,
        "1255": 187,
        "522": 184,
        "130": 184,
        "209": 184,
        "596": 183,
        "1737": 182,
        "492": 182,
        "1657": 181,
        "100": 180,
        "489": 180,
        "290": 179,
        "273": 179,
        "279": 179,
        "1214": 179,
        "255": 178,
        "214": 177,
        "133": 176,
        "188": 175,
        "316": 174,
        "210": 174,
        "570": 174,
        "1803": 174,
        "608": 174,
        "189": 173,
        "941": 173,
        "678": 171,
        "157": 170,
        "540": 168,
        "166": 168,
        "955": 166,
        "969": 165,
        "2092": 164,
        "252": 164,
        "592": 163,
        "258": 161,
        "285": 159,
        "954": 159,
        "115": 158,
        "462": 158,
        "139": 158,
        "227": 157,
        "175": 157,
        "673": 156,
        "723": 156,
        "380": 154,
        "971": 154,
        "193": 153,
        "1299": 153,
        "1113": 153,
        "243": 153,
        "184": 152,
        "650": 152,
        "283": 152,
        "536": 152,
        "612": 151,
        "506": 149,
        "277": 149,
        "1434": 149,
        "1016": 148,
        "668": 147,
        "1037": 147,
        "141": 147,
        "1750": 146,
        "565": 145,
        "819": 144,
        "633": 143,
        "196": 143,
        "250": 142,
        "1105": 142,
        "323": 141,
        "222": 141,
        "144": 140,
        "716": 139,
        "1205": 139,
        "1118": 139,
        "743": 139,
        "2746": 138,
        "326": 137,
        "128": 137,
        "530": 137,
        "3241": 136,
        "660": 136,
        "1154": 136,
        "1178": 136,
        "578": 135,
        "371": 135,
        "171": 134,
        "289": 133,
        "622": 132,
        "266": 132,
        "428": 132,
        "322": 131,
        "3118": 130,
        "1376": 130,
        "153": 129,
        "407": 128,
        "607": 127,
        "551": 127,
        "953": 127,
        "896": 126,
        "2544": 126,
        "477": 126,
        "2305": 126,
        "603": 124,
        "220": 123,
        "1096": 122,
        "215": 121,
        "270": 121,
        "1159": 121,
        "265": 121,
        "195": 121,
        "142": 120,
        "217": 119,
        "547": 119,
        "163": 118,
        "1671": 118,
        "1365": 117,
        "524": 116,
        "466": 116,
        "200": 116,
        "2291": 115,
        "651": 115,
        "396": 114,
        "1518": 113,
        "902": 113,
        "1091": 112,
        "1442": 112,
        "225": 110,
        "410": 110,
        "447": 109,
        "4283": 109,
        "1393": 108,
        "339": 108,
        "411": 107,
        "136": 107,
        "352": 106,
        "709": 106,
        "301": 106,
        "629": 105,
        "264": 105,
        "338": 105,
        "206": 105,
        "917": 104,
        "485": 104,
        "719": 104,
        "1598": 102,
        "521": 102,
        "2348": 102,
        "613": 102,
        "296": 102,
        "616": 102,
        "263": 101,
        "868": 101,
        "207": 100,
        "160": 99,
        "1280": 99,
        "1561": 99,
        "239": 98,
        "325": 98,
        "500": 97,
        "1010": 97,
        "344": 97,
        "387": 96,
        "1331": 96,
        "177": 95,
        "208": 95,
        "761": 95,
        "516": 94,
        "593": 94,
        "235": 94,
        "892": 94,
        "791": 94,
        "653": 93,
        "314": 93,
        "179": 92,
        "740": 92,
        "269": 91,
        "898": 91,
        "409": 91,
        "185": 91,
        "1512": 91,
        "645": 91,
        "138": 91,
        "318": 91,
        "1310": 91,
        "345": 90,
        "454": 89,
        "475": 88,
        "797": 88,
        "1279": 88,
        "626": 87,
        "234": 86,
        "359": 86,
        "1052": 86,
        "862": 86,
        "419": 86,
        "1432": 85,
        "364": 85,
        "519": 85,
        "579": 85,
        "291": 85,
        "638": 85,
        "601": 84,
        "940": 84,
        "280": 83,
        "451": 83,
        "768": 83,
        "582": 82,
        "999": 81,
        "187": 81,
        "828": 81,
        "398": 81,
        "1447": 81,
        "320": 81,
        "852": 80,
        "309": 80,
        "415": 80,
        "232": 78,
        "382": 77,
        "440": 77,
        "1029": 76,
        "333": 76,
        "574": 76,
        "461": 76,
        "390": 76,
        "619": 75,
        "353": 74,
        "216": 73,
        "420": 73,
        "393": 73,
        "307": 72,
        "259": 71,
        "764": 71,
        "588": 71,
        "302": 71,
        "376": 70,
        "625": 70,
        "328": 69,
        "974": 69,
        "294": 68,
        "286": 67,
        "591": 67,
        "928": 67,
        "168": 67,
        "549": 65,
        "422": 65,
        "1088": 64,
        "203": 64,
        "358": 64,
        "327": 63,
        "404": 63,
        "495": 62,
        "438": 62,
        "620": 61,
        "367": 61,
        "313": 60,
        "229": 60,
        "1809": 60,
        "295": 59,
        "647": 58,
        "242": 58,
        "569": 58,
        "156": 57,
        "218": 57,
        "365": 56,
        "575": 55,
        "484": 55,
        "199": 55,
        "704": 54,
        "237": 53,
        "760": 52,
        "510": 52,
        "880": 52,
        "528": 51,
        "241": 51,
        "389": 50,
        "202": 49,
        "120": 47,
        "1824": 46,
        "182": 46,
        "15384": 46,
        "369": 45,
        "247": 43,
        "260": 43,
        "715": 42,
        "3385": 41,
        "947": 41,
        "907": 41,
        "1371": 41,
        "513": 41,
        "350": 40,
        "1875": 39,
        "713": 39,
        "455": 39,
        "5733": 39,
        "245": 39,
        "1864": 38,
        "687": 38,
        "223": 36,
        "293": 36,
        "386": 36,
        "511": 36,
        "397": 35,
        "537": 35,
        "12895": 35,
        "431": 34,
        "402": 34,
        "421": 34,
        "416": 34,
        "238": 33,
        "921": 33,
        "968": 32,
        "1143": 32,
        "430": 31,
        "246": 31,
        "614": 30,
        "894": 30,
        "228": 30,
        "385": 30,
        "858": 29,
        "399": 29,
        "248": 28,
        "523": 28,
        "424": 28,
        "1543": 27,
        "784": 27,
        "360": 27,
        "9835": 27,
        "268": 26,
        "2368": 26,
        "1427": 26,
        "319": 25,
        "267": 25,
        "403": 24,
        "379": 24,
        "453": 24,
        "501": 24,
        "191": 23,
        "349": 23,
        "2404": 23,
        "1959": 23,
        "2299": 23,
        "2785": 23,
        "368": 22,
        "2106": 22,
        "381": 22,
        "1520": 21,
        "1836": 21,
        "1209": 21,
        "4176": 21,
        "254": 21,
        "533": 21,
        "15190": 20,
        "529": 20,
        "1070": 20,
        "271": 20,
        "3992": 20,
        "478": 20,
        "460": 20,
        "299": 20,
        "303": 20,
        "1961": 19,
        "1811": 19,
        "610": 19,
        "458": 19,
        "1995": 19,
        "710": 19,
        "1167": 19,
        "3686": 19,
        "599": 19,
        "542": 19,
        "669": 19,
        "417": 18,
        "553": 18,
        "2529": 18,
        "2067": 18,
        "304": 18,
        "2978": 18,
        "5013": 18,
        "427": 18,
        "885": 18,
        "795": 18,
        "1494": 17,
        "292": 17,
        "336": 17,
        "952": 17,
        "437": 17,
        "581": 16,
        "3353": 16,
        "1095": 16,
        "1877": 16,
        "758": 16,
        "483": 16,
        "980": 16,
        "662": 16,
        "782": 15,
        "281": 15,
        "509": 15,
        "261": 15,
        "370": 15,
        "2392": 15,
        "587": 15,
        "847": 15,
        "1128": 15,
        "873": 15,
        "684": 15,
        "414": 15,
        "1004": 14,
        "1057": 14,
        "317": 14,
        "249": 14,
        "586": 14,
        "2373": 14,
        "1903": 14,
        "3559": 14,
        "308": 14,
        "1905": 14,
        "1149": 14,
        "741": 14,
        "230": 14,
        "278": 13,
        "1967": 13,
        "311": 13,
        "300": 13,
        "568": 13,
        "5078": 13,
        "1381": 13,
        "412": 13,
        "527": 13,
        "448": 13,
        "606": 13,
        "445": 13,
        "3768": 13,
        "771": 13,
        "388": 13,
        "2834": 13,
        "361": 13,
        "514": 13,
        "886": 13,
        "8539": 13,
        "1074": 13,
        "641": 13,
        "465": 13,
        "488": 13,
        "340": 13,
        "900": 13,
        "909": 13,
        "1397": 13,
        "1352": 12,
        "1111": 12,
        "274": 12,
        "3584": 12,
        "11168": 12,
        "23412": 12,
        "473": 12,
        "515": 12,
        "497": 12,
        "395": 12,
        "7632": 12,
        "1423": 12,
        "584": 11,
        "694": 11,
        "10924": 11,
        "544": 11,
        "347": 11,
        "1176": 11,
        "1226": 11,
        "12766": 11,
        "1865": 11,
        "459": 11,
        "2639": 11,
        "330": 11,
        "1230": 11,
        "836": 11,
        "343": 11,
        "2558": 11,
        "356": 11,
        "3033": 11,
        "2917": 11,
        "829": 11,
        "1674": 11,
        "17257": 11,
        "363": 11,
        "10676": 11,
        "714": 11,
        "337": 11,
        "1431": 11,
        "1369": 11,
        "780": 10,
        "661": 10,
        "1340": 10,
        "11897": 10,
        "1932": 10,
        "476": 10,
        "3847": 10,
        "391": 10,
        "657": 10,
        "1129": 10,
        "479": 10,
        "703": 10,
        "624": 10,
        "2082": 10,
        "807": 10,
        "535": 10,
        "609": 10,
        "6568": 9,
        "505": 9,
        "559": 9,
        "312": 9,
        "1584": 9,
        "905": 9,
        "546": 9,
        "2238": 9,
        "526": 9,
        "405": 9,
        "8482": 9,
        "306": 9,
        "15570": 9,
        "262": 9,
        "919": 9,
        "1012": 9,
        "1295": 9,
        "1458": 9,
        "12847": 9,
        "287": 9,
        "433": 8,
        "825": 8,
        "705": 8,
        "4160": 8,
        "753": 8,
        "648": 8,
        "16707": 8,
        "659": 8,
        "3923": 8,
        "534": 8,
        "2711": 8,
        "672": 8,
        "10452": 8,
        "490": 8,
        "1071": 8,
        "329": 8,
        "1148": 8,
        "520": 8,
        "1917": 8,
        "577": 8,
        "332": 8,
        "725": 8,
        "20762": 8,
        "1744": 8,
        "561": 8,
        "23863": 8,
        "11632": 8,
        "1292": 8,
        "2428": 8,
        "695": 7,
        "24293": 7,
        "1555": 7,
        "3924": 7,
        "702": 7,
        "2903": 7,
        "298": 7,
        "9283": 7,
        "1018": 7,
        "2069": 7,
        "2612": 7,
        "12233": 7,
        "493": 7,
        "3812": 7,
        "630": 7,
        "903": 7,
        "1467": 7,
        "1013": 7,
        "806": 7,
        "2287": 7,
        "731": 7,
        "3476": 7,
        "957": 7,
        "773": 7,
        "2684": 7,
        "1535": 7,
        "525": 7,
        "809": 7,
        "3931": 7,
        "1929": 7,
        "503": 7,
        "502": 7,
        "7465": 7,
        "2875": 7,
        "1476": 7,
        "618": 7,
        "1039": 7,
        "2191": 7,
        "351": 7,
        "1239": 6,
        "1342": 6,
        "3554": 6,
        "482": 6,
        "1713": 6,
        "794": 6,
        "632": 6,
        "504": 6,
        "4918": 6,
        "677": 6,
        "573": 6,
        "394": 6,
        "823": 6,
        "1363": 6,
        "366": 6,
        "2510": 6,
        "3208": 6,
        "964": 6,
        "562": 6,
        "3279": 6,
        "11461": 6,
        "683": 6,
        "726": 6,
        "2737": 6,
        "470": 6,
        "2827": 6,
        "595": 6,
        "471": 6,
        "776": 6,
        "770": 6,
        "3888": 6,
        "12744": 6,
        "346": 6,
        "845": 6,
        "1163": 5,
        "621": 5,
        "887": 5,
        "1101": 5,
        "9735": 5,
        "1305": 5,
        "2129": 5,
        "796": 5,
        "580": 5,
        "355": 5,
        "456": 5,
        "822": 5,
        "977": 5,
        "1912": 5,
        "934": 5,
        "3383": 5,
        "2009": 5,
        "555": 5,
        "401": 5,
        "272": 5,
        "2543": 5,
        "814": 5,
        "910": 5,
        "10406": 5,
        "1650": 5,
        "759": 5,
        "1210": 5,
        "754": 5,
        "992": 5,
        "1036": 5,
        "1480": 5,
        "1821": 5,
        "3628": 5,
        "374": 5,
        "3932": 5,
        "1028": 5,
        "432": 4,
        "354": 4,
        "499": 4,
        "9119": 4,
        "548": 4,
        "375": 4,
        "321": 4,
        "932": 4,
        "2683": 4,
        "2923": 4,
        "3758": 4,
        "1851": 4,
        "1189": 4,
        "3870": 4,
        "2144": 4,
        "2288": 4,
        "1244": 4,
        "850": 4,
        "1053": 4,
        "3144": 4,
        "1058": 4,
        "680": 4,
        "1468": 4,
        "539": 4,
        "772": 4,
        "817": 4,
        "2818": 4,
        "1360": 4,
        "951": 4,
        "1353": 4,
        "1136": 4,
        "2468": 4,
        "857": 4,
        "400": 4,
        "2086": 4,
        "9827": 4,
        "4236": 4,
        "1854": 4,
        "441": 4,
        "644": 4,
        "494": 4,
        "735": 4,
        "1022": 4,
        "617": 4,
        "1637": 4,
        "2627": 4,
        "5162": 4,
        "378": 4,
        "2586": 4,
        "7736": 4,
        "373": 4,
        "2258": 4,
        "4303": 4,
        "1644": 4,
        "1077": 4,
        "377": 4,
        "512": 4,
        "418": 4,
        "305": 4,
        "5482": 4,
        "2208": 4,
        "1466": 4,
        "2469": 4,
        "558": 4,
        "1151": 4,
        "815": 4,
        "1969": 4,
        "963": 4,
        "2690": 3,
        "315": 3,
        "434": 3,
        "959": 3,
        "21214": 3,
        "1169": 3,
        "464": 3,
        "628": 3,
        "1335": 3,
        "1250": 3,
        "1183": 3,
        "1429": 3,
        "1675": 3,
        "2234": 3,
        "3502": 3,
        "1589": 3,
        "7293": 3,
        "722": 3,
        "2621": 3,
        "541": 3,
        "1125": 3,
        "1184": 3,
        "518": 3,
        "6316": 3,
        "474": 3,
        "1741": 3,
        "563": 3,
        "990": 3,
        "738": 3,
        "1610": 3,
        "1817": 3,
        "1072": 3,
        "1479": 3,
        "1860": 3,
        "1696": 3,
        "2066": 3,
        "734": 3,
        "2967": 3,
        "2924": 3,
        "649": 3,
        "4727": 3,
        "7441": 3,
        "1144": 3,
        "1779": 3,
        "1290": 3,
        "1289": 3,
        "557": 3,
        "486": 3,
        "1119": 3,
        "4096": 3,
        "1372": 3,
        "1421": 3,
        "3450": 3,
        "2014": 3,
        "790": 3,
        "6186": 3,
        "4703": 3,
        "2134": 3,
        "911": 3,
        "3973": 3,
        "841": 3,
        "970": 3,
        "517": 3,
        "2591": 3,
        "1320": 3,
        "362": 3,
        "3066": 3,
        "11852": 3,
        "1482": 3,
        "4704": 3,
        "560": 3,
        "348": 2,
        "444": 2,
        "413": 2,
        "4069": 2,
        "1982": 2,
        "5103": 2,
        "2332": 2,
        "6063": 2,
        "893": 2,
        "480": 2,
        "9219": 2,
        "889": 2,
        "552": 2,
        "1764": 2,
        "2351": 2,
        "686": 2,
        "8745": 2,
        "406": 2,
        "6598": 2,
        "276": 2,
        "1380": 2,
        "567": 2,
        "1135": 2,
        "1042": 2,
        "585": 2,
        "688": 2,
        "5790": 2,
        "1547": 2,
        "2759": 2,
        "1043": 2,
        "20648": 2,
        "1975": 2,
        "4130": 2,
        "1879": 2,
        "1843": 2,
        "636": 2,
        "2267": 2,
        "1761": 2,
        "671": 2,
        "2796": 2,
        "1007": 2,
        "1192": 2,
        "5179": 2,
        "469": 2,
        "1215": 2,
        "611": 2,
        "10396": 2,
        "1777": 2,
        "1308": 2,
        "452": 2,
        "721": 2,
        "23080": 2,
        "707": 2,
        "2068": 2,
        "2854": 2,
        "571": 2,
        "1153": 2,
        "3165": 2,
        "1838": 2,
        "446": 2,
        "1197": 2,
        "834": 2,
        "2857": 2,
        "840": 2,
        "1595": 2,
        "1301": 2,
        "1090": 2,
        "443": 2,
        "755": 2,
        "7071": 2,
        "3343": 2,
        "697": 2,
        "685": 2,
        "871": 2,
        "670": 2,
        "3078": 2,
        "1277": 2,
        "2045": 2,
        "2581": 2,
        "1910": 2,
        "5573": 2,
        "972": 2,
        "1254": 2,
        "2317": 2,
        "1487": 2,
        "3900": 1,
        "6187": 1,
        "2599": 1,
        "1303": 1,
        "799": 1,
        "2874": 1,
        "1141": 1,
        "3572": 1,
        "631": 1,
        "2432": 1,
        "8144": 1,
        "2141": 1,
        "1001": 1,
        "1391": 1,
        "1025": 1,
        "7676": 1,
        "3391": 1,
        "6762": 1,
        "1692": 1,
        "1899": 1,
        "1395": 1,
        "2847": 1,
        "804": 1,
        "937": 1,
        "2359": 1,
        "665": 1,
        "1283": 1,
        "2125": 1,
        "496": 1,
        "1069": 1,
        "3030": 1,
        "712": 1,
        "5250": 1,
        "637": 1,
        "5735": 1,
        "915": 1,
        "1625": 1,
        "827": 1,
        "435": 1,
        "1613": 1,
        "1504": 1,
        "532": 1,
        "6486": 1,
        "288": 1,
        "2648": 1,
        "1392": 1,
        "877": 1,
        "324": 1,
        "875": 1,
        "3958": 1,
        "1056": 1,
        "757": 1,
        "1732": 1,
        "605": 1,
        "3326": 1,
        "1127": 1,
        "2399": 1,
        "3674": 1,
        "1695": 1,
        "2019": 1,
        "831": 1,
        "3283": 1,
        "674": 1,
        "1509": 1,
        "856": 1,
        "1000": 1,
        "728": 1,
        "481": 1,
        "4494": 1,
        "1258": 1,
        "450": 1,
        "3845": 1,
        "1387": 1,
        "4759": 1,
        "3265": 1,
        "334": 1,
        "472": 1,
        "3757": 1,
        "1132": 1,
        "879": 1,
        "1173": 1,
        "988": 1,
        "2883": 1,
        "2994": 1,
        "935": 1,
        "6034": 1,
        "1322": 1,
        "667": 1,
        "1574": 1,
        "2328": 1,
        "922": 1,
        "2120": 1,
        "978": 1,
        "779": 1,
        "1689": 1,
        "789": 1,
        "2931": 1,
        "1164": 1,
        "750": 1,
        "1537": 1,
        "2143": 1,
        "5984": 1,
        "615": 1,
        "10134": 1,
        "1035": 1,
        "737": 1,
        "7197": 1,
        "811": 1,
        "832": 1,
        "5416": 1,
        "2003": 1,
        "6491": 1,
        "2485": 1,
        "1539": 1,
        "2631": 1,
        "2936": 1,
        "1243": 1,
        "5640": 1,
        "2808": 1,
        "3799": 1,
        "2311": 1,
        "818": 1,
        "2783": 1,
        "855": 1,
        "2542": 1,
        "1235": 1,
        "838": 1,
        "426": 1,
        "3393": 1,
        "1157": 1,
        "1888": 1,
        "590": 1,
        "1123": 1,
        "808": 1,
        "12740": 1,
        "1329": 1,
        "781": 1,
        "1868": 1,
        "3618": 1,
        "1285": 1,
        "1491": 1,
        "425": 1,
        "732": 1,
        "4008": 1,
        "786": 1,
        "3660": 1,
        "3284": 1,
        "1577": 1,
        "863": 1,
        "924": 1,
        "870": 1,
        "1586": 1,
        "1256": 1,
        "2840": 1,
        "17740": 1,
        "2396": 1,
        "6221": 1,
        "5612": 1,
        "1850": 1,
        "383": 1,
        "2933": 1,
        "744": 1,
        "965": 1,
        "1604": 1,
        "1245": 1,
        "583": 1,
        "10627": 1,
        "658": 1,
        "15014": 1,
        "1046": 1,
        "640": 1,
        "5148": 1,
        "2108": 1,
        "2337": 1,
        "860": 1,
        "2389": 1,
        "1450": 1,
        "1253": 1,
        "13146": 1,
        "1700": 1
    },
    "nrows": 229907
}