{
    "column_id": "Accidents/Accidents.csvAccidents.csv/alkotest",
    "dataset_name": "Accidents.csv",
    "dataset_id": "Accidents/Accidents.csv",
    "path": "/home/ubuntu/CatDB/Experiments/data/Accidents/Accidents.csv",
    "table_name": "Accidents.csv",
    "table_id": "Accidents/Accidents.csvAccidents.csv",
    "column_name": "alkotest",
    "data_source": "Accidents",
    "data_type": "float",
    "total_values_count": 954036,
    "distinct_values_count": 436,
    "missing_values_count": 409980,
    "true_ratio": null,
    "min_value": 0.0,
    "max_value": 9.83,
    "mean": 0.1154671577925809,
    "median": 0.0,
    "iqr": 0.0,
    "category_values": [
        0.11,
        0.0,
        0.94,
        0.86,
        0.69,
        0.61,
        1.0,
        0.3,
        1.45,
        0.05,
        1.25,
        1.52,
        1.05,
        1.9,
        1.21,
        1.26,
        1.61,
        0.4,
        0.1,
        2.19,
        1.12,
        2.22,
        0.88,
        1.35,
        0.39,
        0.18,
        0.95,
        0.5,
        0.25,
        0.93,
        1.71,
        1.2,
        0.91,
        0.31,
        0.67,
        1.68,
        0.34,
        0.08,
        1.01,
        0.89,
        0.13,
        1.24,
        0.12,
        1.1,
        0.16,
        1.5,
        0.14,
        2.6,
        1.47,
        1.92,
        1.67,
        1.87,
        0.6,
        0.92,
        1.86,
        1.39,
        2.29,
        1.81,
        0.21,
        1.7,
        1.8,
        0.45,
        0.8,
        2.24,
        0.48,
        1.48,
        3.09,
        1.91,
        2.37,
        1.57,
        1.28,
        2.1,
        0.72,
        0.07,
        1.06,
        1.64,
        1.09,
        1.62,
        2.06,
        2.87,
        2.33,
        2.51,
        0.42,
        0.64,
        2.04,
        1.07,
        0.19,
        1.34,
        0.46,
        0.9,
        2.5,
        0.79,
        1.27,
        0.81,
        2.49,
        1.6,
        0.17,
        1.72,
        0.51,
        1.29,
        0.97,
        1.55,
        2.2,
        0.02,
        0.01,
        1.08,
        0.7,
        0.28,
        2.05,
        1.63,
        1.54,
        1.76,
        0.55,
        1.95,
        1.66,
        0.68,
        1.4,
        3.39,
        2.69,
        0.35,
        1.56,
        1.11,
        1.82,
        1.88,
        0.58,
        1.38,
        0.22,
        0.2,
        1.93,
        1.3,
        2.23,
        2.28,
        1.31,
        1.03,
        1.32,
        1.65,
        2.8,
        3.41,
        2.75,
        1.15,
        2.56,
        0.57,
        1.19,
        0.38,
        0.09,
        1.73,
        1.14,
        0.65,
        2.07,
        2.82,
        2.57,
        1.69,
        2.01,
        1.78,
        0.63,
        2.39,
        0.56,
        0.59,
        2.0,
        1.22,
        0.76,
        0.49,
        2.43,
        1.02,
        2.16,
        0.41,
        0.27,
        2.55,
        0.54,
        1.53,
        0.43,
        1.97,
        1.84,
        1.04,
        2.7,
        2.02,
        0.36,
        2.15,
        1.75,
        0.87,
        1.79,
        0.82,
        0.96,
        0.74,
        2.31,
        0.71,
        3.2,
        1.36,
        2.38,
        1.74,
        2.42,
        2.41,
        2.4,
        1.16,
        1.58,
        1.41,
        2.35,
        2.45,
        3.4,
        2.3,
        0.47,
        0.66,
        1.59,
        2.12,
        1.33,
        1.89,
        0.85,
        1.49,
        1.42,
        2.13,
        2.27,
        2.18,
        0.06,
        0.98,
        1.51,
        1.96,
        3.07,
        2.66,
        2.08,
        2.26,
        4.1,
        2.32,
        0.15,
        2.72,
        1.43,
        1.18,
        0.24,
        1.83,
        2.11,
        2.92,
        2.95,
        3.58,
        3.13,
        2.47,
        2.81,
        1.94,
        2.62,
        0.83,
        2.86,
        2.99,
        1.37,
        1.44,
        0.77,
        0.53,
        0.26,
        2.03,
        2.79,
        0.52,
        0.78,
        2.89,
        2.74,
        2.59,
        0.23,
        2.58,
        1.23,
        2.14,
        0.03,
        2.9,
        3.34,
        2.25,
        0.84,
        3.9,
        0.62,
        1.99,
        0.33,
        2.76,
        0.99,
        1.46,
        1.17,
        3.0,
        4.3,
        2.78,
        0.44,
        3.17,
        2.09,
        1.98,
        3.33,
        2.36,
        3.3,
        1.85,
        0.29,
        3.04,
        2.97,
        2.46,
        3.1,
        0.32,
        0.37,
        3.8,
        1.77,
        2.17,
        2.44,
        0.75,
        2.21,
        1.13,
        4.4,
        3.29,
        3.59,
        2.71,
        2.96,
        0.73,
        3.06,
        3.27,
        3.5,
        2.65,
        4.27,
        0.04,
        3.49,
        2.48,
        4.2,
        2.77,
        2.84,
        3.46,
        3.89,
        2.54,
        2.61,
        3.94,
        2.67,
        3.25,
        3.01,
        2.34,
        2.88,
        2.73,
        2.85,
        2.63,
        3.14,
        3.19,
        2.52,
        3.56,
        2.53,
        2.94,
        7.0,
        3.32,
        2.83,
        3.57,
        3.15,
        3.22,
        3.67,
        3.42,
        3.02,
        4.0,
        4.57,
        2.93,
        3.72,
        2.68,
        3.71,
        3.35,
        3.16,
        3.52,
        3.65,
        3.03,
        2.91,
        3.23,
        2.64,
        3.05,
        3.24,
        3.7,
        3.08,
        3.21,
        3.31,
        3.28,
        4.04,
        3.54,
        3.26,
        3.36,
        3.61,
        3.53,
        4.9,
        3.11,
        4.01,
        3.44,
        3.47,
        3.63,
        4.68,
        3.43,
        4.16,
        3.75,
        3.92,
        3.68,
        3.6,
        3.48,
        3.77,
        6.0,
        3.45,
        3.51,
        9.0,
        3.64,
        3.12,
        2.98,
        3.38,
        3.85,
        3.66,
        3.37,
        3.97,
        4.33,
        4.19,
        4.51,
        4.5,
        3.18,
        4.39,
        3.86,
        3.74,
        3.84,
        3.62,
        3.83,
        4.35,
        4.05,
        3.87,
        4.23,
        4.36,
        3.91,
        4.17,
        3.81,
        3.73,
        3.88,
        4.14,
        3.93,
        3.55,
        4.29,
        4.15,
        4.03,
        3.78,
        3.76,
        9.83,
        4.12,
        3.82,
        3.69,
        4.28,
        5.18,
        3.79,
        4.56,
        3.95,
        4.44,
        4.37,
        3.96,
        9.02,
        3.99
    ],
    "embedding": [
        -0.06987776607275009,
        -0.11860891431570053,
        0.1405148208141327,
        0.0013874142896384,
        0.039505936205387115,
        0.10319621860980988,
        0.0866423174738884,
        0.2119629830121994,
        0.22583210468292236,
        0.16380193829536438,
        -0.15907888114452362,
        0.008249614387750626,
        0.06429100036621094,
        -0.19525772333145142,
        0.05558077618479729,
        -0.15220852196216583,
        0.18093106150627136,
        0.15853950381278992,
        0.06520209461450577,
        -0.027348868548870087,
        0.07188699394464493,
        -0.10497210174798965,
        0.0824330523610115,
        0.15977126359939575,
        -0.09672088176012039,
        -0.1290452629327774,
        -0.10436639189720154,
        -0.15780198574066162,
        0.12032192200422287,
        -0.26063984632492065,
        -0.12492523342370987,
        -0.03462924063205719,
        0.020943135023117065,
        -0.1706015169620514,
        0.18156659603118896,
        0.1213885024189949,
        0.04484833776950836,
        -0.09962539374828339,
        -0.015737712383270264,
        0.020538795739412308,
        -0.193049818277359,
        0.059069614857435226,
        -0.08411379903554916,
        0.0073475525714457035,
        -0.1373721808195114,
        0.1491229236125946,
        -0.11489611119031906,
        -0.031073542311787605,
        0.11573826521635056,
        0.10198625922203064,
        -0.03804628551006317,
        -0.14500270783901215,
        0.12714314460754395,
        -0.048968538641929626,
        0.03939242660999298,
        -0.070390485227108,
        0.032542794942855835,
        0.13991020619869232,
        -0.07790397107601166,
        -0.0897921547293663,
        0.10936856269836426,
        0.05055377259850502,
        -0.026384223252534866,
        -0.018729954957962036,
        -0.05726991221308708,
        -0.18338742852210999,
        0.26377809047698975,
        0.20592975616455078,
        -0.13277855515480042,
        -0.14582499861717224,
        0.10987188667058945,
        0.05039327219128609,
        -0.1697450578212738,
        0.1897912174463272,
        -0.09939637035131454,
        -0.027699843049049377,
        0.1588350534439087,
        0.0132057573646307,
        0.08592898398637772,
        0.03821282833814621,
        -0.020937347784638405,
        0.012098767794668674,
        -0.014181380160152912,
        0.13542470335960388,
        -0.025842905044555664,
        0.04524446278810501,
        0.0070173488929867744,
        -0.21131275594234467,
        0.1929524540901184,
        0.13349410891532898,
        -0.052760906517505646,
        0.006406740285456181,
        0.10980774462223053,
        0.12244457751512527,
        -0.03517588973045349,
        -0.02631082572042942,
        0.004144791979342699,
        -0.07467205822467804,
        -0.036206815391778946,
        -0.13496077060699463,
        0.04406646639108658,
        0.13894379138946533,
        0.024145686998963356,
        -0.03785809129476547,
        -0.10730905830860138,
        0.028418561443686485,
        -0.021787386387586594,
        0.09610087424516678,
        0.04291949048638344,
        -0.049483414739370346,
        -0.16317623853683472,
        0.1929740309715271,
        0.04661135375499725,
        -0.007880568504333496,
        -0.12710870802402496,
        -0.07674461603164673,
        0.033118005841970444,
        0.0629749447107315,
        0.02822958119213581,
        -0.046083953231573105,
        0.06670213490724564,
        0.1632782518863678,
        0.14219550788402557,
        -0.006080151069909334,
        -0.034937936812639236,
        0.08079329878091812,
        0.10700729489326477,
        0.05672641098499298,
        0.027335820719599724,
        -0.17283831536769867,
        0.08948197215795517,
        -0.015339751727879047,
        -0.03181925788521767,
        -0.05567701905965805,
        -0.05756514146924019,
        -0.051061585545539856,
        0.08154141902923584,
        0.03842425346374512,
        -0.16491468250751495,
        0.07226458191871643,
        0.06730783730745316,
        -0.0627576932311058,
        0.09148679673671722,
        -0.13556629419326782,
        -0.15989521145820618,
        -6.907028728164732e-05,
        -0.048477765172719955,
        0.08347953855991364,
        0.22076013684272766,
        -0.09206993132829666,
        0.12551426887512207,
        -0.17971792817115784,
        -0.17403636872768402,
        0.17376944422721863,
        -0.036350034177303314,
        -0.10958543419837952,
        -0.08557143062353134,
        -0.01962912082672119,
        0.07934428751468658,
        -0.1605464369058609,
        -0.053817667067050934,
        0.04840559884905815,
        -0.021013310179114342,
        0.0045958929695189,
        -0.01014287956058979,
        -0.057013001292943954,
        -0.045819152146577835,
        0.13309268653392792,
        0.04783688113093376,
        0.07120674848556519,
        -0.02280512824654579,
        0.020204491913318634,
        -0.23822297155857086,
        0.1534327268600464,
        -0.03890039399266243,
        0.017476441338658333,
        -0.20271281898021698,
        -0.007266176398843527,
        -0.012883905321359634,
        0.05728667601943016,
        0.11585557460784912,
        -0.12089082598686218,
        0.047889839857816696,
        -0.04386274889111519,
        -0.07557664066553116,
        -0.03210264444351196,
        -0.15170954167842865,
        -0.08217327296733856,
        -0.03505384922027588,
        0.002249668352305889,
        0.11498504877090454,
        -0.005902822595089674,
        -0.07214382290840149,
        -0.1105639711022377,
        -0.032849814742803574,
        -0.031755562871694565,
        -0.06849835813045502,
        0.010179164819419384,
        0.19006997346878052,
        0.1671023815870285,
        0.17732182145118713,
        -0.028480693697929382,
        -0.02763562649488449,
        0.1469278484582901,
        -0.02880793996155262,
        0.09334753453731537,
        0.05723324790596962,
        0.03741617128252983,
        0.025639744475483894,
        -0.1388600766658783,
        0.06584873050451279,
        -0.012052149511873722,
        0.17375320196151733,
        0.10228140652179718,
        -0.1754220426082611,
        0.05145467072725296,
        -0.17959380149841309,
        0.26770710945129395,
        0.01172216422855854,
        -0.04302235692739487,
        0.19052979350090027,
        -0.15774665772914886,
        0.11706089973449707,
        0.00742005230858922,
        0.1346604824066162,
        -0.0049773212522268295,
        -0.06588568538427353,
        -0.20468148589134216,
        0.02127234824001789,
        0.05815620347857475,
        0.13814429938793182,
        0.023482341319322586,
        -0.03255772963166237,
        0.03566374257206917,
        -0.03741506487131119,
        0.07461349666118622,
        0.002340855775400996,
        0.06266846507787704,
        0.012520191259682178,
        -0.07502143830060959,
        0.16220508515834808,
        -0.18775725364685059,
        0.03011319600045681,
        -0.08238362520933151,
        -0.028652090579271317,
        0.16902081668376923,
        0.06294560432434082,
        0.026926269754767418,
        -0.01282449346035719,
        0.1368124634027481,
        0.07185126841068268,
        -0.19494816660881042,
        -0.016183942556381226,
        0.0995529517531395,
        0.06662929803133011,
        0.1799951195716858,
        0.12102960050106049,
        -0.016287442296743393,
        0.14364677667617798,
        0.03669840097427368,
        0.03614696487784386,
        0.02325110137462616,
        -0.019818942993879318,
        0.09763263165950775,
        -0.11311934143304825,
        -0.01029606070369482,
        0.02389032207429409,
        -0.16641610860824585,
        -0.03180277347564697,
        0.09333974868059158,
        -0.04401341825723648,
        -0.020314570516347885,
        0.0036164128687232733,
        0.02629859745502472,
        -0.27186331152915955,
        0.08218483626842499,
        -0.034289710223674774,
        0.10474759340286255,
        0.005758985877037048,
        -0.02439276874065399,
        -0.003428228199481964,
        0.13237597048282623,
        0.16230468451976776,
        0.09255772829055786,
        0.12112538516521454,
        0.27123889327049255,
        0.17534150183200836,
        0.17920231819152832,
        -0.007210042327642441,
        -0.00940577033907175,
        0.13315945863723755,
        0.19817860424518585,
        -0.027799222618341446,
        -0.11593659222126007,
        -0.028375670313835144,
        -0.01782052405178547,
        0.028943877667188644,
        0.12578199803829193,
        -0.13716427981853485,
        -0.0297970212996006
    ],
    "embedding_scaling_factor": 0.07694533467292786,
    "samples": [
        0.0,
        0.0,
        0.0,
        0.0,
        0.0,
        0.86,
        0.0,
        0.0,
        0.0,
        0.0,
        0.78,
        0.0,
        0.5,
        0.0,
        0.0,
        0.0,
        0.0,
        0.0,
        0.42,
        0.0,
        0.0,
        0.0,
        0.95,
        0.0,
        0.0,
        0.0,
        0.0,
        0.0,
        0.0,
        0.0,
        0.0,
        2.51,
        0.0,
        0.0,
        0.37,
        0.0,
        0.0,
        1.11,
        0.0,
        0.0,
        0.0,
        0.0,
        1.25,
        0.0,
        0.0,
        0.05,
        0.0,
        0.0,
        0.0,
        1.41,
        0.0,
        0.0,
        0.31,
        0.0,
        0.0,
        0.0,
        0.0,
        0.0
    ],
    "category_values_ratio": {
        "0.0": 487343,
        "0.05": 681,
        "0.06": 621,
        "0.08": 602,
        "0.07": 574,
        "0.1": 557,
        "0.12": 511,
        "0.09": 507,
        "0.11": 495,
        "0.13": 476,
        "0.15": 441,
        "0.14": 428,
        "0.18": 405,
        "0.16": 392,
        "0.21": 390,
        "0.17": 382,
        "0.19": 370,
        "0.23": 344,
        "0.25": 331,
        "0.22": 326,
        "0.28": 314,
        "0.24": 313,
        "0.45": 308,
        "0.42": 303,
        "0.27": 301,
        "0.46": 300,
        "0.41": 299,
        "0.26": 299,
        "0.47": 290,
        "0.48": 287,
        "0.35": 286,
        "0.2": 285,
        "0.38": 276,
        "0.74": 276,
        "0.03": 274,
        "0.33": 272,
        "0.43": 271,
        "0.49": 270,
        "0.95": 268,
        "0.31": 265,
        "0.34": 264,
        "0.92": 264,
        "0.39": 261,
        "0.94": 260,
        "0.37": 259,
        "1.0": 259,
        "0.29": 258,
        "0.44": 256,
        "0.04": 254,
        "0.55": 253,
        "0.51": 253,
        "0.91": 253,
        "0.86": 253,
        "0.36": 252,
        "0.75": 252,
        "0.71": 252,
        "0.3": 251,
        "0.69": 250,
        "0.56": 250,
        "0.93": 245,
        "0.32": 245,
        "0.85": 245,
        "0.57": 244,
        "0.89": 243,
        "0.76": 242,
        "0.61": 240,
        "0.72": 240,
        "0.68": 238,
        "0.99": 238,
        "0.53": 237,
        "0.52": 237,
        "0.88": 236,
        "0.66": 235,
        "1.1": 233,
        "0.83": 233,
        "1.45": 232,
        "0.58": 232,
        "0.77": 229,
        "1.03": 229,
        "1.05": 229,
        "1.02": 229,
        "0.81": 228,
        "0.87": 228,
        "0.67": 228,
        "0.65": 228,
        "0.73": 228,
        "0.79": 227,
        "1.04": 226,
        "0.62": 225,
        "0.78": 224,
        "1.3": 224,
        "0.64": 224,
        "1.47": 224,
        "1.83": 223,
        "1.01": 223,
        "0.63": 223,
        "1.86": 223,
        "1.41": 222,
        "1.48": 222,
        "0.96": 221,
        "0.54": 221,
        "0.59": 221,
        "1.65": 220,
        "1.5": 220,
        "1.54": 218,
        "0.84": 217,
        "1.36": 217,
        "1.61": 216,
        "1.32": 214,
        "1.22": 214,
        "1.75": 212,
        "1.07": 212,
        "1.4": 211,
        "1.28": 211,
        "1.82": 210,
        "0.7": 210,
        "1.51": 208,
        "0.82": 208,
        "1.31": 207,
        "1.09": 207,
        "1.88": 206,
        "1.85": 205,
        "0.9": 205,
        "1.76": 204,
        "1.11": 204,
        "1.49": 204,
        "1.84": 204,
        "1.37": 203,
        "0.8": 203,
        "1.17": 203,
        "1.46": 202,
        "1.27": 201,
        "1.14": 199,
        "0.97": 199,
        "0.98": 198,
        "1.12": 198,
        "1.08": 198,
        "1.15": 198,
        "1.63": 198,
        "1.55": 197,
        "0.5": 196,
        "1.56": 195,
        "1.7": 195,
        "1.18": 195,
        "1.29": 195,
        "1.16": 195,
        "1.67": 193,
        "1.69": 193,
        "1.57": 192,
        "1.2": 192,
        "0.4": 192,
        "1.73": 192,
        "1.87": 192,
        "1.21": 192,
        "1.81": 192,
        "1.52": 192,
        "1.6": 191,
        "1.39": 190,
        "1.38": 189,
        "1.23": 189,
        "1.68": 188,
        "1.74": 188,
        "0.01": 188,
        "1.26": 188,
        "1.59": 187,
        "1.35": 187,
        "1.78": 186,
        "1.25": 186,
        "1.8": 186,
        "1.53": 186,
        "1.66": 186,
        "1.19": 186,
        "1.44": 185,
        "1.77": 184,
        "1.42": 184,
        "1.24": 184,
        "0.6": 184,
        "1.64": 182,
        "1.34": 182,
        "1.62": 182,
        "1.33": 181,
        "0.02": 178,
        "1.89": 174,
        "1.13": 174,
        "1.43": 173,
        "1.06": 173,
        "1.71": 171,
        "1.58": 171,
        "1.98": 168,
        "2.02": 164,
        "1.97": 164,
        "1.99": 164,
        "2.03": 162,
        "1.79": 161,
        "1.91": 158,
        "2.05": 156,
        "1.72": 155,
        "2.08": 154,
        "1.92": 154,
        "1.93": 153,
        "1.94": 152,
        "2.12": 150,
        "1.9": 149,
        "2.1": 146,
        "1.96": 142,
        "2.06": 134,
        "2.0": 131,
        "2.01": 131,
        "2.11": 130,
        "2.04": 129,
        "2.31": 124,
        "2.09": 123,
        "1.95": 123,
        "2.07": 120,
        "2.13": 119,
        "2.16": 117,
        "2.15": 116,
        "2.14": 115,
        "2.29": 113,
        "2.25": 113,
        "2.19": 111,
        "2.17": 110,
        "2.28": 109,
        "2.21": 109,
        "2.18": 108,
        "2.34": 108,
        "2.2": 104,
        "2.23": 102,
        "2.35": 99,
        "2.24": 94,
        "2.45": 93,
        "2.44": 92,
        "2.26": 89,
        "2.3": 87,
        "2.37": 87,
        "2.46": 87,
        "2.32": 87,
        "2.22": 87,
        "2.27": 86,
        "2.33": 86,
        "2.43": 85,
        "2.4": 85,
        "2.48": 82,
        "2.5": 81,
        "2.42": 79,
        "2.39": 76,
        "2.36": 76,
        "2.49": 75,
        "2.41": 75,
        "2.47": 74,
        "2.54": 71,
        "2.38": 69,
        "2.58": 68,
        "2.63": 65,
        "2.62": 65,
        "2.64": 65,
        "2.52": 64,
        "2.51": 62,
        "2.59": 61,
        "2.55": 61,
        "2.6": 60,
        "2.65": 59,
        "2.57": 54,
        "2.61": 53,
        "2.68": 52,
        "2.71": 52,
        "2.56": 52,
        "2.75": 51,
        "2.53": 50,
        "2.66": 50,
        "2.86": 49,
        "2.74": 49,
        "2.85": 48,
        "2.8": 48,
        "2.79": 46,
        "2.76": 45,
        "2.81": 44,
        "2.67": 43,
        "2.77": 43,
        "2.7": 43,
        "2.72": 43,
        "3.0": 42,
        "2.73": 42,
        "2.69": 42,
        "2.83": 41,
        "2.84": 38,
        "2.88": 37,
        "2.82": 37,
        "2.89": 36,
        "2.78": 36,
        "2.9": 35,
        "2.87": 31,
        "2.93": 30,
        "2.92": 30,
        "3.09": 29,
        "2.94": 28,
        "3.07": 28,
        "3.02": 27,
        "3.01": 27,
        "3.03": 25,
        "2.97": 25,
        "2.98": 25,
        "2.95": 25,
        "2.91": 25,
        "3.04": 24,
        "3.13": 23,
        "3.2": 23,
        "2.96": 22,
        "3.26": 20,
        "3.06": 20,
        "3.1": 20,
        "3.18": 19,
        "3.16": 19,
        "3.15": 18,
        "2.99": 18,
        "3.28": 17,
        "3.11": 17,
        "3.33": 17,
        "3.08": 17,
        "3.27": 16,
        "3.17": 16,
        "3.22": 16,
        "3.29": 15,
        "3.05": 14,
        "3.4": 14,
        "3.36": 13,
        "3.12": 13,
        "3.34": 12,
        "3.25": 12,
        "3.24": 12,
        "3.21": 12,
        "3.14": 11,
        "3.59": 11,
        "3.41": 11,
        "3.5": 11,
        "3.19": 11,
        "3.57": 11,
        "3.3": 11,
        "3.58": 10,
        "3.35": 10,
        "3.61": 9,
        "3.39": 9,
        "3.23": 9,
        "3.48": 8,
        "3.44": 8,
        "3.42": 8,
        "3.52": 8,
        "3.45": 8,
        "3.8": 8,
        "3.51": 7,
        "3.89": 7,
        "3.56": 7,
        "3.71": 7,
        "4.1": 7,
        "3.53": 7,
        "4.4": 7,
        "3.43": 7,
        "3.69": 6,
        "3.65": 6,
        "3.92": 6,
        "3.38": 6,
        "3.47": 6,
        "3.46": 6,
        "3.32": 6,
        "3.64": 6,
        "3.54": 5,
        "3.77": 5,
        "3.67": 5,
        "3.49": 5,
        "3.37": 5,
        "3.9": 4,
        "3.6": 4,
        "3.31": 4,
        "4.2": 4,
        "3.62": 4,
        "4.04": 4,
        "3.76": 4,
        "4.3": 3,
        "3.7": 3,
        "3.72": 3,
        "3.94": 3,
        "3.63": 3,
        "4.16": 3,
        "3.84": 3,
        "3.74": 3,
        "3.88": 3,
        "3.81": 3,
        "3.86": 3,
        "3.78": 3,
        "3.83": 3,
        "4.03": 2,
        "3.97": 2,
        "3.66": 2,
        "3.85": 2,
        "4.68": 2,
        "3.68": 2,
        "4.39": 2,
        "3.75": 2,
        "4.27": 2,
        "4.57": 2,
        "3.73": 2,
        "4.14": 2,
        "3.93": 2,
        "3.55": 2,
        "3.82": 2,
        "9.0": 2,
        "4.17": 1,
        "4.01": 1,
        "6.0": 1,
        "4.33": 1,
        "4.19": 1,
        "4.5": 1,
        "3.87": 1,
        "4.35": 1,
        "4.05": 1,
        "4.23": 1,
        "4.36": 1,
        "3.91": 1,
        "4.0": 1,
        "4.9": 1,
        "4.37": 1,
        "4.51": 1,
        "4.29": 1,
        "7.0": 1,
        "3.96": 1,
        "4.44": 1,
        "5.18": 1,
        "4.28": 1,
        "3.79": 1,
        "4.56": 1,
        "4.12": 1,
        "9.83": 1,
        "9.02": 1,
        "4.15": 1,
        "3.95": 1,
        "3.99": 1
    },
    "nrows": 954036
}