{
    "column_id": "Accidents/Accidents.csvAccidents.csv/strokovni_pregled",
    "dataset_name": "Accidents.csv",
    "dataset_id": "Accidents/Accidents.csv",
    "path": "/home/ubuntu/CatDB/Experiments/data/Accidents/Accidents.csv",
    "table_name": "Accidents.csv",
    "table_id": "Accidents/Accidents.csvAccidents.csv",
    "column_name": "strokovni_pregled",
    "data_source": "Accidents",
    "data_type": "float",
    "total_values_count": 954036,
    "distinct_values_count": 383,
    "missing_values_count": 407796,
    "true_ratio": null,
    "min_value": 0.0,
    "max_value": 9.1,
    "mean": 0.03531500805506776,
    "median": 0.0,
    "iqr": 0.0,
    "category_values": [
        0.08,
        0.0,
        0.04,
        1.54,
        2.49,
        1.07,
        0.45,
        0.9,
        0.87,
        0.01,
        0.02,
        0.75,
        0.62,
        1.25,
        1.27,
        2.54,
        1.17,
        3.18,
        1.65,
        0.1,
        0.55,
        0.86,
        0.05,
        2.46,
        0.28,
        1.66,
        0.66,
        1.43,
        1.63,
        0.38,
        2.06,
        2.11,
        2.22,
        2.63,
        0.03,
        0.78,
        2.84,
        2.24,
        2.23,
        2.18,
        0.3,
        2.61,
        1.72,
        1.61,
        0.06,
        1.0,
        1.19,
        3.16,
        1.93,
        2.44,
        1.69,
        2.83,
        1.67,
        0.34,
        0.09,
        2.25,
        0.61,
        0.94,
        1.59,
        1.39,
        2.0,
        0.63,
        1.56,
        1.79,
        0.99,
        1.64,
        0.43,
        2.08,
        2.38,
        0.11,
        1.28,
        1.13,
        1.55,
        0.52,
        1.76,
        1.14,
        0.32,
        2.29,
        1.21,
        2.36,
        0.07,
        1.94,
        1.41,
        1.26,
        0.98,
        1.3,
        2.7,
        1.58,
        1.48,
        2.55,
        2.4,
        0.13,
        1.38,
        1.34,
        0.95,
        1.78,
        1.02,
        2.68,
        0.4,
        2.1,
        1.99,
        1.53,
        1.36,
        1.84,
        1.62,
        0.24,
        1.88,
        2.2,
        2.94,
        1.71,
        2.47,
        3.6,
        2.19,
        1.04,
        0.76,
        0.58,
        2.05,
        3.03,
        1.16,
        0.51,
        1.23,
        1.75,
        1.49,
        0.82,
        1.96,
        2.09,
        0.21,
        2.45,
        2.35,
        2.74,
        0.7,
        1.57,
        3.08,
        2.89,
        1.95,
        2.3,
        1.4,
        2.16,
        0.69,
        2.27,
        1.98,
        2.66,
        0.17,
        2.42,
        1.42,
        1.86,
        1.85,
        1.77,
        1.7,
        2.14,
        1.68,
        0.36,
        2.15,
        2.57,
        2.86,
        2.32,
        0.85,
        0.5,
        1.32,
        1.5,
        1.31,
        1.92,
        2.17,
        0.42,
        3.07,
        0.97,
        0.16,
        1.6,
        0.71,
        1.97,
        0.48,
        0.18,
        2.03,
        2.58,
        0.8,
        1.44,
        2.64,
        0.68,
        1.01,
        2.53,
        2.5,
        0.31,
        0.53,
        2.28,
        2.41,
        0.12,
        2.12,
        1.9,
        2.21,
        1.15,
        2.37,
        1.11,
        0.84,
        1.06,
        1.09,
        2.85,
        1.82,
        0.79,
        0.37,
        0.72,
        0.83,
        0.67,
        2.78,
        0.54,
        1.22,
        2.13,
        2.02,
        0.96,
        1.37,
        1.2,
        2.88,
        1.47,
        1.8,
        1.35,
        1.08,
        1.33,
        1.73,
        2.8,
        2.62,
        0.89,
        0.35,
        3.65,
        2.6,
        2.43,
        1.74,
        1.05,
        0.93,
        0.26,
        0.56,
        3.25,
        0.77,
        2.72,
        0.15,
        0.39,
        2.07,
        1.1,
        1.12,
        1.81,
        0.33,
        2.01,
        0.2,
        1.51,
        0.14,
        2.56,
        2.73,
        2.31,
        0.81,
        2.91,
        1.18,
        2.69,
        2.04,
        1.83,
        2.98,
        0.88,
        0.6,
        0.65,
        1.24,
        0.25,
        3.04,
        1.45,
        1.29,
        0.41,
        2.75,
        3.22,
        0.74,
        1.89,
        1.52,
        2.93,
        2.48,
        1.91,
        3.0,
        0.29,
        1.87,
        2.96,
        3.67,
        1.46,
        3.31,
        1.03,
        2.51,
        3.35,
        2.67,
        3.02,
        2.59,
        0.47,
        0.91,
        3.05,
        0.27,
        0.44,
        2.81,
        2.33,
        0.49,
        0.22,
        0.73,
        3.19,
        0.23,
        2.77,
        3.95,
        0.59,
        2.82,
        0.64,
        0.92,
        2.95,
        2.26,
        0.19,
        3.62,
        2.9,
        3.55,
        0.46,
        3.34,
        2.34,
        2.39,
        3.32,
        2.65,
        3.09,
        3.41,
        3.51,
        3.68,
        3.01,
        3.52,
        3.23,
        2.92,
        3.21,
        2.52,
        3.37,
        0.57,
        3.38,
        2.87,
        3.46,
        2.71,
        3.5,
        3.06,
        3.59,
        3.87,
        3.17,
        3.78,
        3.61,
        2.76,
        3.39,
        2.79,
        3.4,
        3.44,
        2.97,
        3.27,
        3.3,
        3.33,
        3.66,
        3.28,
        3.45,
        3.89,
        3.2,
        2.99,
        3.12,
        4.16,
        3.29,
        4.15,
        4.6,
        3.58,
        3.13,
        3.36,
        3.76,
        3.14,
        3.8,
        3.24,
        3.26,
        3.64,
        3.72,
        6.66,
        3.96,
        3.1,
        3.57,
        9.1,
        3.42,
        3.15,
        3.11,
        3.43,
        3.49,
        3.47,
        4.05,
        5.15,
        3.53,
        5.34,
        4.01,
        3.54
    ],
    "embedding": [
        -0.06149594113230705,
        -0.12735936045646667,
        0.14486552774906158,
        -0.0030213238205760717,
        0.04188014194369316,
        0.10167042165994644,
        0.09515301883220673,
        0.2171843945980072,
        0.23291131854057312,
        0.1591486930847168,
        -0.16211535036563873,
        0.011804334819316864,
        0.06320498883724213,
        -0.20429423451423645,
        0.0495162270963192,
        -0.15741108357906342,
        0.18851394951343536,
        0.16668936610221863,
        0.05724724009633064,
        -0.030709659680724144,
        0.0626511350274086,
        -0.09849018603563309,
        0.07886635512113571,
        0.16547146439552307,
        -0.0937720313668251,
        -0.1294901818037033,
        -0.10189542919397354,
        -0.16383324563503265,
        0.12085644900798798,
        -0.26652371883392334,
        -0.1311352699995041,
        -0.026656731963157654,
        0.012745560146868229,
        -0.17232473194599152,
        0.19246605038642883,
        0.12131575495004654,
        0.04577668011188507,
        -0.10126259177923203,
        -0.004894169978797436,
        0.031144307926297188,
        -0.19982732832431793,
        0.05066801607608795,
        -0.07825587689876556,
        -0.0017241223249584436,
        -0.14046242833137512,
        0.15580853819847107,
        -0.11397003382444382,
        -0.037532079964876175,
        0.12525759637355804,
        0.10616755485534668,
        -0.0427849255502224,
        -0.15149839222431183,
        0.12401925772428513,
        -0.04160461574792862,
        0.040902137756347656,
        -0.06102251261472702,
        0.03244291618466377,
        0.14016368985176086,
        -0.07084453105926514,
        -0.08460444957017899,
        0.10635671764612198,
        0.04289194941520691,
        -0.01693492941558361,
        -0.02666628547012806,
        -0.04753166437149048,
        -0.1879454404115677,
        0.2724280059337616,
        0.21156807243824005,
        -0.14114569127559662,
        -0.15289905667304993,
        0.10754014551639557,
        0.04394860565662384,
        -0.173536479473114,
        0.19797417521476746,
        -0.10871022194623947,
        -0.03719443455338478,
        0.15880189836025238,
        0.02312137931585312,
        0.08045119047164917,
        0.040308237075805664,
        -0.030068842694163322,
        0.0037715649232268333,
        -0.009741115383803844,
        0.14385107159614563,
        -0.019232144579291344,
        0.04245473071932793,
        0.00046146439854055643,
        -0.2148132175207138,
        0.19694624841213226,
        0.13549700379371643,
        -0.04830725118517876,
        0.0015430336352437735,
        0.10636937618255615,
        0.1226891577243805,
        -0.03999389335513115,
        -0.02911219373345375,
        -0.005423641297966242,
        -0.0809999480843544,
        -0.03167713060975075,
        -0.1299896389245987,
        0.04676485061645508,
        0.1486789882183075,
        0.015487822704017162,
        -0.03789597749710083,
        -0.10567239671945572,
        0.036086555570364,
        -0.013536425307393074,
        0.09778549522161484,
        0.0400298535823822,
        -0.04860302060842514,
        -0.16513490676879883,
        0.20187737047672272,
        0.05401642993092537,
        -0.0009768662275746465,
        -0.12515489757061005,
        -0.0773107036948204,
        0.03961023688316345,
        0.06833861768245697,
        0.03750484436750412,
        -0.042938925325870514,
        0.058489181101322174,
        0.16568544507026672,
        0.15312479436397552,
        0.0037845547776669264,
        -0.04029039293527603,
        0.0792863517999649,
        0.09971389174461365,
        0.051213186234235764,
        0.032071877270936966,
        -0.17693229019641876,
        0.09922727942466736,
        -0.00669140974059701,
        -0.035693198442459106,
        -0.05160526558756828,
        -0.05386700853705406,
        -0.05249723047018051,
        0.08351582288742065,
        0.034403011202812195,
        -0.1658513993024826,
        0.07442773133516312,
        0.07161206752061844,
        -0.05496729910373688,
        0.09090666472911835,
        -0.14187365770339966,
        -0.16595639288425446,
        -0.007703618612140417,
        -0.04057411104440689,
        0.0809166356921196,
        0.22763653099536896,
        -0.10312243551015854,
        0.12705086171627045,
        -0.18881332874298096,
        -0.16868014633655548,
        0.17873035371303558,
        -0.027838654816150665,
        -0.11771781742572784,
        -0.08797658979892731,
        -0.024201007559895515,
        0.07869552075862885,
        -0.16117055714130402,
        -0.046347323805093765,
        0.039911359548568726,
        -0.016567811369895935,
        0.011409579776227474,
        -0.014307222329080105,
        -0.05734465643763542,
        -0.04070117324590683,
        0.1330004185438156,
        0.04416847601532936,
        0.07363675534725189,
        -0.03178320825099945,
        0.019618576392531395,
        -0.24092650413513184,
        0.1624010056257248,
        -0.03461310639977455,
        0.009550065733492374,
        -0.2090911567211151,
        0.0017738364404067397,
        -0.015424450859427452,
        0.04727228358387947,
        0.12266241014003754,
        -0.13127239048480988,
        0.05351069197058678,
        -0.035042330622673035,
        -0.07570062577724457,
        -0.032764747738838196,
        -0.15160150825977325,
        -0.07988440245389938,
        -0.035168975591659546,
        0.0006366230663843453,
        0.12275216728448868,
        -0.008867385797202587,
        -0.07048231363296509,
        -0.11581312119960785,
        -0.02927009016275406,
        -0.026482222601771355,
        -0.0645907074213028,
        0.002317267470061779,
        0.19123657047748566,
        0.17279794812202454,
        0.18114282190799713,
        -0.02212337590754032,
        -0.031105967238545418,
        0.153232142329216,
        -0.02413051947951317,
        0.0945630669593811,
        0.049576736986637115,
        0.047407135367393494,
        0.023657239973545074,
        -0.14718236029148102,
        0.06574258208274841,
        -0.017092891037464142,
        0.1818542629480362,
        0.103300079703331,
        -0.17665664851665497,
        0.04588143154978752,
        -0.1847570240497589,
        0.27596065402030945,
        0.0033440773840993643,
        -0.03943391889333725,
        0.19434165954589844,
        -0.166377991437912,
        0.11612458527088165,
        0.002788679674267769,
        0.13119260966777802,
        -0.013724330812692642,
        -0.06029510498046875,
        -0.21050862967967987,
        0.013982388190925121,
        0.05838621035218239,
        0.1470813900232315,
        0.020507937297225,
        -0.02666797861456871,
        0.04100896045565605,
        -0.045887541025877,
        0.07685109227895737,
        0.005711017642170191,
        0.0680658295750618,
        0.0022132594604045153,
        -0.08480425924062729,
        0.17259469628334045,
        -0.19505013525485992,
        0.03356432169675827,
        -0.07564721256494522,
        -0.020588412880897522,
        0.1676708459854126,
        0.06087898090481758,
        0.020116183906793594,
        -0.009187453426420689,
        0.14368608593940735,
        0.06457850337028503,
        -0.19364097714424133,
        -0.009428304620087147,
        0.10722480714321136,
        0.07640405744314194,
        0.19034580886363983,
        0.12867042422294617,
        -0.025089718401432037,
        0.14663295447826385,
        0.032143235206604004,
        0.03839883953332901,
        0.017866648733615875,
        -0.01396041177213192,
        0.10255512595176697,
        -0.1103084608912468,
        -0.0018198589095845819,
        0.02654201164841652,
        -0.1697240024805069,
        -0.024004891514778137,
        0.09582739323377609,
        -0.03529837727546692,
        -0.011440075933933258,
        -0.003371045459061861,
        0.019617564976215363,
        -0.27884477376937866,
        0.09179078042507172,
        -0.02542700059711933,
        0.10814990103244781,
        0.017001187428832054,
        -0.016446460038423538,
        -0.013068899512290955,
        0.1420373171567917,
        0.17068569362163544,
        0.08492232859134674,
        0.13063624501228333,
        0.28045058250427246,
        0.17357957363128662,
        0.1883034110069275,
        -0.003969356883317232,
        -0.0048606619238853455,
        0.13808530569076538,
        0.20691224932670593,
        -0.03329487890005112,
        -0.11598746478557587,
        -0.020206261426210403,
        -0.016995703801512718,
        0.02273794636130333,
        0.12432502210140228,
        -0.13551190495491028,
        -0.02133181132376194
    ],
    "embedding_scaling_factor": 0.08320377767086029,
    "samples": [
        0.0,
        0.0,
        0.0,
        0.0,
        0.0,
        0.0,
        0.0,
        0.0,
        0.0,
        0.0,
        0.0,
        0.0,
        0.0,
        0.0,
        0.0,
        0.0,
        0.0,
        0.0,
        0.0,
        0.0,
        0.0,
        0.0,
        0.0,
        0.0,
        0.0,
        2.06,
        0.0,
        0.0,
        0.0,
        0.0,
        0.0,
        0.0,
        0.0,
        0.0,
        0.0,
        0.0,
        0.0,
        0.0,
        0.0,
        0.0,
        1.62,
        0.0,
        0.0,
        0.0,
        0.0,
        0.0,
        0.0,
        0.0,
        0.0,
        0.0,
        0.0,
        0.0,
        0.0,
        0.0,
        0.0,
        0.0,
        0.0,
        0.0,
        0.0,
        0.0,
        0.0,
        0.0,
        0.0,
        0.0,
        0.0
    ],
    "category_values_ratio": {
        "0.0": 530213,
        "0.01": 1192,
        "0.02": 454,
        "0.03": 222,
        "0.04": 157,
        "0.05": 138,
        "0.06": 107,
        "1.51": 93,
        "0.07": 90,
        "1.27": 86,
        "1.62": 85,
        "1.42": 82,
        "1.44": 80,
        "1.43": 80,
        "1.65": 79,
        "1.64": 79,
        "1.85": 78,
        "1.25": 77,
        "1.36": 77,
        "1.52": 77,
        "1.72": 76,
        "1.05": 76,
        "1.33": 76,
        "1.66": 75,
        "1.75": 75,
        "1.76": 75,
        "1.22": 75,
        "1.69": 75,
        "1.88": 75,
        "1.18": 74,
        "1.47": 74,
        "1.49": 74,
        "1.45": 73,
        "1.54": 73,
        "0.08": 72,
        "1.24": 72,
        "1.55": 72,
        "0.94": 72,
        "1.39": 72,
        "1.56": 72,
        "1.74": 71,
        "1.84": 71,
        "1.46": 71,
        "1.67": 71,
        "1.23": 70,
        "1.57": 70,
        "1.32": 70,
        "1.35": 70,
        "1.17": 69,
        "1.41": 69,
        "1.19": 69,
        "1.89": 69,
        "1.07": 68,
        "1.58": 68,
        "1.34": 67,
        "1.15": 67,
        "1.04": 67,
        "1.14": 66,
        "1.79": 66,
        "1.06": 66,
        "1.63": 66,
        "1.81": 65,
        "1.77": 65,
        "1.92": 65,
        "1.82": 64,
        "1.78": 64,
        "1.61": 63,
        "1.68": 63,
        "0.93": 62,
        "2.14": 62,
        "1.13": 62,
        "1.38": 62,
        "1.48": 62,
        "1.12": 62,
        "1.31": 62,
        "1.73": 61,
        "0.13": 61,
        "1.71": 61,
        "0.12": 61,
        "1.59": 61,
        "0.99": 60,
        "0.83": 60,
        "1.91": 60,
        "1.94": 60,
        "1.99": 59,
        "1.16": 59,
        "1.53": 59,
        "0.95": 59,
        "0.82": 59,
        "0.75": 59,
        "0.97": 58,
        "0.76": 58,
        "0.89": 57,
        "2.02": 57,
        "0.77": 56,
        "0.87": 56,
        "2.12": 56,
        "1.21": 56,
        "1.08": 56,
        "0.51": 56,
        "1.86": 56,
        "0.91": 56,
        "1.02": 56,
        "0.54": 55,
        "2.01": 55,
        "0.72": 55,
        "1.11": 55,
        "1.0": 55,
        "0.52": 54,
        "0.23": 54,
        "1.96": 54,
        "1.28": 54,
        "1.93": 53,
        "1.37": 53,
        "0.11": 53,
        "1.98": 53,
        "1.4": 53,
        "0.84": 53,
        "0.09": 52,
        "0.68": 52,
        "0.55": 51,
        "2.25": 51,
        "0.15": 51,
        "1.01": 51,
        "2.06": 51,
        "0.49": 51,
        "2.28": 51,
        "0.78": 51,
        "0.63": 51,
        "0.38": 50,
        "2.03": 50,
        "0.34": 50,
        "1.87": 50,
        "0.85": 50,
        "2.07": 50,
        "0.59": 50,
        "0.96": 50,
        "1.09": 49,
        "0.19": 49,
        "1.97": 49,
        "1.95": 49,
        "0.56": 49,
        "0.62": 49,
        "1.5": 49,
        "2.05": 48,
        "0.21": 48,
        "0.39": 48,
        "0.58": 48,
        "0.22": 48,
        "0.61": 48,
        "0.36": 48,
        "0.71": 48,
        "0.45": 48,
        "0.79": 48,
        "1.26": 47,
        "2.13": 47,
        "0.74": 47,
        "2.08": 47,
        "0.86": 47,
        "1.29": 47,
        "0.98": 47,
        "2.15": 47,
        "2.45": 46,
        "0.53": 46,
        "2.0": 46,
        "2.11": 46,
        "0.33": 46,
        "1.2": 46,
        "0.92": 46,
        "0.18": 45,
        "2.29": 45,
        "1.6": 45,
        "0.41": 45,
        "1.3": 44,
        "2.09": 44,
        "0.29": 44,
        "2.24": 44,
        "0.16": 44,
        "0.73": 44,
        "0.25": 43,
        "1.7": 43,
        "0.69": 43,
        "1.83": 43,
        "0.88": 43,
        "2.04": 42,
        "0.9": 42,
        "2.23": 42,
        "2.19": 42,
        "0.64": 41,
        "0.48": 41,
        "0.14": 41,
        "0.28": 41,
        "0.81": 41,
        "1.1": 41,
        "0.31": 40,
        "0.24": 40,
        "0.32": 39,
        "2.18": 39,
        "2.34": 39,
        "0.17": 39,
        "0.27": 39,
        "2.21": 39,
        "0.65": 39,
        "1.8": 39,
        "1.03": 38,
        "0.26": 38,
        "0.47": 38,
        "2.38": 37,
        "0.8": 37,
        "0.1": 37,
        "0.66": 37,
        "0.67": 36,
        "2.41": 36,
        "0.37": 36,
        "0.57": 36,
        "0.43": 36,
        "0.42": 36,
        "2.36": 36,
        "0.6": 36,
        "2.35": 34,
        "2.32": 34,
        "1.9": 34,
        "2.42": 34,
        "2.27": 34,
        "2.31": 33,
        "2.17": 33,
        "0.35": 33,
        "2.22": 33,
        "2.37": 33,
        "2.39": 33,
        "2.46": 32,
        "0.7": 31,
        "0.3": 31,
        "2.1": 31,
        "0.44": 30,
        "2.55": 30,
        "0.46": 30,
        "2.16": 30,
        "2.48": 29,
        "0.4": 29,
        "2.33": 29,
        "2.56": 28,
        "2.67": 27,
        "2.2": 27,
        "2.49": 26,
        "2.47": 26,
        "0.2": 25,
        "2.26": 25,
        "2.69": 23,
        "2.58": 22,
        "2.72": 22,
        "2.3": 22,
        "2.44": 21,
        "2.51": 21,
        "2.57": 21,
        "2.53": 20,
        "2.65": 20,
        "2.62": 20,
        "2.54": 20,
        "2.7": 20,
        "2.61": 19,
        "2.4": 19,
        "2.63": 19,
        "2.64": 19,
        "2.68": 18,
        "2.5": 18,
        "2.78": 17,
        "0.5": 17,
        "2.83": 17,
        "2.77": 16,
        "2.88": 16,
        "2.43": 16,
        "2.52": 16,
        "2.75": 16,
        "2.81": 16,
        "2.66": 15,
        "2.85": 15,
        "2.74": 15,
        "2.73": 14,
        "2.91": 13,
        "3.07": 13,
        "2.59": 13,
        "3.06": 13,
        "2.96": 12,
        "2.8": 12,
        "2.92": 12,
        "2.6": 12,
        "2.89": 12,
        "2.82": 12,
        "2.95": 11,
        "2.86": 11,
        "2.94": 10,
        "2.84": 10,
        "2.76": 10,
        "2.87": 10,
        "2.71": 9,
        "2.93": 9,
        "2.79": 9,
        "3.04": 9,
        "2.99": 9,
        "3.14": 8,
        "3.03": 8,
        "2.9": 8,
        "2.98": 8,
        "3.01": 7,
        "2.97": 7,
        "3.09": 7,
        "3.02": 7,
        "3.08": 7,
        "3.05": 7,
        "3.16": 6,
        "3.35": 6,
        "3.12": 6,
        "3.15": 5,
        "3.33": 5,
        "3.26": 5,
        "3.27": 5,
        "3.17": 5,
        "3.23": 5,
        "3.0": 5,
        "3.25": 5,
        "3.32": 5,
        "3.52": 4,
        "3.11": 4,
        "3.41": 4,
        "3.19": 4,
        "3.31": 4,
        "3.13": 4,
        "3.18": 4,
        "3.2": 4,
        "3.28": 4,
        "3.5": 3,
        "3.51": 3,
        "3.66": 3,
        "3.46": 3,
        "3.21": 3,
        "3.6": 3,
        "3.45": 3,
        "3.55": 3,
        "3.34": 3,
        "3.22": 3,
        "3.65": 3,
        "3.29": 3,
        "3.43": 3,
        "3.44": 2,
        "3.3": 2,
        "3.61": 2,
        "3.67": 2,
        "3.38": 2,
        "3.8": 2,
        "3.36": 2,
        "3.37": 2,
        "3.24": 2,
        "3.96": 2,
        "3.62": 2,
        "3.49": 2,
        "3.58": 2,
        "3.4": 2,
        "3.64": 2,
        "3.59": 1,
        "3.78": 1,
        "6.66": 1,
        "3.72": 1,
        "3.87": 1,
        "3.76": 1,
        "3.89": 1,
        "3.68": 1,
        "4.16": 1,
        "3.57": 1,
        "4.6": 1,
        "9.1": 1,
        "3.1": 1,
        "3.42": 1,
        "3.95": 1,
        "3.39": 1,
        "3.47": 1,
        "4.05": 1,
        "5.15": 1,
        "3.53": 1,
        "5.34": 1,
        "4.01": 1,
        "4.15": 1,
        "3.54": 1
    },
    "nrows": 954036
}