{
    "column_id": "IMDB-IJS/IMDB-IJS.csvIMDB-IJS.csv/prob",
    "dataset_name": "IMDB-IJS.csv",
    "dataset_id": "IMDB-IJS/IMDB-IJS.csv",
    "path": "/home/ubuntu/CatDB/Experiments/data/IMDB-IJS/IMDB-IJS.csv",
    "table_name": "IMDB-IJS.csv",
    "table_id": "IMDB-IJS/IMDB-IJS.csvIMDB-IJS.csv",
    "column_name": "prob",
    "data_source": "IMDB-IJS",
    "data_type": "float",
    "total_values_count": 30530313,
    "distinct_values_count": 1796,
    "missing_values_count": 0,
    "true_ratio": null,
    "min_value": 0.001621,
    "max_value": 1.0,
    "mean": 0.24776434924545312,
    "median": 0.133333,
    "iqr": 0.280101,
    "category_values": [
        1.0,
        0.4,
        0.2,
        0.032258,
        0.903226,
        0.142857,
        0.571429,
        0.285714,
        0.011765,
        0.929412,
        0.023529,
        0.058823,
        0.16,
        0.32,
        0.68,
        0.12,
        0.08,
        0.04,
        0.28,
        0.333333,
        0.69697,
        0.121212,
        0.393939,
        0.606061,
        0.030303,
        0.272727,
        0.888889,
        0.222222,
        0.041667,
        0.166667,
        0.5,
        0.111111,
        0.277778,
        0.555556,
        0.055556,
        0.6,
        0.567568,
        0.108108,
        0.216216,
        0.054054,
        0.162162,
        0.135135,
        0.027027,
        0.25,
        0.857143,
        0.071429,
        0.214286,
        0.666667,
        0.153846,
        0.25641,
        0.538462,
        0.357143,
        0.416667,
        0.090909,
        0.454545,
        0.181818,
        0.545455,
        0.322917,
        0.020833,
        0.010417,
        0.208333,
        0.53125,
        0.0625,
        0.989583,
        0.3,
        0.1,
        0.045454,
        0.227273,
        0.363636,
        0.461538,
        0.076923,
        0.884615,
        0.375,
        0.625,
        0.875,
        0.025641,
        0.564103,
        0.846154,
        0.051282,
        0.125,
        0.03125,
        0.15625,
        0.21875,
        0.71875,
        0.318182,
        0.409091,
        0.107143,
        0.321429,
        0.035714,
        0.833333,
        0.882353,
        0.529412,
        0.928571,
        0.083333,
        0.75,
        0.016949,
        0.661017,
        0.271186,
        0.067797,
        0.785714,
        0.066667,
        0.466667,
        0.428571,
        0.769231,
        0.064516,
        0.870968,
        0.096774,
        0.129032,
        0.777778,
        0.714286,
        0.470588,
        0.294118,
        0.117647,
        0.647059,
        0.7,
        0.818182,
        0.444444,
        0.692308,
        0.06087,
        0.078261,
        0.243478,
        0.086957,
        0.008696,
        0.530435,
        0.017391,
        0.034783,
        0.130435,
        0.026087,
        0.113043,
        0.208696,
        0.405405,
        0.092593,
        0.12963,
        0.351852,
        0.074074,
        0.018519,
        0.037037,
        0.8,
        0.007576,
        0.022727,
        0.371212,
        0.128788,
        0.204545,
        0.295455,
        0.015151,
        0.636364,
        0.169492,
        0.186441,
        0.220339,
        0.050848,
        0.491525,
        0.118644,
        0.033898,
        0.76,
        0.36,
        0.26087,
        0.043478,
        0.217391,
        0.565217,
        0.019608,
        0.45098,
        0.196078,
        0.215686,
        0.372549,
        0.411765,
        0.039216,
        0.102564,
        0.282051,
        0.179487,
        0.410256,
        0.02439,
        0.03252,
        0.447154,
        0.048781,
        0.04065,
        0.121951,
        0.00813,
        0.105691,
        0.317073,
        0.276423,
        0.041096,
        0.164384,
        0.739726,
        0.013699,
        0.027397,
        0.150685,
        0.082192,
        0.123288,
        0.02381,
        0.095238,
        0.595238,
        0.047619,
        0.404762,
        0.108696,
        0.826087,
        0.021739,
        0.065217,
        0.152174,
        0.068182,
        0.159091,
        0.113636,
        0.012552,
        0.020921,
        0.65272,
        0.07113,
        0.246862,
        0.025105,
        0.037657,
        0.033473,
        0.09205,
        0.029289,
        0.016736,
        0.280335,
        0.008368,
        0.004184,
        0.050209,
        0.235294,
        0.352941,
        0.176471,
        0.898876,
        0.011236,
        0.11236,
        0.022472,
        0.05618,
        0.067416,
        0.730337,
        0.219512,
        0.560976,
        0.073171,
        0.092308,
        0.169231,
        0.061538,
        0.015385,
        0.030769,
        0.307692,
        0.304348,
        0.434783,
        0.326087,
        0.195652,
        0.009615,
        0.086539,
        0.038461,
        0.721154,
        0.019231,
        0.048077,
        0.173077,
        0.028846,
        0.105769,
        0.068493,
        0.054795,
        0.424658,
        0.260274,
        0.109589,
        0.09589,
        0.493151,
        0.005405,
        0.037838,
        0.767568,
        0.021622,
        0.12973,
        0.016216,
        0.102703,
        0.535135,
        0.048649,
        0.02,
        0.22,
        0.44,
        0.06,
        0.821429,
        0.607143,
        0.47619,
        0.56,
        0.368421,
        0.105263,
        0.421053,
        0.052632,
        0.033333,
        0.315789,
        0.521739,
        0.173913,
        0.92,
        0.133333,
        0.266667,
        0.1875,
        0.34375,
        0.772727,
        0.136364,
        0.5625,
        0.384615,
        0.230769,
        0.933333,
        0.433333,
        0.366667,
        0.263158,
        0.526316,
        0.727273,
        0.388889,
        0.078947,
        0.210526,
        0.289474,
        0.578947,
        0.026316,
        0.184211,
        0.115385,
        0.068966,
        0.275862,
        0.034483,
        0.482759,
        0.137931,
        0.103448,
        0.310345,
        0.62069,
        0.796296,
        0.722222,
        0.029412,
        0.764706,
        0.088235,
        0.190476,
        0.380952,
        0.590909,
        0.046512,
        0.023256,
        0.093023,
        0.790698,
        0.069767,
        0.081081,
        0.756757,
        0.088889,
        0.022222,
        0.044444,
        0.622222,
        0.027778,
        0.138889,
        0.638889,
        0.8125,
        0.4375,
        0.05,
        0.45,
        0.15,
        0.733333,
        0.619048,
        0.615385,
        0.342105,
        0.013158,
        0.065789,
        0.486842,
        0.435897,
        0.128205,
        0.88,
        0.985075,
        0.014925,
        0.029851,
        0.820895,
        0.909091,
        0.012987,
        0.177778,
        0.155556,
        0.157895,
        0.55,
        0.241379,
        0.172414,
        0.551724,
        0.206897,
        0.866667,
        0.178571,
        0.391304,
        0.540541,
        0.297297,
        0.025,
        0.575,
        0.175,
        0.725,
        0.6875,
        0.085714,
        0.028571,
        0.114286,
        0.057143,
        0.171429,
        0.313726,
        0.078431,
        0.137255,
        0.65,
        0.017094,
        0.042735,
        0.008547,
        0.059829,
        0.42735,
        0.08547,
        0.786325,
        0.28125,
        0.52381,
        0.837838,
        0.189189,
        0.192308,
        0.653846,
        0.423077,
        0.057692,
        0.519231,
        0.269231,
        0.194444,
        0.9875,
        0.0125,
        0.7125,
        0.541667,
        0.238095,
        0.203704,
        0.342857,
        0.347826,
        0.73913,
        0.583333,
        0.535714,
        0.642857,
        0.060606,
        0.205882,
        0.441176,
        0.536585,
        0.390244,
        0.24,
        0.079365,
        0.84127,
        0.174603,
        0.031746,
        0.015873,
        0.533333,
        0.151515,
        0.48,
        0.842105,
        0.684211,
        0.631579,
        0.916667,
        0.014546,
        0.043636,
        0.167273,
        0.007273,
        0.469091,
        0.003636,
        0.032727,
        0.527273,
        0.021818,
        0.207273,
        0.27027,
        0.923077,
        0.01282,
        0.730769,
        0.089744,
        0.049383,
        0.08642,
        0.641975,
        0.024691,
        0.197531,
        0.012346,
        0.54321,
        0.569231,
        0.261538,
        0.107692,
        0.046154,
        0.823529,
        0.225,
        0.021505,
        0.075269,
        0.010753,
        0.752688,
        0.086021,
        0.193548,
        0.644444,
        0.371429,
        0.257143,
        0.682927,
        0.097561,
        0.146341,
        0.007463,
        0.268657,
        0.11194,
        0.507463,
        0.223881,
        0.231343,
        0.032787,
        0.245902,
        0.04918,
        0.590164,
        0.114754,
        0.131148,
        0.053571,
        0.160714,
        0.017857,
        0.553571,
        0.196429,
        0.041177,
        0.188235,
        0.223529,
        0.005882,
        0.052941,
        0.158824,
        0.194118,
        0.017647,
        0.064706,
        0.296296,
        0.814815,
        0.259259,
        0.233333,
        0.147059,
        0.544118,
        0.191176,
        0.220588,
        0.044118,
        0.132353,
        0.464286,
        0.009524,
        0.038095,
        0.409524,
        0.019048,
        0.514286,
        0.104762,
        0.12381,
        0.736842,
        0.020408,
        0.05102,
        0.204082,
        0.010204,
        0.102041,
        0.081633,
        0.030612,
        0.061225,
        0.225806,
        0.709677,
        0.16129,
        0.025316,
        0.189873,
        0.012658,
        0.658228,
        0.113924,
        0.607595,
        0.013889,
        0.569444,
        0.069444,
        0.305556,
        0.439394,
        0.22449,
        0.510204,
        0.326531,
        0.075,
        0.35,
        0.275,
        0.439024,
        0.757576,
        0.447368,
        0.394737,
        0.145833,
        0.112782,
        0.12782,
        0.015038,
        0.06015,
        0.007519,
        0.037594,
        0.81203,
        0.261905,
        0.309524,
        0.119048,
        0.643836,
        0.178082,
        0.328767,
        0.485714,
        0.628571,
        0.3125,
        0.40625,
        0.09375,
        0.740741,
        0.148148,
        0.344828,
        0.448276,
        0.566667,
        0.057971,
        0.507246,
        0.072464,
        0.014493,
        0.275362,
        0.028986,
        0.144928,
        0.558824,
        0.046875,
        0.015625,
        0.328125,
        0.140625,
        0.109375,
        0.011111,
        0.711111,
        0.122222,
        0.422222,
        0.061728,
        0.518519,
        0.135802,
        0.209877,
        0.098765,
        0.17284,
        0.01,
        0.03,
        0.33,
        0.07,
        0.23,
        0.009259,
        0.175926,
        0.77193,
        0.017544,
        0.192982,
        0.035088,
        0.007812,
        0.164062,
        0.398438,
        0.070312,
        0.023438,
        0.890625,
        0.26,
        0.14,
        0.013513,
        0.621622,
        0.310811,
        0.473684,
        0.756098,
        0.292683,
        0.835938,
        0.179688,
        0.734375,
        0.039062,
        0.706897,
        0.017241,
        0.086207,
        0.689655,
        0.268293,
        0.878049,
        0.070423,
        0.197183,
        0.056338,
        0.704225,
        0.014085,
        0.028169,
        0.042254,
        0.183099,
        0.984436,
        0.116279,
        0.581395,
        0.27907,
        0.186047,
        0.022814,
        0.038023,
        0.262357,
        0.079848,
        0.110266,
        0.003802,
        0.019011,
        0.011407,
        0.053232,
        0.21673,
        0.539924,
        0.717391,
        0.073394,
        0.082569,
        0.036697,
        0.165138,
        0.009174,
        0.018349,
        0.045872,
        0.669725,
        0.588235,
        0.339286,
        0.244444,
        0.311111,
        0.228571,
        0.325,
        0.136842,
        0.242105,
        0.010526,
        0.031579,
        0.073684,
        0.042105,
        0.284211,
        0.021053,
        0.189474,
        0.576923,
        0.592593,
        0.62963,
        0.072289,
        0.060241,
        0.108434,
        0.216867,
        0.39759,
        0.024096,
        0.012048,
        0.168675,
        0.036145,
        0.277108,
        0.209302,
        0.44186,
        0.325581,
        0.081967,
        0.278689,
        0.016393,
        0.163934,
        0.295082,
        0.098361,
        0.236842,
        0.552632,
        0.365854,
        0.414634,
        0.512195,
        0.243902,
        0.080357,
        0.232143,
        0.008929,
        0.026786,
        0.044643,
        0.258929,
        0.089286,
        0.051724,
        0.12069,
        0.431034,
        0.819444,
        0.097222,
        0.152778,
        0.131579,
        0.106061,
        0.424242,
        0.05303,
        0.174242,
        0.483871,
        0.65625,
        0.413333,
        0.026667,
        0.093333,
        0.641026,
        0.605263,
        0.741935,
        0.685714,
        0.101695,
        0.694915,
        0.084746,
        0.183673,
        0.693878,
        0.163265,
        0.680556,
        0.415094,
        0.641509,
        0.037736,
        0.169811,
        0.09434,
        0.056604,
        0.018868,
        0.207547,
        0.586957,
        0.007246,
        0.101449,
        0.094203,
        0.028302,
        0.518868,
        0.377358,
        0.009434,
        0.179245,
        0.160377,
        0.084906,
        0.014706,
        0.808824,
        0.073529,
        0.255814,
        0.139535,
        0.775,
        0.140351,
        0.508772,
        0.087719,
        0.122807,
        0.761905,
        0.611111,
        0.008065,
        0.024193,
        0.774194,
        0.145161,
        0.016129,
        0.258065,
        0.040323,
        0.306452,
        0.52,
        0.059524,
        0.27381,
        0.011905,
        0.154762,
        0.787879,
        0.212121,
        0.958904,
        0.767123,
        0.84375,
        0.724138,
        0.185185,
        0.807692,
        0.346154,
        0.64,
        0.339623,
        0.075472,
        0.132075,
        0.323529,
        0.896552,
        0.044776,
        0.089552,
        0.164179,
        0.067164,
        0.477612,
        0.126866,
        0.119403,
        0.38806,
        0.040816,
        0.175439,
        0.22807,
        0.911765,
        0.003584,
        0.967742,
        0.007168,
        0.014337,
        0.885305,
        0.205128,
        0.487179,
        0.525,
        0.243243,
        0.608696,
        0.9375,
        0.419355,
        0.516129,
        0.806452,
        0.478261,
        0.361111,
        0.291667,
        0.708333,
        0.702703,
        0.794118,
        0.488889,
        0.577778,
        0.242424,
        0.517241,
        0.358974,
        0.407407,
        0.048387,
        0.177419,
        0.564516,
        0.241935,
        0.080645,
        0.580645,
        0.745763,
        0.355932,
        0.254237,
        0.145455,
        0.172727,
        0.163636,
        0.054545,
        0.436364,
        0.018182,
        0.009091,
        0.063636,
        0.072727,
        0.309091,
        0.78125,
        0.59375,
        0.803571,
        0.425926,
        0.205357,
        0.133929,
        0.098214,
        0.383929,
        0.869565,
        0.543478,
        0.085366,
        0.134146,
        0.207317,
        0.012195,
        0.634146,
        0.036585,
        0.182927,
        0.016667,
        0.127273,
        0.690909,
        0.036364,
        0.52809,
        0.033708,
        0.348315,
        0.089888,
        0.157303,
        0.370787,
        0.096154,
        0.596154,
        0.467742,
        0.694444,
        0.851852,
        0.913043,
        0.9,
        0.433962,
        0.528302,
        0.315068,
        0.273973,
        0.136986,
        0.098039,
        0.27451,
        0.894737,
        0.72,
        0.953704,
        0.862069,
        0.446809,
        0.148936,
        0.361702,
        0.021277,
        0.042553,
        0.085106,
        0.191489,
        0.705882,
        0.469388,
        0.789474,
        0.645833,
        0.025974,
        0.051948,
        0.038961,
        0.831169,
        0.064935,
        0.695652,
        0.809524,
        0.432432,
        0.695312,
        0.210938,
        0.984375,
        0.673469,
        0.681818,
        0.226415,
        0.773585,
        0.283019,
        0.113208,
        0.264151,
        0.527778,
        0.648649,
        0.848485,
        0.036036,
        0.198198,
        0.54955,
        0.009009,
        0.045045,
        0.117117,
        0.018018,
        0.195122,
        0.586207,
        0.37931,
        0.244898,
        0.472222,
        0.458333,
        0.95,
        0.078125,
        0.171875,
        0.489362,
        0.340426,
        0.276596,
        0.925926,
        0.345238,
        0.612903,
        0.410714,
        0.265306,
        0.816327,
        0.122449,
        0.008772,
        0.070175,
        0.04386,
        0.649123,
        0.061404,
        0.609756,
        0.863636,
        0.31746,
        0.253968,
        0.126984,
        0.574074,
        0.685185,
        0.672131,
        0.311475,
        0.766667,
        0.314286,
        0.014286,
        0.755556,
        0.008746,
        0.198251,
        0.002915,
        0.037901,
        0.011662,
        0.918367,
        0.769679,
        0.645161,
        0.290323,
        0.66,
        0.822222,
        0.15873,
        0.063492,
        0.46875,
        0.595745,
        0.12766,
        0.109091,
        0.290909,
        0.918919,
        0.542857,
        0.883721,
        0.976744,
        0.944444,
        0.245283,
        0.780488,
        0.324324,
        0.009709,
        0.262136,
        0.048544,
        0.194175,
        0.23301,
        0.15534,
        0.07767,
        0.087379,
        0.592233,
        0.038835,
        0.742857,
        0.465116,
        0.744186,
        0.7625,
        0.2375,
        0.0375,
        0.382353,
        0.367647,
        0.264706,
        0.941176,
        0.90625,
        0.452381,
        0.201923,
        0.711538,
        0.134615,
        0.067308,
        0.603175,
        0.039683,
        0.202381,
        0.369048,
        0.221311,
        0.368852,
        0.057377,
        0.532787,
        0.106557,
        0.122951,
        0.073771,
        0.008197,
        0.172131,
        0.162791,
        0.837209,
        0.513889,
        0.488372,
        0.348837,
        0.880952,
        0.19708,
        0.153285,
        0.270073,
        0.131387,
        0.014598,
        0.554745,
        0.036496,
        0.051095,
        0.116788,
        0.080292,
        0.029197,
        0.087591,
        0.058394,
        0.007299,
        0.138686,
        0.627451,
        0.431373,
        0.156863,
        0.370968,
        0.532258,
        0.042857,
        0.229167,
        0.100775,
        0.627907,
        0.054264,
        0.379845,
        0.170543,
        0.03876,
        0.007752,
        0.282609,
        0.844828,
        0.224138,
        0.392857,
        0.904762,
        0.72973,
        0.791667,
        0.852941,
        0.689922,
        0.131783,
        0.015504,
        0.612403,
        0.965517,
        0.484848,
        0.075758,
        0.387755,
        0.116438,
        0.006849,
        0.047945,
        0.020548,
        0.130137,
        0.650685,
        0.654762,
        0.956522,
        0.212766,
        0.106383,
        0.297872,
        0.06383,
        0.319149,
        0.758621,
        0.413793,
        0.530612,
        0.456522,
        0.23913,
        0.871795,
        0.952381,
        0.115789,
        0.063158,
        0.557895,
        0.007194,
        0.71223,
        0.028777,
        0.107914,
        0.014388,
        0.100719,
        0.021583,
        0.035971,
        0.510791,
        0.043166,
        0.117021,
        0.074468,
        0.010638,
        0.329787,
        0.138298,
        0.468085,
        0.632653,
        0.008403,
        0.016807,
        0.94958,
        0.369748,
        0.515152,
        0.657895,
        0.589744,
        0.270833,
        0.604167,
        0.116071,
        0.830357,
        0.883117,
        0.634615,
        0.442308,
        0.805556,
        0.034884,
        0.058139,
        0.511628,
        0.127907,
        0.534884,
        0.344444,
        0.660714,
        0.765957,
        0.079208,
        0.059406,
        0.019802,
        0.049505,
        0.089109,
        0.80198,
        0.062992,
        0.055118,
        0.007874,
        0.275591,
        0.070866,
        0.023622,
        0.629921,
        0.031496,
        0.047244,
        0.370079,
        0.596491,
        0.824561,
        0.45614,
        0.136752,
        0.034188,
        0.264957,
        0.239316,
        0.495726,
        0.735294,
        0.077922,
        0.948052,
        0.376623,
        0.87234,
        0.557692,
        0.788462,
        0.135593,
        0.813559,
        0.173333,
        0.293333,
        0.013333,
        0.106667,
        0.146667,
        0.603774,
        0.446429,
        0.202899,
        0.459459,
        0.472973,
        0.175676,
        0.094595,
        0.382979,
        0.170213,
        0.234043,
        0.074627,
        0.313433,
        0.059701,
        0.19403,
        0.20915,
        0.006536,
        0.06536,
        0.045752,
        0.013072,
        0.052288,
        0.673203,
        0.96875,
        0.633333,
        0.30303,
        0.172222,
        0.288889,
        0.005556,
        0.077778,
        0.094444,
        0.119658,
        0.820513,
        0.378378,
        0.675676,
        0.104167,
        0.396825,
        0.650794,
        0.510638,
        0.265625,
        0.134831,
        0.213483,
        0.516854,
        0.465753,
        0.369863,
        0.205479,
        0.188119,
        0.217822,
        0.029703,
        0.108911,
        0.039604,
        0.009901,
        0.069307,
        0.554455,
        0.493506,
        0.337662,
        0.103896,
        0.836957,
        0.054348,
        0.01087,
        0.032609,
        0.076087,
        0.097826,
        0.269565,
        0.321739,
        0.069565,
        0.052174,
        0.537037,
        0.126761,
        0.15493,
        0.71831,
        0.378788,
        0.19697,
        0.25974,
        0.246753,
        0.233766,
        0.477273,
        0.12987,
        0.168831,
        0.949275,
        0.115942,
        0.884058,
        0.048193,
        0.120482,
        0.819277,
        0.472727,
        0.327273,
        0.558442,
        0.208955,
        0.104478,
        0.37037,
        0.481481,
        0.648148,
        0.574468,
        0.516667,
        0.413043,
        0.005291,
        0.915344,
        0.899471,
        0.690476,
        0.29,
        0.99,
        0.19,
        0.76087,
        0.794872,
        0.46,
        0.085938,
        0.578125,
        0.117188,
        0.148438,
        0.520833,
        0.597222,
        0.050633,
        0.126582,
        0.708861,
        0.075949,
        0.177215,
        0.037975,
        0.591837,
        0.779661,
        0.74359,
        0.440678,
        0.506849,
        0.431818,
        0.825,
        0.575758,
        0.403846,
        0.911111,
        0.474576,
        0.152542,
        0.369565,
        0.287879,
        0.547619,
        0.487805,
        0.350877,
        0.245614,
        0.585366,
        0.96,
        0.475,
        0.511111,
        0.240385,
        0.144231,
        0.480769,
        0.921569,
        0.652174,
        0.104651,
        0.593023,
        0.011628,
        0.22093,
        0.674419,
        0.084507,
        0.112676,
        0.619718,
        0.084337,
        0.759036,
        0.170455,
        0.147727,
        0.352273,
        0.011364,
        0.079545,
        0.80597,
        0.626667,
        0.006667,
        0.62,
        0.258621,
        0.094828,
        0.112069,
        0.060345,
        0.008621,
        0.043103,
        0.146552,
        0.508621,
        0.053691,
        0.013423,
        0.040268,
        0.067114,
        0.255034,
        0.026846,
        0.006711,
        0.020134,
        0.657718,
        0.73494,
        0.512048,
        0.066265,
        0.006024,
        0.771084,
        0.697674,
        0.85,
        0.702128,
        0.225352,
        0.647887,
        0.098592,
        0.794521,
        0.184615,
        0.415385,
        0.793103,
        0.103774,
        0.141509,
        0.235849,
        0.349057,
        0.621212,
        0.348485,
        0.380282,
        0.577465,
        0.408451,
        0.316667,
        0.616667,
        0.594059,
        0.405941,
        0.827586,
        0.947368,
        0.954545,
        0.867925,
        0.92233,
        0.970874,
        0.831224,
        0.042194,
        0.004219,
        0.021097,
        0.953587,
        0.540984,
        0.377049,
        0.675,
        0.618182,
        0.663043,
        0.228261,
        0.717949,
        0.658537,
        0.892857,
        0.467532,
        0.987013,
        0.709091,
        0.161765,
        0.676471,
        0.010309,
        0.845361,
        0.020619,
        0.113402,
        0.701031,
        0.269663,
        0.640449,
        0.044944,
        0.426966,
        0.150943,
        0.45283,
        0.935484,
        0.659091,
        0.970588,
        0.354839,
        0.887324,
        0.816901,
        0.98,
        0.94086,
        0.946237,
        0.005376,
        0.956989,
        0.490196,
        0.539326,
        0.393258,
        0.614035,
        0.512821,
        0.295775,
        0.930233,
        0.548387,
        0.83871,
        0.053333,
        0.186667,
        0.531915,
        0.876543,
        0.515789,
        0.410526,
        0.094737,
        0.357895,
        0.009804,
        0.519608,
        0.127451,
        0.04902,
        0.885714,
        0.351351,
        0.322581,
        0.344086,
        0.053763,
        0.365591,
        0.657143,
        0.861111,
        0.462963,
        0.54386,
        0.183333,
        0.816667,
        0.283333,
        0.116667,
        0.265823,
        0.101266,
        0.56962,
        0.063291,
        0.826923,
        0.381818,
        0.962963,
        0.155172,
        0.968992,
        0.964286,
        0.329545,
        0.534091,
        0.584416,
        0.170732,
        0.829268,
        0.037849,
        0.005976,
        0.101594,
        0.023904,
        0.003984,
        0.440239,
        0.125498,
        0.001992,
        0.898406,
        0.021912,
        0.063745,
        0.007407,
        0.096296,
        0.051852,
        0.355556,
        0.525926,
        0.611765,
        0.282353,
        0.458824,
        0.951807,
        0.975904,
        0.673913,
        0.901961,
        0.868852,
        0.065574,
        0.612245,
        0.734694,
        0.109756,
        0.695122,
        0.626866,
        0.425,
        0.218182,
        0.851064,
        0.617647,
        0.688889,
        0.703704,
        0.506173,
        0.753086,
        0.688525,
        0.213115,
        0.457143,
        0.192771,
        0.97561,
        0.418605,
        0.961538,
        0.82967,
        0.005495,
        0.010989,
        0.021978,
        0.967033,
        0.554217,
        0.301205,
        0.060976,
        0.404255,
        0.338462,
        0.451613,
        0.830189,
        0.975,
        0.731707,
        0.84,
        0.104348,
        0.773913,
        0.964912,
        0.755102,
        0.975694,
        0.003472,
        0.979167,
        0.707692,
        0.984615,
        0.783784,
        0.966667,
        0.906977,
        0.767442,
        0.372093,
        0.134328,
        0.552239,
        0.776119,
        0.981818,
        0.918182,
        0.320158,
        0.003953,
        0.134387,
        0.007905,
        0.031621,
        0.893281,
        0.005587,
        0.011173,
        0.994413,
        0.003155,
        0.192429,
        0.138801,
        0.082019,
        0.006309,
        0.996845,
        0.981132,
        0.062827,
        0.031414,
        0.97619,
        0.972222,
        0.675926,
        0.41791,
        0.940298,
        0.962264,
        0.792453,
        0.924528,
        0.886792,
        0.973684,
        0.771429,
        0.985915,
        0.676056,
        0.957747,
        0.767857,
        0.948718,
        0.895833,
        0.633027,
        0.192661,
        0.211009,
        0.781818,
        0.824742,
        0.072165,
        0.85567,
        0.216495,
        0.986486,
        0.905405,
        0.989637,
        0.92228,
        0.010363,
        0.917098,
        0.005181,
        0.891304,
        0.011494,
        0.942529,
        0.977012,
        0.864198,
        0.58,
        0.843137,
        0.006383,
        0.002128,
        0.029787,
        0.076596,
        0.023404,
        0.012766,
        0.980851,
        0.044681,
        0.486486,
        0.990991,
        0.954955,
        0.949495,
        0.986014,
        0.027972,
        0.958042,
        0.006993,
        0.78,
        0.453125,
        0.951613,
        0.66129,
        0.1375,
        0.8375,
        0.963636,
        0.005952,
        0.029762,
        0.970238,
        0.745098,
        0.568627,
        0.001621,
        0.003241,
        0.995138,
        0.410049,
        0.197731,
        0.006483,
        0.183144,
        0.025932,
        0.983793,
        0.004862,
        0.958333,
        0.982143,
        0.44898,
        0.931035,
        0.948905,
        0.868613,
        0.021898,
        0.992701,
        0.985816,
        0.868794,
        0.007092,
        0.879433,
        0.003546,
        0.028369,
        0.024823,
        0.971631,
        0.157143,
        0.128571,
        0.728571,
        0.528571,
        0.774648,
        0.422535,
        0.955556,
        0.377778,
        0.425532,
        0.306122,
        0.721311,
        0.395833,
        0.677966,
        0.20339,
        0.969697,
        0.961111,
        0.279412,
        0.897059,
        0.968254,
        0.587302,
        0.539683,
        0.873016,
        0.010101,
        0.050505,
        0.434343,
        0.955056,
        0.94382,
        0.988764,
        0.986799,
        0.89769,
        0.887789,
        0.023102,
        0.013201,
        0.0033,
        0.980198,
        0.974359,
        0.897436,
        0.868421,
        0.228758,
        0.673077,
        0.891892,
        0.897959,
        0.959184,
        0.878788,
        0.528846,
        0.959677,
        0.902439,
        0.970149,
        0.462687,
        0.373134,
        0.095652,
        0.191304,
        0.765217,
        0.996377,
        0.297101,
        0.003623,
        0.992754,
        0.576087,
        0.554348,
        0.978261,
        0.989247,
        0.991228,
        0.743017,
        0.748603,
        0.973333,
        0.988889,
        0.396552,
        0.18,
        0.932203,
        0.782609,
        0.935897,
        0.967213,
        0.921053,
        0.988095,
        0.788889,
        0.914286,
        0.942857,
        0.977778,
        0.938776,
        0.984848,
        0.980392,
        0.990909,
        0.254545,
        0.281818,
        0.072539,
        0.284974,
        0.088083,
        0.492228,
        0.031088,
        0.015544,
        0.989011,
        0.725275,
        0.736264,
        0.054945,
        0.164835,
        0.938144,
        0.56701,
        0.061856,
        0.948454,
        0.004566,
        0.063927,
        0.815789,
        0.763636,
        0.223684,
        0.993827,
        0.006173,
        0.21393,
        0.004975,
        0.00995
    ],
    "embedding": [
        -0.06498318165540695,
        -0.11437474191188812,
        0.17757287621498108,
        -0.008895780891180038,
        0.06755208224058151,
        0.12302549928426743,
        0.09685435146093369,
        0.23224005103111267,
        0.17160575091838837,
        0.13805434107780457,
        -0.1913718283176422,
        -0.022268086671829224,
        0.11546971648931503,
        -0.19401858747005463,
        0.03672949969768524,
        -0.17553852498531342,
        0.19104406237602234,
        0.17298217117786407,
        0.07924634963274002,
        -0.05799267441034317,
        0.09369216859340668,
        -0.13009709119796753,
        0.10557150095701218,
        0.19181431829929352,
        -0.12283588200807571,
        -0.16596494615077972,
        -0.13943368196487427,
        -0.18507179617881775,
        0.15611493587493896,
        -0.2078723907470703,
        -0.1376168131828308,
        -0.03220602497458458,
        0.0272712130099535,
        -0.19056348502635956,
        0.15247800946235657,
        0.1414293795824051,
        0.0578482486307621,
        -0.11961144953966141,
        -0.02579009346663952,
        0.008306224830448627,
        -0.20387305319309235,
        0.089328832924366,
        -0.10604438185691833,
        0.012931824661791325,
        -0.17856785655021667,
        0.16205906867980957,
        -0.13784721493721008,
        -0.01501326821744442,
        0.1282552182674408,
        0.12977911531925201,
        -0.06864769011735916,
        -0.1572284996509552,
        0.15705546736717224,
        -0.08074735850095749,
        -0.006607980001717806,
        -0.08015812933444977,
        0.03971892222762108,
        0.18390241265296936,
        -0.06867488473653793,
        -0.05660835653543472,
        0.06647882610559464,
        0.06611824035644531,
        -0.047787345945835114,
        -0.009367994032800198,
        -0.08254934102296829,
        -0.19417797029018402,
        0.21538503468036652,
        0.2126660794019699,
        -0.12950873374938965,
        -0.15446381270885468,
        0.12858708202838898,
        0.03144536912441254,
        -0.18989168107509613,
        0.19866925477981567,
        -0.09656689316034317,
        0.013071252964437008,
        0.185288205742836,
        -0.012690499424934387,
        0.05726979672908783,
        0.0750696137547493,
        -0.031037991866469383,
        0.0174089465290308,
        0.013978651724755764,
        0.11394897103309631,
        -0.009508563205599785,
        0.010664442554116249,
        -0.008799484930932522,
        -0.23698173463344574,
        0.2132990062236786,
        0.17248418927192688,
        -0.01850551925599575,
        -0.005173272918909788,
        0.1623799055814743,
        0.14360922574996948,
        -0.05836255103349686,
        -0.016949109733104706,
        0.012252192944288254,
        -0.10335498303174973,
        0.00745336664840579,
        -0.1091131940484047,
        0.04235957935452461,
        0.11329331248998642,
        0.04238582029938698,
        -0.06266707926988602,
        -0.12687240540981293,
        -0.01501190010458231,
        -0.03811217471957207,
        0.1138957068324089,
        0.050310924649238586,
        -0.08635373413562775,
        -0.20799584686756134,
        0.20397572219371796,
        0.025655405595898628,
        0.01458431500941515,
        -0.1604696661233902,
        -0.08048661798238754,
        0.04522215574979782,
        0.08729526400566101,
        0.037143170833587646,
        -0.043074831366539,
        0.07706727087497711,
        0.18293070793151855,
        0.12423720210790634,
        -0.03219980373978615,
        -0.018966257572174072,
        0.11117084324359894,
        0.09049423038959503,
        0.060303863137960434,
        0.03950822353363037,
        -0.18700724840164185,
        0.053928256034851074,
        -0.03589452803134918,
        -0.05517440661787987,
        -0.07014704495668411,
        -0.013120283372700214,
        -0.007310613989830017,
        0.09678512066602707,
        0.0008950293413363397,
        -0.12606561183929443,
        0.11230014264583588,
        0.06573732942342758,
        -0.05028551444411278,
        0.03988077864050865,
        -0.15383021533489227,
        -0.17359991371631622,
        -0.006408803164958954,
        -0.06454082578420639,
        0.03536909446120262,
        0.1730910986661911,
        -0.06253646314144135,
        0.15964940190315247,
        -0.173045352101326,
        -0.19934497773647308,
        0.1972973495721817,
        -0.035361237823963165,
        -0.12577372789382935,
        -0.12588395178318024,
        -0.03573444113135338,
        0.053611353039741516,
        -0.18370717763900757,
        -0.07623767107725143,
        0.08104255795478821,
        0.010335246101021767,
        0.031128721311688423,
        -0.022245151922106743,
        -0.09585690498352051,
        -0.01125556044280529,
        0.16618449985980988,
        0.02569093182682991,
        0.12044106423854828,
        0.007150574121624231,
        0.021628957241773605,
        -0.19314490258693695,
        0.11826886981725693,
        -0.006062984000891447,
        0.0027218356262892485,
        -0.21542052924633026,
        -0.007401361595839262,
        -0.03781312331557274,
        0.0696454718708992,
        0.1137232780456543,
        -0.10987626761198044,
        0.08229794353246689,
        -0.061086349189281464,
        -0.10007775574922562,
        -0.07038461416959763,
        -0.1882539689540863,
        -0.11643695086240768,
        -0.049550287425518036,
        -0.025977671146392822,
        0.09203997999429703,
        -0.04515036195516586,
        -0.03161124512553215,
        -0.10164126753807068,
        0.0005589922075159848,
        -0.036769989877939224,
        -0.10885637998580933,
        0.01576114445924759,
        0.22472049295902252,
        0.11635182052850723,
        0.2060215324163437,
        0.002192218555137515,
        -0.058581553399562836,
        0.1610463559627533,
        0.004851104225963354,
        0.03947197645902634,
        0.09392388164997101,
        0.030833827331662178,
        0.05277456343173981,
        -0.10216929018497467,
        0.02345602586865425,
        -0.044192761182785034,
        0.18453295528888702,
        0.11697687953710556,
        -0.19628864526748657,
        0.0701252818107605,
        -0.15756827592849731,
        0.22688467800617218,
        0.01995866931974888,
        -0.07832153886556625,
        0.21268261969089508,
        -0.16821913421154022,
        0.0701662003993988,
        0.05690239742398262,
        0.17665937542915344,
        -0.012161030434072018,
        -0.03425797075033188,
        -0.22208036482334137,
        0.017427384853363037,
        0.08034011721611023,
        0.13124977052211761,
        0.03321206942200661,
        -0.08005613088607788,
        0.07060115039348602,
        -0.04353056848049164,
        0.09880061447620392,
        0.016859401017427444,
        0.06572195887565613,
        0.04217534884810448,
        -0.05147561803460121,
        0.1556049883365631,
        -0.17857272922992706,
        0.0550408810377121,
        -0.05727643147110939,
        -0.04807693511247635,
        0.19719694554805756,
        0.07637177407741547,
        0.03386038541793823,
        0.016006451100111008,
        0.1392057240009308,
        0.06774907559156418,
        -0.14941762387752533,
        -0.012623506598174572,
        0.10295722633600235,
        0.05172364041209221,
        0.17082901298999786,
        0.06710123270750046,
        -0.009743538685142994,
        0.15070685744285583,
        0.005560483317822218,
        0.06329314410686493,
        -0.008985108695924282,
        -0.0234626866877079,
        0.13452313840389252,
        -0.152605801820755,
        -0.0036902367137372494,
        0.05906686931848526,
        -0.18248499929904938,
        -0.02799457684159279,
        0.05099773779511452,
        -0.08036857098340988,
        -0.019213952124118805,
        -0.013360070064663887,
        -0.0050126938149333,
        -0.25623437762260437,
        0.08782489597797394,
        -0.05324869602918625,
        0.12991861999034882,
        -0.015179278329014778,
        -0.033053815364837646,
        0.015571712516248226,
        0.11938107758760452,
        0.1824624091386795,
        0.10160578787326813,
        0.11687634885311127,
        0.24643538892269135,
        0.20820030570030212,
        0.12942712008953094,
        0.005527700297534466,
        0.01190139353275299,
        0.0787847563624382,
        0.1990710198879242,
        -0.04146542772650719,
        -0.07768759876489639,
        -0.009647318162024021,
        -0.03373982757329941,
        0.024627182632684708,
        0.16437795758247375,
        -0.18609976768493652,
        -0.03136200085282326
    ],
    "embedding_scaling_factor": 0.0024752875324338675,
    "samples": [
        0.444444,
        0.047619,
        0.038461,
        0.2,
        1.0,
        0.003472,
        0.095238,
        0.048781,
        0.153846,
        0.222222,
        0.037849,
        0.2,
        0.325581,
        0.021912,
        0.178571,
        0.333333,
        0.285714,
        0.333333,
        0.058823,
        0.333333,
        0.444444,
        0.022222,
        0.142857,
        0.433333,
        0.2,
        0.011111,
        0.5,
        0.021739,
        0.111111,
        0.2,
        0.034483,
        0.026846,
        0.2,
        0.428571,
        1.0,
        0.166667,
        0.111111,
        0.076923,
        0.125,
        0.25,
        0.03,
        0.182927,
        0.017857,
        0.133333,
        0.111111,
        0.052632,
        0.105691,
        0.010309,
        0.02381,
        0.108108,
        0.034483,
        0.005291,
        0.047619,
        0.933333,
        0.142857,
        0.076923,
        0.09375,
        0.1,
        1.0,
        0.125,
        0.03125,
        0.333333,
        0.066667,
        0.047619,
        0.666667,
        0.181818,
        0.055556,
        0.090909,
        1.0,
        0.428571,
        0.769231,
        0.2,
        0.008696,
        0.107143,
        0.5,
        0.125,
        0.153846,
        0.087591,
        0.133333,
        0.228261,
        0.638889,
        0.055556,
        0.142857,
        0.117021,
        0.333333,
        0.04065,
        0.015151,
        0.1,
        0.133333,
        0.045454,
        1.0,
        0.006309,
        0.166667,
        0.138889,
        0.1,
        0.003802,
        0.5,
        0.08,
        0.028169,
        0.142857
    ],
    "category_values_ratio": {
        "1.0": 1569648,
        "0.5": 1136350,
        "0.333333": 957924,
        "0.25": 846270,
        "0.2": 749148,
        "0.166667": 708787,
        "0.142857": 575668,
        "0.111111": 564491,
        "0.125": 551971,
        "0.1": 466606,
        "0.076923": 439178,
        "0.090909": 431979,
        "0.083333": 404300,
        "0.666667": 372521,
        "0.055556": 339803,
        "0.066667": 334067,
        "0.071429": 311337,
        "0.4": 283542,
        "0.052632": 263657,
        "0.0625": 257871,
        "0.058823": 236559,
        "0.047619": 230785,
        "0.222222": 223660,
        "0.285714": 221040,
        "0.038461": 217495,
        "0.041667": 205463,
        "0.05": 205088,
        "0.04": 202968,
        "0.045454": 200342,
        "0.153846": 198908,
        "0.181818": 183610,
        "0.75": 170826,
        "0.035714": 168336,
        "0.043478": 163007,
        "0.133333": 162963,
        "0.027778": 161748,
        "0.6": 159555,
        "0.037037": 157649,
        "0.428571": 152359,
        "0.034483": 149760,
        "0.105263": 143654,
        "0.03125": 133454,
        "0.026316": 123244,
        "0.021739": 122389,
        "0.030303": 116079,
        "0.117647": 113527,
        "0.020408": 113117,
        "0.025641": 112498,
        "0.027027": 110451,
        "0.375": 108284,
        "0.033333": 101466,
        "0.3": 101396,
        "0.086957": 98901,
        "0.272727": 98811,
        "0.022222": 95992,
        "0.8": 93864,
        "0.095238": 93470,
        "0.1875": 93468,
        "0.157895": 92812,
        "0.230769": 92194,
        "0.028571": 90014,
        "0.051282": 82748,
        "0.214286": 82126,
        "0.08": 81185,
        "0.068966": 80537,
        "0.054054": 79258,
        "0.02381": 77319,
        "0.032258": 77204,
        "0.833333": 73558,
        "0.130435": 73495,
        "0.013699": 73116,
        "0.060606": 72689,
        "0.571429": 71100,
        "0.02439": 69033,
        "0.029412": 67836,
        "0.444444": 66030,
        "0.363636": 65660,
        "0.107143": 65511,
        "0.115385": 63852,
        "0.025": 63696,
        "0.044444": 63442,
        "0.02": 62520,
        "0.074074": 62417,
        "0.307692": 61771,
        "0.018519": 61672,
        "0.625": 61485,
        "0.048781": 59744,
        "0.017857": 59521,
        "0.555556": 59269,
        "0.019608": 59135,
        "0.012987": 58618,
        "0.176471": 55002,
        "0.12": 54828,
        "0.057143": 54347,
        "0.416667": 53888,
        "0.210526": 53319,
        "0.454545": 53200,
        "0.015873": 52579,
        "0.15": 52528,
        "0.857143": 51990,
        "0.015625": 51250,
        "0.263158": 50893,
        "0.136364": 50079,
        "0.714286": 48995,
        "0.015151": 48393,
        "0.162162": 48053,
        "0.266667": 47846,
        "0.003984": 47628,
        "0.09375": 47543,
        "0.103448": 47383,
        "0.7": 47308,
        "0.018182": 47171,
        "0.021277": 47086,
        "0.031746": 46985,
        "0.014493": 45977,
        "0.102564": 45571,
        "0.277778": 44139,
        "0.545455": 44130,
        "0.022727": 43587,
        "0.190476": 43211,
        "0.173913": 43060,
        "0.357143": 42947,
        "0.384615": 42856,
        "0.085714": 42327,
        "0.020833": 42310,
        "0.065217": 41438,
        "0.461538": 40837,
        "0.011111": 39529,
        "0.008929": 39480,
        "0.583333": 38982,
        "0.014085": 38964,
        "0.039216": 38552,
        "0.015385": 38391,
        "0.017544": 38382,
        "0.235294": 37353,
        "0.135135": 37197,
        "0.061225": 36718,
        "0.875": 36560,
        "0.023256": 36259,
        "0.137931": 35102,
        "0.033898": 34826,
        "0.007576": 34563,
        "0.019231": 34293,
        "0.018868": 33829,
        "0.016129": 33659,
        "0.16": 33543,
        "0.777778": 33342,
        "0.008547": 33300,
        "0.046512": 33186,
        "0.027397": 33175,
        "0.078947": 32888,
        "0.042553": 32728,
        "0.012346": 32691,
        "0.636364": 32437,
        "0.009259": 32393,
        "0.025974": 32321,
        "0.007812": 32010,
        "0.008696": 31916,
        "0.081081": 31908,
        "0.3125": 30832,
        "0.888889": 30389,
        "0.294118": 30264,
        "0.121212": 29561,
        "0.075": 28902,
        "0.013889": 28717,
        "0.178571": 28594,
        "0.138889": 28321,
        "0.037736": 28310,
        "0.053571": 28008,
        "0.040816": 27451,
        "0.148148": 27229,
        "0.208333": 26802,
        "0.217391": 26799,
        "0.538462": 26358,
        "0.011236": 26228,
        "0.088235": 26199,
        "0.108108": 26144,
        "0.269231": 26045,
        "0.088889": 25928,
        "0.073171": 25265,
        "0.615385": 25187,
        "0.016949": 25169,
        "0.016667": 24622,
        "0.054545": 24620,
        "0.008065": 24555,
        "0.028302": 24415,
        "0.005291": 23996,
        "0.151515": 23951,
        "0.017241": 23836,
        "0.093023": 23834,
        "0.001992": 23814,
        "0.131579": 23723,
        "0.041096": 23691,
        "0.108696": 23521,
        "0.069767": 23431,
        "0.192308": 23361,
        "0.315789": 23356,
        "0.096774": 23253,
        "0.009615": 23113,
        "0.102041": 23026,
        "0.014925": 22935,
        "0.388889": 22634,
        "0.01087": 22571,
        "0.092593": 22570,
        "0.411765": 22210,
        "0.050848": 22129,
        "0.304348": 21920,
        "0.064516": 21793,
        "0.010417": 21778,
        "0.818182": 21667,
        "0.121951": 21488,
        "0.036364": 21342,
        "0.06": 21061,
        "0.097561": 20806,
        "0.012048": 20550,
        "0.238095": 20377,
        "0.47619": 20229,
        "0.189189": 20164,
        "0.029851": 20126,
        "0.282051": 19954,
        "0.114286": 19770,
        "0.128205": 19733,
        "0.067797": 19313,
        "0.007463": 19225,
        "0.727273": 19087,
        "0.227273": 19010,
        "0.15625": 18962,
        "0.692308": 18869,
        "0.034783": 18753,
        "0.028169": 18729,
        "0.578947": 18621,
        "0.466667": 18590,
        "0.014706": 18473,
        "0.172414": 18400,
        "0.35": 18314,
        "0.051724": 18285,
        "0.9": 18262,
        "0.003802": 18148,
        "0.035088": 18120,
        "0.296296": 17880,
        "0.079365": 17876,
        "0.368421": 17870,
        "0.470588": 17821,
        "0.684211": 17807,
        "0.032787": 17516,
        "0.318182": 17490,
        "0.011905": 17482,
        "0.017391": 17408,
        "0.046875": 17186,
        "0.242424": 17166,
        "0.26087": 17150,
        "0.04918": 17104,
        "0.185185": 16975,
        "0.078431": 16924,
        "0.012195": 16763,
        "0.038961": 16744,
        "0.916667": 16651,
        "0.026786": 16460,
        "0.352941": 16272,
        "0.146341": 15980,
        "0.16129": 15759,
        "0.092308": 15738,
        "0.081633": 15706,
        "0.0125": 15611,
        "0.116279": 15587,
        "0.347826": 15563,
        "0.27027": 15545,
        "0.25641": 15544,
        "0.206897": 15517,
        "0.179487": 15490,
        "0.642857": 15477,
        "0.069444": 15398,
        "0.21875": 15388,
        "0.054795": 15295,
        "0.068182": 15261,
        "0.4375": 15128,
        "0.006536": 15046,
        "0.024096": 15033,
        "0.005556": 14992,
        "0.019802": 14920,
        "0.085106": 14911,
        "0.147059": 14884,
        "0.846154": 14846,
        "0.769231": 14822,
        "0.194444": 14775,
        "0.003636": 14730,
        "0.00813": 14730,
        "0.346154": 14677,
        "0.009524": 14640,
        "0.106061": 14567,
        "0.009434": 14546,
        "0.171429": 14532,
        "0.096154": 14455,
        "0.016393": 14413,
        "0.28": 14411,
        "0.163265": 14346,
        "0.321429": 14297,
        "0.191489": 14130,
        "0.32": 14116,
        "0.473684": 13537,
        "0.005405": 13410,
        "0.021622": 13410,
        "0.021505": 13394,
        "0.09434": 13325,
        "0.089286": 13290,
        "0.064935": 13252,
        "0.042105": 13245,
        "0.013333": 13185,
        "0.03876": 13117,
        "0.119048": 13116,
        "0.155556": 13114,
        "0.077922": 13079,
        "0.021053": 13037,
        "0.24": 13028,
        "0.434783": 13014,
        "0.152174": 13005,
        "0.077778": 13004,
        "0.909091": 12962,
        "0.567568": 12924,
        "0.042254": 12879,
        "0.129032": 12835,
        "0.028986": 12801,
        "0.5625": 12795,
        "0.137255": 12753,
        "0.258065": 12697,
        "0.026667": 12552,
        "0.072727": 12480,
        "0.030769": 12424,
        "0.52381": 12400,
        "0.923077": 12398,
        "0.061538": 12374,
        "0.533333": 12350,
        "0.173077": 12327,
        "0.380952": 12298,
        "0.056604": 12275,
        "0.054264": 12270,
        "0.007194": 12252,
        "0.113636": 12209,
        "0.736842": 12183,
        "0.075758": 12150,
        "0.458333": 12112,
        "0.184211": 11998,
        "0.241379": 11995,
        "0.082192": 11975,
        "0.733333": 11970,
        "0.021912": 11907,
        "0.898406": 11907,
        "0.101594": 11907,
        "0.125498": 11907,
        "0.037849": 11907,
        "0.005976": 11907,
        "0.023904": 11907,
        "0.440239": 11907,
        "0.063745": 11907,
        "0.044776": 11892,
        "0.275862": 11824,
        "0.65": 11772,
        "0.009901": 11714,
        "0.212121": 11707,
        "0.118644": 11604,
        "0.722222": 11586,
        "0.196078": 11486,
        "0.080357": 11400,
        "0.526316": 11366,
        "0.010526": 11341,
        "0.177419": 11340,
        "0.078261": 11326,
        "0.127273": 11307,
        "0.160714": 11301,
        "0.164384": 11246,
        "0.45": 11209,
        "0.195652": 11200,
        "0.067164": 11158,
        "0.033708": 11135,
        "0.075472": 11126,
        "0.785714": 11095,
        "0.012658": 11087,
        "0.122222": 11061,
        "0.024691": 11042,
        "0.6875": 10982,
        "0.134831": 10968,
        "0.611111": 10961,
        "0.045872": 10863,
        "0.104167": 10851,
        "0.106383": 10813,
        "0.109091": 10731,
        "0.031579": 10727,
        "0.010753": 10703,
        "0.011765": 10681,
        "0.514286": 10601,
        "0.423077": 10577,
        "0.216216": 10570,
        "0.022472": 10511,
        "0.089552": 10501,
        "0.55": 10459,
        "0.196429": 10442,
        "0.631579": 10409,
        "0.057692": 10372,
        "0.22449": 10368,
        "0.148936": 10354,
        "0.289474": 10292,
        "0.008621": 10260,
        "0.008403": 10250,
        "0.291667": 10245,
        "0.01": 10175,
        "0.295455": 10008,
        "0.647059": 9986,
        "0.109375": 9943,
        "0.036145": 9857,
        "0.024193": 9831,
        "0.05618": 9822,
        "0.007273": 9820,
        "0.014546": 9820,
        "0.003584": 9798,
        "0.007168": 9798,
        "0.175": 9781,
        "0.36": 9771,
        "0.638889": 9763,
        "0.34375": 9657,
        "0.100775": 9626,
        "0.09589": 9576,
        "0.048077": 9569,
        "0.101695": 9538,
        "0.119403": 9536,
        "0.063492": 9504,
        "0.421053": 9478,
        "0.342105": 9431,
        "0.044118": 9389,
        "0.12766": 9384,
        "0.105769": 9369,
        "0.010638": 9329,
        "0.12963": 9272,
        "0.056338": 9211,
        "0.377358": 9208,
        "0.28125": 9193,
        "0.477612": 9183,
        "0.013423": 9171,
        "0.006711": 9171,
        "0.087719": 9168,
        "0.653846": 9166,
        "0.576923": 9129,
        "0.023438": 9120,
        "0.051948": 9080,
        "0.011407": 9074,
        "0.866667": 9045,
        "0.007519": 8985,
        "0.015038": 8985,
        "0.8125": 8948,
        "0.220339": 8943,
        "0.037838": 8940,
        "0.016216": 8940,
        "0.259259": 8872,
        "0.541667": 8868,
        "0.37931": 8834,
        "0.243478": 8788,
        "0.026087": 8788,
        "0.007752": 8779,
        "0.619048": 8777,
        "0.225806": 8777,
        "0.132075": 8739,
        "0.204545": 8725,
        "0.233333": 8717,
        "0.085366": 8716,
        "0.072464": 8653,
        "0.06383": 8531,
        "0.409091": 8518,
        "0.103896": 8467,
        "0.953704": 8462,
        "0.306452": 8359,
        "0.145161": 8359,
        "0.003472": 8342,
        "0.261905": 8314,
        "0.177778": 8298,
        "0.049383": 8296,
        "0.014286": 8290,
        "0.039683": 8282,
        "0.164179": 8277,
        "0.013513": 8258,
        "0.258929": 8230,
        "0.044643": 8230,
        "0.232143": 8230,
        "0.529412": 8125,
        "0.521739": 8106,
        "0.56": 8097,
        "0.039604": 8044,
        "0.113043": 8018,
        "0.764706": 7972,
        "0.228261": 7972,
        "0.048387": 7939,
        "0.705882": 7902,
        "0.059524": 7896,
        "0.209302": 7853,
        "0.588235": 7844,
        "0.48": 7822,
        "0.68": 7740,
        "0.051095": 7720,
        "0.264706": 7677,
        "0.034188": 7668,
        "0.01282": 7665,
        "0.073771": 7624,
        "0.097222": 7617,
        "0.009174": 7606,
        "0.447368": 7588,
        "0.325": 7568,
        "0.204082": 7563,
        "0.215686": 7561,
        "0.608696": 7529,
        "0.292683": 7465,
        "0.150685": 7428,
        "0.305556": 7411,
        "0.685714": 7402,
        "0.045045": 7377,
        "0.009009": 7377,
        "0.007246": 7327,
        "0.038095": 7320,
        "0.019048": 7320,
        "0.236842": 7316,
        "0.365854": 7293,
        "0.084906": 7273,
        "0.136986": 7250,
        "0.175926": 7236,
        "0.015504": 7222,
        "0.518519": 7194,
        "0.122449": 7129,
        "0.243243": 7088,
        "0.081967": 7084,
        "0.073394": 7060,
        "0.018349": 7060,
        "0.010309": 7030,
        "0.098039": 6940,
        "0.260274": 6916,
        "0.257143": 6907,
        "0.590909": 6894,
        "0.826087": 6854,
        "0.44": 6834,
        "0.530435": 6825,
        "0.084746": 6809,
        "0.007299": 6796,
        "0.882353": 6792,
        "0.059701": 6728,
        "0.558824": 6704,
        "0.023529": 6690,
        "0.140625": 6682,
        "0.372549": 6601,
        "0.435897": 6583,
        "0.361111": 6567,
        "0.114754": 6564,
        "0.086539": 6560,
        "0.028846": 6560,
        "0.592593": 6507,
        "0.288889": 6502,
        "0.094444": 6502,
        "0.172222": 6502,
        "0.565217": 6494,
        "0.730769": 6491,
        "0.253968": 6479,
        "0.424242": 6462,
        "0.517241": 6433,
        "0.060241": 6394,
        "0.078125": 6343,
        "0.351852": 6335,
        "0.036585": 6284,
        "0.527273": 6256,
        "0.37037": 6239,
        "0.297297": 6200,
        "0.203704": 6195,
        "0.057971": 6166,
        "0.210938": 6154,
        "0.016807": 6150,
        "0.933333": 6144,
        "0.017094": 6138,
        "0.169231": 6125,
        "0.026846": 6114,
        "0.073684": 6097,
        "0.136842": 6097,
        "0.317073": 6054,
        "0.054348": 6027,
        "0.032609": 6027,
        "0.097826": 6027,
        "0.003546": 5992,
        "0.037594": 5990,
        "0.355932": 5970,
        "0.774194": 5931,
        "0.126761": 5913,
        "0.205128": 5877,
        "0.009091": 5871,
        "0.163636": 5835,
        "0.219512": 5823,
        "0.174603": 5822,
        "0.201923": 5818,
        "0.011364": 5808,
        "0.243902": 5798,
        "0.154762": 5780,
        "0.179245": 5714,
        "0.518868": 5714,
        "0.160377": 5714,
        "0.205882": 5710,
        "0.208696": 5658,
        "0.06087": 5658,
        "0.145833": 5625,
        "0.9375": 5621,
        "0.88": 5619,
        "0.03": 5606,
        "0.089109": 5604,
        "0.27907": 5601,
        "0.126866": 5579,
        "0.38806": 5579,
        "0.551724": 5568,
        "0.328125": 5561,
        "0.484848": 5504,
        "0.046154": 5449,
        "0.101449": 5416,
        "0.156863": 5416,
        "0.394737": 5414,
        "0.003241": 5391,
        "0.324324": 5358,
        "0.14": 5342,
        "0.013158": 5331,
        "0.029197": 5328,
        "0.135593": 5246,
        "0.448276": 5231,
        "0.006667": 5226,
        "0.695652": 5203,
        "0.122807": 5202,
        "0.823529": 5188,
        "0.25974": 5165,
        "0.246753": 5165,
        "0.233766": 5165,
        "0.436364": 5143,
        "0.145455": 5143,
        "0.273973": 5122,
        "0.070423": 5093,
        "0.225": 5079,
        "0.186047": 5038,
        "0.193548": 5019,
        "0.072289": 4994,
        "0.789474": 4977,
        "0.085938": 4972,
        "0.010204": 4972,
        "0.05102": 4972,
        "0.311111": 4949,
        "0.036036": 4918,
        "0.673469": 4912,
        "0.040323": 4911,
        "0.207273": 4910,
        "0.021818": 4910,
        "0.04065": 4910,
        "0.03252": 4910,
        "0.276423": 4910,
        "0.032727": 4910,
        "0.447154": 4910,
        "0.167273": 4910,
        "0.043636": 4910,
        "0.105691": 4910,
        "0.469091": 4910,
        "0.326087": 4889,
        "0.739726": 4867,
        "0.123288": 4867,
        "0.169492": 4850,
        "0.271186": 4841,
        "0.265306": 4825,
        "0.052288": 4821,
        "0.06536": 4821,
        "0.673203": 4821,
        "0.013072": 4821,
        "0.045752": 4821,
        "0.20915": 4821,
        "0.067416": 4806,
        "0.45098": 4799,
        "0.580645": 4785,
        "0.391304": 4785,
        "0.595238": 4774,
        "0.405405": 4757,
        "0.012552": 4746,
        "0.65272": 4746,
        "0.037657": 4746,
        "0.246862": 4746,
        "0.033473": 4746,
        "0.07113": 4746,
        "0.09205": 4746,
        "0.280335": 4746,
        "0.020921": 4746,
        "0.008368": 4746,
        "0.029289": 4746,
        "0.016736": 4746,
        "0.025105": 4746,
        "0.050209": 4746,
        "0.004184": 4746,
        "0.068493": 4738,
        "0.270833": 4734,
        "0.228571": 4731,
        "0.73913": 4722,
        "0.648649": 4686,
        "0.761905": 4681,
        "0.183673": 4664,
        "0.042857": 4659,
        "0.641026": 4649,
        "0.08642": 4642,
        "0.64": 4634,
        "0.189474": 4630,
        "0.242105": 4630,
        "0.284211": 4630,
        "0.128788": 4611,
        "0.371212": 4611,
        "0.407407": 4583,
        "0.009804": 4556,
        "0.178082": 4547,
        "0.008772": 4539,
        "0.539924": 4537,
        "0.019011": 4537,
        "0.053232": 4537,
        "0.110266": 4537,
        "0.079848": 4537,
        "0.262357": 4537,
        "0.21673": 4537,
        "0.038023": 4537,
        "0.022814": 4537,
        "0.446809": 4507,
        "0.075269": 4500,
        "0.007092": 4494,
        "0.709677": 4476,
        "0.535135": 4470,
        "0.767568": 4470,
        "0.12973": 4470,
        "0.048649": 4470,
        "0.102703": 4470,
        "0.558442": 4450,
        "0.059829": 4443,
        "0.042735": 4443,
        "0.309091": 4430,
        "0.820513": 4421,
        "0.396825": 4404,
        "0.650794": 4404,
        "0.275": 4336,
        "0.62069": 4332,
        "0.244444": 4301,
        "0.011494": 4280,
        "0.080645": 4265,
        "0.564516": 4265,
        "0.007874": 4260,
        "0.775": 4253,
        "0.896552": 4250,
        "0.512195": 4238,
        "0.478261": 4210,
        "0.152778": 4199,
        "0.819444": 4199,
        "0.979167": 4171,
        "0.975694": 4171,
        "0.603175": 4141,
        "0.26": 4133,
        "0.413333": 4122,
        "0.093333": 4122,
        "0.414634": 4113,
        "0.376623": 4111,
        "0.758621": 4085,
        "0.413793": 4072,
        "0.107692": 4046,
        "0.207317": 4038,
        "0.634146": 4038,
        "0.134146": 4038,
        "0.182927": 4038,
        "0.134615": 4028,
        "0.112676": 4024,
        "0.217822": 4022,
        "0.029703": 4022,
        "0.188119": 4022,
        "0.108911": 4022,
        "0.069307": 4022,
        "0.554455": 4022,
        "0.003155": 4015,
        "0.787879": 3998,
        "0.72": 3996,
        "0.772727": 3987,
        "0.663043": 3986,
        "0.66": 3984,
        "0.469388": 3977,
        "0.40625": 3964,
        "0.104478": 3957,
        "0.208955": 3957,
        "0.241935": 3946,
        "0.928571": 3946,
        "0.119658": 3930,
        "0.552632": 3923,
        "0.566667": 3920,
        "0.482759": 3902,
        "0.493151": 3881,
        "0.96": 3869,
        "0.968992": 3868,
        "0.19708": 3860,
        "0.554745": 3860,
        "0.153285": 3860,
        "0.270073": 3860,
        "0.131387": 3860,
        "0.080292": 3860,
        "0.138686": 3860,
        "0.116788": 3860,
        "0.310345": 3860,
        "0.087591": 3860,
        "0.036496": 3860,
        "0.014598": 3860,
        "0.058394": 3860,
        "0.186441": 3850,
        "0.22807": 3842,
        "0.174242": 3836,
        "0.05303": 3836,
        "0.532787": 3812,
        "0.057377": 3812,
        "0.221311": 3812,
        "0.368852": 3812,
        "0.106557": 3812,
        "0.172131": 3812,
        "0.008197": 3812,
        "0.122951": 3812,
        "0.216867": 3811,
        "0.984375": 3809,
        "0.048193": 3809,
        "0.036697": 3803,
        "0.079208": 3800,
        "0.358974": 3796,
        "0.71875": 3789,
        "0.721154": 3751,
        "0.393939": 3725,
        "0.191176": 3722,
        "0.109589": 3708,
        "0.339286": 3687,
        "0.52": 3685,
        "0.967742": 3681,
        "0.139535": 3680,
        "0.560976": 3678,
        "0.12381": 3660,
        "0.104762": 3660,
        "0.409524": 3660,
        "0.65625": 3624,
        "0.740741": 3598,
        "0.627907": 3597,
        "0.037975": 3596,
        "0.108434": 3594,
        "0.001621": 3594,
        "0.004862": 3594,
        "0.313726": 3582,
        "0.344828": 3578,
        "0.809524": 3553,
        "0.165138": 3530,
        "0.082569": 3530,
        "0.669725": 3530,
        "0.711538": 3527,
        "0.485714": 3508,
        "0.008746": 3507,
        "0.002915": 3507,
        "0.037901": 3507,
        "0.011662": 3507,
        "0.918367": 3507,
        "0.769679": 3507,
        "0.198251": 3507,
        "0.170543": 3491,
        "0.379845": 3491,
        "0.366667": 3482,
        "0.553571": 3480,
        "0.268293": 3473,
        "0.009709": 3449,
        "0.005587": 3446,
        "0.62963": 3444,
        "0.899471": 3428,
        "0.915344": 3428,
        "0.327273": 3409,
        "0.255814": 3403,
        "0.863636": 3399,
        "0.226415": 3369,
        "0.694444": 3357,
        "0.245902": 3341,
        "0.007407": 3340,
        "0.205479": 3289,
        "0.369863": 3289,
        "0.465753": 3289,
        "0.27381": 3287,
        "0.278689": 3272,
        "0.392857": 3272,
        "0.459459": 3272,
        "0.014337": 3266,
        "0.885305": 3266,
        "0.439394": 3249,
        "0.261538": 3246,
        "0.569231": 3246,
        "0.516667": 3243,
        "0.422222": 3239,
        "0.098592": 3231,
        "0.708333": 3227,
        "0.536585": 3222,
        "0.76": 3200,
        "0.680556": 3188,
        "0.169811": 3181,
        "0.816327": 3180,
        "0.383929": 3170,
        "0.133929": 3170,
        "0.205357": 3170,
        "0.098214": 3170,
        "0.073529": 3167,
        "0.681818": 3164,
        "0.717391": 3155,
        "0.807692": 3153,
        "0.491525": 3144,
        "0.15493": 3138,
        "0.71831": 3138,
        "0.234043": 3134,
        "0.069565": 3130,
        "0.321739": 3130,
        "0.269565": 3130,
        "0.052174": 3130,
        "0.22": 3127,
        "0.92": 3125,
        "0.144231": 3121,
        "0.564103": 3112,
        "0.404762": 3101,
        "0.11236": 3093,
        "0.837838": 3090,
        "0.159091": 3088,
        "0.171875": 3085,
        "0.756098": 3085,
        "0.507246": 3083,
        "0.275362": 3083,
        "0.144928": 3083,
        "0.472222": 3082,
        "0.652174": 3082,
        "0.106667": 3079,
        "0.547619": 3078,
        "0.695312": 3077,
        "0.510791": 3063,
        "0.035971": 3063,
        "0.028777": 3063,
        "0.100719": 3063,
        "0.021583": 3063,
        "0.71223": 3063,
        "0.107914": 3063,
        "0.043166": 3063,
        "0.014388": 3063,
        "0.020134": 3057,
        "0.053691": 3057,
        "0.040268": 3057,
        "0.067114": 3057,
        "0.255034": 3057,
        "0.657718": 3057,
        "0.325581": 3046,
        "0.44186": 3046,
        "0.074627": 3043,
        "0.170213": 3040,
        "0.013201": 3034,
        "0.140351": 3028,
        "0.508772": 3028,
        "0.633333": 3021,
        "0.480769": 3009,
        "0.240385": 3009,
        "0.415385": 3003,
        "0.12782": 2995,
        "0.112782": 2995,
        "0.81203": 2995,
        "0.06015": 2995,
        "0.063636": 2966,
        "0.172727": 2966,
        "0.756757": 2958,
        "0.944444": 2923,
        "0.537037": 2908,
        "0.689655": 2907,
        "0.487179": 2903,
        "0.641975": 2898,
        "0.050633": 2886,
        "0.72973": 2879,
        "0.342857": 2855,
        "0.059406": 2854,
        "0.892857": 2837,
        "0.0375": 2834,
        "0.044944": 2829,
        "0.005952": 2826,
        "0.197183": 2820,
        "0.067308": 2809,
        "0.168675": 2806,
        "0.277108": 2806,
        "0.39759": 2806,
        "0.245614": 2805,
        "0.33": 2803,
        "0.07": 2803,
        "0.23": 2803,
        "0.020548": 2800,
        "0.276596": 2784,
        "0.488889": 2783,
        "0.225352": 2775,
        "0.326531": 2744,
        "0.213483": 2742,
        "0.516854": 2742,
        "0.293333": 2735,
        "0.894737": 2731,
        "0.12069": 2723,
        "0.431034": 2723,
        "0.90625": 2722,
        "0.74359": 2718,
        "0.070175": 2714,
        "0.742857": 2713,
        "0.094203": 2708,
        "0.586957": 2708,
        "0.377049": 2707,
        "0.690909": 2704,
        "0.052941": 2699,
        "0.158824": 2699,
        "0.194118": 2699,
        "0.017647": 2699,
        "0.064706": 2699,
        "0.005882": 2699,
        "0.223529": 2699,
        "0.188235": 2699,
        "0.041177": 2699,
        "0.003953": 2682,
        "0.113208": 2665,
        "0.577465": 2658,
        "0.207547": 2645,
        "0.689922": 2644,
        "0.612403": 2644,
        "0.131783": 2644,
        "0.431818": 2644,
        "0.382353": 2621,
        "0.516129": 2618,
        "0.157303": 2612,
        "0.535714": 2610,
        "0.694915": 2600,
        "0.378788": 2591,
        "0.19697": 2591,
        "0.767123": 2579,
        "0.958904": 2579,
        "0.693878": 2569,
        "0.433333": 2567,
        "0.060345": 2565,
        "0.094828": 2565,
        "0.043103": 2565,
        "0.146552": 2565,
        "0.508621": 2565,
        "0.112069": 2565,
        "0.315068": 2561,
        "0.239316": 2556,
        "0.495726": 2556,
        "0.136752": 2556,
        "0.264957": 2556,
        "0.15873": 2550,
        "0.644444": 2548,
        "0.168831": 2548,
        "0.12987": 2548,
        "0.089744": 2545,
        "0.803571": 2544,
        "0.658537": 2542,
        "0.344444": 2519,
        "0.808824": 2512,
        "0.2375": 2512,
        "0.025316": 2511,
        "0.371429": 2500,
        "0.369048": 2493,
        "0.202381": 2493,
        "0.030612": 2486,
        "0.578125": 2486,
        "0.117188": 2486,
        "0.148438": 2486,
        "0.605263": 2482,
        "0.7625": 2480,
        "0.005495": 2469,
        "0.175439": 2461,
        "0.018018": 2459,
        "0.198198": 2459,
        "0.54955": 2459,
        "0.117117": 2459,
        "0.869565": 2449,
        "0.135802": 2436,
        "0.209877": 2436,
        "0.098765": 2436,
        "0.17284": 2436,
        "0.061728": 2436,
        "0.717949": 2420,
        "0.880952": 2404,
        "0.575758": 2390,
        "0.511628": 2385,
        "0.96875": 2376,
        "0.424658": 2369,
        "0.084507": 2358,
        "0.244898": 2353,
        "0.757576": 2347,
        "0.066265": 2346,
        "0.994413": 2342,
        "0.904762": 2330,
        "0.468085": 2329,
        "0.791667": 2321,
        "0.870968": 2309,
        "0.212766": 2305,
        "0.941176": 2293,
        "0.890625": 2292,
        "0.361702": 2290,
        "0.432432": 2281,
        "0.490196": 2273,
        "0.297872": 2270,
        "0.657895": 2251,
        "0.086021": 2250,
        "0.752688": 2250,
        "0.410256": 2226,
        "0.30303": 2225,
        "0.734375": 2222,
        "0.254237": 2219,
        "0.814815": 2217,
        "0.115942": 2210,
        "0.884058": 2210,
        "0.949275": 2210,
        "0.603774": 2206,
        "0.54321": 2206,
        "0.197531": 2206,
        "0.184615": 2203,
        "0.46875": 2195,
        "0.224138": 2190,
        "0.472727": 2177,
        "0.350877": 2174,
        "0.322581": 2164,
        "0.382979": 2163,
        "0.825": 2160,
        "0.268657": 2150,
        "0.788462": 2146,
        "0.557692": 2146,
        "0.344086": 2144,
        "0.837209": 2137,
        "0.507463": 2136,
        "0.475": 2132,
        "0.842105": 2131,
        "0.821429": 2127,
        "0.146667": 2120,
        "0.173333": 2120,
        "0.345238": 2116,
        "0.688525": 2114,
        "0.213115": 2114,
        "0.641509": 2109,
        "0.622222": 2074,
        "0.595745": 2071,
        "0.730337": 2064,
        "0.898876": 2064,
        "0.010363": 2063,
        "0.989637": 2054,
        "0.378378": 2054,
        "0.065574": 2053,
        "0.94958": 2050,
        "0.369748": 2050,
        "0.911111": 2043,
        "0.836957": 2041,
        "0.076087": 2041,
        "0.711111": 2040,
        "0.543478": 2019,
        "0.59375": 2019,
        "0.290323": 2003,
        "0.643836": 1986,
        "0.328767": 1986,
        "0.604167": 1980,
        "0.074468": 1975,
        "0.117021": 1975,
        "0.329787": 1975,
        "0.138298": 1975,
        "0.676471": 1972,
        "0.913043": 1969,
        "0.540541": 1957,
        "0.183099": 1955,
        "0.813559": 1949,
        "0.796296": 1945,
        "0.745763": 1940,
        "0.079545": 1936,
        "0.192982": 1928,
        "0.27451": 1917,
        "0.709091": 1905,
        "0.398438": 1904,
        "0.070312": 1904,
        "0.164062": 1904,
        "0.954545": 1894,
        "0.78125": 1893,
        "0.413043": 1879,
        "0.220588": 1874,
        "0.513889": 1847,
        "0.467742": 1837,
        "0.483871": 1836,
        "0.127907": 1834,
        "0.403846": 1829,
        "0.390244": 1828,
        "0.175676": 1818,
        "0.094595": 1818,
        "0.472973": 1818,
        "0.410714": 1813,
        "0.004219": 1807,
        "0.021097": 1807,
        "0.042194": 1807,
        "0.831224": 1807,
        "0.953587": 1807,
        "0.53125": 1804,
        "0.265625": 1801,
        "0.995138": 1797,
        "0.183144": 1797,
        "0.025932": 1797,
        "0.006483": 1797,
        "0.197731": 1797,
        "0.410049": 1797,
        "0.983793": 1797,
        "0.126582": 1789,
        "0.075949": 1789,
        "0.007905": 1788,
        "0.295775": 1783,
        "0.098361": 1782,
        "0.387755": 1778,
        "0.065789": 1777,
        "0.486842": 1777,
        "0.202899": 1776,
        "0.010989": 1756,
        "0.186667": 1751,
        "0.339623": 1751,
        "0.62": 1742,
        "0.626667": 1742,
        "0.76087": 1725,
        "0.282609": 1720,
        "0.984436": 1718,
        "0.086207": 1698,
        "0.005376": 1695,
        "0.947368": 1691,
        "0.84127": 1681,
        "0.574468": 1679,
        "0.618182": 1679,
        "0.477273": 1661,
        "0.577778": 1661,
        "0.179688": 1653,
        "0.835938": 1653,
        "0.039062": 1653,
        "0.295082": 1636,
        "0.163934": 1636,
        "0.314286": 1631,
        "0.609756": 1624,
        "0.862069": 1622,
        "0.120482": 1621,
        "0.819277": 1621,
        "0.170732": 1614,
        "0.441176": 1614,
        "0.370968": 1611,
        "0.532258": 1611,
        "0.465116": 1606,
        "0.515152": 1598,
        "0.319149": 1594,
        "0.844828": 1588,
        "0.84375": 1588,
        "0.80198": 1582,
        "0.049505": 1582,
        "0.929412": 1580,
        "0.968254": 1578,
        "0.607143": 1576,
        "0.77193": 1573,
        "0.309524": 1565,
        "0.349057": 1559,
        "0.103774": 1559,
        "0.235849": 1559,
        "0.141509": 1559,
        "0.419355": 1540,
        "0.806452": 1540,
        "0.530612": 1537,
        "0.161765": 1531,
        "0.606061": 1528,
        "0.724138": 1528,
        "0.645833": 1523,
        "0.596154": 1521,
        "0.351351": 1518,
        "0.023102": 1517,
        "0.887789": 1517,
        "0.89769": 1517,
        "0.986799": 1517,
        "0.980198": 1517,
        "0.0033": 1517,
        "0.966667": 1514,
        "0.061404": 1513,
        "0.506849": 1512,
        "0.85": 1510,
        "0.116667": 1507,
        "0.028369": 1498,
        "0.024823": 1498,
        "0.868794": 1498,
        "0.879433": 1498,
        "0.985816": 1498,
        "0.971631": 1498,
        "0.887324": 1478,
        "0.962963": 1478,
        "0.493506": 1469,
        "0.337662": 1469,
        "0.115789": 1467,
        "0.063158": 1467,
        "0.557895": 1467,
        "0.702703": 1451,
        "0.04386": 1447,
        "0.649123": 1447,
        "0.519231": 1445,
        "0.177215": 1443,
        "0.708861": 1443,
        "0.528302": 1440,
        "0.283019": 1439,
        "0.956522": 1434,
        "0.170455": 1433,
        "0.147727": 1433,
        "0.352273": 1433,
        "0.425926": 1430,
        "0.440678": 1427,
        "0.229167": 1417,
        "0.367647": 1413,
        "0.189873": 1408,
        "0.617647": 1408,
        "0.006849": 1400,
        "0.116438": 1400,
        "0.130137": 1400,
        "0.650685": 1400,
        "0.047945": 1400,
        "0.084337": 1400,
        "0.759036": 1400,
        "0.264151": 1391,
        "0.464286": 1390,
        "0.195122": 1376,
        "0.348315": 1367,
        "0.370787": 1367,
        "0.089888": 1367,
        "0.52809": 1367,
        "0.619718": 1366,
        "0.952381": 1356,
        "0.822222": 1350,
        "0.581395": 1350,
        "0.779661": 1348,
        "0.590164": 1343,
        "0.794521": 1339,
        "0.706897": 1328,
        "0.323529": 1320,
        "0.790698": 1320,
        "0.126984": 1307,
        "0.31746": 1307,
        "0.452381": 1301,
        "0.348837": 1297,
        "0.95": 1282,
        "0.511111": 1280,
        "0.486486": 1278,
        "0.525": 1278,
        "0.69697": 1277,
        "0.131148": 1269,
        "0.515789": 1259,
        "0.410526": 1259,
        "0.357895": 1259,
        "0.094737": 1259,
        "0.80597": 1259,
        "0.010101": 1250,
        "0.316667": 1247,
        "0.616667": 1247,
        "0.640449": 1245,
        "0.269663": 1245,
        "0.426966": 1245,
        "0.223881": 1244,
        "0.231343": 1244,
        "0.11194": 1244,
        "0.132353": 1243,
        "0.348485": 1238,
        "0.621212": 1238,
        "0.487805": 1221,
        "0.527778": 1211,
        "0.544118": 1210,
        "0.431373": 1207,
        "0.627451": 1207,
        "0.867925": 1204,
        "0.072165": 1201,
        "0.824742": 1201,
        "0.216495": 1201,
        "0.85567": 1201,
        "0.648148": 1199,
        "0.657143": 1197,
        "0.488372": 1191,
        "0.970874": 1179,
        "0.92233": 1179,
        "0.354839": 1177,
        "0.162791": 1174,
        "0.512048": 1173,
        "0.006024": 1173,
        "0.771084": 1173,
        "0.73494": 1173,
        "0.245283": 1167,
        "0.104348": 1167,
        "0.773913": 1167,
        "0.597222": 1164,
        "0.989583": 1162,
        "0.322917": 1162,
        "0.845361": 1157,
        "0.701031": 1157,
        "0.113402": 1157,
        "0.020619": 1157,
        "0.780488": 1148,
        "0.697674": 1148,
        "0.439024": 1144,
        "0.519608": 1139,
        "0.127451": 1139,
        "0.04902": 1139,
        "0.592233": 1135,
        "0.262136": 1135,
        "0.087379": 1135,
        "0.038835": 1135,
        "0.048544": 1135,
        "0.23301": 1135,
        "0.15534": 1135,
        "0.07767": 1135,
        "0.194175": 1135,
        "0.695122": 1123,
        "0.109756": 1123,
        "0.628571": 1108,
        "0.703704": 1095,
        "0.621622": 1089,
        "0.9875": 1087,
        "0.415094": 1074,
        "0.053763": 1072,
        "0.365591": 1072,
        "0.977012": 1070,
        "0.942529": 1070,
        "0.023622": 1065,
        "0.047244": 1065,
        "0.031496": 1065,
        "0.629921": 1065,
        "0.370079": 1065,
        "0.070866": 1065,
        "0.275591": 1065,
        "0.055118": 1065,
        "0.062992": 1065,
        "0.287879": 1057,
        "0.005181": 1054,
        "0.586207": 1047,
        "0.935484": 1038,
        "0.773585": 1035,
        "0.702128": 1033,
        "0.918182": 1031,
        "0.981818": 1031,
        "0.155172": 1030,
        "0.539326": 1029,
        "0.393258": 1029,
        "0.462963": 1029,
        "0.917098": 1027,
        "0.92228": 1027,
        "0.457143": 1023,
        "0.816901": 1022,
        "0.831169": 1018,
        "0.755556": 1006,
        "0.20339": 1003,
        "0.677966": 1003,
        "0.647887": 992,
        "0.614035": 986,
        "0.542857": 983,
        "0.481481": 976,
        "0.451613": 969,
        "0.612903": 965,
        "0.826923": 959,
        "0.868852": 955,
        "0.446429": 949,
        "0.369565": 947,
        "0.885714": 943,
        "0.029762": 942,
        "0.970238": 942,
        "0.972222": 942,
        "0.704225": 933,
        "0.021978": 933,
        "0.975": 921,
        "0.034884": 917,
        "0.534884": 917,
        "0.058139": 917,
        "0.948052": 916,
        "0.011173": 910,
        "0.626866": 906,
        "0.320158": 894,
        "0.134387": 894,
        "0.031621": 894,
        "0.893281": 894,
        "0.313433": 892,
        "0.19403": 892,
        "0.19": 883,
        "0.921569": 883,
        "0.99": 883,
        "0.29": 883,
        "0.134328": 880,
        "0.380282": 875,
        "0.408451": 875,
        "0.973333": 874,
        "0.955556": 864,
        "0.23913": 845,
        "0.456522": 845,
        "0.883117": 842,
        "0.931035": 841,
        "0.864198": 839,
        "0.290909": 837,
        "0.674419": 837,
        "0.104651": 837,
        "0.22093": 837,
        "0.593023": 837,
        "0.011628": 837,
        "0.051852": 835,
        "0.096296": 835,
        "0.525926": 835,
        "0.355556": 835,
        "0.611765": 831,
        "0.282353": 831,
        "0.458824": 831,
        "0.830357": 830,
        "0.116071": 830,
        "0.954955": 829,
        "0.990991": 829,
        "0.985075": 827,
        "0.645161": 827,
        "0.82967": 823,
        "0.967033": 823,
        "0.829268": 820,
        "0.528571": 819,
        "0.128571": 819,
        "0.728571": 819,
        "0.46": 814,
        "0.884615": 813,
        "0.961538": 808,
        "0.675926": 805,
        "0.082019": 803,
        "0.138801": 803,
        "0.192429": 803,
        "0.996845": 803,
        "0.006309": 803,
        "0.338462": 800,
        "0.98": 797,
        "0.682927": 796,
        "0.053333": 792,
        "0.539683": 789,
        "0.587302": 789,
        "0.873016": 789,
        "0.554217": 788,
        "0.301205": 788,
        "0.903226": 786,
        "0.510638": 786,
        "0.794872": 781,
        "0.612245": 774,
        "0.734694": 774,
        "0.949495": 773,
        "0.45283": 760,
        "0.404255": 756,
        "0.585366": 752,
        "0.925926": 750,
        "0.861111": 746,
        "0.58": 744,
        "0.741935": 744,
        "0.568627": 744,
        "0.745098": 744,
        "0.675676": 743,
        "0.868613": 734,
        "0.948905": 734,
        "0.021898": 734,
        "0.992701": 734,
        "0.7125": 733,
        "0.520833": 722,
        "0.748603": 716,
        "0.743017": 716,
        "0.958333": 713,
        "0.150943": 712,
        "0.735294": 708,
        "0.152542": 706,
        "0.474576": 706,
        "0.607595": 704,
        "0.113924": 704,
        "0.658228": 704,
        "0.101266": 692,
        "0.876543": 692,
        "0.930233": 692,
        "0.654762": 689,
        "0.973684": 687,
        "0.1375": 683,
        "0.8375": 683,
        "0.84": 681,
        "0.963636": 675,
        "0.675": 667,
        "0.584416": 647,
        "0.725": 640,
        "0.060976": 640,
        "0.594059": 636,
        "0.405941": 636,
        "0.766667": 633,
        "0.852941": 631,
        "0.820895": 625,
        "0.989247": 622,
        "0.805556": 615,
        "0.569444": 613,
        "0.002128": 612,
        "0.531915": 610,
        "0.258621": 604,
        "0.003623": 597,
        "0.540984": 593,
        "0.83871": 590,
        "0.228758": 583,
        "0.970588": 581,
        "0.965517": 573,
        "0.433962": 573,
        "0.956989": 565,
        "0.946237": 565,
        "0.94086": 565,
        "0.951807": 556,
        "0.975904": 556,
        "0.988764": 555,
        "0.955056": 555,
        "0.94382": 555,
        "0.982143": 546,
        "0.824561": 543,
        "0.911765": 540,
        "0.183333": 536,
        "0.283333": 536,
        "0.816667": 536,
        "0.634615": 531,
        "0.442308": 531,
        "0.589744": 529,
        "0.878049": 527,
        "0.774648": 521,
        "0.422535": 521,
        "0.672131": 519,
        "0.311475": 519,
        "0.489362": 516,
        "0.340426": 516,
        "0.786325": 513,
        "0.42735": 513,
        "0.08547": 513,
        "0.534091": 503,
        "0.329545": 503,
        "0.44898": 501,
        "0.827586": 498,
        "0.87234": 497,
        "0.961111": 497,
        "0.632653": 496,
        "0.765957": 494,
        "0.310811": 493,
        "0.660714": 491,
        "0.848485": 476,
        "0.685185": 471,
        "0.574074": 471,
        "0.951613": 469,
        "0.218182": 467,
        "0.851064": 465,
        "0.986014": 465,
        "0.006993": 465,
        "0.958042": 465,
        "0.027972": 465,
        "0.425532": 462,
        "0.66129": 460,
        "0.957747": 456,
        "0.985915": 456,
        "0.45614": 456,
        "0.676056": 456,
        "0.793103": 455,
        "0.767857": 451,
        "0.425": 449,
        "0.97561": 441,
        "0.552239": 440,
        "0.776119": 440,
        "0.767442": 434,
        "0.788889": 431,
        "0.596491": 430,
        "0.744186": 415,
        "0.988095": 412,
        "0.794118": 405,
        "0.897959": 403,
        "0.891304": 402,
        "0.871795": 399,
        "0.510204": 391,
        "0.377778": 367,
        "0.721311": 366,
        "0.54386": 355,
        "0.661017": 349,
        "0.851852": 348,
        "0.063291": 346,
        "0.56962": 346,
        "0.265823": 346,
        "0.688889": 337,
        "0.901961": 336,
        "0.591837": 332,
        "0.988889": 327,
        "0.18": 321,
        "0.905405": 316,
        "0.986486": 316,
        "0.548387": 304,
        "0.978261": 300,
        "0.576087": 300,
        "0.554348": 300,
        "0.755102": 299,
        "0.512821": 293,
        "0.281818": 281,
        "0.254545": 281,
        "0.990909": 281,
        "0.924528": 275,
        "0.633027": 273,
        "0.211009": 273,
        "0.192661": 273,
        "0.868421": 270,
        "0.962264": 269,
        "0.886792": 269,
        "0.792453": 269,
        "0.306122": 260,
        "0.938776": 259,
        "0.781818": 253,
        "0.783784": 250,
        "0.434343": 250,
        "0.050505": 250,
        "0.895833": 237,
        "0.381818": 235,
        "0.372093": 229,
        "0.395833": 224,
        "0.575": 221,
        "0.989011": 220,
        "0.192771": 217,
        "0.279412": 215,
        "0.897059": 215,
        "0.959184": 211,
        "0.974359": 206,
        "0.012766": 204,
        "0.076596": 204,
        "0.023404": 204,
        "0.006383": 204,
        "0.980851": 204,
        "0.044681": 204,
        "0.029787": 204,
        "0.373134": 202,
        "0.462687": 202,
        "0.970149": 202,
        "0.659091": 200,
        "0.992754": 199,
        "0.297101": 199,
        "0.996377": 199,
        "0.41791": 191,
        "0.940298": 191,
        "0.78": 188,
        "0.976744": 184,
        "0.897436": 180,
        "0.830189": 177,
        "0.731707": 173,
        "0.673913": 172,
        "0.883721": 172,
        "0.97619": 171,
        "0.782609": 161,
        "0.690476": 156,
        "0.967213": 146,
        "0.964912": 145,
        "0.004566": 144,
        "0.878788": 144,
        "0.964286": 141,
        "0.771429": 118,
        "0.467532": 116,
        "0.987013": 116,
        "0.157143": 115,
        "0.528846": 112,
        "0.725275": 110,
        "0.736264": 110,
        "0.054945": 110,
        "0.164835": 110,
        "0.932203": 110,
        "0.980392": 107,
        "0.906977": 106,
        "0.891892": 103,
        "0.396552": 94,
        "0.981132": 92,
        "0.948718": 90,
        "0.843137": 89,
        "0.753086": 80,
        "0.506173": 80,
        "0.942857": 70,
        "0.914286": 70,
        "0.991228": 66,
        "0.902439": 62,
        "0.031414": 59,
        "0.062827": 59,
        "0.918919": 54,
        "0.707692": 50,
        "0.673077": 50,
        "0.453125": 50,
        "0.984615": 50,
        "0.063927": 36,
        "0.977778": 29,
        "0.984848": 26,
        "0.191304": 26,
        "0.095652": 26,
        "0.765217": 26,
        "0.969697": 24,
        "0.418605": 12,
        "0.921053": 10,
        "0.935897": 10,
        "0.072539": 9,
        "0.031088": 9,
        "0.088083": 9,
        "0.492228": 9,
        "0.959677": 9,
        "0.284974": 9,
        "0.015544": 9,
        "0.006173": 8,
        "0.223684": 6,
        "0.815789": 5,
        "0.993827": 4,
        "0.763636": 2,
        "0.21393": 2,
        "0.004975": 2,
        "0.00995": 2,
        "0.938144": 1,
        "0.56701": 1,
        "0.061856": 1,
        "0.948454": 1
    },
    "nrows": 30530313
}