{
    "column_id": "Financial/Financial.csvFinancial.csv/client.A5",
    "dataset_name": "Financial.csv",
    "dataset_id": "Financial/Financial.csv",
    "path": "/home/ubuntu/CatDB/Experiments/data/Financial/Financial.csv",
    "table_name": "Financial.csv",
    "table_id": "Financial/Financial.csvFinancial.csv",
    "column_name": "client.A5",
    "data_source": "Financial",
    "data_type": "int",
    "total_values_count": 552017,
    "distinct_values_count": 53,
    "missing_values_count": 0,
    "true_ratio": null,
    "min_value": 0.0,
    "max_value": 151.0,
    "mean": 41.032975433727586,
    "median": 37.0,
    "iqr": 56.0,
    "category_values": [
        0,
        87,
        15,
        94,
        50,
        74,
        77,
        29,
        9,
        151,
        5,
        41,
        11,
        69,
        22,
        83,
        48,
        32,
        49,
        52,
        95,
        61,
        71,
        98,
        17,
        4,
        65,
        63,
        60,
        85,
        101,
        59,
        35,
        88,
        28,
        8,
        34,
        75,
        66,
        37,
        38,
        25,
        80,
        24,
        73,
        21,
        55,
        31,
        84,
        139,
        99,
        67,
        10
    ],
    "embedding": [
        -1.0,
        -1.0,
        -1.0,
        1.0,
        -1.0,
        1.0,
        -1.0,
        -1.0,
        -1.0,
        -1.0,
        1.0,
        -1.0,
        -1.0,
        1.0,
        1.0,
        1.0,
        1.0,
        -1.0,
        1.0,
        -1.0,
        1.0,
        -1.0,
        1.0,
        -1.0,
        1.0,
        -1.0,
        -1.0,
        1.0,
        -1.0,
        -1.0,
        1.0,
        1.0,
        -1.0,
        -1.0,
        -1.0,
        1.0,
        -1.0,
        1.0,
        1.0,
        -1.0,
        -1.0,
        1.0,
        -1.0,
        -1.0,
        -1.0,
        -1.0,
        1.0,
        -1.0,
        -1.0,
        -0.6747194528579712,
        -1.0,
        1.0,
        1.0,
        1.0,
        -1.0,
        1.0,
        1.0,
        1.0,
        -1.0,
        0.9175263047218323,
        -1.0,
        -1.0,
        1.0,
        -1.0,
        1.0,
        -1.0,
        1.0,
        -1.0,
        1.0,
        1.0,
        1.0,
        -1.0,
        -1.0,
        -1.0,
        -1.0,
        1.0,
        1.0,
        1.0,
        1.0,
        1.0,
        1.0,
        1.0,
        1.0,
        -1.0,
        -1.0,
        1.0,
        -1.0,
        1.0,
        1.0,
        1.0,
        -1.0,
        1.0,
        1.0,
        -1.0,
        1.0,
        -1.0,
        1.0,
        -1.0,
        -1.0,
        -1.0,
        -0.9622045755386353,
        -1.0,
        1.0,
        -1.0,
        -1.0,
        1.0,
        1.0,
        1.0,
        -1.0,
        -1.0,
        1.0,
        -1.0,
        -1.0,
        1.0,
        1.0,
        1.0,
        1.0,
        1.0,
        1.0,
        -1.0,
        -1.0,
        1.0,
        -1.0,
        -1.0,
        1.0,
        -1.0,
        -1.0,
        -1.0,
        -1.0,
        1.0,
        -1.0,
        1.0,
        -1.0,
        -1.0,
        1.0,
        -1.0,
        -1.0,
        1.0,
        1.0,
        -1.0,
        1.0,
        1.0,
        1.0,
        -1.0,
        1.0,
        -1.0,
        1.0,
        -1.0,
        -1.0,
        -1.0,
        1.0,
        -1.0,
        1.0,
        -1.0,
        1.0,
        -1.0,
        1.0,
        -1.0,
        1.0,
        -1.0,
        -1.0,
        1.0,
        -1.0,
        -1.0,
        1.0,
        -1.0,
        1.0,
        -1.0,
        -1.0,
        -1.0,
        -1.0,
        -1.0,
        1.0,
        1.0,
        -1.0,
        -1.0,
        1.0,
        -1.0,
        -1.0,
        -1.0,
        1.0,
        -1.0,
        -1.0,
        -1.0,
        1.0,
        -1.0,
        1.0,
        -1.0,
        -1.0,
        -1.0,
        1.0,
        1.0,
        1.0,
        1.0,
        -1.0,
        -1.0,
        1.0,
        -1.0,
        -1.0,
        1.0,
        -1.0,
        1.0,
        -1.0,
        -1.0,
        -1.0,
        -1.0,
        1.0,
        1.0,
        -1.0,
        -1.0,
        -1.0,
        1.0,
        -1.0,
        -1.0,
        -1.0,
        1.0,
        -1.0,
        1.0,
        -1.0,
        -1.0,
        1.0,
        -1.0,
        -1.0,
        1.0,
        -1.0,
        -0.6797888278961182,
        1.0,
        -1.0,
        -1.0,
        -1.0,
        1.0,
        -1.0,
        1.0,
        -1.0,
        -1.0,
        1.0,
        -1.0,
        1.0,
        1.0,
        -1.0,
        1.0,
        -0.6678245067596436,
        1.0,
        -1.0,
        1.0,
        1.0,
        -1.0,
        -1.0,
        -1.0,
        1.0,
        1.0,
        1.0,
        -1.0,
        -1.0,
        -1.0,
        1.0,
        1.0,
        -1.0,
        -1.0,
        -1.0,
        1.0,
        1.0,
        1.0,
        -1.0,
        1.0,
        -1.0,
        -1.0,
        -1.0,
        1.0,
        1.0,
        -0.9579302668571472,
        -1.0,
        -1.0,
        1.0,
        -1.0,
        1.0,
        1.0,
        1.0,
        1.0,
        1.0,
        1.0,
        -1.0,
        1.0,
        1.0,
        1.0,
        -1.0,
        -1.0,
        1.0,
        -1.0,
        -1.0,
        -1.0,
        1.0,
        -1.0,
        -1.0,
        -1.0,
        -1.0,
        -1.0,
        1.0,
        1.0,
        1.0
    ],
    "embedding_scaling_factor": 43.68233871459961,
    "samples": [
        0,
        49,
        10,
        21,
        22,
        38,
        0,
        66,
        0,
        41,
        0,
        61,
        0,
        9,
        15,
        69,
        0,
        0,
        29,
        0,
        59,
        52,
        65,
        28,
        65,
        63,
        0,
        49,
        98,
        29,
        0,
        34,
        71,
        17,
        22,
        0,
        49,
        17,
        151,
        0,
        61,
        0,
        0,
        17,
        88,
        85,
        41,
        65,
        41,
        0,
        32,
        71,
        17,
        0,
        41,
        73,
        28,
        83,
        139,
        35,
        60,
        41,
        0,
        74,
        50,
        41,
        0,
        85,
        21,
        98,
        0,
        50,
        151,
        77,
        151,
        0,
        21,
        71,
        21,
        0,
        0,
        38,
        0,
        61,
        61,
        0,
        22,
        0,
        0,
        17,
        49,
        71,
        0,
        151,
        34,
        75,
        22,
        0,
        8,
        41
    ],
    "category_values_ratio": {
        "0": 124649,
        "49": 21305,
        "41": 19886,
        "61": 19294,
        "50": 16211,
        "29": 15894,
        "15": 15759,
        "32": 14803,
        "38": 14183,
        "71": 13837,
        "59": 13321,
        "151": 13058,
        "34": 12833,
        "17": 12689,
        "65": 11163,
        "21": 10645,
        "31": 10173,
        "22": 9777,
        "87": 8760,
        "99": 8354,
        "35": 8344,
        "75": 8015,
        "8": 7350,
        "85": 7186,
        "74": 7042,
        "80": 6506,
        "37": 6490,
        "60": 6360,
        "48": 6334,
        "69": 6139,
        "66": 6064,
        "25": 5833,
        "55": 5791,
        "88": 5688,
        "98": 5319,
        "9": 5267,
        "73": 5226,
        "28": 5177,
        "52": 4970,
        "83": 4834,
        "84": 4817,
        "94": 4511,
        "63": 3945,
        "11": 3841,
        "24": 3312,
        "67": 3274,
        "139": 3174,
        "101": 3074,
        "10": 2982,
        "77": 2858,
        "5": 2367,
        "4": 2073,
        "95": 1260
    },
    "nrows": 552017
}