{
    "column_id": "Financial/Financial.csvFinancial.csv/account_id",
    "dataset_name": "Financial.csv",
    "dataset_id": "Financial/Financial.csv",
    "path": "/home/ubuntu/CatDB/Experiments/data/Financial/Financial.csv",
    "table_name": "Financial.csv",
    "table_id": "Financial/Financial.csvFinancial.csv",
    "column_name": "account_id",
    "data_source": "Financial",
    "data_type": "int",
    "total_values_count": 552017,
    "distinct_values_count": 682,
    "missing_values_count": 0,
    "true_ratio": null,
    "min_value": 2.0,
    "max_value": 11362.0,
    "mean": 5977.516192436103,
    "median": 6051.0,
    "iqr": 5712.0,
    "category_values": [
        2,
        19,
        25,
        37,
        38,
        67,
        97,
        103,
        105,
        110,
        132,
        173,
        176,
        226,
        276,
        290,
        303,
        309,
        314,
        319,
        330,
        339,
        344,
        347,
        349,
        378,
        426,
        440,
        442,
        472,
        501,
        525,
        544,
        666,
        675,
        718,
        785,
        789,
        790,
        808,
        813,
        816,
        817,
        825,
        846,
        854,
        873,
        915,
        938,
        940,
        960,
        993,
        1004,
        1011,
        1012,
        1068,
        1071,
        1083,
        1093,
        1106,
        1166,
        1242,
        1244,
        1247,
        1250,
        1252,
        1256,
        1270,
        1284,
        1318,
        1329,
        1374,
        1375,
        1389,
        1407,
        1447,
        1480,
        1498,
        1527,
        1528,
        1580,
        1583,
        1603,
        1638,
        1656,
        1698,
        1718,
        1762,
        1766,
        1772,
        1776,
        1787,
        1801,
        1808,
        1811,
        1819,
        1843,
        1862,
        1869,
        1876,
        1886,
        1888,
        1906,
        1928,
        1967,
        1978,
        1993,
        2000,
        2018,
        2035,
        2051,
        2055,
        2062,
        2064,
        2073,
        2080,
        2106,
        2116,
        2134,
        2142,
        2143,
        2153,
        2165,
        2167,
        2176,
        2187,
        2218,
        2227,
        2228,
        2236,
        2245,
        2246,
        2247,
        2262,
        2268,
        2279,
        2322,
        2334,
        2335,
        2343,
        2345,
        2350,
        2352,
        2361,
        2413,
        2419,
        2445,
        2456,
        2486,
        2496,
        2516,
        2545,
        2572,
        2580,
        2622,
        2694,
        2699,
        2705,
        2720,
        2725,
        2728,
        2753,
        2754,
        2762,
        2824,
        2872,
        2910,
        2912,
        2933,
        2936,
        2962,
        2982,
        2986,
        2988,
        2994,
        3005,
        3021,
        3037,
        3050,
        3064,
        3084,
        3112,
        3115,
        3137,
        3143,
        3161,
        3166,
        3189,
        3229,
        3230,
        3249,
        3273,
        3293,
        3329,
        3353,
        3354,
        3390,
        3403,
        3418,
        3448,
        3455,
        3460,
        3489,
        3556,
        3562,
        3608,
        3629,
        3637,
        3664,
        3674,
        3678,
        3679,
        3711,
        3747,
        3752,
        3754,
        3804,
        3834,
        3859,
        3862,
        3875,
        3906,
        3907,
        3916,
        3942,
        3953,
        3967,
        4033,
        4052,
        4079,
        4081,
        4099,
        4116,
        4127,
        4144,
        4190,
        4259,
        4260,
        4268,
        4293,
        4320,
        4337,
        4342,
        4354,
        4361,
        4413,
        4414,
        4415,
        4423,
        4427,
        4447,
        4448,
        4456,
        4462,
        4467,
        4473,
        4476,
        4503,
        4533,
        4550,
        4576,
        4580,
        4585,
        4616,
        4618,
        4626,
        4631,
        4650,
        4660,
        4681,
        4715,
        4725,
        4727,
        4746,
        4774,
        4784,
        4794,
        4803,
        4825,
        4851,
        4852,
        4858,
        4863,
        4894,
        4907,
        4937,
        4948,
        4949,
        4969,
        4981,
        4994,
        4995,
        4999,
        5001,
        5033,
        5066,
        5072,
        5118,
        5120,
        5126,
        5133,
        5164,
        5180,
        5181,
        5196,
        5213,
        5215,
        5228,
        5256,
        5263,
        5267,
        5269,
        5270,
        5283,
        5305,
        5313,
        5317,
        5358,
        5362,
        5385,
        5395,
        5422,
        5428,
        5442,
        5445,
        5477,
        5481,
        5541,
        5572,
        5574,
        5591,
        5593,
        5602,
        5622,
        5628,
        5632,
        5650,
        5698,
        5700,
        5724,
        5735,
        5742,
        5774,
        5794,
        5837,
        5891,
        5912,
        5927,
        5944,
        5952,
        5991,
        6030,
        6034,
        6040,
        6051,
        6061,
        6062,
        6075,
        6083,
        6097,
        6118,
        6138,
        6148,
        6157,
        6158,
        6226,
        6265,
        6273,
        6289,
        6353,
        6358,
        6363,
        6397,
        6400,
        6425,
        6434,
        6440,
        6453,
        6461,
        6472,
        6473,
        6495,
        6505,
        6510,
        6555,
        6592,
        6609,
        6649,
        6678,
        6686,
        6688,
        6699,
        6701,
        6706,
        6715,
        6738,
        6792,
        6856,
        6902,
        6922,
        6924,
        6930,
        6950,
        6985,
        7045,
        7049,
        7052,
        7082,
        7099,
        7123,
        7133,
        7136,
        7156,
        7176,
        7180,
        7181,
        7184,
        7190,
        7240,
        7262,
        7274,
        7401,
        7418,
        7424,
        7437,
        7445,
        7454,
        7485,
        7523,
        7542,
        7546,
        7559,
        7562,
        7565,
        7594,
        7606,
        7607,
        7614,
        7632,
        7636,
        7637,
        7674,
        7713,
        7721,
        7733,
        7745,
        7753,
        7765,
        7769,
        7795,
        7815,
        7819,
        7824,
        7844,
        7857,
        7859,
        7861,
        7890,
        7894,
        7907,
        7926,
        7957,
        7965,
        7966,
        7990,
        7997,
        8026,
        8027,
        8038,
        8039,
        8041,
        8051,
        8073,
        8085,
        8092,
        8094,
        8114,
        8127,
        8129,
        8158,
        8159,
        8169,
        8173,
        8225,
        8260,
        8261,
        8268,
        8316,
        8320,
        8321,
        8327,
        8330,
        8377,
        8381,
        8405,
        8411,
        8475,
        8489,
        8492,
        8505,
        8519,
        8523,
        8533,
        8547,
        8558,
        8564,
        8566,
        8625,
        8639,
        8645,
        8680,
        8688,
        8713,
        8742,
        8772,
        8776,
        8784,
        8899,
        8919,
        8926,
        8931,
        8972,
        8982,
        9006,
        9017,
        9024,
        9030,
        9031,
        9034,
        9037,
        9052,
        9093,
        9104,
        9138,
        9140,
        9153,
        9156,
        9159,
        9167,
        9179,
        9188,
        9199,
        9201,
        9208,
        9225,
        9227,
        9235,
        9236,
        9241,
        9242,
        9263,
        9265,
        9307,
        9337,
        9353,
        9377,
        9403,
        9422,
        9424,
        9433,
        9455,
        9472,
        9491,
        9493,
        9494,
        9504,
        9510,
        9513,
        9548,
        9560,
        9583,
        9591,
        9627,
        9631,
        9633,
        9640,
        9645,
        9646,
        9656,
        9673,
        9677,
        9730,
        9731,
        9750,
        9790,
        9814,
        9828,
        9833,
        9859,
        9869,
        9897,
        9928,
        10001,
        10005,
        10019,
        10022,
        10049,
        10063,
        10065,
        10068,
        10079,
        10093,
        10105,
        10131,
        10134,
        10148,
        10202,
        10215,
        10233,
        10243,
        10257,
        10266,
        10280,
        10297,
        10320,
        10345,
        10351,
        10361,
        10364,
        10365,
        10404,
        10411,
        10436,
        10439,
        10440,
        10445,
        10451,
        10478,
        10493,
        10520,
        10613,
        10630,
        10644,
        10645,
        10650,
        10652,
        10663,
        10679,
        10711,
        10728,
        10738,
        10762,
        10774,
        10788,
        10789,
        10799,
        10807,
        10812,
        10857,
        10884,
        10905,
        10911,
        10915,
        10940,
        10942,
        10954,
        10963,
        10973,
        11013,
        11021,
        11027,
        11042,
        11054,
        11065,
        11069,
        11079,
        11096,
        11111,
        11135,
        11138,
        11141,
        11186,
        11231,
        11244,
        11265,
        11271,
        11317,
        11327,
        11328,
        11349,
        11359,
        11362
    ],
    "embedding": [
        -1.0,
        -1.0,
        -1.0,
        1.0,
        -1.0,
        1.0,
        -1.0,
        -1.0,
        -1.0,
        -1.0,
        1.0,
        -1.0,
        -1.0,
        1.0,
        1.0,
        1.0,
        1.0,
        -1.0,
        1.0,
        -1.0,
        1.0,
        -1.0,
        1.0,
        -1.0,
        1.0,
        -1.0,
        -1.0,
        1.0,
        -1.0,
        -1.0,
        1.0,
        1.0,
        -1.0,
        -1.0,
        -1.0,
        1.0,
        -1.0,
        1.0,
        1.0,
        -1.0,
        -1.0,
        1.0,
        -1.0,
        -1.0,
        -1.0,
        -1.0,
        1.0,
        -1.0,
        -0.9999999403953552,
        -0.9734322428703308,
        -1.0,
        1.0,
        1.0,
        1.0,
        -1.0,
        1.0,
        1.0,
        1.0,
        -1.0,
        0.9928448796272278,
        -1.0,
        -1.0,
        1.0,
        -1.0,
        1.0,
        -1.0,
        1.0,
        -1.0,
        1.0,
        1.0,
        1.0,
        -1.0,
        -1.0,
        -1.0,
        -1.0,
        1.0,
        1.0,
        1.0,
        1.0,
        1.0,
        1.0,
        1.0,
        1.0,
        -1.0,
        -1.0,
        1.0,
        -1.0,
        1.0,
        1.0,
        1.0,
        -1.0,
        1.0,
        1.0,
        -1.0,
        1.0,
        -1.0,
        1.0,
        -1.0,
        -1.0,
        -1.0,
        -0.995915949344635,
        -1.0,
        1.0,
        -1.0,
        -1.0,
        1.0,
        1.0,
        1.0,
        -1.0,
        -1.0,
        1.0,
        -1.0,
        -1.0,
        1.0,
        1.0,
        1.0,
        1.0,
        1.0,
        1.0,
        -1.0,
        -1.0,
        1.0,
        -1.0,
        -1.0,
        1.0,
        -1.0,
        -1.0,
        -0.9999999403953552,
        -1.0,
        1.0,
        -1.0,
        1.0,
        -1.0,
        -1.0,
        1.0,
        -1.0,
        -1.0,
        1.0,
        1.0,
        -1.0,
        1.0,
        1.0,
        1.0,
        -1.0,
        1.0,
        -1.0,
        1.0,
        -1.0,
        -1.0,
        -1.0,
        1.0,
        -1.0,
        1.0,
        -1.0,
        1.0,
        -1.0,
        1.0,
        -1.0,
        1.0,
        -1.0,
        -1.0,
        1.0,
        -1.0,
        -1.0,
        1.0,
        -1.0,
        1.0,
        -1.0,
        -1.0,
        -1.0,
        -1.0,
        -1.0,
        1.0,
        1.0,
        -1.0,
        -1.0,
        1.0,
        -1.0,
        -1.0,
        -1.0,
        1.0,
        -1.0,
        -1.0,
        -1.0,
        1.0,
        -1.0,
        1.0,
        -1.0,
        -1.0,
        -1.0,
        1.0,
        1.0,
        1.0,
        1.0,
        -1.0,
        -1.0,
        1.0,
        -1.0,
        -1.0,
        1.0,
        -1.0,
        1.0,
        -1.0,
        -1.0,
        -1.0,
        -1.0,
        1.0,
        1.0,
        -1.0,
        -1.0,
        -1.0,
        1.0,
        -1.0,
        -1.0,
        -1.0,
        1.0,
        -1.0,
        1.0,
        -1.0,
        -1.0,
        1.0,
        -1.0,
        -1.0,
        1.0,
        -1.0,
        -0.9760756492614746,
        1.0,
        -1.0,
        -1.0,
        -1.0,
        1.0,
        -1.0,
        1.0,
        -1.0,
        -1.0,
        1.0,
        -1.0,
        1.0,
        1.0,
        -1.0,
        1.0,
        -0.9685752987861633,
        1.0,
        -1.0,
        1.0,
        1.0,
        -1.0,
        -1.0,
        -1.0,
        1.0,
        1.0,
        1.0,
        -1.0,
        -1.0,
        -1.0,
        1.0,
        1.0,
        -1.0,
        -1.0,
        -1.0,
        1.0,
        1.0,
        1.0,
        -1.0,
        1.0,
        -1.0,
        -1.0,
        -1.0,
        1.0,
        1.0,
        -0.9956246614456177,
        -1.0,
        -1.0,
        1.0,
        -1.0,
        1.0,
        1.0,
        1.0,
        1.0,
        1.0,
        1.0,
        -1.0,
        1.0,
        1.0,
        1.0,
        -1.0,
        -1.0,
        1.0,
        -1.0,
        -1.0,
        -1.0,
        1.0,
        -1.0,
        -1.0,
        -1.0,
        -1.0,
        -1.0,
        1.0,
        1.0,
        1.0
    ],
    "embedding_scaling_factor": 23.09239387512207,
    "samples": [
        960,
        1906,
        1801,
        4448,
        173,
        11359,
        10365,
        9034,
        8261,
        3064,
        3354,
        110,
        3804,
        9869,
        10365,
        2,
        6353,
        1811,
        9869,
        9236,
        7133,
        5724,
        173,
        10451,
        4414,
        6715,
        9138,
        2824,
        8742,
        5256,
        10233,
        4052,
        5445,
        5033,
        5118,
        1819,
        1801,
        5991,
        7907,
        5066,
        8405,
        2352,
        9037,
        10345,
        8261,
        8972,
        8680,
        5256,
        2218,
        10728,
        9188,
        2,
        5072,
        10789,
        5196,
        4681,
        7674,
        2035,
        5837,
        6400,
        7997,
        10439,
        11349,
        5952,
        4999,
        11244,
        4415,
        173,
        9034,
        4427,
        8027,
        3489,
        8127,
        2352,
        11349,
        6985,
        9591,
        319,
        2,
        2762,
        8038,
        9236,
        10093,
        7637,
        3229,
        7133,
        3354,
        9790,
        8564,
        11349,
        9591,
        2343,
        1166,
        9024,
        2988,
        3353,
        9646,
        8261,
        7485,
        4423
    ],
    "category_values_ratio": {
        "8261": 6750,
        "3834": 6650,
        "173": 5720,
        "7133": 5670,
        "3050": 4872,
        "5422": 3840,
        "10093": 3760,
        "7815": 3320,
        "8564": 3258,
        "5215": 3185,
        "9640": 3180,
        "5952": 3140,
        "3754": 3120,
        "2982": 3030,
        "9790": 3008,
        "5591": 2990,
        "7819": 2955,
        "9159": 2880,
        "4414": 2868,
        "2035": 2820,
        "9869": 2790,
        "97": 2740,
        "3112": 2634,
        "8377": 2538,
        "1801": 2532,
        "9034": 2444,
        "9188": 2420,
        "1766": 2415,
        "5313": 2404,
        "10451": 2392,
        "4079": 2336,
        "6040": 2320,
        "7857": 2316,
        "9030": 2304,
        "2322": 2300,
        "10789": 2288,
        "1978": 2256,
        "666": 2208,
        "8321": 2140,
        "3354": 2132,
        "8405": 2128,
        "3629": 2120,
        "5442": 2120,
        "8519": 2108,
        "8330": 2100,
        "5724": 2085,
        "9731": 2076,
        "7957": 2076,
        "7861": 2070,
        "854": 2044,
        "8926": 2000,
        "8159": 1986,
        "4415": 1985,
        "11111": 1968,
        "1762": 1960,
        "10364": 1948,
        "9307": 1947,
        "9265": 1929,
        "2": 1912,
        "7401": 1912,
        "2762": 1902,
        "2933": 1892,
        "2694": 1892,
        "4907": 1856,
        "7184": 1850,
        "8489": 1804,
        "3679": 1794,
        "789": 1764,
        "10365": 1760,
        "9093": 1740,
        "7607": 1732,
        "7546": 1724,
        "11362": 1720,
        "378": 1720,
        "11013": 1713,
        "10940": 1712,
        "9455": 1712,
        "5622": 1695,
        "3747": 1684,
        "9583": 1684,
        "9236": 1683,
        "2227": 1680,
        "4937": 1680,
        "5066": 1665,
        "6148": 1664,
        "7485": 1660,
        "10738": 1650,
        "2335": 1645,
        "9833": 1641,
        "8475": 1632,
        "4476": 1624,
        "7965": 1624,
        "8742": 1624,
        "7594": 1615,
        "10411": 1610,
        "7190": 1604,
        "2352": 1600,
        "8073": 1599,
        "8127": 1568,
        "4413": 1548,
        "3064": 1536,
        "2545": 1536,
        "9897": 1528,
        "4999": 1518,
        "7136": 1516,
        "319": 1504,
        "8680": 1500,
        "2247": 1500,
        "1603": 1497,
        "5072": 1495,
        "4427": 1488,
        "7181": 1480,
        "290": 1473,
        "10233": 1455,
        "11265": 1452,
        "9263": 1428,
        "10663": 1419,
        "2176": 1413,
        "1811": 1410,
        "6353": 1386,
        "10049": 1380,
        "5991": 1377,
        "4259": 1374,
        "10440": 1371,
        "8566": 1356,
        "11186": 1356,
        "3804": 1350,
        "7454": 1347,
        "426": 1332,
        "339": 1296,
        "5033": 1284,
        "6856": 1276,
        "1244": 1270,
        "2496": 1268,
        "4190": 1264,
        "10711": 1245,
        "9037": 1236,
        "1256": 1227,
        "11349": 1216,
        "11271": 1212,
        "7606": 1206,
        "8411": 1176,
        "5126": 1168,
        "7082": 1165,
        "10063": 1160,
        "8039": 1156,
        "5362": 1152,
        "1242": 1150,
        "6400": 1148,
        "67": 1146,
        "3674": 1140,
        "11359": 1134,
        "6985": 1132,
        "718": 1124,
        "8625": 1098,
        "25": 1096,
        "7424": 1096,
        "2153": 1096,
        "176": 1096,
        "10884": 1089,
        "8931": 1080,
        "3390": 1060,
        "4727": 1059,
        "675": 1052,
        "1329": 1050,
        "9377": 1041,
        "10404": 1040,
        "10351": 1040,
        "5541": 1029,
        "6792": 1024,
        "4099": 1020,
        "8327": 1017,
        "7824": 1017,
        "4423": 1005,
        "9859": 1004,
        "2720": 1002,
        "9928": 996,
        "1888": 996,
        "6688": 996,
        "2580": 996,
        "816": 986,
        "4794": 985,
        "5445": 965,
        "9656": 962,
        "8982": 954,
        "9730": 942,
        "8899": 942,
        "9491": 940,
        "7123": 940,
        "4851": 928,
        "1843": 924,
        "10911": 920,
        "9353": 920,
        "3353": 920,
        "5118": 915,
        "9591": 914,
        "2143": 912,
        "5774": 909,
        "5228": 908,
        "9472": 908,
        "5120": 906,
        "6453": 904,
        "1166": 894,
        "7099": 892,
        "314": 892,
        "10320": 882,
        "10942": 882,
        "4681": 882,
        "2705": 880,
        "10079": 876,
        "10915": 875,
        "9006": 866,
        "9403": 862,
        "4448": 862,
        "7894": 858,
        "5385": 854,
        "2753": 852,
        "8260": 850,
        "4473": 849,
        "8919": 846,
        "8173": 846,
        "8492": 844,
        "6609": 843,
        "10439": 842,
        "3637": 840,
        "1886": 836,
        "11135": 832,
        "8051": 832,
        "3229": 831,
        "2824": 826,
        "8129": 826,
        "3115": 824,
        "2167": 824,
        "10445": 820,
        "7907": 812,
        "9241": 808,
        "2062": 807,
        "9422": 807,
        "4650": 807,
        "8381": 801,
        "2345": 800,
        "9494": 800,
        "344": 798,
        "8114": 789,
        "5133": 784,
        "4774": 784,
        "9513": 784,
        "4863": 783,
        "8169": 777,
        "4585": 776,
        "3293": 775,
        "7674": 774,
        "1083": 768,
        "5574": 764,
        "10345": 764,
        "9167": 760,
        "9031": 756,
        "6924": 752,
        "4660": 752,
        "7240": 748,
        "8972": 741,
        "4144": 740,
        "960": 738,
        "1819": 736,
        "2361": 734,
        "4580": 732,
        "4260": 730,
        "1407": 728,
        "817": 722,
        "6706": 720,
        "2754": 717,
        "1375": 716,
        "2622": 716,
        "2228": 712,
        "7795": 710,
        "3608": 704,
        "4550": 704,
        "2986": 702,
        "10215": 702,
        "9153": 696,
        "8085": 696,
        "7637": 684,
        "7565": 672,
        "2116": 672,
        "6699": 666,
        "10728": 666,
        "1250": 663,
        "1772": 660,
        "8158": 660,
        "915": 660,
        "7542": 660,
        "3329": 656,
        "5650": 654,
        "7765": 654,
        "8320": 652,
        "5632": 652,
        "1906": 648,
        "1011": 646,
        "6950": 644,
        "3143": 644,
        "7632": 644,
        "9138": 642,
        "11042": 642,
        "3752": 640,
        "2725": 640,
        "10202": 639,
        "5269": 639,
        "1068": 632,
        "8268": 630,
        "4969": 630,
        "110": 627,
        "3862": 618,
        "7636": 615,
        "2218": 612,
        "2134": 612,
        "10630": 608,
        "2343": 606,
        "9493": 604,
        "1967": 604,
        "4825": 602,
        "3489": 600,
        "873": 600,
        "2350": 597,
        "940": 594,
        "5593": 582,
        "2268": 572,
        "7262": 570,
        "4127": 568,
        "7614": 566,
        "5477": 566,
        "4268": 564,
        "6358": 564,
        "4852": 550,
        "5263": 546,
        "2699": 540,
        "9140": 540,
        "7445": 539,
        "8092": 538,
        "2486": 534,
        "5358": 534,
        "10493": 531,
        "10905": 531,
        "2456": 530,
        "6397": 528,
        "9225": 528,
        "9024": 526,
        "9337": 526,
        "6902": 525,
        "7437": 520,
        "37": 520,
        "38": 520,
        "7859": 520,
        "11231": 519,
        "2872": 519,
        "2000": 512,
        "2080": 512,
        "5001": 508,
        "5927": 502,
        "4033": 501,
        "7753": 500,
        "11021": 499,
        "10105": 499,
        "10762": 490,
        "4342": 490,
        "2018": 488,
        "6434": 488,
        "1093": 486,
        "6701": 479,
        "10973": 474,
        "4948": 474,
        "6473": 473,
        "10148": 471,
        "11317": 465,
        "9673": 464,
        "11054": 464,
        "5891": 464,
        "5270": 462,
        "9645": 460,
        "6138": 460,
        "5428": 458,
        "5794": 458,
        "10297": 456,
        "4981": 454,
        "10266": 453,
        "6592": 448,
        "10652": 447,
        "2187": 444,
        "8041": 442,
        "6034": 441,
        "1638": 440,
        "6555": 438,
        "825": 436,
        "7769": 435,
        "6425": 431,
        "1247": 429,
        "2334": 428,
        "7990": 428,
        "349": 428,
        "3166": 427,
        "1698": 426,
        "2994": 424,
        "2962": 422,
        "8316": 422,
        "2419": 420,
        "4361": 416,
        "9750": 416,
        "4293": 416,
        "4576": 415,
        "3678": 414,
        "1012": 412,
        "9201": 412,
        "4894": 410,
        "6118": 408,
        "2245": 408,
        "7890": 408,
        "5256": 408,
        "9814": 407,
        "4337": 407,
        "790": 406,
        "9828": 406,
        "6062": 404,
        "1787": 403,
        "5481": 403,
        "11065": 403,
        "9104": 403,
        "8027": 403,
        "6715": 402,
        "6226": 401,
        "10131": 399,
        "10022": 399,
        "2936": 398,
        "6273": 398,
        "3942": 398,
        "5698": 396,
        "6265": 396,
        "132": 396,
        "6461": 396,
        "1071": 393,
        "813": 392,
        "6051": 391,
        "1527": 389,
        "6157": 388,
        "7523": 386,
        "8772": 384,
        "8784": 382,
        "6472": 381,
        "1106": 379,
        "347": 379,
        "7418": 377,
        "3916": 376,
        "525": 376,
        "2572": 375,
        "4447": 374,
        "10788": 373,
        "3418": 372,
        "1270": 372,
        "2106": 370,
        "2912": 369,
        "7844": 366,
        "2142": 364,
        "9548": 364,
        "11027": 362,
        "9627": 360,
        "8776": 359,
        "6930": 357,
        "5700": 355,
        "6363": 354,
        "6495": 354,
        "6030": 353,
        "303": 352,
        "11244": 340,
        "1583": 339,
        "8547": 339,
        "3556": 339,
        "7745": 338,
        "8558": 337,
        "8038": 336,
        "2988": 336,
        "9510": 334,
        "10954": 332,
        "10645": 326,
        "11138": 325,
        "3249": 324,
        "8094": 322,
        "9677": 322,
        "10257": 316,
        "5735": 315,
        "5628": 313,
        "4995": 308,
        "5912": 306,
        "5317": 304,
        "19": 303,
        "9052": 303,
        "3005": 303,
        "5213": 301,
        "9227": 300,
        "11096": 298,
        "7176": 298,
        "7713": 298,
        "10134": 296,
        "8533": 296,
        "7562": 295,
        "440": 294,
        "4503": 293,
        "3448": 290,
        "10068": 288,
        "1656": 288,
        "6738": 288,
        "9646": 286,
        "9235": 286,
        "808": 286,
        "4354": 286,
        "1318": 285,
        "10963": 284,
        "6289": 280,
        "1876": 276,
        "9633": 276,
        "1862": 275,
        "6678": 274,
        "3037": 269,
        "9017": 267,
        "4631": 266,
        "3230": 264,
        "10065": 263,
        "330": 260,
        "3273": 260,
        "5196": 260,
        "226": 258,
        "11069": 256,
        "2910": 255,
        "544": 254,
        "1447": 254,
        "6061": 252,
        "1389": 252,
        "8645": 250,
        "10019": 250,
        "10001": 248,
        "2165": 248,
        "4616": 248,
        "11079": 246,
        "5742": 243,
        "1993": 243,
        "10644": 240,
        "1252": 240,
        "442": 240,
        "4533": 238,
        "501": 233,
        "5267": 233,
        "10679": 232,
        "846": 229,
        "3460": 228,
        "7559": 228,
        "10812": 228,
        "4467": 226,
        "7997": 225,
        "2051": 224,
        "5944": 224,
        "7180": 222,
        "4725": 222,
        "9199": 221,
        "6083": 220,
        "9242": 218,
        "785": 216,
        "4081": 215,
        "2728": 214,
        "2516": 212,
        "1004": 210,
        "5164": 208,
        "10774": 208,
        "1580": 208,
        "6097": 206,
        "4994": 206,
        "1776": 206,
        "1808": 202,
        "10520": 202,
        "3562": 200,
        "3084": 200,
        "4462": 199,
        "2055": 198,
        "3664": 198,
        "9504": 198,
        "8225": 196,
        "3189": 196,
        "4320": 196,
        "5395": 196,
        "7733": 194,
        "10478": 193,
        "1528": 193,
        "4456": 192,
        "7926": 191,
        "3455": 190,
        "10807": 190,
        "2445": 189,
        "2246": 189,
        "10436": 189,
        "3967": 189,
        "6686": 188,
        "10650": 188,
        "3906": 188,
        "5572": 188,
        "4116": 188,
        "5283": 186,
        "6649": 186,
        "103": 185,
        "8523": 185,
        "5602": 181,
        "9631": 177,
        "3021": 177,
        "9560": 176,
        "4803": 175,
        "7274": 174,
        "3907": 173,
        "5837": 173,
        "3859": 173,
        "2236": 171,
        "1869": 169,
        "4784": 168,
        "7966": 168,
        "4626": 167,
        "1718": 166,
        "1374": 166,
        "6510": 164,
        "2262": 162,
        "8688": 162,
        "1480": 162,
        "10361": 160,
        "472": 159,
        "10857": 158,
        "4949": 154,
        "5181": 154,
        "4746": 153,
        "4715": 153,
        "11141": 152,
        "2413": 152,
        "9179": 151,
        "11327": 150,
        "4618": 149,
        "5305": 149,
        "5180": 148,
        "2279": 147,
        "11328": 146,
        "10005": 146,
        "6440": 145,
        "10280": 145,
        "9208": 144,
        "3161": 143,
        "7045": 142,
        "4052": 137,
        "8505": 135,
        "4858": 134,
        "10243": 133,
        "1498": 132,
        "8713": 131,
        "276": 130,
        "9424": 128,
        "6075": 128,
        "2064": 128,
        "3953": 127,
        "3403": 127,
        "3137": 126,
        "938": 126,
        "1928": 119,
        "6158": 111,
        "309": 108,
        "6922": 108,
        "8026": 108,
        "993": 105,
        "7052": 104,
        "8639": 103,
        "3711": 101,
        "7721": 97,
        "1284": 91,
        "7156": 87,
        "2073": 83,
        "9433": 83,
        "10799": 83,
        "10613": 77,
        "7049": 76,
        "3875": 73,
        "9156": 72,
        "105": 59,
        "6505": 49
    },
    "nrows": 552017
}