{
    "column_id": "Financial/Financial.csvFinancial.csv/order_id",
    "dataset_name": "Financial.csv",
    "dataset_id": "Financial/Financial.csv",
    "path": "/home/ubuntu/CatDB/Experiments/data/Financial/Financial.csv",
    "table_name": "Financial.csv",
    "table_id": "Financial/Financial.csvFinancial.csv",
    "column_name": "order_id",
    "data_source": "Financial",
    "data_type": "int",
    "total_values_count": 552017,
    "distinct_values_count": 1513,
    "missing_values_count": 0,
    "true_ratio": null,
    "min_value": 29402.0,
    "max_value": 46338.0,
    "mean": 38253.80625958983,
    "median": 38359.0,
    "iqr": 8479.0,
    "category_values": [
        29402,
        29403,
        29423,
        29431,
        29432,
        29433,
        29434,
        29451,
        29452,
        29453,
        29454,
        29455,
        29456,
        29457,
        29458,
        29502,
        29503,
        29504,
        29559,
        29560,
        29561,
        29562,
        29563,
        29575,
        29578,
        29584,
        29585,
        29586,
        29614,
        29659,
        29660,
        29661,
        29662,
        29663,
        29667,
        29668,
        29669,
        29670,
        29743,
        29744,
        29815,
        29816,
        29838,
        29839,
        29840,
        29857,
        29858,
        29863,
        29872,
        29873,
        29877,
        29878,
        29879,
        29880,
        29895,
        29906,
        29907,
        29908,
        29913,
        29914,
        29917,
        29918,
        29919,
        29967,
        29968,
        29969,
        29970,
        29971,
        30045,
        30046,
        30047,
        30061,
        30062,
        30066,
        30067,
        30068,
        30113,
        30160,
        30191,
        30192,
        30217,
        30372,
        30373,
        30374,
        30375,
        30392,
        30393,
        30450,
        30451,
        30452,
        30453,
        30545,
        30546,
        30552,
        30553,
        30554,
        30555,
        30578,
        30583,
        30587,
        30588,
        30589,
        30590,
        30603,
        30604,
        30630,
        30642,
        30643,
        30644,
        30645,
        30678,
        30679,
        30680,
        30681,
        30743,
        30744,
        30778,
        30779,
        30781,
        30804,
        30805,
        30847,
        30869,
        30880,
        30881,
        30882,
        30955,
        30956,
        30957,
        30958,
        30961,
        30974,
        30975,
        30976,
        30977,
        30989,
        30990,
        31017,
        31097,
        31098,
        31214,
        31215,
        31216,
        31217,
        31218,
        31219,
        31220,
        31221,
        31222,
        31223,
        31226,
        31231,
        31232,
        31233,
        31235,
        31239,
        31240,
        31241,
        31262,
        31263,
        31282,
        31328,
        31329,
        31330,
        31331,
        31332,
        31354,
        31355,
        31356,
        31426,
        31427,
        31428,
        31447,
        31448,
        31483,
        31484,
        31538,
        31539,
        31581,
        31613,
        31649,
        31651,
        31729,
        31732,
        31762,
        31763,
        31764,
        31801,
        31802,
        31832,
        31833,
        31891,
        31892,
        31917,
        31918,
        31974,
        31975,
        31976,
        31977,
        31982,
        31983,
        31984,
        31985,
        31986,
        31992,
        31993,
        31997,
        31998,
        32012,
        32035,
        32036,
        32037,
        32038,
        32047,
        32052,
        32053,
        32054,
        32064,
        32065,
        32066,
        32067,
        32104,
        32105,
        32128,
        32137,
        32143,
        32144,
        32145,
        32157,
        32158,
        32160,
        32161,
        32162,
        32163,
        32190,
        32191,
        32192,
        32222,
        32277,
        32278,
        32293,
        32294,
        32295,
        32296,
        32310,
        32321,
        32322,
        32323,
        32324,
        32352,
        32353,
        32377,
        32378,
        32379,
        32380,
        32381,
        32405,
        32414,
        32415,
        32427,
        32428,
        32429,
        32431,
        32445,
        32454,
        32455,
        32487,
        32488,
        32498,
        32499,
        32500,
        32525,
        32526,
        32527,
        32537,
        32538,
        32539,
        32540,
        32557,
        32558,
        32559,
        32560,
        32575,
        32576,
        32580,
        32581,
        32597,
        32598,
        32599,
        32613,
        32658,
        32669,
        32670,
        32671,
        32672,
        32683,
        32700,
        32701,
        32702,
        32703,
        32704,
        32705,
        32706,
        32729,
        32734,
        32735,
        32753,
        32815,
        32816,
        32817,
        32818,
        32819,
        32834,
        32835,
        32836,
        32837,
        32838,
        32839,
        32840,
        32849,
        32850,
        32853,
        32854,
        32863,
        32864,
        32865,
        32867,
        32868,
        32869,
        32870,
        32878,
        32879,
        32957,
        32958,
        32965,
        33007,
        33018,
        33019,
        33072,
        33091,
        33092,
        33123,
        33169,
        33170,
        33171,
        33172,
        33208,
        33216,
        33217,
        33267,
        33268,
        33380,
        33381,
        33387,
        33388,
        33389,
        33401,
        33402,
        33419,
        33420,
        33421,
        33429,
        33430,
        33431,
        33432,
        33434,
        33435,
        33471,
        33472,
        33473,
        33474,
        33475,
        33485,
        33486,
        33487,
        33581,
        33582,
        33653,
        33654,
        33655,
        33702,
        33703,
        33704,
        33709,
        33742,
        33743,
        33745,
        33746,
        33786,
        33814,
        33815,
        33816,
        33817,
        33818,
        33824,
        33825,
        33826,
        33828,
        33837,
        33838,
        33853,
        33854,
        33855,
        33875,
        33897,
        33915,
        33916,
        33917,
        33918,
        33940,
        33941,
        33942,
        33968,
        34015,
        34016,
        34017,
        34022,
        34023,
        34053,
        34060,
        34061,
        34088,
        34098,
        34124,
        34188,
        34189,
        34190,
        34191,
        34219,
        34220,
        34256,
        34277,
        34278,
        34279,
        34280,
        34281,
        34332,
        34333,
        34360,
        34361,
        34362,
        34363,
        34364,
        34365,
        34366,
        34367,
        34412,
        34413,
        34414,
        34415,
        34416,
        34437,
        34459,
        34502,
        34507,
        34512,
        34568,
        34569,
        34642,
        34643,
        34644,
        34652,
        34710,
        34711,
        34754,
        34755,
        34756,
        34757,
        34773,
        34774,
        34775,
        34810,
        34825,
        34826,
        34831,
        34832,
        34833,
        34834,
        34870,
        34920,
        34921,
        34922,
        34923,
        34930,
        34931,
        34933,
        34934,
        34935,
        34936,
        34937,
        35010,
        35011,
        35012,
        35049,
        35050,
        35051,
        35052,
        35053,
        35087,
        35091,
        35092,
        35093,
        35116,
        35159,
        35160,
        35173,
        35174,
        35175,
        35176,
        35213,
        35214,
        35231,
        35245,
        35334,
        35335,
        35336,
        35364,
        35402,
        35403,
        35404,
        35405,
        35409,
        35433,
        35434,
        35435,
        35436,
        35462,
        35463,
        35472,
        35473,
        35474,
        35475,
        35494,
        35495,
        35565,
        35566,
        35567,
        35568,
        35668,
        35669,
        35670,
        35671,
        35672,
        35683,
        35684,
        35718,
        35719,
        35752,
        35774,
        35781,
        35782,
        35794,
        35795,
        35802,
        35874,
        35875,
        35876,
        35877,
        35878,
        35879,
        35880,
        35881,
        35882,
        35883,
        35899,
        35900,
        35901,
        35905,
        35906,
        35931,
        35932,
        35941,
        35951,
        35956,
        35957,
        35967,
        35968,
        35969,
        35972,
        35973,
        35974,
        35975,
        36008,
        36048,
        36049,
        36066,
        36067,
        36068,
        36069,
        36110,
        36115,
        36116,
        36124,
        36125,
        36166,
        36167,
        36170,
        36181,
        36189,
        36217,
        36218,
        36219,
        36230,
        36231,
        36232,
        36233,
        36263,
        36264,
        36265,
        36325,
        36341,
        36342,
        36345,
        36346,
        36347,
        36371,
        36413,
        36424,
        36443,
        36444,
        36445,
        36446,
        36447,
        36454,
        36489,
        36529,
        36530,
        36531,
        36532,
        36539,
        36547,
        36548,
        36549,
        36599,
        36618,
        36619,
        36620,
        36621,
        36665,
        36666,
        36667,
        36679,
        36680,
        36681,
        36709,
        36710,
        36711,
        36729,
        36730,
        36748,
        36749,
        36754,
        36755,
        36756,
        36758,
        36759,
        36799,
        36800,
        36801,
        36802,
        36852,
        36853,
        36854,
        36855,
        36856,
        36866,
        36867,
        36868,
        36869,
        36870,
        36928,
        36929,
        36930,
        36934,
        36935,
        36946,
        36947,
        36956,
        36957,
        36958,
        36959,
        37012,
        37013,
        37032,
        37033,
        37059,
        37060,
        37085,
        37087,
        37088,
        37089,
        37090,
        37091,
        37108,
        37154,
        37167,
        37168,
        37173,
        37177,
        37178,
        37179,
        37180,
        37196,
        37197,
        37238,
        37251,
        37252,
        37253,
        37254,
        37257,
        37258,
        37317,
        37318,
        37323,
        37324,
        37325,
        37361,
        37362,
        37378,
        37421,
        37422,
        37423,
        37424,
        37435,
        37456,
        37457,
        37458,
        37459,
        37462,
        37463,
        37464,
        37465,
        37466,
        37516,
        37517,
        37520,
        37616,
        37617,
        37618,
        37665,
        37666,
        37668,
        37669,
        37699,
        37700,
        37701,
        37702,
        37703,
        37706,
        37707,
        37716,
        37740,
        37741,
        37742,
        37748,
        37755,
        37782,
        37783,
        37847,
        37848,
        37850,
        37888,
        37889,
        37890,
        37891,
        37892,
        37906,
        37915,
        37964,
        37965,
        37966,
        37995,
        38053,
        38118,
        38151,
        38152,
        38166,
        38190,
        38191,
        38198,
        38199,
        38200,
        38201,
        38202,
        38263,
        38264,
        38265,
        38326,
        38328,
        38338,
        38339,
        38340,
        38341,
        38359,
        38373,
        38374,
        38375,
        38376,
        38395,
        38408,
        38431,
        38432,
        38462,
        38500,
        38501,
        38519,
        38520,
        38539,
        38540,
        38541,
        38649,
        38694,
        38695,
        38708,
        38729,
        38820,
        38821,
        38822,
        38829,
        38830,
        38837,
        38885,
        38888,
        38889,
        38890,
        38891,
        38921,
        38930,
        38931,
        38936,
        38955,
        38956,
        38957,
        38958,
        38965,
        38982,
        38983,
        39014,
        39015,
        39027,
        39032,
        39102,
        39151,
        39152,
        39177,
        39178,
        39179,
        39241,
        39284,
        39303,
        39305,
        39306,
        39307,
        39308,
        39324,
        39325,
        39326,
        39328,
        39337,
        39338,
        39339,
        39340,
        39352,
        39380,
        39463,
        39464,
        39465,
        39466,
        39555,
        39556,
        39557,
        39558,
        39617,
        39618,
        39619,
        39646,
        39648,
        39649,
        39661,
        39689,
        39690,
        39741,
        39742,
        39830,
        39835,
        39841,
        39890,
        39891,
        39892,
        39893,
        39894,
        39924,
        39925,
        39926,
        39927,
        39966,
        39967,
        39986,
        39987,
        39988,
        39989,
        39990,
        39994,
        39995,
        39996,
        39997,
        40034,
        40065,
        40066,
        40071,
        40072,
        40073,
        40074,
        40075,
        40076,
        40077,
        40084,
        40085,
        40086,
        40087,
        40088,
        40099,
        40100,
        40169,
        40170,
        40207,
        40208,
        40209,
        40226,
        40227,
        40328,
        40329,
        40349,
        40357,
        40358,
        40359,
        40360,
        40381,
        40382,
        40383,
        40384,
        40395,
        40410,
        40411,
        40412,
        40462,
        40463,
        40524,
        40559,
        40560,
        40561,
        40565,
        40566,
        40567,
        40568,
        40588,
        40589,
        40593,
        40597,
        40598,
        40599,
        40635,
        40636,
        40637,
        40638,
        40639,
        40654,
        40655,
        40656,
        40657,
        40658,
        40671,
        40694,
        40695,
        40702,
        40703,
        40704,
        40705,
        40706,
        40758,
        40759,
        40760,
        40815,
        40816,
        40827,
        40846,
        40865,
        40866,
        40883,
        40897,
        40898,
        40906,
        40947,
        40975,
        40976,
        40977,
        40978,
        40987,
        40988,
        40989,
        40990,
        40991,
        40999,
        41000,
        41001,
        41042,
        41059,
        41060,
        41061,
        41062,
        41064,
        41066,
        41067,
        41068,
        41069,
        41070,
        41106,
        41107,
        41111,
        41112,
        41113,
        41131,
        41132,
        41168,
        41214,
        41215,
        41216,
        41230,
        41231,
        41232,
        41266,
        41267,
        41276,
        41316,
        41317,
        41332,
        41333,
        41334,
        41335,
        41336,
        41337,
        41339,
        41351,
        41380,
        41381,
        41382,
        41406,
        41407,
        41408,
        41415,
        41416,
        41418,
        41419,
        41452,
        41453,
        41454,
        41468,
        41469,
        41471,
        41472,
        41512,
        41513,
        41514,
        41515,
        41516,
        41517,
        41532,
        41533,
        41534,
        41538,
        41606,
        41652,
        41653,
        41654,
        41655,
        41656,
        41657,
        41666,
        41667,
        41668,
        41742,
        41746,
        41747,
        41748,
        41749,
        41754,
        41755,
        41756,
        41760,
        41761,
        41827,
        41828,
        41829,
        41834,
        41835,
        41836,
        41881,
        41882,
        41883,
        41884,
        41894,
        41895,
        41896,
        41989,
        41990,
        41991,
        42003,
        42004,
        42008,
        42009,
        42029,
        42047,
        42048,
        42056,
        42068,
        42084,
        42104,
        42115,
        42116,
        42117,
        42119,
        42120,
        42121,
        42200,
        42201,
        42221,
        42234,
        42235,
        42274,
        42275,
        42276,
        42286,
        42322,
        42360,
        42361,
        42362,
        42363,
        42414,
        42415,
        42420,
        42431,
        42432,
        42584,
        42585,
        42612,
        42613,
        42614,
        42625,
        42626,
        42627,
        42628,
        42629,
        42633,
        42634,
        42635,
        42697,
        42698,
        42699,
        42713,
        42743,
        42744,
        42763,
        42771,
        42772,
        42779,
        42780,
        42781,
        42782,
        42783,
        42784,
        42785,
        42787,
        42788,
        42789,
        42790,
        42796,
        42797,
        42798,
        42813,
        42874,
        42875,
        42876,
        42889,
        42942,
        42943,
        42944,
        42946,
        42947,
        42948,
        42949,
        42965,
        42966,
        42971,
        42976,
        42977,
        42978,
        42979,
        42980,
        42990,
        42991,
        42992,
        42993,
        43002,
        43009,
        43010,
        43011,
        43012,
        43023,
        43025,
        43026,
        43034,
        43055,
        43056,
        43057,
        43058,
        43068,
        43069,
        43070,
        43071,
        43081,
        43082,
        43083,
        43117,
        43118,
        43119,
        43122,
        43123,
        43124,
        43182,
        43183,
        43184,
        43228,
        43248,
        43249,
        43294,
        43295,
        43296,
        43327,
        43328,
        43357,
        43358,
        43359,
        43361,
        43375,
        43405,
        43406,
        43407,
        43408,
        43436,
        43437,
        43465,
        43466,
        43467,
        43468,
        43469,
        43470,
        43471,
        43472,
        43489,
        43501,
        43508,
        43509,
        43561,
        43562,
        43573,
        43574,
        43600,
        43601,
        43610,
        43611,
        43664,
        43669,
        43673,
        43683,
        43684,
        43685,
        43692,
        43693,
        43694,
        43708,
        43709,
        43737,
        43738,
        43746,
        43747,
        43821,
        43822,
        43823,
        43824,
        43825,
        43826,
        43849,
        43912,
        43913,
        43914,
        43915,
        43945,
        43962,
        43972,
        43973,
        43974,
        44009,
        44010,
        44011,
        44012,
        44027,
        44028,
        44029,
        44070,
        44071,
        44072,
        44073,
        44112,
        44113,
        44226,
        44232,
        44233,
        44247,
        44249,
        44250,
        44251,
        44297,
        44298,
        44299,
        44321,
        44322,
        44323,
        44324,
        44325,
        44328,
        44330,
        44345,
        44355,
        44356,
        44357,
        44358,
        44373,
        44408,
        44412,
        44413,
        44435,
        44436,
        44437,
        44523,
        44524,
        44525,
        44536,
        44537,
        44538,
        44562,
        44563,
        44564,
        44565,
        44566,
        44578,
        44598,
        44599,
        44611,
        44634,
        44665,
        44666,
        44698,
        44699,
        44732,
        44733,
        44743,
        44744,
        44765,
        44769,
        44770,
        44771,
        44772,
        44773,
        44774,
        44775,
        44836,
        44837,
        44838,
        44839,
        44840,
        44850,
        44851,
        44852,
        44853,
        44854,
        44894,
        44899,
        44900,
        44901,
        44902,
        44903,
        44909,
        44910,
        44923,
        44924,
        44925,
        44926,
        44966,
        44983,
        44984,
        44985,
        45022,
        45167,
        45189,
        45190,
        45210,
        45211,
        45212,
        45213,
        45221,
        45222,
        45224,
        45225,
        45226,
        45244,
        45245,
        45246,
        45271,
        45272,
        45324,
        45325,
        45326,
        45327,
        45328,
        45347,
        45348,
        45363,
        45364,
        45365,
        45401,
        45402,
        45417,
        45418,
        45433,
        45435,
        45436,
        45437,
        45438,
        45448,
        45455,
        45460,
        45536,
        45575,
        45576,
        45577,
        45606,
        45607,
        45608,
        45612,
        45613,
        45618,
        45619,
        45620,
        45621,
        45622,
        45666,
        45667,
        45669,
        45670,
        45688,
        45704,
        45717,
        45776,
        45777,
        45778,
        45793,
        45800,
        45801,
        45826,
        45827,
        45846,
        45847,
        45868,
        45873,
        45885,
        45902,
        45903,
        45922,
        45923,
        45969,
        45970,
        45974,
        45978,
        46055,
        46056,
        46125,
        46126,
        46127,
        46149,
        46150,
        46184,
        46185,
        46186,
        46193,
        46194,
        46195,
        46196,
        46258,
        46259,
        46260,
        46273,
        46274,
        46275,
        46311,
        46312,
        46328,
        46329,
        46330,
        46334,
        46335,
        46336,
        46337,
        46338
    ],
    "embedding": [
        -1.0,
        -1.0,
        -1.0,
        1.0,
        -1.0,
        1.0,
        -1.0,
        -1.0,
        -1.0,
        -1.0,
        1.0,
        -1.0,
        -1.0,
        1.0,
        1.0,
        1.0,
        1.0,
        -1.0,
        1.0,
        -1.0,
        1.0,
        -1.0,
        1.0,
        -1.0,
        1.0,
        -1.0,
        -1.0,
        1.0,
        -1.0,
        -1.0,
        1.0,
        1.0,
        -1.0,
        -1.0,
        -1.0,
        1.0,
        -1.0,
        1.0,
        1.0,
        -1.0,
        -1.0,
        1.0,
        -1.0,
        -1.0,
        -1.0,
        -1.0,
        1.0,
        -1.0,
        -1.0,
        -0.9967929124832153,
        -1.0,
        1.0,
        1.0,
        1.0,
        -1.0,
        1.0,
        1.0,
        1.0,
        -1.0,
        0.9995664358139038,
        -1.0,
        -1.0,
        1.0,
        -1.0,
        1.0,
        -1.0,
        1.0,
        -1.0,
        1.0,
        1.0,
        1.0,
        -1.0,
        -1.0,
        -1.0,
        -1.0,
        1.0,
        1.0,
        1.0,
        1.0,
        1.0,
        1.0,
        1.0,
        1.0,
        -1.0,
        -1.0,
        1.0,
        -1.0,
        1.0,
        1.0,
        1.0,
        -1.0,
        1.0,
        1.0,
        -1.0,
        1.0,
        -1.0,
        1.0,
        -1.0,
        -1.0,
        -1.0,
        -0.9983423948287964,
        -1.0,
        1.0,
        -1.0,
        -1.0,
        1.0,
        1.0,
        1.0,
        -1.0,
        -1.0,
        1.0,
        -1.0,
        -1.0,
        1.0,
        1.0,
        1.0,
        1.0,
        1.0,
        1.0,
        -1.0,
        -1.0,
        1.0,
        -1.0,
        -1.0,
        1.0,
        -1.0,
        -1.0,
        -1.0,
        -1.0,
        1.0,
        -1.0,
        1.0,
        -1.0,
        -1.0,
        1.0,
        -1.0,
        -1.0,
        1.0,
        1.0,
        -1.0,
        1.0,
        1.0,
        1.0,
        -1.0,
        1.0,
        -1.0,
        1.0,
        -1.0,
        -1.0,
        -1.0,
        1.0,
        -1.0,
        1.0,
        -1.0,
        1.0,
        -1.0,
        1.0,
        -1.0,
        1.0,
        -1.0,
        -1.0,
        1.0,
        -1.0,
        -1.0,
        1.0,
        -1.0,
        1.0,
        -1.0,
        -1.0,
        -1.0,
        -1.0,
        -1.0,
        1.0,
        1.0,
        -1.0,
        -1.0,
        1.0,
        -1.0,
        -1.0,
        -1.0,
        1.0,
        -1.0,
        -1.0,
        -1.0,
        1.0,
        -1.0,
        1.0,
        -1.0,
        -1.0,
        -1.0,
        1.0,
        1.0,
        1.0,
        1.0,
        -1.0,
        -1.0,
        1.0,
        -1.0,
        -1.0,
        1.0,
        -1.0,
        1.0,
        -1.0,
        -1.0,
        -1.0,
        -1.0,
        1.0,
        1.0,
        -1.0,
        -1.0,
        -1.0,
        1.0,
        -1.0,
        -1.0,
        -1.0,
        1.0,
        -1.0,
        1.0,
        -1.0,
        -1.0,
        1.0,
        -1.0,
        -1.0,
        1.0,
        -1.0,
        -0.9967553019523621,
        1.0,
        -1.0,
        -1.0,
        -1.0,
        1.0,
        -1.0,
        1.0,
        -1.0,
        -1.0,
        1.0,
        -1.0,
        1.0,
        1.0,
        -1.0,
        1.0,
        -0.9869552254676819,
        1.0,
        -1.0,
        1.0,
        1.0,
        -1.0,
        -1.0,
        -1.0,
        1.0,
        1.0,
        1.0,
        -1.0,
        -1.0,
        -1.0,
        1.0,
        1.0,
        -1.0,
        -1.0,
        -1.0,
        1.0,
        1.0,
        1.0,
        -1.0,
        1.0,
        -1.0,
        -1.0,
        -1.0,
        1.0,
        1.0,
        -0.9984884262084961,
        -1.0,
        -1.0,
        1.0,
        -1.0,
        1.0,
        1.0,
        1.0,
        1.0,
        1.0,
        1.0,
        -1.0,
        1.0,
        1.0,
        1.0,
        -1.0,
        -1.0,
        1.0,
        -1.0,
        -1.0,
        -1.0,
        1.0,
        -1.0,
        -1.0,
        -1.0,
        -1.0,
        -1.0,
        1.0,
        1.0,
        1.0
    ],
    "embedding_scaling_factor": 15.34390640258789,
    "samples": [
        32377,
        42771,
        35752,
        30546,
        41538,
        29660,
        44298,
        41059,
        41339,
        45666,
        32658,
        46311,
        35881,
        41884,
        43508,
        40898,
        36444,
        34022,
        34936,
        29660,
        30553,
        40395,
        38649,
        33421,
        32012,
        43824,
        42276,
        31097,
        36618,
        42585,
        45923,
        37196,
        37740,
        40034,
        45885,
        33486,
        33816,
        43684,
        39152,
        38341,
        45868,
        32965,
        32965,
        43708,
        44355,
        40657,
        29968,
        41351,
        46330,
        44765,
        42979,
        43296,
        29839,
        45970,
        33092,
        41471,
        40463,
        42813,
        34935,
        44903,
        29670,
        34921,
        43664,
        38166,
        43683,
        34277,
        36532,
        42286,
        30961,
        30590,
        31993,
        46184,
        45189,
        44665,
        31331,
        32854,
        41132,
        30643,
        38201,
        37666,
        43012,
        44358,
        33828,
        29879,
        42201,
        44358,
        41760,
        41747,
        43182,
        39464,
        32379,
        41749,
        38982,
        42420,
        42744,
        36049,
        33916,
        36947,
        34825,
        39617
    ],
    "category_values_ratio": {
        "41653": 1350,
        "41656": 1350,
        "41657": 1350,
        "41654": 1350,
        "41655": 1350,
        "35049": 1330,
        "35050": 1330,
        "35053": 1330,
        "35051": 1330,
        "35052": 1330,
        "33918": 1218,
        "33916": 1218,
        "33915": 1218,
        "33917": 1218,
        "29662": 1144,
        "29663": 1144,
        "29661": 1144,
        "29660": 1144,
        "29659": 1144,
        "39990": 1134,
        "39988": 1134,
        "39987": 1134,
        "39989": 1134,
        "39986": 1134,
        "42117": 1086,
        "42115": 1086,
        "42116": 1086,
        "41749": 1070,
        "41748": 1070,
        "43685": 1060,
        "43684": 1060,
        "43683": 1060,
        "42048": 1054,
        "42047": 1054,
        "41761": 1050,
        "41760": 1050,
        "45923": 984,
        "45922": 984,
        "44769": 974,
        "44770": 974,
        "37424": 960,
        "37422": 960,
        "37421": 960,
        "37423": 960,
        "29402": 956,
        "40329": 956,
        "40328": 956,
        "35876": 956,
        "35877": 956,
        "35878": 956,
        "29403": 956,
        "42713": 954,
        "33743": 946,
        "33381": 946,
        "33742": 946,
        "33380": 946,
        "44355": 940,
        "44356": 940,
        "44357": 940,
        "44358": 940,
        "44029": 930,
        "44028": 930,
        "44027": 930,
        "37108": 908,
        "42003": 902,
        "42004": 902,
        "34016": 878,
        "34015": 878,
        "34017": 878,
        "44345": 876,
        "40658": 866,
        "40657": 866,
        "35932": 862,
        "45666": 856,
        "45667": 856,
        "41652": 850,
        "41538": 846,
        "41828": 846,
        "41829": 846,
        "41827": 846,
        "43601": 842,
        "43600": 842,
        "32669": 840,
        "32670": 840,
        "41351": 832,
        "38520": 832,
        "38519": 832,
        "40976": 830,
        "40463": 830,
        "40975": 830,
        "40462": 830,
        "40977": 830,
        "40978": 830,
        "41230": 812,
        "41231": 812,
        "40099": 802,
        "40100": 802,
        "36413": 784,
        "41468": 784,
        "41469": 784,
        "35875": 774,
        "35874": 774,
        "42779": 768,
        "42780": 768,
        "42781": 768,
        "43914": 752,
        "43913": 752,
        "43912": 752,
        "43915": 752,
        "35905": 744,
        "35906": 744,
        "40947": 710,
        "43825": 692,
        "43824": 692,
        "41214": 692,
        "41216": 692,
        "41215": 692,
        "43826": 692,
        "46055": 678,
        "46056": 678,
        "41515": 662,
        "41516": 662,
        "41517": 662,
        "37755": 652,
        "43184": 649,
        "43182": 649,
        "43183": 649,
        "43124": 643,
        "43123": 643,
        "43122": 643,
        "37087": 637,
        "37089": 637,
        "37088": 637,
        "37090": 637,
        "37091": 637,
        "33091": 634,
        "33485": 634,
        "33486": 634,
        "33487": 634,
        "33092": 634,
        "32036": 633,
        "32037": 633,
        "32035": 633,
        "32038": 633,
        "38200": 628,
        "38202": 628,
        "38198": 628,
        "38201": 628,
        "38199": 628,
        "34933": 624,
        "34934": 624,
        "34937": 624,
        "34935": 624,
        "34936": 624,
        "32658": 612,
        "42790": 611,
        "42787": 611,
        "42788": 611,
        "42789": 611,
        "46312": 608,
        "46311": 608,
        "33818": 606,
        "33816": 606,
        "33815": 606,
        "33817": 606,
        "33814": 606,
        "43012": 605,
        "43011": 605,
        "43010": 605,
        "43009": 605,
        "36489": 602,
        "37253": 601,
        "37251": 601,
        "37254": 601,
        "37252": 601,
        "37700": 598,
        "37701": 598,
        "44924": 598,
        "34834": 598,
        "44923": 598,
        "37699": 598,
        "44925": 598,
        "37702": 598,
        "34832": 598,
        "37703": 598,
        "34833": 598,
        "44926": 598,
        "30781": 594,
        "40988": 591,
        "40987": 591,
        "40991": 591,
        "40990": 591,
        "40989": 591,
        "30553": 588,
        "30554": 588,
        "30552": 588,
        "36946": 584,
        "35404": 584,
        "35405": 584,
        "35402": 584,
        "36947": 584,
        "35403": 584,
        "38340": 580,
        "38339": 580,
        "42874": 580,
        "42876": 580,
        "42875": 580,
        "38338": 580,
        "38341": 580,
        "41059": 579,
        "41061": 579,
        "41060": 579,
        "41062": 579,
        "42977": 576,
        "42979": 576,
        "42976": 576,
        "42978": 576,
        "42980": 576,
        "45435": 572,
        "45436": 572,
        "45438": 572,
        "45437": 572,
        "45778": 571,
        "45777": 571,
        "45776": 571,
        "34825": 570,
        "34826": 570,
        "40671": 566,
        "39741": 566,
        "39742": 566,
        "37742": 565,
        "37741": 565,
        "37740": 565,
        "32293": 564,
        "32295": 564,
        "32378": 564,
        "32296": 564,
        "32381": 564,
        "32380": 564,
        "32294": 564,
        "32377": 564,
        "32379": 564,
        "43069": 561,
        "43070": 561,
        "43071": 561,
        "36667": 560,
        "36666": 560,
        "36665": 560,
        "30375": 552,
        "30374": 552,
        "30372": 552,
        "30373": 552,
        "45363": 550,
        "45364": 550,
        "45365": 550,
        "42201": 549,
        "42200": 549,
        "29563": 548,
        "29562": 548,
        "29561": 548,
        "29560": 548,
        "29559": 548,
        "43972": 547,
        "43973": 547,
        "43974": 547,
        "41990": 544,
        "41989": 544,
        "41991": 544,
        "40395": 539,
        "33072": 534,
        "34364": 533,
        "41382": 533,
        "34366": 533,
        "34365": 533,
        "41381": 533,
        "41380": 533,
        "34367": 533,
        "41884": 532,
        "41881": 532,
        "41882": 532,
        "41883": 532,
        "34757": 530,
        "37458": 530,
        "37457": 530,
        "37456": 530,
        "34756": 530,
        "34755": 530,
        "37459": 530,
        "34754": 530,
        "43055": 528,
        "38885": 528,
        "43228": 526,
        "30392": 526,
        "30393": 526,
        "44743": 520,
        "44744": 520,
        "41064": 520,
        "33942": 512,
        "33940": 512,
        "33941": 512,
        "30643": 511,
        "30642": 511,
        "30645": 511,
        "30644": 511,
        "36756": 506,
        "36755": 506,
        "36754": 506,
        "38166": 502,
        "42275": 500,
        "42276": 500,
        "40883": 500,
        "42274": 500,
        "45793": 499,
        "44373": 499,
        "31764": 499,
        "31762": 499,
        "31763": 499,
        "33217": 498,
        "33216": 498,
        "44112": 498,
        "44113": 498,
        "30587": 493,
        "30588": 493,
        "29840": 491,
        "29838": 491,
        "29839": 491,
        "31976": 490,
        "31977": 490,
        "31975": 490,
        "31974": 490,
        "46184": 484,
        "46185": 484,
        "46186": 484,
        "31982": 483,
        "31983": 483,
        "31984": 483,
        "31986": 483,
        "31985": 483,
        "43709": 481,
        "43708": 481,
        "39328": 479,
        "43117": 476,
        "43118": 476,
        "43119": 476,
        "45717": 474,
        "38983": 473,
        "45244": 473,
        "45246": 473,
        "45245": 473,
        "32597": 471,
        "42584": 471,
        "32598": 471,
        "42585": 471,
        "32599": 471,
        "39966": 470,
        "32054": 470,
        "32053": 470,
        "32052": 470,
        "39967": 470,
        "36621": 464,
        "38118": 464,
        "36530": 464,
        "36529": 464,
        "36620": 464,
        "36619": 464,
        "36618": 464,
        "38821": 462,
        "38822": 462,
        "38820": 462,
        "32104": 462,
        "32105": 462,
        "37180": 462,
        "45613": 460,
        "43249": 460,
        "32819": 460,
        "32818": 460,
        "32816": 460,
        "32815": 460,
        "45612": 460,
        "43248": 460,
        "32817": 460,
        "44297": 460,
        "44299": 460,
        "44298": 460,
        "38263": 459,
        "38264": 459,
        "38265": 459,
        "35669": 458,
        "37995": 458,
        "37435": 458,
        "35668": 458,
        "35670": 458,
        "43610": 457,
        "44901": 457,
        "44902": 457,
        "43611": 457,
        "44903": 457,
        "32539": 456,
        "32540": 456,
        "43436": 454,
        "43437": 454,
        "36935": 453,
        "44611": 453,
        "36934": 453,
        "42121": 452,
        "42120": 452,
        "42119": 452,
        "35012": 450,
        "35011": 450,
        "35010": 450,
        "40410": 449,
        "40411": 449,
        "40412": 449,
        "31098": 447,
        "31097": 447,
        "29872": 446,
        "29873": 446,
        "32613": 444,
        "30047": 444,
        "30045": 444,
        "30046": 444,
        "41339": 442,
        "38328": 441,
        "45670": 441,
        "44698": 441,
        "44699": 441,
        "45669": 441,
        "33402": 440,
        "33401": 440,
        "39102": 438,
        "40906": 435,
        "42743": 433,
        "42744": 433,
        "29908": 432,
        "29907": 432,
        "29906": 432,
        "40565": 431,
        "43327": 431,
        "43328": 431,
        "40568": 431,
        "40567": 431,
        "40566": 431,
        "38921": 431,
        "31226": 429,
        "43405": 428,
        "43408": 428,
        "43407": 428,
        "43406": 428,
        "37362": 427,
        "37361": 427,
        "34098": 427,
        "33472": 426,
        "33471": 426,
        "42008": 422,
        "41742": 422,
        "33786": 422,
        "42009": 422,
        "34923": 421,
        "44899": 421,
        "44900": 421,
        "34922": 421,
        "34921": 421,
        "34920": 421,
        "32965": 420,
        "32157": 418,
        "32158": 418,
        "37892": 417,
        "37891": 417,
        "37890": 417,
        "37889": 417,
        "37888": 417,
        "45969": 416,
        "45970": 416,
        "35802": 416,
        "43849": 416,
        "36110": 415,
        "41070": 414,
        "41069": 414,
        "41068": 414,
        "34831": 414,
        "41067": 414,
        "41066": 414,
        "41472": 413,
        "41471": 413,
        "33581": 413,
        "33582": 413,
        "42797": 412,
        "42798": 412,
        "32581": 412,
        "32580": 412,
        "34022": 412,
        "42796": 412,
        "30882": 412,
        "34023": 412,
        "44910": 410,
        "44909": 410,
        "36599": 410,
        "31240": 409,
        "31241": 409,
        "31239": 409,
        "38462": 408,
        "37154": 408,
        "32700": 408,
        "43945": 407,
        "35774": 407,
        "41132": 406,
        "42360": 406,
        "35972": 406,
        "42363": 406,
        "42362": 406,
        "41131": 406,
        "35973": 406,
        "35975": 406,
        "30555": 406,
        "43962": 406,
        "35974": 406,
        "42361": 406,
        "43081": 404,
        "43082": 404,
        "42889": 403,
        "37520": 403,
        "41317": 403,
        "45868": 403,
        "32012": 403,
        "40654": 402,
        "40655": 402,
        "40656": 402,
        "39352": 402,
        "38649": 401,
        "42628": 400,
        "32870": 400,
        "42626": 400,
        "43471": 400,
        "43472": 400,
        "32853": 400,
        "32869": 400,
        "42625": 400,
        "42627": 400,
        "32868": 400,
        "42629": 400,
        "32867": 400,
        "32854": 400,
        "44408": 399,
        "29914": 399,
        "29913": 399,
        "38708": 398,
        "35883": 397,
        "35882": 397,
        "35881": 397,
        "35880": 397,
        "35879": 397,
        "38965": 396,
        "29614": 396,
        "30961": 393,
        "41894": 392,
        "30583": 392,
        "43509": 392,
        "41895": 392,
        "43508": 392,
        "41896": 392,
        "38359": 391,
        "31649": 389,
        "36125": 388,
        "36124": 388,
        "40524": 386,
        "33171": 384,
        "37323": 384,
        "37324": 384,
        "33169": 384,
        "33172": 384,
        "33170": 384,
        "37325": 384,
        "44070": 382,
        "44732": 382,
        "44733": 382,
        "29504": 382,
        "44072": 382,
        "37669": 382,
        "44071": 382,
        "29502": 382,
        "29503": 382,
        "44073": 382,
        "37668": 382,
        "38982": 381,
        "31017": 379,
        "39997": 379,
        "29917": 379,
        "39994": 379,
        "39996": 379,
        "39995": 379,
        "46330": 378,
        "46329": 378,
        "46328": 378,
        "40349": 377,
        "39648": 376,
        "29877": 376,
        "39649": 376,
        "29879": 376,
        "29878": 376,
        "29880": 376,
        "33208": 375,
        "35931": 374,
        "40169": 374,
        "40170": 374,
        "45433": 373,
        "34459": 372,
        "40084": 370,
        "40085": 370,
        "35495": 370,
        "40086": 370,
        "40088": 370,
        "35494": 370,
        "40087": 370,
        "30805": 369,
        "30804": 369,
        "33709": 369,
        "32879": 367,
        "32878": 367,
        "36116": 366,
        "41042": 366,
        "36115": 366,
        "35672": 365,
        "35671": 365,
        "31484": 364,
        "31483": 364,
        "45575": 363,
        "45576": 363,
        "45577": 363,
        "30590": 361,
        "30589": 361,
        "42634": 360,
        "42635": 360,
        "42633": 360,
        "43664": 360,
        "42420": 359,
        "31428": 358,
        "33267": 358,
        "33268": 358,
        "31427": 358,
        "39661": 357,
        "32671": 356,
        "32672": 356,
        "37850": 355,
        "38837": 354,
        "36347": 353,
        "36346": 353,
        "36345": 353,
        "38326": 353,
        "44774": 352,
        "44775": 352,
        "44772": 352,
        "34711": 352,
        "34710": 352,
        "44771": 352,
        "44773": 352,
        "31355": 350,
        "31356": 350,
        "31354": 350,
        "42966": 348,
        "42965": 348,
        "43295": 347,
        "43294": 347,
        "43296": 347,
        "29971": 344,
        "29967": 344,
        "29968": 344,
        "29969": 344,
        "29970": 344,
        "46334": 344,
        "46338": 344,
        "46335": 344,
        "46337": 344,
        "46336": 344,
        "37618": 343,
        "37617": 343,
        "37616": 343,
        "40705": 342,
        "40706": 342,
        "41754": 339,
        "40999": 339,
        "41000": 339,
        "41001": 339,
        "42084": 339,
        "41755": 339,
        "41756": 339,
        "31732": 339,
        "42104": 337,
        "33828": 336,
        "35899": 335,
        "35900": 335,
        "35901": 335,
        "43501": 334,
        "33420": 334,
        "33421": 334,
        "33419": 334,
        "36854": 333,
        "45348": 333,
        "45347": 333,
        "36855": 333,
        "36853": 333,
        "36856": 333,
        "36852": 333,
        "45688": 332,
        "30743": 330,
        "31993": 330,
        "30744": 330,
        "31992": 330,
        "32840": 329,
        "32838": 329,
        "32836": 329,
        "32839": 329,
        "32837": 329,
        "34333": 328,
        "34332": 328,
        "40897": 327,
        "37783": 327,
        "40898": 327,
        "37782": 327,
        "41747": 326,
        "41746": 326,
        "45974": 325,
        "30880": 323,
        "30881": 323,
        "40635": 323,
        "40637": 323,
        "40636": 323,
        "40639": 323,
        "40638": 323,
        "40694": 322,
        "44852": 322,
        "44851": 322,
        "44850": 322,
        "34061": 322,
        "44853": 322,
        "39689": 322,
        "39690": 322,
        "40695": 322,
        "44854": 322,
        "34060": 322,
        "36800": 321,
        "36801": 321,
        "36802": 321,
        "45826": 321,
        "45827": 321,
        "36799": 321,
        "34931": 320,
        "34930": 320,
        "39557": 319,
        "39558": 319,
        "39556": 319,
        "39555": 319,
        "35565": 316,
        "35567": 316,
        "35568": 316,
        "35566": 316,
        "37906": 315,
        "43821": 314,
        "43823": 314,
        "43822": 314,
        "37748": 313,
        "36749": 308,
        "36929": 305,
        "36930": 305,
        "36928": 305,
        "45190": 304,
        "45189": 304,
        "32849": 303,
        "37964": 303,
        "37965": 303,
        "37966": 303,
        "42813": 303,
        "46196": 303,
        "46193": 303,
        "29423": 303,
        "46194": 303,
        "46195": 303,
        "32850": 303,
        "32277": 302,
        "43469": 302,
        "43470": 302,
        "32278": 302,
        "37085": 301,
        "34569": 300,
        "32704": 300,
        "34568": 300,
        "32705": 300,
        "32702": 300,
        "32706": 300,
        "32703": 300,
        "36870": 299,
        "36869": 299,
        "36868": 299,
        "36867": 299,
        "36866": 299,
        "42068": 296,
        "40073": 296,
        "40075": 296,
        "40076": 296,
        "40077": 296,
        "40074": 296,
        "40593": 295,
        "36265": 294,
        "36264": 294,
        "36263": 294,
        "36008": 293,
        "44564": 291,
        "44566": 291,
        "44565": 291,
        "37707": 291,
        "44563": 291,
        "44562": 291,
        "37706": 291,
        "34502": 290,
        "41336": 289,
        "41335": 289,
        "41334": 289,
        "41337": 289,
        "44330": 288,
        "39380": 288,
        "38888": 287,
        "38889": 287,
        "38890": 287,
        "38891": 287,
        "41112": 286,
        "43068": 286,
        "41113": 286,
        "32734": 286,
        "30578": 286,
        "32735": 286,
        "41111": 286,
        "43694": 286,
        "45704": 284,
        "37517": 283,
        "35968": 283,
        "35967": 283,
        "37516": 283,
        "35969": 283,
        "42614": 282,
        "38829": 282,
        "35684": 282,
        "38830": 282,
        "42612": 282,
        "35683": 282,
        "42613": 282,
        "30451": 281,
        "30452": 281,
        "39177": 281,
        "39178": 281,
        "39179": 281,
        "30453": 281,
        "30450": 281,
        "34775": 280,
        "34774": 280,
        "38729": 280,
        "34773": 280,
        "34190": 277,
        "34189": 277,
        "34188": 277,
        "43673": 276,
        "36532": 275,
        "32128": 275,
        "36531": 275,
        "29670": 274,
        "29434": 274,
        "32560": 274,
        "29668": 274,
        "39284": 274,
        "29669": 274,
        "40357": 274,
        "40358": 274,
        "29667": 274,
        "32557": 274,
        "32559": 274,
        "32558": 274,
        "29433": 274,
        "40359": 274,
        "40360": 274,
        "29431": 274,
        "29432": 274,
        "37168": 273,
        "37167": 273,
        "33897": 269,
        "43359": 269,
        "32429": 269,
        "43358": 269,
        "43357": 269,
        "32427": 269,
        "36219": 269,
        "41415": 269,
        "36218": 269,
        "36217": 269,
        "41416": 269,
        "32428": 269,
        "42763": 267,
        "41836": 267,
        "41835": 267,
        "41834": 267,
        "37318": 267,
        "37317": 267,
        "36189": 266,
        "33018": 265,
        "33019": 265,
        "34191": 264,
        "42772": 263,
        "41454": 263,
        "44328": 263,
        "41452": 263,
        "41453": 263,
        "42771": 263,
        "36549": 261,
        "36547": 261,
        "36548": 261,
        "34256": 260,
        "29895": 260,
        "41534": 259,
        "41533": 259,
        "41532": 259,
        "40760": 258,
        "40759": 258,
        "40758": 258,
        "39463": 256,
        "39464": 256,
        "45873": 256,
        "39465": 256,
        "39466": 256,
        "32455": 256,
        "32454": 256,
        "35436": 255,
        "35434": 255,
        "35435": 255,
        "35433": 255,
        "31219": 254,
        "36758": 254,
        "31223": 254,
        "36759": 254,
        "31220": 254,
        "31222": 254,
        "30217": 254,
        "31221": 254,
        "44011": 251,
        "44012": 251,
        "44010": 251,
        "44009": 251,
        "44247": 250,
        "39307": 249,
        "45328": 249,
        "45326": 249,
        "45327": 249,
        "39308": 249,
        "45324": 249,
        "39306": 249,
        "32160": 249,
        "39305": 249,
        "32161": 249,
        "32162": 249,
        "45325": 249,
        "32163": 249,
        "44226": 248,
        "42697": 247,
        "42699": 247,
        "42698": 247,
        "45885": 246,
        "45401": 245,
        "45402": 245,
        "35781": 245,
        "35782": 245,
        "38931": 244,
        "38930": 244,
        "32353": 244,
        "32352": 244,
        "37915": 243,
        "30989": 243,
        "30990": 243,
        "32310": 243,
        "31235": 240,
        "33475": 239,
        "33474": 239,
        "33473": 239,
        "36680": 237,
        "36679": 237,
        "43468": 235,
        "43467": 235,
        "43465": 235,
        "43466": 235,
        "44538": 234,
        "33825": 234,
        "44536": 234,
        "33824": 234,
        "33826": 234,
        "44537": 234,
        "39890": 233,
        "37173": 233,
        "39892": 233,
        "39891": 233,
        "39893": 233,
        "39894": 233,
        "30160": 233,
        "44322": 232,
        "44323": 232,
        "45846": 232,
        "44321": 232,
        "44325": 232,
        "41408": 232,
        "45847": 232,
        "43737": 232,
        "43738": 232,
        "44324": 232,
        "41407": 232,
        "41406": 232,
        "34363": 230,
        "31216": 230,
        "34360": 230,
        "43692": 230,
        "34361": 230,
        "34362": 230,
        "38501": 230,
        "31214": 230,
        "43693": 230,
        "31217": 230,
        "38500": 230,
        "31215": 230,
        "31218": 230,
        "30630": 229,
        "44665": 228,
        "34512": 228,
        "45460": 228,
        "44666": 228,
        "36729": 227,
        "36730": 227,
        "38958": 226,
        "38957": 226,
        "38956": 226,
        "38955": 226,
        "41276": 225,
        "32500": 224,
        "40599": 224,
        "39151": 224,
        "32499": 224,
        "39152": 224,
        "40597": 224,
        "32498": 224,
        "40598": 224,
        "32405": 224,
        "39924": 223,
        "39926": 223,
        "39927": 223,
        "39925": 223,
        "39326": 222,
        "39325": 222,
        "39324": 222,
        "31233": 221,
        "43023": 221,
        "31231": 221,
        "31232": 221,
        "38408": 220,
        "40560": 220,
        "31801": 220,
        "31802": 220,
        "41514": 220,
        "40559": 220,
        "40561": 220,
        "41512": 220,
        "41513": 220,
        "43083": 218,
        "30604": 218,
        "30603": 218,
        "32192": 216,
        "32190": 216,
        "32191": 216,
        "35409": 215,
        "32835": 214,
        "41267": 214,
        "42943": 214,
        "42944": 214,
        "32834": 214,
        "29919": 214,
        "42942": 214,
        "41266": 214,
        "29918": 214,
        "37177": 213,
        "31892": 213,
        "31891": 213,
        "37178": 213,
        "44523": 213,
        "44525": 213,
        "44524": 213,
        "37179": 213,
        "33838": 212,
        "33837": 212,
        "34415": 212,
        "34412": 212,
        "34413": 212,
        "34416": 212,
        "33123": 212,
        "34414": 212,
        "30869": 210,
        "36711": 210,
        "36710": 210,
        "36709": 210,
        "41668": 210,
        "41666": 210,
        "41667": 210,
        "29586": 209,
        "29585": 209,
        "29584": 209,
        "44836": 208,
        "35719": 208,
        "44837": 208,
        "44838": 208,
        "31729": 208,
        "44839": 208,
        "35718": 208,
        "44840": 208,
        "35092": 206,
        "36748": 206,
        "43026": 206,
        "43025": 206,
        "35093": 206,
        "35091": 206,
        "40704": 205,
        "40703": 205,
        "40702": 205,
        "32527": 204,
        "41107": 204,
        "32526": 204,
        "32525": 204,
        "41106": 204,
        "45022": 202,
        "38376": 202,
        "32047": 202,
        "38375": 202,
        "34652": 200,
        "33968": 200,
        "32863": 199,
        "32864": 199,
        "35214": 199,
        "35213": 199,
        "33745": 199,
        "32865": 199,
        "35951": 199,
        "33746": 199,
        "38694": 198,
        "34810": 198,
        "38695": 198,
        "43489": 198,
        "37848": 198,
        "37847": 198,
        "36447": 197,
        "36445": 197,
        "36444": 197,
        "36446": 197,
        "36443": 197,
        "35752": 196,
        "41606": 196,
        "36959": 196,
        "34124": 196,
        "37378": 196,
        "36956": 196,
        "36957": 196,
        "36958": 196,
        "38540": 194,
        "40846": 194,
        "38539": 194,
        "37462": 193,
        "31651": 193,
        "44966": 193,
        "37463": 193,
        "37464": 193,
        "37466": 193,
        "37465": 193,
        "42414": 192,
        "42415": 192,
        "30977": 192,
        "30976": 192,
        "30975": 192,
        "35941": 192,
        "30974": 192,
        "41168": 191,
        "42432": 191,
        "42431": 191,
        "42992": 190,
        "40209": 190,
        "42993": 190,
        "34507": 190,
        "42991": 190,
        "40208": 190,
        "45455": 190,
        "42990": 190,
        "40207": 190,
        "42785": 189,
        "35245": 189,
        "42784": 189,
        "32701": 189,
        "33007": 189,
        "42782": 189,
        "42783": 189,
        "44894": 189,
        "36233": 188,
        "36231": 188,
        "36230": 188,
        "36232": 188,
        "39303": 188,
        "30191": 188,
        "30192": 188,
        "35159": 188,
        "31262": 186,
        "31263": 186,
        "39241": 186,
        "29575": 185,
        "32488": 185,
        "32487": 185,
        "42056": 185,
        "32067": 184,
        "32065": 184,
        "32064": 184,
        "32066": 184,
        "32538": 182,
        "43562": 182,
        "43561": 182,
        "32537": 182,
        "45801": 181,
        "45800": 181,
        "37716": 181,
        "39337": 180,
        "39339": 180,
        "39338": 180,
        "33389": 180,
        "33388": 180,
        "39340": 180,
        "33387": 180,
        "45607": 177,
        "45606": 177,
        "39015": 177,
        "39014": 177,
        "33875": 177,
        "43669": 177,
        "45608": 177,
        "44983": 177,
        "44984": 177,
        "44985": 177,
        "36069": 176,
        "36067": 176,
        "29858": 176,
        "36066": 176,
        "29857": 176,
        "36068": 176,
        "45622": 175,
        "45620": 175,
        "45619": 175,
        "45621": 175,
        "39618": 175,
        "39619": 175,
        "45618": 175,
        "39617": 175,
        "36454": 175,
        "33655": 173,
        "46125": 173,
        "35087": 173,
        "46126": 173,
        "46127": 173,
        "38053": 173,
        "35160": 173,
        "33654": 173,
        "33653": 173,
        "32683": 171,
        "46150": 170,
        "46149": 170,
        "40866": 169,
        "32137": 169,
        "40865": 169,
        "41232": 168,
        "41332": 168,
        "41333": 168,
        "36424": 168,
        "35335": 167,
        "36181": 167,
        "35334": 167,
        "35336": 167,
        "31426": 166,
        "39032": 164,
        "45212": 163,
        "45213": 163,
        "42286": 162,
        "34219": 162,
        "34220": 162,
        "31581": 162,
        "32729": 162,
        "43746": 161,
        "43747": 161,
        "41419": 161,
        "41418": 161,
        "33432": 160,
        "33431": 160,
        "33430": 160,
        "44765": 160,
        "33429": 160,
        "30113": 159,
        "30957": 158,
        "30956": 158,
        "44599": 158,
        "44598": 158,
        "45536": 158,
        "30958": 158,
        "30955": 158,
        "44436": 157,
        "44435": 157,
        "44437": 157,
        "46260": 155,
        "46258": 155,
        "46259": 155,
        "34277": 155,
        "34278": 155,
        "34279": 155,
        "34280": 155,
        "34281": 155,
        "37033": 154,
        "36681": 154,
        "36371": 153,
        "36325": 153,
        "38151": 153,
        "38152": 153,
        "37257": 152,
        "45978": 152,
        "37258": 152,
        "43002": 151,
        "30681": 150,
        "30678": 150,
        "30680": 150,
        "30679": 150,
        "40816": 149,
        "45903": 149,
        "45902": 149,
        "40066": 149,
        "40065": 149,
        "37238": 149,
        "40815": 149,
        "45224": 149,
        "45226": 149,
        "45225": 149,
        "36170": 149,
        "37032": 148,
        "44412": 148,
        "44413": 148,
        "30062": 147,
        "32753": 147,
        "30061": 147,
        "46275": 146,
        "38936": 145,
        "44634": 145,
        "31833": 144,
        "31832": 144,
        "43034": 144,
        "35795": 143,
        "35794": 143,
        "34088": 143,
        "35474": 142,
        "35473": 142,
        "39830": 142,
        "35472": 142,
        "35475": 142,
        "35364": 137,
        "42029": 135,
        "42949": 135,
        "42948": 135,
        "42947": 135,
        "42946": 135,
        "36539": 134,
        "44250": 133,
        "44251": 133,
        "44249": 133,
        "44578": 133,
        "31613": 132,
        "42322": 131,
        "37059": 130,
        "40384": 130,
        "29454": 130,
        "40383": 130,
        "29455": 130,
        "29456": 130,
        "29453": 130,
        "29457": 130,
        "40382": 130,
        "37060": 130,
        "29451": 130,
        "29452": 130,
        "29458": 130,
        "40381": 130,
        "29744": 129,
        "29743": 129,
        "32323": 128,
        "43361": 128,
        "32321": 128,
        "32322": 128,
        "38395": 128,
        "32431": 128,
        "32324": 128,
        "35231": 127,
        "31539": 127,
        "34437": 127,
        "31538": 127,
        "38373": 126,
        "31448": 126,
        "31447": 126,
        "38374": 126,
        "34053": 126,
        "42234": 125,
        "42235": 125,
        "32575": 124,
        "36167": 124,
        "32576": 124,
        "36166": 124,
        "45210": 120,
        "45211": 120,
        "32222": 119,
        "36049": 119,
        "36048": 119,
        "45272": 116,
        "45271": 116,
        "40589": 114,
        "40588": 114,
        "35956": 113,
        "35957": 113,
        "34643": 113,
        "34644": 113,
        "34642": 113,
        "38190": 112,
        "38191": 112,
        "40072": 111,
        "40071": 111,
        "38541": 111,
        "36341": 111,
        "36342": 111,
        "30545": 108,
        "29863": 108,
        "39646": 108,
        "41316": 108,
        "30546": 108,
        "33434": 107,
        "33435": 107,
        "30847": 105,
        "45418": 104,
        "37013": 104,
        "39841": 104,
        "45417": 104,
        "37012": 104,
        "31997": 103,
        "31998": 103,
        "38431": 103,
        "38432": 103,
        "42221": 103,
        "33853": 101,
        "34870": 101,
        "33855": 101,
        "33854": 101,
        "43056": 100,
        "43057": 100,
        "43058": 100,
        "32415": 99,
        "32414": 99,
        "40827": 97,
        "37665": 94,
        "45222": 94,
        "45221": 94,
        "35463": 94,
        "37666": 94,
        "35173": 94,
        "35176": 94,
        "35462": 94,
        "35174": 94,
        "35175": 94,
        "37196": 93,
        "37197": 93,
        "32143": 92,
        "32144": 92,
        "32145": 92,
        "31282": 91,
        "43574": 88,
        "43573": 88,
        "40227": 87,
        "40226": 87,
        "40034": 87,
        "33703": 85,
        "33704": 85,
        "33702": 85,
        "31918": 83,
        "32445": 83,
        "43375": 83,
        "45448": 83,
        "31917": 83,
        "30066": 80,
        "30068": 80,
        "30067": 80,
        "45167": 77,
        "32957": 76,
        "39835": 76,
        "32958": 76,
        "46273": 75,
        "46274": 75,
        "44233": 73,
        "35116": 73,
        "44232": 73,
        "42971": 72,
        "29815": 65,
        "29816": 65,
        "30779": 63,
        "30778": 63,
        "29578": 59,
        "31328": 57,
        "31331": 57,
        "31332": 57,
        "31330": 57,
        "31329": 57,
        "39027": 49
    },
    "nrows": 552017
}