{
    "column_id": "Financial/Financial.csvFinancial.csv/A4",
    "dataset_name": "Financial.csv",
    "dataset_id": "Financial/Financial.csv",
    "path": "/home/ubuntu/CatDB/Experiments/data/Financial/Financial.csv",
    "table_name": "Financial.csv",
    "table_id": "Financial/Financial.csvFinancial.csv",
    "column_name": "A4",
    "data_source": "Financial",
    "data_type": "int",
    "total_values_count": 552017,
    "distinct_values_count": 77,
    "missing_values_count": 0,
    "true_ratio": null,
    "min_value": 42821.0,
    "max_value": 1204953.0,
    "mean": 291214.7967689401,
    "median": 125832.0,
    "iqr": 136764.0,
    "category_values": [
        1204953,
        103347,
        228848,
        70646,
        51428,
        93931,
        323870,
        105606,
        159617,
        128118,
        125832,
        161227,
        285387,
        85852,
        124605,
        177686,
        58796,
        162580,
        95907,
        112709,
        387570,
        114200,
        226122,
        45714,
        112065,
        53921,
        105058,
        67298,
        109164,
        119895,
        42821,
        139012,
        95616,
        145688,
        182027,
        114006,
        149893,
        77963,
        77917,
        75637,
        88757,
        157042,
        107911,
        125236,
        118650,
        51313,
        102609,
        72541,
        94812,
        107870,
        170449,
        161954,
        197099,
        108871,
        121947,
        106054,
        81344,
        122603,
        88884,
        133777,
        70699,
        110643,
        94725,
        86513,
        92084,
        75232,
        148545,
        78955,
        117897,
        74062,
        161854,
        138032,
        75685,
        127369,
        88768,
        87419,
        58400
    ],
    "embedding": [
        -1.0,
        -1.0,
        -1.0,
        1.0,
        -1.0,
        1.0,
        -1.0,
        -1.0,
        -1.0,
        -1.0,
        1.0,
        -1.0,
        -1.0,
        1.0,
        1.0,
        1.0,
        1.0,
        -1.0,
        1.0,
        -1.0,
        1.0,
        -1.0,
        1.0,
        -1.0,
        1.0,
        -1.0,
        -1.0,
        1.0,
        -1.0,
        -1.0,
        1.0,
        1.0,
        -1.0,
        -1.0,
        -1.0,
        1.0,
        -1.0,
        1.0,
        1.0,
        -1.0,
        -1.0,
        1.0,
        -1.0,
        -1.0,
        -1.0,
        -1.0,
        1.0,
        -1.0,
        -1.0,
        -0.8878313302993774,
        -1.0,
        1.0,
        1.0,
        1.0,
        -1.0,
        1.0,
        1.0,
        1.0,
        -1.0,
        0.9980983138084412,
        -1.0,
        -1.0,
        1.0,
        -1.0,
        1.0,
        -1.0,
        1.0,
        -1.0,
        1.0,
        1.0,
        1.0,
        -1.0,
        -1.0,
        -1.0,
        -1.0,
        1.0,
        1.0,
        1.0,
        1.0,
        1.0,
        1.0,
        1.0,
        1.0,
        -1.0,
        -1.0,
        1.0,
        -1.0,
        1.0,
        1.0,
        1.0,
        -1.0,
        1.0,
        1.0,
        -1.0,
        1.0,
        -1.0,
        1.0,
        -1.0,
        -1.0,
        -1.0,
        -0.997351884841919,
        -1.0,
        1.0,
        -1.0,
        -1.0,
        1.0,
        1.0,
        1.0,
        -1.0,
        -1.0,
        1.0,
        -1.0,
        -1.0,
        1.0,
        1.0,
        1.0,
        1.0,
        1.0,
        1.0,
        -1.0,
        -1.0,
        1.0,
        -1.0,
        -1.0,
        1.0,
        -1.0,
        -1.0,
        -1.0,
        -1.0,
        1.0,
        -1.0,
        1.0,
        -1.0,
        -1.0,
        1.0,
        -1.0,
        -1.0,
        1.0,
        1.0,
        -1.0,
        1.0,
        1.0,
        1.0,
        -1.0,
        1.0,
        -1.0,
        1.0,
        -1.0,
        -1.0,
        -1.0,
        1.0,
        -1.0,
        1.0,
        -1.0,
        1.0,
        -1.0,
        1.0,
        -1.0,
        1.0,
        -1.0,
        -1.0,
        1.0,
        -1.0,
        -1.0,
        1.0,
        -1.0,
        1.0,
        -1.0,
        -1.0,
        -1.0,
        -1.0,
        -1.0,
        1.0,
        1.0,
        -1.0,
        -1.0,
        1.0,
        -1.0,
        -1.0,
        -1.0,
        1.0,
        -1.0,
        -1.0,
        -1.0,
        1.0,
        -1.0,
        1.0,
        -1.0,
        -1.0,
        -1.0,
        1.0,
        1.0,
        1.0,
        1.0,
        -1.0,
        -1.0,
        1.0,
        -1.0,
        -1.0,
        1.0,
        -1.0,
        1.0,
        -1.0,
        -1.0,
        -1.0,
        -1.0,
        1.0,
        1.0,
        -1.0,
        -1.0,
        -1.0,
        1.0,
        -1.0,
        -1.0,
        -1.0,
        1.0,
        -1.0,
        1.0,
        -1.0,
        -1.0,
        1.0,
        -1.0,
        -1.0,
        1.0,
        -1.0,
        -0.889866828918457,
        1.0,
        -1.0,
        -1.0,
        -1.0,
        1.0,
        -1.0,
        1.0,
        -1.0,
        -1.0,
        1.0,
        -1.0,
        1.0,
        1.0,
        -1.0,
        1.0,
        -0.8717069029808044,
        1.0,
        -1.0,
        1.0,
        1.0,
        -1.0,
        -1.0,
        -1.0,
        1.0,
        1.0,
        1.0,
        -1.0,
        -1.0,
        -1.0,
        1.0,
        1.0,
        -1.0,
        -1.0,
        -1.0,
        1.0,
        1.0,
        1.0,
        -1.0,
        1.0,
        -1.0,
        -1.0,
        -1.0,
        1.0,
        1.0,
        -0.9963023066520691,
        -1.0,
        -1.0,
        1.0,
        -1.0,
        1.0,
        1.0,
        1.0,
        1.0,
        1.0,
        1.0,
        -1.0,
        1.0,
        1.0,
        1.0,
        -1.0,
        -1.0,
        1.0,
        -1.0,
        -1.0,
        -1.0,
        1.0,
        -1.0,
        -1.0,
        -1.0,
        -1.0,
        -1.0,
        1.0,
        1.0,
        1.0
    ],
    "embedding_scaling_factor": 35.13160705566406,
    "samples": [
        197099,
        228848,
        1204953,
        182027,
        124605,
        1204953,
        157042,
        77963,
        45714,
        85852,
        95616,
        128118,
        107870,
        122603,
        226122,
        77963,
        1204953,
        85852,
        226122,
        94725,
        95907,
        75685,
        148545,
        157042,
        114006,
        75637,
        72541,
        148545,
        102609,
        58400,
        107870,
        75685,
        197099,
        95616,
        1204953,
        105058,
        124605,
        122603,
        53921,
        95616,
        75685,
        177686,
        51428,
        92084,
        128118,
        387570,
        51313,
        148545,
        133777,
        109164,
        119895,
        177686,
        197099,
        53921,
        51428,
        67298,
        107870,
        105606,
        114200,
        1204953,
        86513,
        109164,
        125236,
        387570,
        88884,
        53921,
        88757,
        323870,
        1204953,
        387570,
        323870,
        58400,
        45714,
        70646,
        1204953,
        125236,
        1204953,
        1204953,
        125832,
        88768,
        145688,
        75637,
        110643,
        162580,
        161854,
        86513,
        122603,
        1204953,
        139012,
        127369,
        1204953,
        110643,
        161954,
        105058,
        170449,
        93931,
        77917,
        117897,
        117897,
        1204953
    ],
    "category_values_ratio": {
        "1204953": 78184,
        "387570": 18450,
        "228848": 16286,
        "323870": 15885,
        "285387": 15659,
        "51428": 14366,
        "197099": 13103,
        "125832": 13058,
        "85852": 12866,
        "139012": 11625,
        "226122": 10947,
        "110643": 10337,
        "107870": 10330,
        "53921": 10171,
        "122603": 9121,
        "157042": 8838,
        "102609": 8047,
        "51313": 7938,
        "67298": 7654,
        "75637": 7571,
        "77917": 7465,
        "145688": 7417,
        "81344": 7411,
        "95616": 7308,
        "125236": 7297,
        "128118": 7227,
        "93931": 7042,
        "149893": 6451,
        "114006": 6195,
        "162580": 6168,
        "119895": 6165,
        "70646": 6152,
        "182027": 6125,
        "72541": 6064,
        "86513": 6059,
        "78955": 5953,
        "148545": 5782,
        "107911": 5688,
        "170449": 5645,
        "138032": 5590,
        "161954": 5423,
        "177686": 5215,
        "112709": 4991,
        "45714": 4970,
        "161854": 4806,
        "121947": 4686,
        "108871": 4625,
        "94725": 4603,
        "124605": 4571,
        "77963": 4451,
        "58796": 4404,
        "106054": 4073,
        "105058": 4011,
        "95907": 3998,
        "87419": 3991,
        "74062": 3854,
        "159617": 3731,
        "88884": 3716,
        "92084": 3351,
        "105606": 3261,
        "117897": 3174,
        "103347": 3121,
        "114200": 3024,
        "133777": 2946,
        "109164": 2849,
        "161227": 2794,
        "75685": 2722,
        "127369": 2150,
        "42821": 2073,
        "58400": 2056,
        "75232": 1976,
        "88757": 1636,
        "112065": 1260,
        "70699": 1143,
        "118650": 1127,
        "94812": 929,
        "88768": 666
    },
    "nrows": 552017
}