{
    "column_id": "Financial/Financial.csvFinancial.csv/client_id",
    "dataset_name": "Financial.csv",
    "dataset_id": "Financial/Financial.csv",
    "path": "/home/ubuntu/CatDB/Experiments/data/Financial/Financial.csv",
    "table_name": "Financial.csv",
    "table_id": "Financial/Financial.csvFinancial.csv",
    "column_name": "client_id",
    "data_source": "Financial",
    "data_type": "int",
    "total_values_count": 552017,
    "distinct_values_count": 827,
    "missing_values_count": 0,
    "true_ratio": null,
    "min_value": 2.0,
    "max_value": 13971.0,
    "mean": 7314.549517496744,
    "median": 7311.0,
    "iqr": 7113.0,
    "category_values": [
        2,
        3,
        25,
        31,
        45,
        46,
        78,
        116,
        117,
        124,
        127,
        132,
        158,
        159,
        210,
        211,
        215,
        272,
        333,
        352,
        370,
        376,
        383,
        384,
        389,
        403,
        404,
        414,
        415,
        421,
        424,
        426,
        427,
        458,
        512,
        530,
        533,
        568,
        603,
        631,
        655,
        798,
        799,
        810,
        811,
        861,
        939,
        944,
        945,
        946,
        968,
        976,
        980,
        981,
        992,
        1020,
        1029,
        1051,
        1102,
        1130,
        1133,
        1134,
        1157,
        1197,
        1208,
        1215,
        1216,
        1282,
        1286,
        1300,
        1311,
        1327,
        1404,
        1499,
        1501,
        1505,
        1509,
        1511,
        1516,
        1533,
        1554,
        1594,
        1608,
        1609,
        1662,
        1663,
        1681,
        1705,
        1706,
        1755,
        1793,
        1816,
        1851,
        1852,
        1913,
        1917,
        1944,
        1985,
        1986,
        2008,
        2063,
        2083,
        2136,
        2141,
        2148,
        2153,
        2166,
        2181,
        2190,
        2191,
        2195,
        2205,
        2235,
        2259,
        2267,
        2277,
        2288,
        2289,
        2291,
        2316,
        2342,
        2392,
        2403,
        2422,
        2430,
        2451,
        2470,
        2471,
        2489,
        2494,
        2501,
        2503,
        2514,
        2522,
        2523,
        2550,
        2560,
        2581,
        2590,
        2591,
        2592,
        2593,
        2606,
        2621,
        2623,
        2635,
        2647,
        2648,
        2686,
        2687,
        2698,
        2699,
        2700,
        2708,
        2719,
        2720,
        2721,
        2739,
        2746,
        2759,
        2809,
        2822,
        2823,
        2831,
        2834,
        2841,
        2843,
        2853,
        2915,
        2922,
        2952,
        2966,
        3001,
        3013,
        3014,
        3038,
        3072,
        3073,
        3103,
        3113,
        3114,
        3163,
        3164,
        3251,
        3252,
        3257,
        3264,
        3284,
        3285,
        3291,
        3294,
        3324,
        3325,
        3326,
        3335,
        3414,
        3471,
        3517,
        3519,
        3542,
        3543,
        3546,
        3576,
        3601,
        3602,
        3606,
        3608,
        3609,
        3616,
        3629,
        3649,
        3670,
        3687,
        3688,
        3705,
        3730,
        3763,
        3764,
        3767,
        3768,
        3793,
        3800,
        3801,
        3822,
        3829,
        3855,
        3906,
        3907,
        3929,
        3962,
        3984,
        4024,
        4025,
        4055,
        4056,
        4099,
        4114,
        4132,
        4133,
        4169,
        4170,
        4177,
        4182,
        4183,
        4217,
        4291,
        4299,
        4352,
        4377,
        4386,
        4417,
        4428,
        4433,
        4434,
        4435,
        4474,
        4520,
        4527,
        4529,
        4530,
        4584,
        4620,
        4621,
        4652,
        4656,
        4672,
        4710,
        4711,
        4712,
        4722,
        4754,
        4768,
        4786,
        4861,
        4882,
        4916,
        4918,
        4937,
        4956,
        4968,
        4993,
        4994,
        5050,
        5133,
        5134,
        5143,
        5144,
        5171,
        5203,
        5224,
        5232,
        5245,
        5253,
        5254,
        5318,
        5319,
        5320,
        5321,
        5322,
        5333,
        5337,
        5338,
        5364,
        5365,
        5366,
        5367,
        5376,
        5384,
        5389,
        5395,
        5399,
        5433,
        5468,
        5487,
        5517,
        5521,
        5526,
        5527,
        5563,
        5565,
        5574,
        5579,
        5580,
        5606,
        5618,
        5642,
        5684,
        5699,
        5701,
        5727,
        5760,
        5761,
        5774,
        5775,
        5788,
        5801,
        5826,
        5827,
        5858,
        5859,
        5860,
        5866,
        5873,
        5911,
        5928,
        5965,
        5977,
        5978,
        6001,
        6015,
        6033,
        6034,
        6039,
        6040,
        6042,
        6077,
        6115,
        6122,
        6175,
        6178,
        6185,
        6186,
        6196,
        6235,
        6255,
        6256,
        6257,
        6275,
        6299,
        6301,
        6317,
        6318,
        6349,
        6359,
        6363,
        6366,
        6367,
        6383,
        6408,
        6417,
        6422,
        6469,
        6473,
        6474,
        6499,
        6511,
        6544,
        6545,
        6551,
        6567,
        6571,
        6610,
        6616,
        6691,
        6729,
        6731,
        6749,
        6750,
        6753,
        6764,
        6789,
        6798,
        6803,
        6804,
        6829,
        6892,
        6893,
        6895,
        6922,
        6936,
        6946,
        6987,
        7010,
        7011,
        7065,
        7127,
        7150,
        7166,
        7186,
        7195,
        7241,
        7286,
        7291,
        7299,
        7311,
        7324,
        7325,
        7339,
        7348,
        7366,
        7390,
        7411,
        7412,
        7422,
        7423,
        7434,
        7435,
        7521,
        7567,
        7576,
        7594,
        7672,
        7678,
        7683,
        7723,
        7724,
        7727,
        7753,
        7765,
        7772,
        7787,
        7796,
        7797,
        7814,
        7815,
        7843,
        7855,
        7862,
        7914,
        7959,
        7980,
        8030,
        8064,
        8074,
        8076,
        8089,
        8091,
        8096,
        8105,
        8130,
        8200,
        8276,
        8333,
        8356,
        8359,
        8366,
        8392,
        8393,
        8432,
        8433,
        8502,
        8506,
        8510,
        8548,
        8568,
        8598,
        8610,
        8611,
        8615,
        8636,
        8661,
        8666,
        8667,
        8670,
        8677,
        8678,
        8737,
        8738,
        8764,
        8777,
        9173,
        9174,
        9196,
        9202,
        9217,
        9226,
        9236,
        9273,
        9274,
        9316,
        9340,
        9346,
        9362,
        9366,
        9370,
        9403,
        9417,
        9418,
        9419,
        9427,
        9428,
        9450,
        9451,
        9456,
        9457,
        9458,
        9505,
        9546,
        9555,
        9569,
        9582,
        9593,
        9606,
        9611,
        9641,
        9642,
        9663,
        9664,
        9670,
        9675,
        9702,
        9715,
        9717,
        9718,
        9721,
        9755,
        9760,
        9775,
        9776,
        9798,
        9833,
        9834,
        9844,
        9845,
        9846,
        9872,
        9880,
        9914,
        9915,
        9929,
        9930,
        9933,
        9945,
        9946,
        9973,
        9987,
        9995,
        9997,
        10023,
        10040,
        10041,
        10043,
        10075,
        10076,
        10077,
        10090,
        10095,
        10096,
        10159,
        10198,
        10199,
        10200,
        10201,
        10209,
        10269,
        10273,
        10274,
        10275,
        10276,
        10282,
        10287,
        10288,
        10350,
        10351,
        10355,
        10382,
        10389,
        10459,
        10475,
        10476,
        10479,
        10492,
        10510,
        10511,
        10517,
        10528,
        10543,
        10555,
        10563,
        10564,
        10566,
        10636,
        10654,
        10662,
        10702,
        10703,
        10714,
        10746,
        10777,
        10778,
        10813,
        10818,
        10828,
        10963,
        10987,
        10988,
        10997,
        10998,
        11004,
        11050,
        11063,
        11064,
        11093,
        11105,
        11114,
        11121,
        11122,
        11123,
        11126,
        11130,
        11131,
        11149,
        11195,
        11208,
        11250,
        11252,
        11266,
        11267,
        11271,
        11274,
        11275,
        11286,
        11304,
        11314,
        11327,
        11329,
        11337,
        11359,
        11360,
        11362,
        11371,
        11372,
        11379,
        11380,
        11381,
        11405,
        11406,
        11409,
        11461,
        11497,
        11516,
        11517,
        11545,
        11574,
        11596,
        11598,
        11609,
        11637,
        11638,
        11662,
        11683,
        11685,
        11686,
        11687,
        11701,
        11709,
        11710,
        11713,
        11714,
        11754,
        11768,
        11794,
        11795,
        11804,
        11851,
        11855,
        11857,
        11866,
        11867,
        11873,
        11874,
        11875,
        11886,
        11906,
        11907,
        11911,
        11976,
        11977,
        11978,
        11979,
        12003,
        12050,
        12051,
        12079,
        12095,
        12102,
        12133,
        12144,
        12145,
        12181,
        12220,
        12221,
        12303,
        12308,
        12325,
        12328,
        12358,
        12359,
        12376,
        12378,
        12382,
        12383,
        12396,
        12397,
        12416,
        12417,
        12432,
        12464,
        12468,
        12485,
        12547,
        12561,
        12586,
        12599,
        12616,
        12625,
        12643,
        12662,
        12695,
        12729,
        12730,
        12738,
        12739,
        12750,
        12754,
        12755,
        12756,
        12802,
        12810,
        12840,
        12843,
        12844,
        12850,
        12851,
        12859,
        12890,
        12908,
        12943,
        13051,
        13071,
        13089,
        13090,
        13095,
        13098,
        13113,
        13134,
        13172,
        13190,
        13201,
        13231,
        13246,
        13260,
        13261,
        13262,
        13276,
        13285,
        13290,
        13291,
        13346,
        13380,
        13405,
        13412,
        13417,
        13447,
        13448,
        13451,
        13468,
        13469,
        13480,
        13490,
        13539,
        13548,
        13556,
        13576,
        13590,
        13603,
        13608,
        13620,
        13640,
        13657,
        13658,
        13687,
        13690,
        13694,
        13750,
        13751,
        13803,
        13820,
        13845,
        13852,
        13912,
        13923,
        13924,
        13955,
        13956,
        13968,
        13971
    ],
    "embedding": [
        -1.0,
        -1.0,
        -1.0,
        1.0,
        -1.0,
        1.0,
        -1.0,
        -1.0,
        -1.0,
        -1.0,
        1.0,
        -1.0,
        -1.0,
        1.0,
        1.0,
        1.0,
        1.0,
        -1.0,
        1.0,
        -1.0,
        1.0,
        -1.0,
        1.0,
        -1.0,
        1.0,
        -1.0,
        -1.0,
        1.0,
        -1.0,
        -1.0,
        1.0,
        1.0,
        -1.0,
        -1.0,
        -1.0,
        1.0,
        -1.0,
        1.0,
        1.0,
        -1.0,
        -1.0,
        1.0,
        -1.0,
        -1.0,
        -1.0,
        -1.0,
        1.0,
        -1.0,
        -1.0,
        -0.9704315662384033,
        -1.0,
        1.0,
        1.0,
        1.0,
        -1.0,
        1.0,
        1.0,
        1.0,
        -1.0,
        0.9961735606193542,
        -1.0,
        -1.0,
        1.0,
        -1.0,
        1.0,
        -1.0,
        1.0,
        -1.0,
        1.0,
        1.0,
        1.0,
        -1.0,
        -1.0,
        -1.0,
        -1.0,
        1.0,
        1.0,
        1.0,
        1.0,
        1.0,
        1.0,
        1.0,
        1.0,
        -1.0,
        -1.0,
        1.0,
        -1.0,
        1.0,
        1.0,
        1.0,
        -1.0,
        1.0,
        1.0,
        -1.0,
        1.0,
        -1.0,
        1.0,
        -1.0,
        -1.0,
        -1.0,
        -0.9982454776763916,
        -1.0,
        1.0,
        -1.0,
        -1.0,
        1.0,
        1.0,
        1.0,
        -1.0,
        -1.0,
        1.0,
        -1.0,
        -1.0,
        1.0,
        1.0,
        1.0,
        1.0,
        1.0,
        1.0,
        -1.0,
        -1.0,
        1.0,
        -1.0,
        -1.0,
        1.0,
        -1.0,
        -1.0,
        -1.0,
        -1.0,
        1.0,
        -1.0,
        1.0,
        -1.0,
        -1.0,
        1.0,
        -1.0,
        -1.0,
        1.0,
        1.0,
        -1.0,
        1.0,
        1.0,
        1.0,
        -1.0,
        1.0,
        -1.0,
        1.0,
        -1.0,
        -1.0,
        -1.0,
        1.0,
        -1.0,
        1.0,
        -1.0,
        1.0,
        -1.0,
        1.0,
        -1.0,
        1.0,
        -1.0,
        -1.0,
        1.0,
        -1.0,
        -1.0,
        1.0,
        -1.0,
        1.0,
        -1.0,
        -1.0,
        -1.0,
        -1.0,
        -1.0,
        1.0,
        1.0,
        -1.0,
        -1.0,
        1.0,
        -1.0,
        -1.0,
        -1.0,
        1.0,
        -1.0,
        -1.0,
        -1.0,
        1.0,
        -1.0,
        1.0,
        -1.0,
        -1.0,
        -1.0,
        1.0,
        1.0,
        1.0,
        1.0,
        -1.0,
        -1.0,
        1.0,
        -1.0,
        -1.0,
        1.0,
        -1.0,
        1.0,
        -1.0,
        -1.0,
        -1.0,
        -1.0,
        1.0,
        1.0,
        -1.0,
        -1.0,
        -1.0,
        1.0,
        -1.0,
        -1.0,
        -1.0,
        1.0,
        -1.0,
        1.0,
        -1.0,
        -1.0,
        1.0,
        -1.0,
        -1.0,
        1.0,
        -1.0,
        -0.968867838382721,
        1.0,
        -1.0,
        -1.0,
        -1.0,
        1.0,
        -1.0,
        1.0,
        -1.0,
        -1.0,
        1.0,
        -1.0,
        1.0,
        1.0,
        -1.0,
        1.0,
        -0.9624108672142029,
        1.0,
        -1.0,
        1.0,
        1.0,
        -1.0,
        -1.0,
        -1.0,
        1.0,
        1.0,
        1.0,
        -1.0,
        -1.0,
        -1.0,
        1.0,
        1.0,
        -1.0,
        -1.0,
        -1.0,
        1.0,
        1.0,
        1.0,
        -1.0,
        1.0,
        -1.0,
        -1.0,
        -1.0,
        1.0,
        1.0,
        -0.9979733824729919,
        -1.0,
        -1.0,
        1.0,
        -1.0,
        1.0,
        1.0,
        1.0,
        1.0,
        1.0,
        1.0,
        -1.0,
        1.0,
        1.0,
        1.0,
        -1.0,
        -1.0,
        1.0,
        -1.0,
        -1.0,
        -1.0,
        1.0,
        -1.0,
        -1.0,
        -1.0,
        -1.0,
        -1.0,
        1.0,
        1.0,
        1.0
    ],
    "embedding_scaling_factor": 26.222251892089844,
    "samples": [
        9202,
        210,
        2853,
        12051,
        9663,
        3335,
        10511,
        8610,
        12739,
        10275,
        211,
        944,
        3767,
        7299,
        7594,
        10200,
        210,
        9973,
        5321,
        1029,
        4435,
        4711,
        9346,
        6511,
        3163,
        11314,
        78,
        6185,
        5521,
        9833,
        7422,
        5376,
        10566,
        12810,
        8611,
        6178,
        9174,
        4861,
        5337,
        8089,
        3163,
        11911,
        4530,
        3767,
        2451,
        7195,
        10201,
        1499,
        6750,
        11195,
        4621,
        10563,
        12416,
        3576,
        9546,
        11979,
        3252,
        2823,
        6077,
        6175,
        1594,
        6750,
        210,
        11121,
        7723,
        1029,
        2470,
        11123,
        8089,
        11004,
        6115,
        8276,
        7150,
        3705,
        11121,
        4527,
        4024,
        799,
        7299,
        12695,
        5320,
        1029,
        6750,
        13539,
        12145,
        12859,
        9569,
        13971,
        2809,
        10475,
        13262,
        13260,
        8610,
        6469,
        811,
        13113,
        10040,
        5642,
        5911,
        8615
    ],
    "category_values_ratio": {
        "10201": 3375,
        "10200": 3375,
        "4620": 3325,
        "4621": 3325,
        "6301": 3185,
        "7195": 3140,
        "9670": 2955,
        "210": 2860,
        "211": 2860,
        "8610": 2835,
        "8611": 2835,
        "2181": 2532,
        "11126": 2444,
        "3687": 2436,
        "3688": 2436,
        "11314": 2420,
        "2141": 2415,
        "6417": 2404,
        "12859": 2392,
        "4916": 2336,
        "7299": 2320,
        "9715": 2316,
        "2809": 2300,
        "2403": 2256,
        "4056": 2132,
        "10382": 2128,
        "4377": 2120,
        "6567": 2120,
        "6922": 2085,
        "9721": 2070,
        "1029": 2044,
        "5322": 1985,
        "2136": 1960,
        "11461": 1947,
        "11409": 1929,
        "6545": 1920,
        "6544": 1920,
        "3335": 1902,
        "12416": 1880,
        "12417": 1880,
        "5928": 1856,
        "8670": 1850,
        "12756": 1760,
        "11195": 1740,
        "9346": 1724,
        "13971": 1720,
        "458": 1720,
        "13539": 1713,
        "6789": 1695,
        "4520": 1684,
        "11372": 1683,
        "5965": 1680,
        "6115": 1665,
        "9663": 1660,
        "9664": 1660,
        "13201": 1650,
        "2823": 1645,
        "12102": 1641,
        "10459": 1632,
        "10563": 1629,
        "10564": 1629,
        "5399": 1624,
        "9403": 1615,
        "12810": 1610,
        "2843": 1600,
        "9973": 1599,
        "11867": 1590,
        "11866": 1590,
        "4529": 1560,
        "4530": 1560,
        "3705": 1536,
        "12181": 1528,
        "8615": 1516,
        "3601": 1515,
        "3602": 1515,
        "12051": 1504,
        "12050": 1504,
        "389": 1504,
        "2721": 1500,
        "1944": 1497,
        "6750": 1495,
        "6749": 1495,
        "6122": 1495,
        "8667": 1480,
        "352": 1473,
        "12586": 1455,
        "13845": 1452,
        "11274": 1440,
        "11275": 1440,
        "5320": 1434,
        "5321": 1434,
        "13113": 1419,
        "2635": 1413,
        "2471": 1410,
        "2195": 1410,
        "2470": 1410,
        "12145": 1395,
        "12144": 1395,
        "7672": 1386,
        "7241": 1377,
        "5133": 1374,
        "12844": 1371,
        "117": 1370,
        "116": 1370,
        "10566": 1356,
        "4584": 1350,
        "9236": 1347,
        "512": 1332,
        "3763": 1317,
        "3764": 1317,
        "6077": 1284,
        "8276": 1276,
        "1501": 1270,
        "10351": 1269,
        "10350": 1269,
        "5050": 1264,
        "13172": 1245,
        "1516": 1227,
        "13852": 1212,
        "9417": 1206,
        "10389": 1176,
        "8548": 1165,
        "12376": 1160,
        "9930": 1156,
        "11122": 1152,
        "11121": 1152,
        "1499": 1150,
        "7727": 1148,
        "78": 1146,
        "13261": 1144,
        "13262": 1144,
        "4428": 1140,
        "13968": 1134,
        "861": 1124,
        "799": 1104,
        "798": 1104,
        "10636": 1098,
        "2606": 1096,
        "215": 1096,
        "31": 1096,
        "9202": 1096,
        "13380": 1089,
        "11004": 1080,
        "10275": 1070,
        "10276": 1070,
        "4099": 1060,
        "5701": 1059,
        "10511": 1054,
        "10510": 1054,
        "10287": 1050,
        "10288": 1050,
        "11545": 1041,
        "12802": 1040,
        "9833": 1038,
        "11978": 1038,
        "11979": 1038,
        "9834": 1038,
        "6691": 1029,
        "8200": 1024,
        "4937": 1020,
        "10282": 1017,
        "9675": 1017,
        "5333": 1005,
        "12133": 1004,
        "10997": 1000,
        "10998": 1000,
        "2291": 996,
        "8076": 996,
        "10077": 993,
        "10076": 993,
        "980": 986,
        "5788": 985,
        "13657": 984,
        "13658": 984,
        "12755": 974,
        "12754": 974,
        "6571": 965,
        "11886": 962,
        "9174": 956,
        "2": 956,
        "3": 956,
        "9173": 956,
        "3543": 946,
        "3252": 946,
        "3542": 946,
        "3251": 946,
        "10963": 942,
        "8598": 940,
        "11683": 940,
        "2235": 924,
        "4055": 920,
        "13412": 920,
        "6175": 915,
        "11804": 914,
        "6987": 909,
        "11662": 908,
        "6178": 906,
        "7787": 904,
        "10475": 902,
        "10476": 902,
        "4434": 897,
        "4435": 897,
        "1404": 894,
        "8568": 892,
        "12695": 882,
        "944": 882,
        "13451": 882,
        "945": 882,
        "5642": 882,
        "3264": 880,
        "13417": 875,
        "11093": 866,
        "9419": 866,
        "9418": 866,
        "11574": 862,
        "9760": 858,
        "13447": 856,
        "13448": 856,
        "11637": 856,
        "11638": 856,
        "6499": 854,
        "5395": 849,
        "10479": 844,
        "7980": 843,
        "12843": 842,
        "11795": 842,
        "11794": 842,
        "2698": 840,
        "4386": 840,
        "2699": 840,
        "7423": 832,
        "7422": 832,
        "13687": 832,
        "3906": 831,
        "9274": 830,
        "9273": 830,
        "10043": 826,
        "3414": 826,
        "2623": 824,
        "10777": 812,
        "10778": 812,
        "9845": 812,
        "9844": 812,
        "2501": 807,
        "5606": 807,
        "11596": 807,
        "8677": 802,
        "8678": 802,
        "10355": 801,
        "2834": 800,
        "421": 798,
        "10023": 789,
        "10040": 784,
        "10041": 784,
        "6196": 784,
        "5873": 783,
        "10090": 777,
        "3984": 775,
        "5318": 774,
        "5319": 774,
        "9505": 774,
        "3072": 768,
        "3073": 768,
        "1300": 768,
        "6731": 764,
        "11286": 760,
        "6040": 759,
        "6039": 759,
        "11123": 756,
        "5618": 752,
        "8359": 752,
        "10702": 750,
        "10703": 750,
        "5337": 744,
        "5338": 744,
        "11050": 741,
        "1157": 738,
        "2205": 736,
        "2853": 734,
        "5521": 732,
        "5134": 730,
        "981": 722,
        "8096": 720,
        "3326": 717,
        "1663": 716,
        "11406": 714,
        "11405": 714,
        "2700": 712,
        "4352": 704,
        "5487": 704,
        "3606": 702,
        "12561": 702,
        "9987": 696,
        "12359": 690,
        "12358": 690,
        "13750": 678,
        "13751": 678,
        "2560": 672,
        "9370": 672,
        "8089": 666,
        "13190": 666,
        "1509": 663,
        "2148": 660,
        "9340": 660,
        "1102": 660,
        "10075": 660,
        "6829": 654,
        "9606": 654,
        "415": 648,
        "414": 648,
        "2316": 648,
        "1215": 646,
        "11250": 642,
        "13576": 642,
        "3291": 640,
        "4527": 640,
        "12547": 639,
        "6366": 639,
        "3014": 634,
        "3013": 634,
        "1282": 632,
        "6001": 630,
        "10209": 630,
        "132": 627,
        "11131": 618,
        "4656": 618,
        "11130": 618,
        "9456": 615,
        "2581": 612,
        "13956": 608,
        "13071": 608,
        "13955": 608,
        "2831": 606,
        "11685": 604,
        "2392": 604,
        "1051": 600,
        "4217": 600,
        "2841": 597,
        "6185": 584,
        "6186": 584,
        "6753": 582,
        "6474": 576,
        "6473": 576,
        "2746": 572,
        "8764": 570,
        "4968": 568,
        "6610": 566,
        "8432": 566,
        "8433": 566,
        "7678": 564,
        "5860": 550,
        "6359": 546,
        "11252": 540,
        "3257": 540,
        "9226": 539,
        "9995": 538,
        "3001": 534,
        "6469": 534,
        "12908": 531,
        "13405": 531,
        "2966": 530,
        "11497": 526,
        "810": 526,
        "11114": 526,
        "811": 526,
        "1609": 525,
        "8333": 525,
        "1608": 525,
        "12738": 520,
        "12739": 520,
        "9217": 520,
        "46": 520,
        "45": 520,
        "13803": 519,
        "3471": 519,
        "2430": 512,
        "6042": 508,
        "7166": 502,
        "4861": 501,
        "3284": 501,
        "3285": 501,
        "9593": 500,
        "12432": 499,
        "13548": 499,
        "3113": 498,
        "3114": 498,
        "12221": 498,
        "12220": 498,
        "13231": 490,
        "5232": 490,
        "2451": 488,
        "7765": 488,
        "1311": 486,
        "8091": 479,
        "11064": 477,
        "11063": 477,
        "5977": 474,
        "13490": 474,
        "7815": 473,
        "11977": 471,
        "12485": 471,
        "11976": 471,
        "13912": 465,
        "13590": 464,
        "5859": 464,
        "7127": 464,
        "5858": 464,
        "6367": 462,
        "11517": 460,
        "11873": 460,
        "11516": 460,
        "6551": 458,
        "2593": 456,
        "2592": 456,
        "12662": 456,
        "6318": 454,
        "6317": 454,
        "6015": 454,
        "12625": 453,
        "7959": 448,
        "13098": 447,
        "383": 446,
        "384": 446,
        "9933": 442,
        "7291": 441,
        "7914": 438,
        "12397": 438,
        "12396": 438,
        "992": 436,
        "9611": 435,
        "5366": 431,
        "5367": 431,
        "7753": 431,
        "1505": 429,
        "9872": 428,
        "2822": 428,
        "3829": 427,
        "3324": 426,
        "3325": 426,
        "2063": 426,
        "10199": 425,
        "10198": 425,
        "3616": 424,
        "10095": 423,
        "10096": 423,
        "10988": 423,
        "10987": 423,
        "3576": 422,
        "10269": 422,
        "2922": 420,
        "2288": 418,
        "2289": 418,
        "9945": 416,
        "12003": 416,
        "9946": 416,
        "5171": 416,
        "5517": 415,
        "4433": 414,
        "1216": 412,
        "3767": 412,
        "3768": 412,
        "11329": 412,
        "12850": 410,
        "12851": 410,
        "5911": 410,
        "2719": 408,
        "9755": 408,
        "7390": 408,
        "6349": 408,
        "5224": 407,
        "12079": 407,
        "946": 406,
        "9775": 406,
        "9776": 406,
        "12095": 406,
        "11380": 404,
        "7325": 404,
        "11379": 404,
        "11208": 403,
        "13603": 403,
        "2166": 403,
        "6616": 403,
        "9915": 403,
        "8105": 402,
        "7521": 401,
        "11686": 400,
        "11687": 400,
        "12328": 399,
        "12464": 399,
        "4754": 398,
        "7576": 398,
        "3546": 398,
        "7567": 396,
        "1286": 393,
        "11714": 392,
        "11713": 392,
        "5761": 392,
        "5760": 392,
        "976": 392,
        "7311": 391,
        "1851": 389,
        "7434": 388,
        "5526": 388,
        "5527": 388,
        "9316": 386,
        "10813": 384,
        "10828": 382,
        "12729": 382,
        "12730": 382,
        "7814": 381,
        "424": 379,
        "1327": 379,
        "9196": 377,
        "4722": 376,
        "631": 376,
        "3103": 375,
        "8737": 374,
        "8738": 374,
        "13260": 373,
        "1533": 372,
        "4993": 370,
        "2550": 370,
        "4994": 370,
        "3519": 369,
        "9702": 366,
        "1705": 364,
        "11754": 364,
        "1706": 364,
        "13556": 362,
        "11851": 360,
        "10818": 359,
        "3163": 358,
        "3164": 358,
        "8366": 357,
        "9641": 355,
        "9642": 355,
        "6895": 355,
        "7683": 354,
        "7843": 354,
        "7286": 353,
        "370": 352,
        "11267": 348,
        "11266": 348,
        "9458": 342,
        "9457": 342,
        "13820": 340,
        "10543": 339,
        "4291": 339,
        "1917": 339,
        "9582": 338,
        "10555": 337,
        "9929": 336,
        "4024": 328,
        "4025": 328,
        "10274": 326,
        "6803": 326,
        "10273": 326,
        "6804": 326,
        "13090": 326,
        "13690": 325,
        "3929": 324,
        "9450": 322,
        "3801": 322,
        "8392": 322,
        "3800": 322,
        "9997": 322,
        "11911": 322,
        "9451": 322,
        "8393": 322,
        "12616": 316,
        "6936": 315,
        "6798": 313,
        "6034": 308,
        "2687": 306,
        "7150": 306,
        "2686": 306,
        "6422": 304,
        "25": 303,
        "3629": 303,
        "11149": 303,
        "6299": 301,
        "5827": 301,
        "5826": 301,
        "11362": 300,
        "9546": 298,
        "13640": 298,
        "8661": 298,
        "1133": 297,
        "1134": 297,
        "12468": 296,
        "10528": 296,
        "9366": 295,
        "530": 294,
        "5433": 293,
        "2008": 288,
        "8130": 288,
        "11371": 286,
        "5245": 286,
        "968": 286,
        "1594": 285,
        "13480": 284,
        "9427": 283,
        "9428": 283,
        "5143": 282,
        "5144": 282,
        "7594": 280,
        "2277": 276,
        "11857": 276,
        "2259": 275,
        "8064": 274,
        "3670": 269,
        "11105": 267,
        "3907": 264,
        "11360": 264,
        "7723": 264,
        "7724": 264,
        "11359": 264,
        "12378": 263,
        "9718": 260,
        "9717": 260,
        "3962": 260,
        "6275": 260,
        "272": 258,
        "2523": 256,
        "13608": 256,
        "2522": 256,
        "3517": 255,
        "655": 254,
        "1755": 254,
        "7324": 252,
        "1681": 252,
        "10662": 250,
        "12325": 250,
        "2621": 248,
        "5563": 248,
        "12303": 248,
        "13620": 246,
        "2422": 243,
        "6946": 243,
        "1511": 240,
        "533": 240,
        "13089": 240,
        "5468": 238,
        "6363": 233,
        "603": 233,
        "11907": 232,
        "11906": 232,
        "13134": 232,
        "7412": 230,
        "7411": 230,
        "1020": 229,
        "7011": 229,
        "7010": 229,
        "9362": 228,
        "5389": 226,
        "9880": 225,
        "2489": 224,
        "7186": 224,
        "8666": 222,
        "2648": 222,
        "2647": 222,
        "5699": 222,
        "11327": 221,
        "1986": 220,
        "7348": 220,
        "1985": 220,
        "11381": 218,
        "939": 216,
        "4918": 215,
        "3294": 214,
        "426": 214,
        "427": 214,
        "3038": 212,
        "1208": 210,
        "1913": 208,
        "5254": 208,
        "13246": 208,
        "5253": 208,
        "6235": 208,
        "2153": 206,
        "6033": 206,
        "7366": 206,
        "12943": 202,
        "3730": 200,
        "4299": 200,
        "5384": 199,
        "6892": 198,
        "11701": 198,
        "4417": 198,
        "159": 198,
        "2494": 198,
        "7796": 198,
        "7797": 198,
        "6893": 198,
        "158": 198,
        "6511": 196,
        "10159": 196,
        "5203": 196,
        "3855": 196,
        "9569": 194,
        "1852": 193,
        "12890": 193,
        "5376": 192,
        "9798": 191,
        "13285": 190,
        "4177": 190,
        "12840": 189,
        "2720": 189,
        "4786": 189,
        "2952": 189,
        "6729": 188,
        "13095": 188,
        "8074": 188,
        "4956": 188,
        "5364": 187,
        "5365": 187,
        "4132": 186,
        "6383": 186,
        "8030": 186,
        "4133": 186,
        "124": 185,
        "10517": 185,
        "2591": 182,
        "2590": 182,
        "6764": 181,
        "11855": 177,
        "3649": 177,
        "11768": 176,
        "5801": 175,
        "8777": 174,
        "4712": 173,
        "4652": 173,
        "7065": 173,
        "2708": 171,
        "2267": 169,
        "3608": 168,
        "3609": 168,
        "9846": 168,
        "5574": 167,
        "11709": 167,
        "11710": 167,
        "13469": 166,
        "13468": 166,
        "1662": 166,
        "2083": 166,
        "7862": 164,
        "10714": 162,
        "1793": 162,
        "2739": 162,
        "12750": 160,
        "568": 159,
        "13346": 158,
        "6257": 154,
        "5978": 154,
        "5727": 153,
        "5684": 153,
        "13694": 152,
        "2915": 152,
        "11304": 151,
        "13923": 150,
        "6408": 149,
        "5565": 149,
        "2759": 147,
        "13924": 146,
        "12308": 146,
        "4169": 145,
        "7772": 145,
        "4170": 145,
        "12643": 145,
        "11337": 144,
        "12382": 144,
        "12383": 144,
        "11874": 143,
        "3822": 143,
        "11875": 143,
        "8502": 142,
        "4882": 137,
        "10492": 135,
        "5866": 134,
        "5580": 133,
        "12599": 133,
        "5579": 133,
        "1816": 132,
        "10746": 131,
        "333": 130,
        "404": 130,
        "403": 130,
        "2503": 128,
        "11598": 128,
        "7339": 128,
        "4768": 127,
        "4114": 127,
        "3793": 126,
        "1130": 126,
        "2342": 119,
        "4183": 114,
        "4182": 114,
        "13291": 114,
        "13290": 114,
        "7435": 111,
        "8356": 108,
        "376": 108,
        "9914": 108,
        "1197": 105,
        "8510": 104,
        "10654": 103,
        "2191": 101,
        "4474": 101,
        "2190": 101,
        "9555": 97,
        "4710": 94,
        "4711": 94,
        "1554": 91,
        "8636": 87,
        "5775": 84,
        "5774": 84,
        "2514": 83,
        "13276": 83,
        "11609": 83,
        "13051": 77,
        "8506": 76,
        "6255": 74,
        "6256": 74,
        "4672": 73,
        "11271": 72,
        "127": 59,
        "7855": 49
    },
    "nrows": 552017
}