{
    "column_id": "Financial/Financial.csvFinancial.csv/A5",
    "dataset_name": "Financial.csv",
    "dataset_id": "Financial/Financial.csv",
    "path": "/home/ubuntu/CatDB/Experiments/data/Financial/Financial.csv",
    "table_name": "Financial.csv",
    "table_id": "Financial/Financial.csvFinancial.csv",
    "column_name": "A5",
    "data_source": "Financial",
    "data_type": "int",
    "total_values_count": 552017,
    "distinct_values_count": 53,
    "missing_values_count": 0,
    "true_ratio": null,
    "min_value": 0.0,
    "max_value": 151.0,
    "mean": 39.92149154826753,
    "median": 35.0,
    "iqr": 58.0,
    "category_values": [
        0,
        87,
        15,
        94,
        50,
        74,
        77,
        29,
        9,
        151,
        5,
        41,
        11,
        69,
        22,
        83,
        48,
        101,
        32,
        52,
        95,
        61,
        71,
        98,
        17,
        4,
        59,
        65,
        63,
        60,
        85,
        35,
        49,
        88,
        28,
        8,
        34,
        75,
        66,
        84,
        21,
        37,
        38,
        25,
        80,
        24,
        55,
        139,
        99,
        73,
        67,
        31,
        10
    ],
    "embedding": [
        -1.0,
        -1.0,
        -1.0,
        1.0,
        -1.0,
        1.0,
        -1.0,
        -1.0,
        -1.0,
        -1.0,
        1.0,
        -1.0,
        -1.0,
        1.0,
        1.0,
        1.0,
        1.0,
        -1.0,
        1.0,
        -1.0,
        1.0,
        -1.0,
        1.0,
        -1.0,
        1.0,
        -1.0,
        -1.0,
        1.0,
        -1.0,
        -1.0,
        1.0,
        1.0,
        -1.0,
        -1.0,
        -1.0,
        1.0,
        -1.0,
        1.0,
        1.0,
        -1.0,
        -1.0,
        1.0,
        -1.0,
        -1.0,
        -1.0,
        -1.0,
        1.0,
        -1.0,
        -1.0,
        -0.6503162980079651,
        -1.0,
        1.0,
        1.0,
        1.0,
        -1.0,
        1.0,
        1.0,
        1.0,
        -1.0,
        0.9113097190856934,
        -1.0,
        -1.0,
        1.0,
        -1.0,
        1.0,
        -1.0,
        1.0,
        -1.0,
        1.0,
        1.0,
        1.0,
        -1.0,
        -1.0,
        -1.0,
        -1.0,
        1.0,
        1.0,
        1.0,
        1.0,
        1.0,
        1.0,
        1.0,
        1.0,
        -1.0,
        -1.0,
        1.0,
        -1.0,
        1.0,
        1.0,
        1.0,
        -1.0,
        1.0,
        1.0,
        -1.0,
        1.0,
        -1.0,
        1.0,
        -1.0,
        -1.0,
        -1.0,
        -0.9594219923019409,
        -1.0,
        1.0,
        -1.0,
        -1.0,
        1.0,
        1.0,
        1.0,
        -1.0,
        -1.0,
        1.0,
        -1.0,
        -1.0,
        1.0,
        1.0,
        1.0,
        1.0,
        1.0,
        1.0,
        -1.0,
        -1.0,
        1.0,
        -1.0,
        -1.0,
        1.0,
        -1.0,
        -1.0,
        -1.0,
        -1.0,
        1.0,
        -1.0,
        1.0,
        -1.0,
        -1.0,
        1.0,
        -1.0,
        -1.0,
        1.0,
        1.0,
        -1.0,
        1.0,
        1.0,
        1.0,
        -1.0,
        1.0,
        -1.0,
        1.0,
        -1.0,
        -1.0,
        -1.0,
        1.0,
        -1.0,
        1.0,
        -1.0,
        1.0,
        -1.0,
        1.0,
        -1.0,
        1.0,
        -1.0,
        -1.0,
        1.0,
        -1.0,
        -1.0,
        1.0,
        -1.0,
        1.0,
        -1.0,
        -1.0,
        -1.0,
        -1.0,
        -1.0,
        1.0,
        1.0,
        -1.0,
        -1.0,
        1.0,
        -1.0,
        -1.0,
        -1.0,
        1.0,
        -1.0,
        -1.0,
        -1.0,
        1.0,
        -1.0,
        1.0,
        -1.0,
        -1.0,
        -1.0,
        1.0,
        1.0,
        1.0,
        1.0,
        -1.0,
        -1.0,
        1.0,
        -1.0,
        -1.0,
        1.0,
        -1.0,
        1.0,
        -1.0,
        -1.0,
        -1.0,
        -1.0,
        1.0,
        1.0,
        -1.0,
        -1.0,
        -1.0,
        1.0,
        -1.0,
        -1.0,
        -1.0,
        1.0,
        -1.0,
        1.0,
        -1.0,
        -1.0,
        1.0,
        -1.0,
        -1.0,
        1.0,
        -1.0,
        -0.6553411483764648,
        1.0,
        -1.0,
        -1.0,
        -1.0,
        1.0,
        -1.0,
        1.0,
        -1.0,
        -1.0,
        1.0,
        -1.0,
        1.0,
        1.0,
        -1.0,
        1.0,
        -0.6425099968910217,
        1.0,
        -1.0,
        1.0,
        1.0,
        -1.0,
        -1.0,
        -1.0,
        1.0,
        1.0,
        1.0,
        -1.0,
        -1.0,
        -1.0,
        1.0,
        1.0,
        -1.0,
        -1.0,
        -1.0,
        1.0,
        1.0,
        1.0,
        -1.0,
        1.0,
        -1.0,
        -1.0,
        -1.0,
        1.0,
        1.0,
        -0.9547916650772095,
        -1.0,
        -1.0,
        1.0,
        -1.0,
        1.0,
        1.0,
        1.0,
        1.0,
        1.0,
        1.0,
        -1.0,
        1.0,
        1.0,
        1.0,
        -1.0,
        -1.0,
        1.0,
        -1.0,
        -1.0,
        -1.0,
        1.0,
        -1.0,
        -1.0,
        -1.0,
        -1.0,
        -1.0,
        1.0,
        1.0,
        1.0
    ],
    "embedding_scaling_factor": 42.75709533691406,
    "samples": [
        0,
        38,
        61,
        0,
        61,
        0,
        17,
        41,
        151,
        0,
        0,
        0,
        49,
        15,
        59,
        65,
        15,
        65,
        88,
        48,
        0,
        34,
        61,
        15,
        0,
        0,
        83,
        0,
        9,
        0,
        41,
        38,
        0,
        15,
        60,
        15,
        0,
        84,
        65,
        0,
        84,
        69,
        52,
        0,
        52,
        29,
        0,
        0,
        0,
        0,
        0,
        32,
        41,
        0,
        0,
        67,
        25,
        15,
        50,
        0,
        31,
        32,
        0,
        80,
        87,
        87,
        80,
        0,
        28,
        71,
        55,
        83,
        35,
        9,
        17,
        61,
        28,
        0,
        0,
        151,
        65,
        28,
        50,
        21,
        41,
        0,
        38,
        50,
        41,
        0,
        63,
        48,
        28,
        84,
        32,
        65,
        0,
        0,
        0,
        21
    ],
    "category_values_ratio": {
        "0": 133823,
        "50": 20319,
        "49": 19175,
        "61": 17582,
        "41": 17491,
        "15": 17215,
        "29": 16834,
        "32": 14958,
        "38": 14735,
        "71": 13849,
        "151": 13058,
        "17": 12290,
        "22": 11821,
        "59": 11625,
        "84": 10330,
        "21": 9414,
        "65": 9364,
        "25": 9121,
        "75": 8047,
        "34": 7938,
        "35": 7571,
        "85": 7465,
        "28": 7297,
        "60": 7230,
        "9": 7227,
        "87": 7119,
        "74": 7042,
        "8": 6909,
        "63": 6451,
        "83": 6168,
        "94": 6152,
        "66": 6064,
        "88": 5688,
        "67": 5590,
        "55": 5327,
        "69": 5215,
        "48": 4991,
        "52": 4970,
        "31": 4872,
        "73": 4806,
        "37": 4686,
        "11": 4571,
        "99": 3854,
        "80": 3716,
        "77": 3261,
        "139": 3174,
        "101": 3024,
        "24": 2946,
        "98": 2849,
        "5": 2794,
        "4": 2073,
        "95": 1260,
        "10": 666
    },
    "nrows": 552017
}