{
    "column_id": "Financial/Financial.csvFinancial.csv/card_id",
    "dataset_name": "Financial.csv",
    "dataset_id": "Financial/Financial.csv",
    "path": "/home/ubuntu/CatDB/Experiments/data/Financial/Financial.csv",
    "table_name": "Financial.csv",
    "table_id": "Financial/Financial.csvFinancial.csv",
    "column_name": "card_id",
    "data_source": "Financial",
    "data_type": "int",
    "total_values_count": 552017,
    "distinct_values_count": 170,
    "missing_values_count": 447113,
    "true_ratio": null,
    "min_value": 16.0,
    "max_value": 1247.0,
    "mean": 812.4908583085488,
    "median": 882.0,
    "iqr": 510.0,
    "category_values": [
        16,
        17,
        21,
        25,
        45,
        53,
        60,
        65,
        119,
        140,
        142,
        151,
        159,
        164,
        170,
        186,
        189,
        196,
        280,
        304,
        322,
        337,
        352,
        353,
        355,
        357,
        378,
        389,
        394,
        398,
        408,
        413,
        414,
        418,
        426,
        428,
        434,
        436,
        446,
        511,
        517,
        538,
        551,
        552,
        565,
        566,
        569,
        577,
        587,
        600,
        612,
        623,
        680,
        750,
        769,
        770,
        773,
        775,
        780,
        781,
        782,
        783,
        785,
        791,
        792,
        795,
        796,
        801,
        803,
        813,
        814,
        819,
        820,
        823,
        824,
        829,
        831,
        833,
        834,
        844,
        847,
        854,
        855,
        857,
        874,
        880,
        882,
        884,
        886,
        890,
        891,
        896,
        897,
        904,
        906,
        918,
        923,
        924,
        933,
        936,
        946,
        947,
        951,
        956,
        957,
        965,
        989,
        991,
        1001,
        1002,
        1003,
        1005,
        1007,
        1009,
        1010,
        1014,
        1016,
        1022,
        1023,
        1024,
        1025,
        1035,
        1036,
        1038,
        1040,
        1043,
        1055,
        1056,
        1059,
        1064,
        1081,
        1087,
        1098,
        1100,
        1103,
        1105,
        1111,
        1115,
        1118,
        1134,
        1137,
        1138,
        1139,
        1150,
        1154,
        1155,
        1165,
        1167,
        1169,
        1173,
        1175,
        1176,
        1177,
        1178,
        1187,
        1193,
        1194,
        1195,
        1196,
        1199,
        1203,
        1216,
        1220,
        1223,
        1225,
        1230,
        1233,
        1234,
        1239,
        1247
    ],
    "embedding": [
        -1.0,
        -1.0,
        -1.0,
        1.0,
        -1.0,
        1.0,
        -1.0,
        -1.0,
        -1.0,
        -1.0,
        1.0,
        -1.0,
        -1.0,
        1.0,
        1.0,
        1.0,
        1.0,
        -1.0,
        1.0,
        -1.0,
        1.0,
        -1.0,
        1.0,
        -1.0,
        1.0,
        -1.0,
        -1.0,
        1.0,
        -1.0,
        -1.0,
        1.0,
        1.0,
        -1.0,
        -1.0,
        -1.0,
        1.0,
        -1.0,
        1.0,
        1.0,
        -1.0,
        -1.0,
        1.0,
        -1.0,
        -1.0,
        -1.0,
        -1.0,
        1.0,
        -1.0,
        -1.0,
        -0.9864053726196289,
        -1.0,
        1.0,
        1.0,
        1.0,
        -1.0,
        1.0,
        1.0,
        1.0,
        -1.0,
        0.9981245398521423,
        -1.0,
        -1.0,
        1.0,
        -1.0,
        1.0,
        -1.0,
        1.0,
        -1.0,
        1.0,
        1.0,
        1.0,
        -1.0,
        -1.0,
        -1.0,
        -1.0,
        1.0,
        1.0,
        1.0,
        1.0,
        1.0,
        1.0,
        1.0,
        1.0,
        -1.0,
        -1.0,
        1.0,
        -1.0,
        1.0,
        1.0,
        1.0,
        -1.0,
        1.0,
        1.0,
        -1.0,
        1.0,
        -1.0,
        1.0,
        -1.0,
        -1.0,
        -1.0,
        -0.9936949014663696,
        -1.0,
        1.0,
        -1.0,
        -1.0,
        1.0,
        1.0,
        1.0,
        -1.0,
        -1.0,
        1.0,
        -1.0,
        -1.0,
        1.0,
        1.0,
        1.0,
        1.0,
        1.0,
        1.0,
        -1.0,
        -1.0,
        1.0,
        -1.0,
        -1.0,
        1.0,
        -1.0,
        -1.0,
        -1.0,
        -1.0,
        1.0,
        -1.0,
        1.0,
        -1.0,
        -1.0,
        1.0,
        -1.0,
        -1.0,
        1.0,
        1.0,
        -1.0,
        1.0,
        1.0,
        1.0,
        -1.0,
        1.0,
        -1.0,
        1.0,
        -1.0,
        -1.0,
        -1.0,
        1.0,
        -1.0,
        1.0,
        -1.0,
        1.0,
        -1.0,
        1.0,
        -1.0,
        1.0,
        -1.0,
        -1.0,
        1.0,
        -1.0,
        -1.0,
        1.0,
        -1.0,
        1.0,
        -1.0,
        -1.0,
        -1.0,
        -1.0,
        -1.0,
        1.0,
        1.0,
        -1.0,
        -1.0,
        1.0,
        -1.0,
        -1.0,
        -1.0,
        1.0,
        -1.0,
        -1.0,
        -1.0,
        1.0,
        -1.0,
        1.0,
        -1.0,
        -1.0,
        -1.0,
        1.0,
        1.0,
        1.0,
        1.0,
        -1.0,
        -1.0,
        1.0,
        -1.0,
        -1.0,
        1.0,
        -1.0,
        1.0,
        -1.0,
        -1.0,
        -1.0,
        -1.0,
        1.0,
        1.0,
        -1.0,
        -1.0,
        -1.0,
        1.0,
        -1.0,
        -1.0,
        -1.0,
        1.0,
        -1.0,
        1.0,
        -1.0,
        -1.0,
        1.0,
        -1.0,
        -1.0,
        1.0,
        -1.0,
        -0.98647540807724,
        1.0,
        -1.0,
        -1.0,
        -1.0,
        1.0,
        -1.0,
        1.0,
        -1.0,
        -1.0,
        1.0,
        -1.0,
        1.0,
        1.0,
        -1.0,
        1.0,
        -0.9848091006278992,
        1.0,
        -1.0,
        1.0,
        1.0,
        -1.0,
        -1.0,
        -1.0,
        1.0,
        1.0,
        1.0,
        -1.0,
        -1.0,
        -1.0,
        1.0,
        1.0,
        -1.0,
        -1.0,
        -1.0,
        1.0,
        1.0,
        1.0,
        -1.0,
        1.0,
        -1.0,
        -1.0,
        -1.0,
        1.0,
        1.0,
        -0.9939913749694824,
        -1.0,
        -1.0,
        1.0,
        -1.0,
        1.0,
        1.0,
        1.0,
        1.0,
        1.0,
        1.0,
        -1.0,
        1.0,
        1.0,
        1.0,
        -1.0,
        -1.0,
        1.0,
        -1.0,
        -1.0,
        -1.0,
        1.0,
        -1.0,
        -1.0,
        -1.0,
        -1.0,
        -1.0,
        1.0,
        1.0,
        1.0
    ],
    "embedding_scaling_factor": 9.793059349060059,
    "samples": [
        1138,
        785,
        780,
        1024,
        511,
        874,
        906,
        989,
        151,
        1010,
        623,
        1005,
        1223,
        834,
        1024,
        1176,
        1003
    ],
    "category_values_ratio": {
        "834": 3185,
        "882": 3140,
        "577": 2436,
        "337": 2415,
        "844": 2120,
        "1010": 2070,
        "1100": 1929,
        "1087": 1740,
        "1223": 1713,
        "857": 1695,
        "1203": 1650,
        "1176": 1610,
        "565": 1515,
        "1134": 1504,
        "1196": 1419,
        "1139": 1395,
        "904": 1386,
        "16": 1370,
        "587": 1317,
        "1024": 1156,
        "1247": 1134,
        "151": 1124,
        "140": 1104,
        "1064": 1098,
        "414": 1096,
        "1081": 1080,
        "1105": 1041,
        "1175": 1040,
        "1016": 1038,
        "750": 1020,
        "1043": 1017,
        "780": 1005,
        "1138": 1004,
        "1115": 940,
        "352": 924,
        "823": 906,
        "1014": 858,
        "1055": 844,
        "1177": 842,
        "428": 840,
        "890": 832,
        "612": 831,
        "1036": 826,
        "538": 826,
        "418": 824,
        "394": 807,
        "1111": 807,
        "1035": 784,
        "824": 784,
        "813": 783,
        "623": 775,
        "820": 759,
        "946": 752,
        "189": 738,
        "791": 732,
        "566": 702,
        "1239": 678,
        "408": 672,
        "65": 648,
        "1225": 642,
        "517": 640,
        "21": 627,
        "446": 597,
        "854": 582,
        "847": 566,
        "511": 540,
        "1216": 531,
        "142": 526,
        "1103": 526,
        "378": 512,
        "1005": 500,
        "770": 490,
        "874": 464,
        "1169": 456,
        "413": 456,
        "933": 448,
        "1025": 442,
        "1155": 438,
        "164": 436,
        "781": 431,
        "600": 427,
        "322": 426,
        "1040": 425,
        "569": 424,
        "1038": 423,
        "1178": 410,
        "814": 410,
        "769": 407,
        "1137": 407,
        "159": 406,
        "886": 404,
        "1150": 399,
        "897": 398,
        "896": 396,
        "792": 388,
        "891": 388,
        "552": 369,
        "947": 357,
        "1007": 355,
        "906": 354,
        "884": 353,
        "60": 352,
        "991": 342,
        "1059": 339,
        "1003": 338,
        "1023": 336,
        "1233": 325,
        "951": 322,
        "426": 306,
        "833": 301,
        "186": 297,
        "1056": 296,
        "783": 293,
        "1098": 286,
        "773": 286,
        "989": 283,
        "357": 276,
        "353": 275,
        "1154": 263,
        "1009": 260,
        "831": 260,
        "45": 258,
        "398": 256,
        "551": 255,
        "119": 254,
        "795": 248,
        "1230": 246,
        "1194": 240,
        "785": 238,
        "1199": 232,
        "170": 229,
        "880": 224,
        "389": 224,
        "775": 208,
        "304": 208,
        "1187": 202,
        "25": 198,
        "1118": 198,
        "680": 198,
        "918": 198,
        "1002": 194,
        "782": 192,
        "1195": 188,
        "936": 186,
        "855": 181,
        "355": 169,
        "1220": 166,
        "924": 164,
        "434": 162,
        "280": 162,
        "1173": 160,
        "819": 154,
        "801": 153,
        "803": 153,
        "1234": 152,
        "436": 147,
        "1167": 145,
        "956": 142,
        "1165": 133,
        "796": 133,
        "53": 130,
        "1022": 108,
        "196": 105,
        "1001": 97,
        "965": 87,
        "1193": 77,
        "957": 76,
        "829": 74,
        "17": 59,
        "923": 49
    },
    "nrows": 552017
}