{
    "column_id": "Financial/Financial.csvFinancial.csv/disp_id",
    "dataset_name": "Financial.csv",
    "dataset_id": "Financial/Financial.csv",
    "path": "/home/ubuntu/CatDB/Experiments/data/Financial/Financial.csv",
    "table_name": "Financial.csv",
    "table_id": "Financial/Financial.csvFinancial.csv",
    "column_name": "disp_id",
    "data_source": "Financial",
    "data_type": "int",
    "total_values_count": 552017,
    "distinct_values_count": 827,
    "missing_values_count": 0,
    "true_ratio": null,
    "min_value": 2.0,
    "max_value": 13663.0,
    "mean": 7184.5881213803195,
    "median": 7311.0,
    "iqr": 6805.0,
    "category_values": [
        2,
        3,
        25,
        31,
        45,
        46,
        78,
        116,
        117,
        124,
        127,
        132,
        158,
        159,
        210,
        211,
        215,
        272,
        333,
        352,
        370,
        376,
        383,
        384,
        389,
        403,
        404,
        414,
        415,
        421,
        424,
        426,
        427,
        458,
        512,
        530,
        533,
        568,
        603,
        631,
        655,
        798,
        799,
        810,
        811,
        861,
        939,
        944,
        945,
        946,
        968,
        976,
        980,
        981,
        992,
        1020,
        1029,
        1051,
        1102,
        1130,
        1133,
        1134,
        1157,
        1197,
        1208,
        1215,
        1216,
        1282,
        1286,
        1300,
        1311,
        1327,
        1404,
        1499,
        1501,
        1505,
        1509,
        1511,
        1516,
        1533,
        1554,
        1594,
        1608,
        1609,
        1662,
        1663,
        1681,
        1705,
        1706,
        1755,
        1793,
        1816,
        1851,
        1852,
        1913,
        1917,
        1944,
        1985,
        1986,
        2008,
        2063,
        2083,
        2136,
        2141,
        2148,
        2153,
        2166,
        2181,
        2190,
        2191,
        2195,
        2205,
        2235,
        2259,
        2267,
        2277,
        2288,
        2289,
        2291,
        2316,
        2342,
        2392,
        2403,
        2422,
        2430,
        2451,
        2470,
        2471,
        2489,
        2494,
        2501,
        2503,
        2514,
        2522,
        2523,
        2550,
        2560,
        2581,
        2590,
        2591,
        2592,
        2593,
        2606,
        2621,
        2623,
        2635,
        2647,
        2648,
        2686,
        2687,
        2698,
        2699,
        2700,
        2708,
        2719,
        2720,
        2721,
        2739,
        2746,
        2759,
        2809,
        2822,
        2823,
        2831,
        2834,
        2841,
        2843,
        2853,
        2915,
        2922,
        2952,
        2966,
        3001,
        3013,
        3014,
        3038,
        3072,
        3073,
        3103,
        3113,
        3114,
        3163,
        3164,
        3251,
        3252,
        3257,
        3264,
        3284,
        3285,
        3291,
        3294,
        3324,
        3325,
        3326,
        3335,
        3414,
        3471,
        3517,
        3519,
        3542,
        3543,
        3546,
        3576,
        3601,
        3602,
        3606,
        3608,
        3609,
        3616,
        3629,
        3649,
        3670,
        3687,
        3688,
        3705,
        3730,
        3763,
        3764,
        3767,
        3768,
        3793,
        3800,
        3801,
        3822,
        3829,
        3855,
        3906,
        3907,
        3929,
        3962,
        3984,
        4024,
        4025,
        4055,
        4056,
        4099,
        4114,
        4132,
        4133,
        4169,
        4170,
        4177,
        4182,
        4183,
        4217,
        4291,
        4299,
        4352,
        4377,
        4386,
        4417,
        4428,
        4433,
        4434,
        4435,
        4474,
        4520,
        4527,
        4529,
        4530,
        4584,
        4620,
        4621,
        4652,
        4656,
        4672,
        4710,
        4711,
        4712,
        4722,
        4754,
        4768,
        4786,
        4861,
        4882,
        4916,
        4918,
        4937,
        4956,
        4968,
        4993,
        4994,
        5050,
        5133,
        5134,
        5143,
        5144,
        5171,
        5203,
        5224,
        5232,
        5245,
        5253,
        5254,
        5318,
        5319,
        5320,
        5321,
        5322,
        5333,
        5337,
        5338,
        5364,
        5365,
        5366,
        5367,
        5376,
        5384,
        5389,
        5395,
        5399,
        5433,
        5468,
        5487,
        5517,
        5521,
        5526,
        5527,
        5563,
        5565,
        5574,
        5579,
        5580,
        5606,
        5618,
        5642,
        5684,
        5699,
        5701,
        5727,
        5760,
        5761,
        5774,
        5775,
        5788,
        5801,
        5826,
        5827,
        5858,
        5859,
        5860,
        5866,
        5873,
        5911,
        5928,
        5965,
        5977,
        5978,
        6001,
        6015,
        6033,
        6034,
        6039,
        6040,
        6042,
        6077,
        6115,
        6122,
        6175,
        6178,
        6185,
        6186,
        6196,
        6235,
        6255,
        6256,
        6257,
        6275,
        6299,
        6301,
        6317,
        6318,
        6349,
        6359,
        6363,
        6366,
        6367,
        6383,
        6408,
        6417,
        6422,
        6469,
        6473,
        6474,
        6499,
        6511,
        6544,
        6545,
        6551,
        6567,
        6571,
        6610,
        6616,
        6691,
        6729,
        6731,
        6749,
        6750,
        6753,
        6764,
        6789,
        6798,
        6803,
        6804,
        6829,
        6892,
        6893,
        6895,
        6922,
        6936,
        6946,
        6987,
        7010,
        7011,
        7065,
        7127,
        7150,
        7166,
        7186,
        7195,
        7241,
        7286,
        7291,
        7299,
        7311,
        7324,
        7325,
        7339,
        7348,
        7366,
        7390,
        7411,
        7412,
        7422,
        7423,
        7434,
        7435,
        7521,
        7567,
        7576,
        7594,
        7672,
        7678,
        7683,
        7723,
        7724,
        7727,
        7753,
        7765,
        7772,
        7787,
        7796,
        7797,
        7814,
        7815,
        7843,
        7855,
        7862,
        7914,
        7959,
        7980,
        8030,
        8064,
        8074,
        8076,
        8089,
        8091,
        8096,
        8105,
        8130,
        8200,
        8276,
        8333,
        8356,
        8359,
        8366,
        8392,
        8393,
        8432,
        8433,
        8502,
        8506,
        8510,
        8548,
        8568,
        8598,
        8610,
        8611,
        8615,
        8636,
        8661,
        8666,
        8667,
        8670,
        8677,
        8678,
        8737,
        8738,
        8764,
        8777,
        8865,
        8866,
        8888,
        8894,
        8909,
        8918,
        8928,
        8965,
        8966,
        9008,
        9032,
        9038,
        9054,
        9058,
        9062,
        9095,
        9109,
        9110,
        9111,
        9119,
        9120,
        9142,
        9143,
        9148,
        9149,
        9150,
        9197,
        9238,
        9247,
        9261,
        9274,
        9285,
        9298,
        9303,
        9333,
        9334,
        9355,
        9356,
        9362,
        9367,
        9394,
        9407,
        9409,
        9410,
        9413,
        9447,
        9452,
        9467,
        9468,
        9490,
        9525,
        9526,
        9536,
        9537,
        9538,
        9564,
        9572,
        9606,
        9607,
        9621,
        9622,
        9625,
        9637,
        9638,
        9665,
        9679,
        9687,
        9689,
        9715,
        9732,
        9733,
        9735,
        9767,
        9768,
        9769,
        9782,
        9787,
        9788,
        9851,
        9890,
        9891,
        9892,
        9893,
        9901,
        9961,
        9965,
        9966,
        9967,
        9968,
        9974,
        9979,
        9980,
        10042,
        10043,
        10047,
        10074,
        10081,
        10151,
        10167,
        10168,
        10171,
        10184,
        10202,
        10203,
        10209,
        10220,
        10235,
        10247,
        10255,
        10256,
        10258,
        10328,
        10346,
        10354,
        10394,
        10395,
        10406,
        10438,
        10469,
        10470,
        10505,
        10510,
        10520,
        10655,
        10679,
        10680,
        10689,
        10690,
        10696,
        10742,
        10755,
        10756,
        10785,
        10797,
        10806,
        10813,
        10814,
        10815,
        10818,
        10822,
        10823,
        10841,
        10887,
        10900,
        10942,
        10944,
        10958,
        10959,
        10963,
        10966,
        10967,
        10978,
        10996,
        11006,
        11019,
        11021,
        11029,
        11051,
        11052,
        11054,
        11063,
        11064,
        11071,
        11072,
        11073,
        11097,
        11098,
        11101,
        11153,
        11189,
        11208,
        11209,
        11237,
        11266,
        11288,
        11290,
        11301,
        11329,
        11330,
        11354,
        11375,
        11377,
        11378,
        11379,
        11393,
        11401,
        11402,
        11405,
        11406,
        11446,
        11460,
        11486,
        11487,
        11496,
        11543,
        11547,
        11549,
        11558,
        11559,
        11565,
        11566,
        11567,
        11578,
        11598,
        11599,
        11603,
        11668,
        11669,
        11670,
        11671,
        11695,
        11742,
        11743,
        11771,
        11787,
        11794,
        11825,
        11836,
        11837,
        11873,
        11912,
        11913,
        11995,
        12000,
        12017,
        12020,
        12050,
        12051,
        12068,
        12070,
        12074,
        12075,
        12088,
        12089,
        12108,
        12109,
        12124,
        12156,
        12160,
        12177,
        12239,
        12253,
        12278,
        12291,
        12308,
        12317,
        12335,
        12354,
        12387,
        12421,
        12422,
        12430,
        12431,
        12442,
        12446,
        12447,
        12448,
        12494,
        12502,
        12532,
        12535,
        12536,
        12542,
        12543,
        12551,
        12582,
        12600,
        12635,
        12743,
        12763,
        12781,
        12782,
        12787,
        12790,
        12805,
        12826,
        12864,
        12882,
        12893,
        12923,
        12938,
        12952,
        12953,
        12954,
        12968,
        12977,
        12982,
        12983,
        13038,
        13072,
        13097,
        13104,
        13109,
        13139,
        13140,
        13143,
        13160,
        13161,
        13172,
        13182,
        13231,
        13240,
        13248,
        13268,
        13282,
        13295,
        13300,
        13312,
        13332,
        13349,
        13350,
        13379,
        13382,
        13386,
        13442,
        13443,
        13495,
        13512,
        13537,
        13544,
        13604,
        13615,
        13616,
        13647,
        13648,
        13660,
        13663
    ],
    "embedding": [
        -1.0,
        -1.0,
        -1.0,
        1.0,
        -1.0,
        1.0,
        -1.0,
        -1.0,
        -1.0,
        -1.0,
        1.0,
        -1.0,
        -1.0,
        1.0,
        1.0,
        1.0,
        1.0,
        -1.0,
        1.0,
        -1.0,
        1.0,
        -1.0,
        1.0,
        -1.0,
        1.0,
        -1.0,
        -1.0,
        1.0,
        -1.0,
        -1.0,
        1.0,
        1.0,
        -1.0,
        -1.0,
        -1.0,
        1.0,
        -1.0,
        1.0,
        1.0,
        -1.0,
        -1.0,
        1.0,
        -1.0,
        -1.0,
        -1.0,
        -1.0,
        1.0,
        -1.0,
        -1.0,
        -0.9692129492759705,
        -1.0,
        1.0,
        1.0,
        1.0,
        -1.0,
        1.0,
        1.0,
        1.0,
        -1.0,
        0.9963654279708862,
        -1.0,
        -1.0,
        1.0,
        -1.0,
        1.0,
        -1.0,
        1.0,
        -1.0,
        1.0,
        1.0,
        1.0,
        -1.0,
        -1.0,
        -1.0,
        -1.0,
        1.0,
        1.0,
        1.0,
        1.0,
        1.0,
        1.0,
        1.0,
        1.0,
        -1.0,
        -1.0,
        1.0,
        -1.0,
        1.0,
        1.0,
        1.0,
        -1.0,
        1.0,
        1.0,
        -1.0,
        1.0,
        -1.0,
        1.0,
        -1.0,
        -1.0,
        -1.0,
        -0.9980626106262207,
        -1.0,
        1.0,
        -1.0,
        -1.0,
        1.0,
        1.0,
        1.0,
        -1.0,
        -1.0,
        1.0,
        -1.0,
        -1.0,
        1.0,
        1.0,
        1.0,
        1.0,
        1.0,
        1.0,
        -1.0,
        -1.0,
        1.0,
        -1.0,
        -1.0,
        1.0,
        -1.0,
        -1.0,
        -1.0,
        -1.0,
        1.0,
        -1.0,
        1.0,
        -1.0,
        -1.0,
        1.0,
        -1.0,
        -1.0,
        1.0,
        1.0,
        -1.0,
        1.0,
        1.0,
        1.0,
        -1.0,
        1.0,
        -1.0,
        1.0,
        -1.0,
        -1.0,
        -1.0,
        1.0,
        -1.0,
        1.0,
        -1.0,
        1.0,
        -1.0,
        1.0,
        -1.0,
        1.0,
        -1.0,
        -1.0,
        1.0,
        -1.0,
        -1.0,
        1.0,
        -1.0,
        1.0,
        -1.0,
        -1.0,
        -1.0,
        -1.0,
        -1.0,
        1.0,
        1.0,
        -1.0,
        -1.0,
        1.0,
        -1.0,
        -1.0,
        -1.0,
        1.0,
        -1.0,
        -1.0,
        -1.0,
        1.0,
        -1.0,
        1.0,
        -1.0,
        -1.0,
        -1.0,
        1.0,
        1.0,
        1.0,
        1.0,
        -1.0,
        -1.0,
        1.0,
        -1.0,
        -1.0,
        1.0,
        -1.0,
        1.0,
        -1.0,
        -1.0,
        -1.0,
        -1.0,
        1.0,
        1.0,
        -1.0,
        -1.0,
        -1.0,
        1.0,
        -1.0,
        -1.0,
        -1.0,
        1.0,
        -1.0,
        1.0,
        -1.0,
        -1.0,
        1.0,
        -1.0,
        -1.0,
        1.0,
        -1.0,
        -0.9674630761146545,
        1.0,
        -1.0,
        -1.0,
        -1.0,
        1.0,
        -1.0,
        1.0,
        -1.0,
        -1.0,
        1.0,
        -1.0,
        1.0,
        1.0,
        -1.0,
        1.0,
        -0.9601483345031738,
        1.0,
        -1.0,
        1.0,
        1.0,
        -1.0,
        -1.0,
        -1.0,
        1.0,
        1.0,
        1.0,
        -1.0,
        -1.0,
        -1.0,
        1.0,
        1.0,
        -1.0,
        -1.0,
        -1.0,
        1.0,
        1.0,
        1.0,
        -1.0,
        1.0,
        -1.0,
        -1.0,
        -1.0,
        1.0,
        1.0,
        -0.9976906180381775,
        -1.0,
        -1.0,
        1.0,
        -1.0,
        1.0,
        1.0,
        1.0,
        1.0,
        1.0,
        1.0,
        -1.0,
        1.0,
        1.0,
        1.0,
        -1.0,
        -1.0,
        1.0,
        -1.0,
        -1.0,
        -1.0,
        1.0,
        -1.0,
        -1.0,
        -1.0,
        -1.0,
        -1.0,
        1.0,
        1.0,
        1.0
    ],
    "embedding_scaling_factor": 26.17403221130371,
    "samples": [
        11794,
        5333,
        10258,
        4055,
        8611,
        7186,
        11794,
        512,
        6383,
        9407,
        9622,
        4968,
        2700,
        11787,
        2606,
        1499,
        6077,
        9407,
        12893,
        3325,
        13109,
        12763,
        10655,
        12070,
        2823,
        4916,
        9032,
        4386,
        8096,
        12953,
        11825,
        10813,
        9892,
        9968,
        9407,
        12068,
        211,
        13312,
        9967,
        1282,
        12431,
        945,
        5761,
        8667,
        11837,
        1501,
        4377,
        4434,
        11375,
        810,
        8610,
        6122,
        9665,
        10042,
        9735,
        6301,
        10202,
        2841,
        9413,
        5965,
        13660,
        13182,
        10171,
        9394,
        6474,
        2136,
        5322,
        13648,
        7299,
        11671,
        13182,
        6175,
        811,
        8928,
        9468,
        9979,
        7576,
        1300,
        2915,
        2823,
        12551,
        4620,
        10469,
        12050,
        4621,
        9733,
        2699,
        6301,
        2153,
        3326,
        6196,
        7672,
        7299,
        3688,
        3705,
        11873,
        6318,
        5788,
        7980,
        13648
    ],
    "category_values_ratio": {
        "9893": 3375,
        "9892": 3375,
        "4620": 3325,
        "4621": 3325,
        "6301": 3185,
        "7195": 3140,
        "9362": 2955,
        "210": 2860,
        "211": 2860,
        "8610": 2835,
        "8611": 2835,
        "2181": 2532,
        "10818": 2444,
        "3687": 2436,
        "3688": 2436,
        "11006": 2420,
        "2141": 2415,
        "6417": 2404,
        "12551": 2392,
        "4916": 2336,
        "7299": 2320,
        "9407": 2316,
        "2809": 2300,
        "2403": 2256,
        "4056": 2132,
        "10074": 2128,
        "4377": 2120,
        "6567": 2120,
        "6922": 2085,
        "9413": 2070,
        "1029": 2044,
        "5322": 1985,
        "2136": 1960,
        "11153": 1947,
        "11101": 1929,
        "6545": 1920,
        "6544": 1920,
        "3335": 1902,
        "12108": 1880,
        "12109": 1880,
        "5928": 1856,
        "8670": 1850,
        "12448": 1760,
        "10887": 1740,
        "9038": 1724,
        "13663": 1720,
        "458": 1720,
        "13231": 1713,
        "6789": 1695,
        "4520": 1684,
        "11064": 1683,
        "5965": 1680,
        "6115": 1665,
        "9355": 1660,
        "9356": 1660,
        "12893": 1650,
        "2823": 1645,
        "11794": 1641,
        "10151": 1632,
        "10255": 1629,
        "10256": 1629,
        "5399": 1624,
        "9095": 1615,
        "12502": 1610,
        "2843": 1600,
        "9665": 1599,
        "11559": 1590,
        "11558": 1590,
        "4529": 1560,
        "4530": 1560,
        "3705": 1536,
        "11873": 1528,
        "8615": 1516,
        "3601": 1515,
        "3602": 1515,
        "11743": 1504,
        "11742": 1504,
        "389": 1504,
        "2721": 1500,
        "1944": 1497,
        "6750": 1495,
        "6749": 1495,
        "6122": 1495,
        "8667": 1480,
        "352": 1473,
        "12278": 1455,
        "13537": 1452,
        "10966": 1440,
        "10967": 1440,
        "5320": 1434,
        "5321": 1434,
        "12805": 1419,
        "2635": 1413,
        "2471": 1410,
        "2195": 1410,
        "2470": 1410,
        "11837": 1395,
        "11836": 1395,
        "7672": 1386,
        "7241": 1377,
        "5133": 1374,
        "12536": 1371,
        "117": 1370,
        "116": 1370,
        "10258": 1356,
        "4584": 1350,
        "8928": 1347,
        "512": 1332,
        "3763": 1317,
        "3764": 1317,
        "6077": 1284,
        "8276": 1276,
        "1501": 1270,
        "10043": 1269,
        "10042": 1269,
        "5050": 1264,
        "12864": 1245,
        "1516": 1227,
        "13544": 1212,
        "9109": 1206,
        "10081": 1176,
        "8548": 1165,
        "12068": 1160,
        "9622": 1156,
        "10814": 1152,
        "10813": 1152,
        "1499": 1150,
        "7727": 1148,
        "78": 1146,
        "12953": 1144,
        "12954": 1144,
        "4428": 1140,
        "13660": 1134,
        "861": 1124,
        "799": 1104,
        "798": 1104,
        "10328": 1098,
        "2606": 1096,
        "215": 1096,
        "31": 1096,
        "8894": 1096,
        "13072": 1089,
        "10696": 1080,
        "9967": 1070,
        "9968": 1070,
        "4099": 1060,
        "5701": 1059,
        "10203": 1054,
        "10202": 1054,
        "9979": 1050,
        "9980": 1050,
        "11237": 1041,
        "12494": 1040,
        "9525": 1038,
        "11670": 1038,
        "11671": 1038,
        "9526": 1038,
        "6691": 1029,
        "8200": 1024,
        "4937": 1020,
        "9974": 1017,
        "9367": 1017,
        "5333": 1005,
        "11825": 1004,
        "10689": 1000,
        "10690": 1000,
        "2291": 996,
        "8076": 996,
        "9769": 993,
        "9768": 993,
        "980": 986,
        "5788": 985,
        "13349": 984,
        "13350": 984,
        "12447": 974,
        "12446": 974,
        "6571": 965,
        "11578": 962,
        "8866": 956,
        "2": 956,
        "3": 956,
        "8865": 956,
        "3543": 946,
        "3252": 946,
        "3542": 946,
        "3251": 946,
        "10655": 942,
        "8598": 940,
        "11375": 940,
        "2235": 924,
        "4055": 920,
        "13104": 920,
        "6175": 915,
        "11496": 914,
        "6987": 909,
        "11354": 908,
        "6178": 906,
        "7787": 904,
        "10167": 902,
        "10168": 902,
        "4434": 897,
        "4435": 897,
        "1404": 894,
        "8568": 892,
        "12387": 882,
        "944": 882,
        "13143": 882,
        "945": 882,
        "5642": 882,
        "3264": 880,
        "13109": 875,
        "10785": 866,
        "9111": 866,
        "9110": 866,
        "11266": 862,
        "9452": 858,
        "13139": 856,
        "13140": 856,
        "11329": 856,
        "11330": 856,
        "6499": 854,
        "5395": 849,
        "10171": 844,
        "7980": 843,
        "12535": 842,
        "11487": 842,
        "11486": 842,
        "2698": 840,
        "4386": 840,
        "2699": 840,
        "7423": 832,
        "7422": 832,
        "13379": 832,
        "3906": 831,
        "8966": 830,
        "8965": 830,
        "9735": 826,
        "3414": 826,
        "2623": 824,
        "10469": 812,
        "10470": 812,
        "9537": 812,
        "9536": 812,
        "2501": 807,
        "5606": 807,
        "11288": 807,
        "8677": 802,
        "8678": 802,
        "10047": 801,
        "2834": 800,
        "421": 798,
        "9715": 789,
        "9732": 784,
        "9733": 784,
        "6196": 784,
        "5873": 783,
        "9782": 777,
        "3984": 775,
        "5318": 774,
        "5319": 774,
        "9197": 774,
        "3072": 768,
        "3073": 768,
        "1300": 768,
        "6731": 764,
        "10978": 760,
        "6040": 759,
        "6039": 759,
        "10815": 756,
        "5618": 752,
        "8359": 752,
        "10394": 750,
        "10395": 750,
        "5337": 744,
        "5338": 744,
        "10742": 741,
        "1157": 738,
        "2205": 736,
        "2853": 734,
        "5521": 732,
        "5134": 730,
        "981": 722,
        "8096": 720,
        "3326": 717,
        "1663": 716,
        "11098": 714,
        "11097": 714,
        "2700": 712,
        "4352": 704,
        "5487": 704,
        "3606": 702,
        "12253": 702,
        "9679": 696,
        "12051": 690,
        "12050": 690,
        "13442": 678,
        "13443": 678,
        "2560": 672,
        "9062": 672,
        "8089": 666,
        "12882": 666,
        "1509": 663,
        "2148": 660,
        "9032": 660,
        "1102": 660,
        "9767": 660,
        "6829": 654,
        "9298": 654,
        "415": 648,
        "414": 648,
        "2316": 648,
        "1215": 646,
        "10942": 642,
        "13268": 642,
        "3291": 640,
        "4527": 640,
        "12239": 639,
        "6366": 639,
        "3014": 634,
        "3013": 634,
        "1282": 632,
        "6001": 630,
        "9901": 630,
        "132": 627,
        "10823": 618,
        "4656": 618,
        "10822": 618,
        "9148": 615,
        "2581": 612,
        "13648": 608,
        "12763": 608,
        "13647": 608,
        "2831": 606,
        "11377": 604,
        "2392": 604,
        "1051": 600,
        "4217": 600,
        "2841": 597,
        "6185": 584,
        "6186": 584,
        "6753": 582,
        "6474": 576,
        "6473": 576,
        "2746": 572,
        "8764": 570,
        "4968": 568,
        "6610": 566,
        "8432": 566,
        "8433": 566,
        "7678": 564,
        "5860": 550,
        "6359": 546,
        "10944": 540,
        "3257": 540,
        "8918": 539,
        "9687": 538,
        "3001": 534,
        "6469": 534,
        "12600": 531,
        "13097": 531,
        "2966": 530,
        "11189": 526,
        "810": 526,
        "10806": 526,
        "811": 526,
        "1609": 525,
        "8333": 525,
        "1608": 525,
        "12430": 520,
        "12431": 520,
        "8909": 520,
        "46": 520,
        "45": 520,
        "13495": 519,
        "3471": 519,
        "2430": 512,
        "6042": 508,
        "7166": 502,
        "4861": 501,
        "3284": 501,
        "3285": 501,
        "9285": 500,
        "12124": 499,
        "13240": 499,
        "3113": 498,
        "3114": 498,
        "11913": 498,
        "11912": 498,
        "12923": 490,
        "5232": 490,
        "2451": 488,
        "7765": 488,
        "1311": 486,
        "8091": 479,
        "10756": 477,
        "10755": 477,
        "5977": 474,
        "13182": 474,
        "7815": 473,
        "11669": 471,
        "12177": 471,
        "11668": 471,
        "13604": 465,
        "13282": 464,
        "5859": 464,
        "7127": 464,
        "5858": 464,
        "6367": 462,
        "11209": 460,
        "11565": 460,
        "11208": 460,
        "6551": 458,
        "2593": 456,
        "2592": 456,
        "12354": 456,
        "6318": 454,
        "6317": 454,
        "6015": 454,
        "12317": 453,
        "7959": 448,
        "12790": 447,
        "383": 446,
        "384": 446,
        "9625": 442,
        "7291": 441,
        "7914": 438,
        "12089": 438,
        "12088": 438,
        "992": 436,
        "9303": 435,
        "5366": 431,
        "5367": 431,
        "7753": 431,
        "1505": 429,
        "9564": 428,
        "2822": 428,
        "3829": 427,
        "3324": 426,
        "3325": 426,
        "2063": 426,
        "9891": 425,
        "9890": 425,
        "3616": 424,
        "9787": 423,
        "9788": 423,
        "10680": 423,
        "10679": 423,
        "3576": 422,
        "9961": 422,
        "2922": 420,
        "2288": 418,
        "2289": 418,
        "9637": 416,
        "11695": 416,
        "9638": 416,
        "5171": 416,
        "5517": 415,
        "4433": 414,
        "1216": 412,
        "3767": 412,
        "3768": 412,
        "11021": 412,
        "12542": 410,
        "12543": 410,
        "5911": 410,
        "2719": 408,
        "9447": 408,
        "7390": 408,
        "6349": 408,
        "5224": 407,
        "11771": 407,
        "946": 406,
        "9467": 406,
        "9468": 406,
        "11787": 406,
        "11072": 404,
        "7325": 404,
        "11071": 404,
        "10900": 403,
        "13295": 403,
        "2166": 403,
        "6616": 403,
        "9607": 403,
        "8105": 402,
        "7521": 401,
        "11378": 400,
        "11379": 400,
        "12020": 399,
        "12156": 399,
        "4754": 398,
        "7576": 398,
        "3546": 398,
        "7567": 396,
        "1286": 393,
        "11406": 392,
        "11405": 392,
        "5761": 392,
        "5760": 392,
        "976": 392,
        "7311": 391,
        "1851": 389,
        "7434": 388,
        "5526": 388,
        "5527": 388,
        "9008": 386,
        "10505": 384,
        "10520": 382,
        "12421": 382,
        "12422": 382,
        "7814": 381,
        "424": 379,
        "1327": 379,
        "8888": 377,
        "4722": 376,
        "631": 376,
        "3103": 375,
        "8737": 374,
        "8738": 374,
        "12952": 373,
        "1533": 372,
        "4993": 370,
        "2550": 370,
        "4994": 370,
        "3519": 369,
        "9394": 366,
        "1705": 364,
        "11446": 364,
        "1706": 364,
        "13248": 362,
        "11543": 360,
        "10510": 359,
        "3163": 358,
        "3164": 358,
        "8366": 357,
        "9333": 355,
        "9334": 355,
        "6895": 355,
        "7683": 354,
        "7843": 354,
        "7286": 353,
        "370": 352,
        "10959": 348,
        "10958": 348,
        "9150": 342,
        "9149": 342,
        "13512": 340,
        "10235": 339,
        "4291": 339,
        "1917": 339,
        "9274": 338,
        "10247": 337,
        "9621": 336,
        "4024": 328,
        "4025": 328,
        "9966": 326,
        "6803": 326,
        "9965": 326,
        "6804": 326,
        "12782": 326,
        "13382": 325,
        "3929": 324,
        "9142": 322,
        "3801": 322,
        "8392": 322,
        "3800": 322,
        "9689": 322,
        "11603": 322,
        "9143": 322,
        "8393": 322,
        "12308": 316,
        "6936": 315,
        "6798": 313,
        "6034": 308,
        "2687": 306,
        "7150": 306,
        "2686": 306,
        "6422": 304,
        "25": 303,
        "3629": 303,
        "10841": 303,
        "6299": 301,
        "5827": 301,
        "5826": 301,
        "11054": 300,
        "9238": 298,
        "13332": 298,
        "8661": 298,
        "1133": 297,
        "1134": 297,
        "12160": 296,
        "10220": 296,
        "9058": 295,
        "530": 294,
        "5433": 293,
        "2008": 288,
        "8130": 288,
        "11063": 286,
        "5245": 286,
        "968": 286,
        "1594": 285,
        "13172": 284,
        "9119": 283,
        "9120": 283,
        "5143": 282,
        "5144": 282,
        "7594": 280,
        "2277": 276,
        "11549": 276,
        "2259": 275,
        "8064": 274,
        "3670": 269,
        "10797": 267,
        "3907": 264,
        "11052": 264,
        "7723": 264,
        "7724": 264,
        "11051": 264,
        "12070": 263,
        "9410": 260,
        "9409": 260,
        "3962": 260,
        "6275": 260,
        "272": 258,
        "2523": 256,
        "13300": 256,
        "2522": 256,
        "3517": 255,
        "655": 254,
        "1755": 254,
        "7324": 252,
        "1681": 252,
        "10354": 250,
        "12017": 250,
        "2621": 248,
        "5563": 248,
        "11995": 248,
        "13312": 246,
        "2422": 243,
        "6946": 243,
        "1511": 240,
        "533": 240,
        "12781": 240,
        "5468": 238,
        "6363": 233,
        "603": 233,
        "11599": 232,
        "11598": 232,
        "12826": 232,
        "7412": 230,
        "7411": 230,
        "1020": 229,
        "7011": 229,
        "7010": 229,
        "9054": 228,
        "5389": 226,
        "9572": 225,
        "2489": 224,
        "7186": 224,
        "8666": 222,
        "2648": 222,
        "2647": 222,
        "5699": 222,
        "11019": 221,
        "1986": 220,
        "7348": 220,
        "1985": 220,
        "11073": 218,
        "939": 216,
        "4918": 215,
        "3294": 214,
        "426": 214,
        "427": 214,
        "3038": 212,
        "1208": 210,
        "1913": 208,
        "5254": 208,
        "12938": 208,
        "5253": 208,
        "6235": 208,
        "2153": 206,
        "6033": 206,
        "7366": 206,
        "12635": 202,
        "3730": 200,
        "4299": 200,
        "5384": 199,
        "6892": 198,
        "11393": 198,
        "4417": 198,
        "159": 198,
        "2494": 198,
        "7796": 198,
        "7797": 198,
        "6893": 198,
        "158": 198,
        "6511": 196,
        "9851": 196,
        "5203": 196,
        "3855": 196,
        "9261": 194,
        "1852": 193,
        "12582": 193,
        "5376": 192,
        "9490": 191,
        "12977": 190,
        "4177": 190,
        "12532": 189,
        "2720": 189,
        "4786": 189,
        "2952": 189,
        "6729": 188,
        "12787": 188,
        "8074": 188,
        "4956": 188,
        "5364": 187,
        "5365": 187,
        "4132": 186,
        "6383": 186,
        "8030": 186,
        "4133": 186,
        "124": 185,
        "10209": 185,
        "2591": 182,
        "2590": 182,
        "6764": 181,
        "11547": 177,
        "3649": 177,
        "11460": 176,
        "5801": 175,
        "8777": 174,
        "4712": 173,
        "4652": 173,
        "7065": 173,
        "2708": 171,
        "2267": 169,
        "3608": 168,
        "3609": 168,
        "9538": 168,
        "5574": 167,
        "11401": 167,
        "11402": 167,
        "13161": 166,
        "13160": 166,
        "1662": 166,
        "2083": 166,
        "7862": 164,
        "10406": 162,
        "1793": 162,
        "2739": 162,
        "12442": 160,
        "568": 159,
        "13038": 158,
        "6257": 154,
        "5978": 154,
        "5727": 153,
        "5684": 153,
        "13386": 152,
        "2915": 152,
        "10996": 151,
        "13615": 150,
        "6408": 149,
        "5565": 149,
        "2759": 147,
        "13616": 146,
        "12000": 146,
        "4169": 145,
        "7772": 145,
        "4170": 145,
        "12335": 145,
        "11029": 144,
        "12074": 144,
        "12075": 144,
        "11566": 143,
        "3822": 143,
        "11567": 143,
        "8502": 142,
        "4882": 137,
        "10184": 135,
        "5866": 134,
        "5580": 133,
        "12291": 133,
        "5579": 133,
        "1816": 132,
        "10438": 131,
        "333": 130,
        "404": 130,
        "403": 130,
        "2503": 128,
        "11290": 128,
        "7339": 128,
        "4768": 127,
        "4114": 127,
        "3793": 126,
        "1130": 126,
        "2342": 119,
        "4183": 114,
        "4182": 114,
        "12983": 114,
        "12982": 114,
        "7435": 111,
        "8356": 108,
        "376": 108,
        "9606": 108,
        "1197": 105,
        "8510": 104,
        "10346": 103,
        "2191": 101,
        "4474": 101,
        "2190": 101,
        "9247": 97,
        "4710": 94,
        "4711": 94,
        "1554": 91,
        "8636": 87,
        "5775": 84,
        "5774": 84,
        "2514": 83,
        "12968": 83,
        "11301": 83,
        "12743": 77,
        "8506": 76,
        "6255": 74,
        "6256": 74,
        "4672": 73,
        "10963": 72,
        "127": 59,
        "7855": 49
    },
    "nrows": 552017
}