{
    "column_id": "Financial/Financial.csvFinancial.csv/A11",
    "dataset_name": "Financial.csv",
    "dataset_id": "Financial/Financial.csv",
    "path": "/home/ubuntu/CatDB/Experiments/data/Financial/Financial.csv",
    "table_name": "Financial.csv",
    "table_id": "Financial/Financial.csvFinancial.csv",
    "column_name": "A11",
    "data_source": "Financial",
    "data_type": "int",
    "total_values_count": 552017,
    "distinct_values_count": 76,
    "missing_values_count": 0,
    "true_ratio": null,
    "min_value": 8110.0,
    "max_value": 12541.0,
    "mean": 9556.94254705924,
    "median": 8991.0,
    "iqr": 1351.0,
    "category_values": [
        12541,
        9104,
        9893,
        8547,
        8402,
        8427,
        10673,
        8254,
        9198,
        9317,
        8512,
        8678,
        10177,
        8965,
        8772,
        10045,
        9045,
        9538,
        8388,
        8369,
        9897,
        8403,
        8994,
        8843,
        11277,
        8598,
        9272,
        8561,
        8757,
        10446,
        8173,
        8363,
        9307,
        8544,
        8746,
        9065,
        9753,
        8546,
        8390,
        9622,
        8554,
        8743,
        8240,
        9675,
        9832,
        8930,
        8187,
        8594,
        9650,
        8754,
        10787,
        8720,
        9624,
        8444,
        8541,
        8110,
        8899,
        8991,
        8507,
        8705,
        8968,
        8441,
        9920,
        8288,
        10124,
        8980,
        8909,
        9060,
        8814,
        8114,
        9425,
        8819,
        8208,
        8867,
        8624,
        8620
    ],
    "embedding": [
        -1.0,
        -1.0,
        -1.0,
        1.0,
        -1.0,
        1.0,
        -1.0,
        -1.0,
        -1.0,
        -1.0,
        1.0,
        -1.0,
        -1.0,
        1.0,
        1.0,
        1.0,
        1.0,
        -1.0,
        1.0,
        -1.0,
        1.0,
        -1.0,
        1.0,
        -1.0,
        1.0,
        -1.0,
        -1.0,
        1.0,
        -1.0,
        -1.0,
        1.0,
        1.0,
        -1.0,
        -1.0,
        -1.0,
        1.0,
        -1.0,
        1.0,
        1.0,
        -1.0,
        -1.0,
        1.0,
        -1.0,
        -1.0,
        -1.0,
        -1.0,
        1.0,
        -1.0,
        -1.0,
        -0.9919419288635254,
        -1.0,
        1.0,
        1.0,
        1.0,
        -1.0,
        1.0,
        1.0,
        1.0,
        -1.0,
        0.9992292523384094,
        -1.0,
        -1.0,
        1.0,
        -1.0,
        1.0,
        -1.0,
        1.0,
        -1.0,
        1.0,
        1.0,
        1.0,
        -1.0,
        -1.0,
        -1.0,
        -1.0,
        1.0,
        1.0,
        1.0,
        1.0,
        1.0,
        1.0,
        1.0,
        1.0,
        -1.0,
        -1.0,
        1.0,
        -1.0,
        1.0,
        1.0,
        1.0,
        -1.0,
        1.0,
        1.0,
        -1.0,
        1.0,
        -1.0,
        1.0,
        -1.0,
        -1.0,
        -1.0,
        -0.9986124038696289,
        -1.0,
        1.0,
        -1.0,
        -1.0,
        1.0,
        1.0,
        1.0,
        -1.0,
        -1.0,
        1.0,
        -1.0,
        -1.0,
        1.0,
        1.0,
        1.0,
        1.0,
        1.0,
        1.0,
        -1.0,
        -1.0,
        1.0,
        -1.0,
        -1.0,
        1.0,
        -1.0,
        -1.0,
        -1.0,
        -1.0,
        1.0,
        -1.0,
        1.0,
        -1.0,
        -1.0,
        1.0,
        -1.0,
        -1.0,
        1.0,
        1.0,
        -1.0,
        1.0,
        1.0,
        1.0,
        -1.0,
        1.0,
        -1.0,
        1.0,
        -1.0,
        -1.0,
        -1.0,
        1.0,
        -1.0,
        1.0,
        -1.0,
        1.0,
        -1.0,
        1.0,
        -1.0,
        1.0,
        -1.0,
        -1.0,
        1.0,
        -1.0,
        -1.0,
        1.0,
        -1.0,
        1.0,
        -1.0,
        -1.0,
        -1.0,
        -1.0,
        -1.0,
        1.0,
        1.0,
        -1.0,
        -1.0,
        1.0,
        -1.0,
        -1.0,
        -1.0,
        1.0,
        -1.0,
        -1.0,
        -1.0,
        1.0,
        -1.0,
        1.0,
        -1.0,
        -1.0,
        -1.0,
        1.0,
        1.0,
        1.0,
        1.0,
        -1.0,
        -1.0,
        1.0,
        -1.0,
        -1.0,
        1.0,
        -1.0,
        1.0,
        -1.0,
        -1.0,
        -1.0,
        -1.0,
        1.0,
        1.0,
        -1.0,
        -1.0,
        -1.0,
        1.0,
        -1.0,
        -1.0,
        -1.0,
        1.0,
        -1.0,
        1.0,
        -1.0,
        -1.0,
        1.0,
        -1.0,
        -1.0,
        1.0,
        -1.0,
        -0.9944402575492859,
        1.0,
        -1.0,
        -1.0,
        -1.0,
        1.0,
        -1.0,
        1.0,
        -1.0,
        -1.0,
        1.0,
        -1.0,
        1.0,
        1.0,
        -1.0,
        1.0,
        -0.983953058719635,
        1.0,
        -1.0,
        1.0,
        1.0,
        -1.0,
        -1.0,
        -1.0,
        1.0,
        1.0,
        1.0,
        -1.0,
        -1.0,
        -1.0,
        1.0,
        1.0,
        -1.0,
        -1.0,
        -1.0,
        1.0,
        1.0,
        1.0,
        -1.0,
        1.0,
        -1.0,
        -1.0,
        -1.0,
        1.0,
        1.0,
        -0.9987067580223083,
        -1.0,
        -1.0,
        1.0,
        -1.0,
        1.0,
        1.0,
        1.0,
        1.0,
        1.0,
        1.0,
        -1.0,
        1.0,
        1.0,
        1.0,
        -1.0,
        -1.0,
        1.0,
        -1.0,
        -1.0,
        -1.0,
        1.0,
        -1.0,
        -1.0,
        -1.0,
        -1.0,
        -1.0,
        1.0,
        1.0,
        1.0
    ],
    "embedding_scaling_factor": 39.22245788574219,
    "samples": [
        9753,
        12541,
        8369,
        8441,
        8512,
        8814,
        8620,
        12541,
        8598,
        9317,
        8288,
        9198,
        9920,
        8754,
        8620,
        12541,
        10787,
        9317,
        8754,
        9622,
        12541,
        10045,
        8512,
        12541,
        8991,
        9060,
        10787,
        9622,
        10177,
        8994,
        8561,
        9198,
        8994,
        9897,
        8994,
        8743,
        8369,
        12541,
        10177,
        8598,
        8547,
        10177,
        12541,
        9198,
        8598,
        10177,
        8114,
        8994,
        8402,
        8678,
        8390,
        12541,
        8546,
        8819,
        8598,
        10177,
        12541,
        8240,
        9307,
        8930,
        10124,
        8512,
        12541,
        8187,
        12541,
        8705,
        8746,
        8512,
        12541,
        9272,
        8254,
        8899,
        9065,
        10177,
        12541,
        8965,
        10673,
        9538,
        12541,
        8402,
        9538,
        9622,
        12541,
        8369,
        9624,
        12541,
        8288,
        8363,
        9893,
        12541,
        10673,
        9893,
        9622,
        12541,
        8512,
        10673,
        12541,
        8598,
        10446,
        10446
    ],
    "category_values_ratio": {
        "12541": 78184,
        "9897": 18450,
        "9893": 16286,
        "10673": 15885,
        "10177": 15659,
        "8402": 14366,
        "9624": 13103,
        "8512": 13058,
        "8965": 12866,
        "8363": 11625,
        "8994": 10947,
        "8441": 10337,
        "8754": 10330,
        "8598": 10171,
        "8991": 9121,
        "8743": 8838,
        "8187": 8047,
        "8930": 7938,
        "8561": 7654,
        "9622": 7571,
        "8390": 7465,
        "8544": 7417,
        "8899": 7411,
        "9307": 7308,
        "9675": 7297,
        "9317": 7227,
        "8369": 7141,
        "8427": 7042,
        "9753": 6451,
        "9065": 6195,
        "9538": 6168,
        "10446": 6165,
        "8547": 6152,
        "8746": 6125,
        "8594": 6064,
        "8288": 6059,
        "9060": 5953,
        "8909": 5782,
        "8240": 5688,
        "10787": 5645,
        "8819": 5590,
        "8720": 5423,
        "10045": 5215,
        "8843": 4970,
        "9425": 4806,
        "8541": 4686,
        "8444": 4625,
        "9920": 4603,
        "8772": 4571,
        "8546": 4451,
        "9045": 4404,
        "8110": 4073,
        "9272": 4011,
        "8388": 3998,
        "8624": 3991,
        "8114": 3854,
        "9198": 3731,
        "8507": 3716,
        "10124": 3351,
        "8254": 3261,
        "8814": 3174,
        "9104": 3121,
        "8403": 3024,
        "8705": 2946,
        "8757": 2849,
        "8678": 2794,
        "8208": 2722,
        "8173": 2073,
        "8620": 2056,
        "8980": 1976,
        "8554": 1636,
        "11277": 1260,
        "8968": 1143,
        "9832": 1127,
        "9650": 929,
        "8867": 666
    },
    "nrows": 552017
}