{
    "column_id": "Financial/Financial.csvFinancial.csv/amount",
    "dataset_name": "Financial.csv",
    "dataset_id": "Financial/Financial.csv",
    "path": "/home/ubuntu/CatDB/Experiments/data/Financial/Financial.csv",
    "table_name": "Financial.csv",
    "table_id": "Financial/Financial.csvFinancial.csv",
    "column_name": "amount",
    "data_source": "Financial",
    "data_type": "int",
    "total_values_count": 552017,
    "distinct_values_count": 645,
    "missing_values_count": 0,
    "true_ratio": null,
    "min_value": 4980.0,
    "max_value": 590820.0,
    "mean": 141026.476315041,
    "median": 100800.0,
    "iqr": 134004.0,
    "category_values": [
        80952,
        30276,
        318480,
        110736,
        165960,
        102876,
        265320,
        352704,
        162576,
        88440,
        104808,
        27456,
        109344,
        160920,
        123696,
        112752,
        91248,
        66840,
        369000,
        331584,
        468060,
        100980,
        187224,
        42816,
        230400,
        252060,
        84288,
        357840,
        196800,
        262980,
        210384,
        91152,
        12540,
        102240,
        76944,
        156096,
        73056,
        208128,
        215616,
        24312,
        48624,
        538500,
        53076,
        187104,
        87216,
        178500,
        309552,
        22260,
        284280,
        189060,
        108720,
        188532,
        204000,
        98184,
        253200,
        50976,
        385104,
        192552,
        149040,
        128544,
        35904,
        99696,
        182640,
        148140,
        71064,
        74772,
        52512,
        185544,
        23520,
        389136,
        45336,
        125472,
        100080,
        123300,
        165780,
        164052,
        191088,
        194256,
        388512,
        78936,
        64224,
        189792,
        141948,
        172272,
        248148,
        30060,
        202788,
        43200,
        96396,
        385584,
        239460,
        143676,
        105804,
        396120,
        37944,
        209040,
        162468,
        57360,
        44952,
        55632,
        249312,
        205200,
        68400,
        290820,
        38520,
        176328,
        293880,
        271260,
        86184,
        83628,
        44640,
        214596,
        101520,
        92400,
        22932,
        23328,
        71460,
        61560,
        78600,
        170256,
        299088,
        53472,
        182040,
        92976,
        185952,
        139464,
        347952,
        415800,
        72504,
        230220,
        20196,
        314688,
        46320,
        48312,
        541200,
        99336,
        199680,
        159744,
        49440,
        156672,
        17952,
        95808,
        293160,
        200976,
        24516,
        165120,
        466608,
        428784,
        360000,
        89340,
        136344,
        91632,
        231168,
        93888,
        69624,
        156420,
        66432,
        335280,
        111384,
        50460,
        268320,
        437460,
        380160,
        272520,
        504000,
        31248,
        41256,
        24792,
        88608,
        48744,
        390000,
        155616,
        277884,
        82896,
        15420,
        253512,
        123216,
        321180,
        253560,
        130896,
        30012,
        177744,
        222180,
        39024,
        77184,
        68124,
        94512,
        276084,
        19248,
        146064,
        4980,
        40632,
        71820,
        207264,
        68664,
        67464,
        140688,
        44088,
        174840,
        174960,
        161496,
        158760,
        14028,
        271584,
        23628,
        316140,
        444864,
        460980,
        76380,
        18564,
        68544,
        63252,
        23052,
        307200,
        74916,
        153936,
        334620,
        133848,
        96984,
        107352,
        63576,
        84600,
        106128,
        158976,
        137904,
        41856,
        151200,
        100800,
        212976,
        405780,
        79632,
        244560,
        41988,
        164196,
        51360,
        51408,
        100128,
        327660,
        90156,
        221280,
        97224,
        74040,
        73836,
        87816,
        192744,
        321240,
        66480,
        93960,
        15192,
        135360,
        81144,
        61320,
        300204,
        20220,
        64656,
        66696,
        33348,
        87528,
        402000,
        106944,
        162624,
        97176,
        168264,
        107640,
        204780,
        465072,
        219456,
        465504,
        59136,
        21396,
        141648,
        213300,
        335184,
        76080,
        117024,
        98832,
        143904,
        359760,
        289920,
        150180,
        179328,
        258444,
        128988,
        165168,
        110112,
        11400,
        61656,
        317520,
        53232,
        323472,
        20352,
        57060,
        22356,
        58764,
        399120,
        79824,
        320976,
        14628,
        173808,
        193968,
        276300,
        129312,
        117420,
        79608,
        170832,
        240528,
        300660,
        90180,
        68340,
        202848,
        149340,
        158184,
        368880,
        174744,
        78696,
        349392,
        209184,
        32640,
        140880,
        44628,
        221880,
        44376,
        177504,
        83016,
        225420,
        285600,
        98592,
        99216,
        103680,
        232560,
        290700,
        31176,
        123600,
        177804,
        65184,
        184620,
        78720,
        141240,
        61056,
        28248,
        464520,
        11736,
        276660,
        5148,
        321360,
        407952,
        360864,
        26208,
        270648,
        67608,
        59760,
        247920,
        398640,
        87360,
        85632,
        79920,
        270384,
        17508,
        181020,
        72408,
        36684,
        110136,
        34572,
        10944,
        150912,
        43164,
        76908,
        104964,
        38496,
        76992,
        212400,
        390660,
        60156,
        100260,
        294384,
        116496,
        22968,
        127200,
        95400,
        64860,
        137880,
        37908,
        17184,
        124344,
        49320,
        139488,
        194880,
        25944,
        475680,
        96768,
        288720,
        495180,
        63972,
        194160,
        234336,
        47016,
        48672,
        74124,
        49488,
        203940,
        99744,
        49872,
        155640,
        63360,
        152160,
        73260,
        49044,
        55368,
        63312,
        91200,
        288468,
        590820,
        41952,
        12792,
        309600,
        153504,
        130464,
        191880,
        31728,
        320592,
        170448,
        42384,
        390096,
        94488,
        220440,
        45456,
        140064,
        77544,
        51696,
        27984,
        196080,
        372120,
        189696,
        20832,
        91584,
        68112,
        72120,
        21852,
        79344,
        153144,
        97392,
        84120,
        42900,
        473280,
        144960,
        160656,
        128268,
        77640,
        35856,
        93600,
        140400,
        208320,
        260400,
        56100,
        220428,
        99300,
        155880,
        74736,
        238716,
        29784,
        97980,
        80340,
        36204,
        224604,
        87840,
        8616,
        134784,
        309660,
        89040,
        247728,
        7656,
        417060,
        333648,
        266220,
        220620,
        21072,
        85860,
        42840,
        74688,
        93036,
        174048,
        173016,
        288360,
        76680,
        47304,
        185640,
        240900,
        85716,
        67980,
        170700,
        33144,
        88272,
        33984,
        74352,
        125340,
        76104,
        566640,
        186300,
        45024,
        227880,
        186384,
        100224,
        70656,
        50112,
        38148,
        321936,
        71976,
        189300,
        172080,
        272220,
        16032,
        52236,
        163332,
        69600,
        215040,
        127080,
        29448,
        122472,
        82128,
        164256,
        191580,
        83280,
        86616,
        285240,
        23184,
        39576,
        41904,
        52128,
        188616,
        99936,
        120888,
        374760,
        36396,
        225504,
        188688,
        116832,
        341280,
        228276,
        18324,
        46176,
        157068,
        104712,
        244368,
        59448,
        76416,
        176148,
        279072,
        139536,
        88200,
        31620,
        116040,
        113796,
        151728,
        133968,
        96168,
        126600,
        97632,
        300600,
        331560,
        36168,
        19044,
        210744,
        194940,
        218064,
        233424,
        311232,
        77808,
        167100,
        231696,
        121896,
        215388,
        136368,
        22104,
        305424,
        44304,
        239160,
        113436,
        37812,
        75624,
        348120,
        421008,
        259740,
        31260,
        88704,
        86880,
        21924,
        260640,
        194280,
        123408,
        54396,
        151560,
        60000,
        23412,
        482940,
        267600,
        133800,
        417600,
        249792,
        198240,
        269964,
        208332,
        196224,
        45720,
        260028,
        197808,
        24180,
        154656,
        115992,
        68832,
        339168,
        45768,
        31140,
        385560,
        113544,
        57120,
        131292,
        152460,
        197748,
        314520,
        18720,
        115812,
        154416,
        274740,
        168984,
        48096,
        217152,
        148920,
        69360,
        119136,
        98304,
        108144,
        182628,
        89880,
        44940,
        392460,
        89280,
        155760,
        52788,
        67320,
        317460,
        39168,
        280440,
        419880,
        54024,
        129408
    ],
    "embedding": [
        -1.0,
        -1.0,
        -1.0,
        1.0,
        -1.0,
        1.0,
        -1.0,
        -1.0,
        -0.999905526638031,
        -1.0,
        1.0,
        -1.0,
        -1.0,
        1.0,
        1.0,
        1.0,
        1.0,
        -1.0,
        1.0,
        -1.0,
        1.0,
        -1.0,
        1.0,
        -1.0,
        1.0,
        -1.0,
        -1.0,
        1.0,
        -1.0,
        -1.0,
        1.0,
        1.0,
        -1.0,
        -1.0,
        -1.0,
        1.0,
        -1.0,
        1.0,
        1.0,
        -1.0,
        -1.0,
        1.0,
        -1.0,
        -1.0,
        -1.0,
        -1.0,
        1.0,
        -1.0,
        -0.9999533891677856,
        -0.8769028186798096,
        -1.0,
        1.0,
        1.0,
        1.0,
        -1.0,
        1.0,
        1.0,
        1.0,
        -1.0,
        0.9967839121818542,
        -1.0,
        -1.0,
        1.0,
        -1.0,
        1.0,
        -1.0,
        1.0,
        -1.0,
        1.0,
        1.0,
        1.0,
        -1.0,
        -1.0,
        -1.0,
        -1.0,
        1.0,
        1.0,
        1.0,
        1.0,
        1.0,
        1.0,
        1.0,
        1.0,
        -1.0,
        -1.0,
        1.0,
        -1.0,
        1.0,
        1.0,
        1.0,
        -1.0,
        1.0,
        1.0,
        -1.0,
        1.0,
        -1.0,
        1.0,
        -1.0,
        -1.0,
        -1.0,
        -0.9961210489273071,
        -1.0,
        1.0,
        -1.0,
        -1.0,
        1.0,
        1.0,
        1.0,
        -1.0,
        -1.0,
        1.0,
        -1.0,
        -1.0,
        1.0,
        1.0,
        1.0,
        1.0,
        1.0,
        1.0,
        -1.0,
        -1.0,
        1.0,
        -1.0,
        -1.0,
        1.0,
        -1.0,
        -1.0,
        -0.99947190284729,
        -1.0,
        1.0,
        -1.0,
        1.0,
        -1.0,
        -1.0,
        1.0,
        -1.0,
        -1.0,
        1.0,
        1.0,
        -1.0,
        1.0,
        1.0,
        1.0,
        -1.0,
        1.0,
        -1.0,
        0.9999997615814209,
        -1.0,
        -1.0,
        -1.0,
        0.9999358654022217,
        -1.0,
        1.0,
        -1.0,
        1.0,
        -1.0,
        1.0,
        -1.0,
        1.0,
        -1.0,
        -1.0,
        1.0,
        -1.0,
        -1.0,
        1.0,
        -1.0,
        1.0,
        -1.0,
        -1.0,
        -1.0,
        -1.0,
        -1.0,
        1.0,
        1.0,
        -1.0,
        -1.0,
        1.0,
        -1.0,
        -1.0,
        -1.0,
        1.0,
        -1.0,
        -1.0,
        -1.0,
        1.0,
        -1.0,
        1.0,
        -1.0,
        -1.0,
        -1.0,
        1.0,
        1.0,
        1.0,
        1.0,
        -1.0,
        -1.0,
        1.0,
        -1.0,
        -1.0,
        1.0,
        -1.0,
        1.0,
        -1.0,
        -1.0,
        -1.0,
        -1.0,
        1.0,
        1.0,
        -1.0,
        -1.0,
        -1.0,
        1.0,
        -1.0,
        -1.0,
        -1.0,
        1.0,
        -1.0,
        1.0,
        -1.0,
        -1.0,
        1.0,
        -1.0,
        -1.0,
        1.0,
        -0.9999993443489075,
        -0.8789513111114502,
        1.0,
        -1.0,
        -1.0,
        -1.0,
        1.0,
        -1.0,
        1.0,
        -1.0,
        -1.0,
        1.0,
        -1.0,
        1.0,
        1.0,
        -0.9999988675117493,
        1.0,
        -0.8546888828277588,
        1.0,
        -1.0,
        1.0,
        1.0,
        -1.0,
        -1.0,
        -1.0,
        1.0,
        1.0,
        1.0,
        -1.0,
        -1.0,
        -1.0,
        1.0,
        1.0,
        -1.0,
        -1.0,
        -1.0,
        1.0,
        1.0,
        1.0,
        -1.0,
        1.0,
        -1.0,
        -1.0,
        -1.0,
        1.0,
        1.0,
        -0.9956620931625366,
        -1.0,
        -1.0,
        1.0,
        -1.0,
        1.0,
        1.0,
        1.0,
        1.0,
        1.0,
        1.0,
        -1.0,
        1.0,
        1.0,
        1.0,
        -1.0,
        -1.0,
        1.0,
        -1.0,
        -1.0,
        -1.0,
        1.0,
        -1.0,
        -1.0,
        -1.0,
        -1.0,
        -1.0,
        1.0,
        1.0,
        1.0
    ],
    "embedding_scaling_factor": 108.51155090332031,
    "samples": [
        24180,
        285600,
        79632,
        238716,
        91152,
        96168,
        82896,
        170448,
        208320,
        76416,
        37944,
        76416,
        162468,
        205200,
        444864,
        63252,
        248148,
        116040,
        104712,
        35904,
        299088,
        225504,
        155616,
        30276,
        41256,
        317520,
        75624,
        590820,
        218064,
        97980,
        45024,
        248148,
        104712,
        179328,
        158760,
        77808,
        232560,
        59760,
        196224,
        162468,
        113796,
        41256,
        288468,
        97224,
        113544,
        74916,
        44088,
        22968,
        266220,
        194880,
        15420,
        15420,
        110112,
        63360,
        402000,
        202848,
        32640,
        41256,
        24180,
        97176,
        155640,
        100128,
        189696,
        91632,
        14628,
        221880,
        112752,
        94488,
        45024,
        321180,
        41256,
        392460,
        151560,
        87840,
        72408,
        86616,
        82896,
        23052,
        133968,
        217152,
        76416,
        174744,
        123696,
        156420,
        41904,
        29784,
        466608,
        67320,
        143676,
        17184,
        64656,
        27984,
        78696,
        74040,
        69600,
        91632,
        108144,
        39576,
        98184,
        78696
    ],
    "category_values_ratio": {
        "87840": 6750,
        "23052": 6650,
        "104808": 5720,
        "48672": 5670,
        "82896": 4872,
        "189696": 4337,
        "368880": 3840,
        "80952": 3824,
        "231696": 3760,
        "165960": 3678,
        "39576": 3357,
        "91632": 3272,
        "76680": 3258,
        "14628": 3185,
        "76416": 3180,
        "141240": 3140,
        "68544": 3120,
        "41256": 3030,
        "133968": 3008,
        "221880": 2990,
        "20832": 2955,
        "69600": 2880,
        "30276": 2872,
        "97224": 2868,
        "176328": 2820,
        "331560": 2790,
        "102876": 2740,
        "45768": 2661,
        "123216": 2634,
        "104712": 2598,
        "174744": 2578,
        "87216": 2546,
        "417060": 2538,
        "71460": 2536,
        "155616": 2481,
        "38148": 2444,
        "127080": 2420,
        "30060": 2415,
        "300660": 2404,
        "482940": 2392,
        "158976": 2336,
        "232560": 2328,
        "11736": 2320,
        "68112": 2316,
        "46320": 2300,
        "205200": 2256,
        "12540": 2208,
        "89040": 2140,
        "4980": 2132,
        "266220": 2128,
        "49320": 2124,
        "158760": 2120,
        "74688": 2108,
        "7656": 2100,
        "42900": 2076,
        "113796": 2076,
        "21852": 2070,
        "566640": 2000,
        "89340": 1992,
        "265320": 1989,
        "29784": 1986,
        "74040": 1985,
        "108144": 1968,
        "248148": 1960,
        "21924": 1948,
        "41904": 1947,
        "111384": 1902,
        "272520": 1892,
        "93888": 1882,
        "98832": 1856,
        "155640": 1850,
        "86184": 1840,
        "444864": 1794,
        "73056": 1764,
        "260640": 1760,
        "189300": 1740,
        "31728": 1732,
        "41952": 1724,
        "129408": 1720,
        "230400": 1720,
        "274740": 1713,
        "374760": 1712,
        "197748": 1712,
        "83016": 1695,
        "76380": 1684,
        "86616": 1683,
        "143904": 1680,
        "92976": 1680,
        "61656": 1665,
        "59760": 1664,
        "91200": 1660,
        "115992": 1650,
        "541200": 1645,
        "97632": 1641,
        "21072": 1632,
        "33144": 1624,
        "15192": 1624,
        "130464": 1615,
        "123408": 1610,
        "63360": 1604,
        "49440": 1600,
        "155880": 1568,
        "221280": 1548,
        "15420": 1536,
        "428784": 1536,
        "36168": 1528,
        "165168": 1518,
        "230220": 1518,
        "74124": 1516,
        "369000": 1504,
        "72504": 1500,
        "85716": 1500,
        "78936": 1497,
        "317520": 1495,
        "87816": 1488,
        "49872": 1480,
        "123696": 1473,
        "239160": 1455,
        "52788": 1452,
        "260028": 1419,
        "299088": 1413,
        "239460": 1410,
        "272220": 1402,
        "79920": 1386,
        "61056": 1377,
        "79632": 1374,
        "60000": 1371,
        "392460": 1356,
        "63252": 1350,
        "63312": 1347,
        "252060": 1332,
        "468060": 1296,
        "11400": 1284,
        "124344": 1276,
        "35904": 1270,
        "165120": 1268,
        "405780": 1264,
        "24180": 1245,
        "321936": 1236,
        "192744": 1236,
        "71064": 1227,
        "419880": 1216,
        "67320": 1212,
        "191880": 1206,
        "220620": 1176,
        "20352": 1168,
        "194160": 1165,
        "233424": 1160,
        "93600": 1156,
        "202848": 1152,
        "128544": 1150,
        "72408": 1148,
        "23628": 1140,
        "54024": 1134,
        "96768": 1132,
        "76944": 1124,
        "47304": 1098,
        "27456": 1096,
        "61560": 1096,
        "113544": 1089,
        "186300": 1080,
        "40632": 1060,
        "107640": 1059,
        "102240": 1052,
        "23520": 1050,
        "99936": 1041,
        "110736": 1040,
        "194280": 1040,
        "88704": 1040,
        "32640": 1029,
        "253200": 1025,
        "17184": 1024,
        "41856": 1020,
        "247728": 1017,
        "73836": 1005,
        "300600": 1004,
        "57360": 996,
        "22968": 996,
        "48624": 986,
        "465504": 985,
        "125472": 980,
        "78696": 965,
        "139536": 962,
        "227880": 954,
        "125340": 942,
        "116040": 942,
        "47016": 940,
        "225504": 940,
        "141648": 928,
        "105804": 924,
        "188616": 920,
        "131292": 920,
        "146064": 920,
        "53232": 915,
        "31176": 909,
        "173808": 908,
        "36396": 908,
        "323472": 906,
        "10944": 904,
        "149040": 894,
        "66840": 892,
        "234336": 892,
        "259740": 882,
        "162624": 882,
        "314520": 882,
        "167100": 876,
        "152460": 875,
        "186384": 866,
        "120888": 862,
        "153144": 858,
        "149340": 854,
        "66432": 852,
        "224604": 850,
        "93960": 849,
        "213300": 848,
        "80340": 846,
        "76104": 846,
        "85860": 844,
        "60156": 843,
        "151560": 842,
        "14028": 840,
        "162468": 836,
        "182628": 832,
        "208320": 832,
        "39024": 831,
        "74736": 826,
        "50460": 826,
        "170256": 824,
        "321180": 824,
        "23412": 820,
        "97392": 812,
        "285240": 808,
        "402000": 807,
        "333648": 801,
        "199680": 800,
        "116832": 800,
        "100980": 798,
        "84288": 795,
        "87360": 794,
        "99300": 789,
        "57060": 784,
        "465072": 784,
        "18324": 784,
        "76080": 783,
        "97980": 777,
        "64656": 776,
        "276084": 775,
        "94488": 774,
        "50976": 768,
        "44628": 764,
        "31260": 764,
        "50112": 756,
        "106944": 752,
        "194880": 752,
        "152160": 748,
        "45024": 741,
        "212976": 740,
        "189060": 738,
        "143676": 736,
        "156672": 734,
        "20220": 732,
        "244560": 730,
        "538500": 722,
        "64860": 720,
        "335280": 717,
        "45336": 716,
        "136344": 716,
        "185952": 712,
        "372120": 710,
        "161496": 704,
        "61320": 704,
        "24792": 702,
        "44304": 702,
        "260400": 696,
        "52236": 696,
        "390096": 684,
        "92400": 672,
        "153504": 672,
        "154656": 666,
        "127200": 666,
        "182640": 663,
        "590820": 660,
        "202788": 660,
        "238716": 660,
        "309552": 660,
        "19248": 656,
        "98592": 654,
        "27984": 654,
        "285600": 652,
        "309660": 652,
        "44952": 648,
        "204000": 646,
        "170448": 644,
        "475680": 644,
        "130896": 644,
        "217152": 642,
        "69624": 640,
        "18564": 640,
        "305424": 639,
        "117420": 639,
        "150180": 630,
        "8616": 630,
        "162576": 627,
        "74916": 618,
        "42384": 615,
        "22932": 612,
        "182040": 612,
        "198240": 608,
        "99336": 606,
        "249312": 604,
        "188688": 604,
        "21396": 602,
        "178500": 600,
        "44088": 600,
        "159744": 597,
        "284280": 594,
        "44376": 582,
        "20196": 572,
        "73260": 570,
        "100800": 568,
        "349392": 566,
        "320592": 566,
        "41988": 564,
        "270384": 564,
        "276300": 546,
        "16032": 540,
        "231168": 540,
        "55368": 539,
        "56100": 538,
        "68340": 534,
        "24516": 534,
        "133800": 531,
        "57120": 531,
        "200976": 530,
        "181020": 528,
        "164256": 528,
        "70656": 526,
        "52128": 526,
        "318480": 520,
        "72120": 520,
        "89280": 519,
        "268320": 519,
        "214596": 512,
        "290820": 512,
        "110112": 508,
        "51696": 500,
        "247920": 499,
        "121896": 499,
        "168984": 499,
        "68832": 490,
        "100128": 490,
        "110136": 488,
        "38520": 488,
        "385104": 486,
        "95400": 479,
        "359760": 474,
        "154416": 474,
        "76908": 473,
        "22104": 471,
        "317460": 465,
        "148920": 464,
        "88200": 464,
        "65184": 464,
        "79608": 462,
        "67608": 460,
        "176148": 460,
        "123600": 458,
        "140688": 456,
        "421008": 456,
        "179328": 454,
        "75624": 453,
        "59448": 453,
        "390660": 448,
        "45720": 447,
        "53472": 444,
        "140400": 442,
        "464520": 441,
        "64224": 440,
        "212400": 438,
        "53076": 436,
        "196080": 435,
        "36684": 431,
        "99696": 429,
        "144960": 428,
        "48312": 428,
        "42816": 428,
        "177744": 427,
        "141948": 426,
        "48744": 424,
        "31248": 422,
        "134784": 422,
        "95808": 420,
        "90156": 416,
        "164196": 416,
        "151728": 416,
        "300204": 415,
        "316140": 414,
        "122472": 412,
        "98184": 412,
        "117024": 410,
        "79344": 408,
        "347952": 408,
        "270648": 408,
        "193968": 408,
        "51408": 407,
        "96168": 407,
        "126600": 406,
        "208128": 406,
        "321360": 404,
        "96396": 403,
        "172080": 403,
        "69360": 403,
        "209184": 403,
        "77640": 403,
        "137880": 402,
        "398640": 401,
        "215388": 399,
        "218064": 399,
        "504000": 398,
        "107352": 398,
        "66696": 397,
        "88440": 396,
        "99216": 396,
        "150912": 396,
        "24312": 392,
        "276660": 391,
        "164052": 389,
        "288468": 386,
        "88272": 384,
        "74352": 382,
        "43164": 381,
        "67464": 380,
        "187224": 379,
        "192552": 379,
        "210384": 376,
        "96984": 376,
        "360000": 375,
        "74772": 372,
        "207264": 372,
        "101520": 370,
        "380160": 369,
        "91584": 366,
        "46176": 364,
        "23328": 364,
        "48096": 362,
        "244368": 360,
        "33984": 359,
        "25944": 357,
        "103680": 355,
        "104964": 354,
        "17508": 354,
        "28248": 353,
        "112752": 352,
        "155760": 340,
        "388512": 339,
        "173016": 339,
        "174840": 339,
        "77544": 338,
        "288360": 337,
        "88608": 336,
        "35856": 336,
        "228276": 334,
        "18720": 332,
        "208332": 326,
        "89880": 325,
        "68124": 324,
        "220428": 322,
        "31620": 322,
        "37812": 316,
        "290700": 315,
        "225420": 313,
        "128988": 308,
        "184620": 306,
        "90180": 304,
        "71976": 303,
        "390000": 303,
        "320976": 301,
        "191580": 300,
        "220440": 298,
        "203940": 298,
        "136368": 296,
        "174048": 296,
        "309600": 295,
        "135360": 293,
        "68664": 290,
        "77808": 288,
        "189792": 288,
        "37908": 288,
        "83280": 286,
        "215616": 286,
        "327660": 286,
        "279072": 286,
        "185544": 285,
        "115812": 284,
        "85632": 280,
        "209040": 276,
        "396120": 275,
        "294384": 274,
        "277884": 269,
        "100224": 267,
        "87528": 266,
        "77184": 264,
        "311232": 263,
        "79824": 260,
        "94512": 260,
        "331584": 260,
        "109344": 258,
        "119136": 256,
        "83628": 256,
        "437460": 255,
        "91152": 254,
        "100080": 254,
        "5148": 252,
        "194940": 250,
        "240900": 250,
        "78600": 248,
        "19044": 248,
        "98304": 246,
        "68400": 243,
        "148140": 240,
        "357840": 240,
        "269964": 240,
        "81144": 238,
        "262980": 233,
        "129312": 233,
        "197808": 232,
        "187104": 229,
        "12792": 228,
        "160656": 225,
        "293880": 224,
        "78720": 224,
        "168264": 222,
        "99744": 222,
        "29448": 221,
        "360864": 220,
        "23184": 218,
        "156096": 216,
        "137904": 215,
        "156420": 214,
        "466608": 212,
        "188532": 210,
        "194256": 208,
        "22356": 208,
        "339168": 208,
        "258444": 206,
        "26208": 206,
        "43200": 206,
        "385584": 202,
        "417600": 202,
        "174960": 200,
        "253512": 200,
        "66480": 199,
        "271584": 198,
        "341280": 198,
        "271260": 198,
        "158184": 196,
        "222180": 196,
        "51360": 196,
        "36204": 196,
        "140064": 194,
        "267600": 193,
        "191088": 193,
        "321240": 192,
        "84120": 191,
        "415800": 189,
        "293160": 189,
        "84600": 189,
        "54396": 189,
        "140880": 188,
        "334620": 188,
        "196224": 188,
        "116496": 188,
        "151200": 188,
        "170832": 186,
        "100260": 186,
        "93036": 185,
        "177504": 181,
        "157068": 176,
        "59136": 175,
        "49044": 174,
        "307200": 173,
        "133848": 173,
        "177804": 173,
        "139464": 171,
        "37944": 169,
        "473280": 168,
        "219456": 168,
        "33348": 167,
        "389136": 166,
        "44640": 166,
        "172272": 166,
        "76992": 164,
        "67980": 162,
        "123300": 162,
        "86880": 160,
        "196800": 159,
        "385560": 158,
        "399120": 154,
        "289920": 154,
        "97176": 153,
        "204780": 153,
        "44940": 152,
        "17952": 152,
        "215040": 151,
        "39168": 150,
        "240528": 149,
        "58764": 148,
        "314688": 147,
        "280440": 146,
        "210744": 146,
        "348120": 145,
        "34572": 145,
        "82128": 144,
        "30012": 143,
        "288720": 142,
        "106128": 137,
        "42840": 135,
        "335184": 134,
        "113436": 133,
        "165780": 132,
        "170700": 131,
        "160920": 130,
        "407952": 128,
        "63576": 127,
        "71820": 127,
        "22260": 126,
        "253560": 126,
        "55632": 119,
        "128268": 108,
        "139488": 108,
        "91248": 108,
        "108720": 105,
        "63972": 104,
        "185640": 103,
        "460980": 101,
        "45456": 97,
        "52512": 91,
        "49488": 87,
        "31140": 83,
        "249792": 77,
        "495180": 76,
        "153936": 73,
        "163332": 72,
        "352704": 59,
        "38496": 49
    },
    "nrows": 552017
}