{
    "column_id": "Financial/Financial.csvFinancial.csv/loan_id",
    "dataset_name": "Financial.csv",
    "dataset_id": "Financial/Financial.csv",
    "path": "/home/ubuntu/CatDB/Experiments/data/Financial/Financial.csv",
    "table_name": "Financial.csv",
    "table_id": "Financial/Financial.csvFinancial.csv",
    "column_name": "loan_id",
    "data_source": "Financial",
    "data_type": "int",
    "total_values_count": 552017,
    "distinct_values_count": 682,
    "missing_values_count": 0,
    "true_ratio": null,
    "min_value": 4959.0,
    "max_value": 7308.0,
    "mean": 6204.500392198066,
    "median": 6232.0,
    "iqr": 1165.0,
    "category_values": [
        4959,
        4961,
        4962,
        4967,
        4968,
        4973,
        4986,
        4988,
        4989,
        4990,
        4996,
        5002,
        5005,
        5015,
        5027,
        5032,
        5034,
        5036,
        5039,
        5041,
        5042,
        5043,
        5044,
        5045,
        5046,
        5051,
        5060,
        5061,
        5063,
        5072,
        5082,
        5086,
        5088,
        5103,
        5110,
        5117,
        5124,
        5125,
        5126,
        5128,
        5130,
        5131,
        5132,
        5134,
        5136,
        5138,
        5140,
        5145,
        5147,
        5148,
        5151,
        5154,
        5158,
        5160,
        5161,
        5169,
        5170,
        5172,
        5174,
        5176,
        5189,
        5206,
        5207,
        5208,
        5209,
        5210,
        5212,
        5214,
        5221,
        5226,
        5229,
        5236,
        5237,
        5241,
        5245,
        5253,
        5260,
        5265,
        5269,
        5270,
        5281,
        5282,
        5285,
        5287,
        5293,
        5301,
        5304,
        5310,
        5311,
        5312,
        5313,
        5314,
        5316,
        5318,
        5319,
        5320,
        5325,
        5329,
        5332,
        5334,
        5337,
        5338,
        5343,
        5346,
        5350,
        5351,
        5352,
        5354,
        5358,
        5360,
        5363,
        5365,
        5366,
        5367,
        5368,
        5369,
        5375,
        5377,
        5382,
        5384,
        5385,
        5388,
        5389,
        5390,
        5395,
        5398,
        5409,
        5413,
        5414,
        5415,
        5418,
        5419,
        5420,
        5428,
        5429,
        5435,
        5445,
        5446,
        5447,
        5449,
        5450,
        5451,
        5452,
        5453,
        5463,
        5464,
        5469,
        5470,
        5479,
        5482,
        5486,
        5491,
        5494,
        5495,
        5501,
        5519,
        5520,
        5523,
        5525,
        5526,
        5527,
        5531,
        5532,
        5533,
        5549,
        5556,
        5561,
        5563,
        5568,
        5569,
        5576,
        5582,
        5584,
        5585,
        5586,
        5589,
        5591,
        5593,
        5595,
        5599,
        5606,
        5610,
        5611,
        5614,
        5616,
        5620,
        5624,
        5625,
        5634,
        5635,
        5638,
        5643,
        5644,
        5651,
        5656,
        5657,
        5665,
        5669,
        5674,
        5681,
        5682,
        5683,
        5693,
        5698,
        5699,
        5706,
        5713,
        5718,
        5719,
        5723,
        5724,
        5725,
        5731,
        5739,
        5740,
        5741,
        5750,
        5754,
        5758,
        5760,
        5765,
        5772,
        5773,
        5774,
        5779,
        5782,
        5784,
        5790,
        5799,
        5804,
        5805,
        5808,
        5815,
        5817,
        5823,
        5830,
        5836,
        5837,
        5841,
        5850,
        5856,
        5861,
        5862,
        5865,
        5868,
        5876,
        5877,
        5878,
        5880,
        5882,
        5886,
        5887,
        5889,
        5892,
        5893,
        5895,
        5897,
        5900,
        5906,
        5909,
        5918,
        5922,
        5923,
        5930,
        5931,
        5932,
        5933,
        5938,
        5940,
        5942,
        5953,
        5956,
        5959,
        5963,
        5970,
        5973,
        5976,
        5977,
        5980,
        5988,
        5989,
        5991,
        5992,
        5997,
        5999,
        6004,
        6006,
        6007,
        6010,
        6011,
        6012,
        6013,
        6014,
        6015,
        6019,
        6027,
        6028,
        6037,
        6038,
        6043,
        6044,
        6052,
        6054,
        6055,
        6059,
        6063,
        6064,
        6066,
        6072,
        6073,
        6075,
        6076,
        6077,
        6078,
        6083,
        6087,
        6088,
        6095,
        6097,
        6103,
        6104,
        6109,
        6111,
        6112,
        6113,
        6118,
        6120,
        6130,
        6136,
        6137,
        6142,
        6144,
        6147,
        6150,
        6151,
        6153,
        6157,
        6168,
        6169,
        6173,
        6175,
        6178,
        6185,
        6190,
        6196,
        6202,
        6207,
        6210,
        6215,
        6216,
        6223,
        6227,
        6228,
        6229,
        6232,
        6234,
        6235,
        6237,
        6239,
        6242,
        6244,
        6249,
        6253,
        6254,
        6255,
        6272,
        6278,
        6279,
        6283,
        6294,
        6296,
        6297,
        6302,
        6303,
        6306,
        6309,
        6310,
        6312,
        6313,
        6315,
        6316,
        6320,
        6321,
        6322,
        6336,
        6338,
        6342,
        6346,
        6350,
        6353,
        6354,
        6355,
        6356,
        6357,
        6358,
        6362,
        6377,
        6386,
        6399,
        6402,
        6403,
        6407,
        6415,
        6421,
        6435,
        6436,
        6437,
        6442,
        6450,
        6456,
        6460,
        6461,
        6464,
        6468,
        6469,
        6470,
        6471,
        6474,
        6486,
        6490,
        6495,
        6499,
        6501,
        6502,
        6508,
        6509,
        6512,
        6520,
        6526,
        6534,
        6535,
        6539,
        6540,
        6541,
        6544,
        6545,
        6546,
        6550,
        6552,
        6553,
        6554,
        6562,
        6568,
        6569,
        6571,
        6574,
        6577,
        6578,
        6580,
        6585,
        6589,
        6591,
        6594,
        6596,
        6598,
        6599,
        6600,
        6605,
        6607,
        6612,
        6613,
        6621,
        6624,
        6625,
        6632,
        6633,
        6641,
        6642,
        6643,
        6644,
        6645,
        6647,
        6650,
        6655,
        6659,
        6660,
        6665,
        6667,
        6668,
        6675,
        6676,
        6677,
        6678,
        6682,
        6686,
        6687,
        6688,
        6694,
        6695,
        6696,
        6698,
        6699,
        6704,
        6705,
        6712,
        6715,
        6721,
        6725,
        6726,
        6727,
        6729,
        6730,
        6732,
        6734,
        6736,
        6737,
        6738,
        6745,
        6746,
        6748,
        6751,
        6753,
        6755,
        6758,
        6763,
        6764,
        6766,
        6785,
        6790,
        6791,
        6793,
        6805,
        6808,
        6810,
        6816,
        6817,
        6818,
        6819,
        6820,
        6821,
        6824,
        6836,
        6841,
        6851,
        6852,
        6855,
        6856,
        6857,
        6859,
        6861,
        6863,
        6865,
        6866,
        6868,
        6871,
        6872,
        6875,
        6876,
        6877,
        6878,
        6887,
        6888,
        6895,
        6903,
        6908,
        6913,
        6919,
        6921,
        6922,
        6923,
        6926,
        6929,
        6932,
        6933,
        6934,
        6938,
        6940,
        6942,
        6944,
        6948,
        6949,
        6950,
        6955,
        6956,
        6959,
        6960,
        6961,
        6962,
        6965,
        6969,
        6970,
        6984,
        6985,
        6986,
        6992,
        6995,
        6996,
        6998,
        7001,
        7004,
        7008,
        7013,
        7034,
        7035,
        7036,
        7037,
        7046,
        7049,
        7050,
        7051,
        7055,
        7057,
        7061,
        7066,
        7067,
        7072,
        7085,
        7087,
        7088,
        7091,
        7096,
        7097,
        7100,
        7101,
        7104,
        7110,
        7115,
        7119,
        7121,
        7122,
        7129,
        7130,
        7136,
        7137,
        7138,
        7139,
        7142,
        7147,
        7151,
        7154,
        7164,
        7166,
        7167,
        7168,
        7171,
        7172,
        7176,
        7181,
        7187,
        7189,
        7192,
        7194,
        7195,
        7198,
        7199,
        7200,
        7201,
        7202,
        7209,
        7213,
        7219,
        7220,
        7221,
        7226,
        7227,
        7230,
        7233,
        7235,
        7240,
        7241,
        7242,
        7243,
        7246,
        7249,
        7250,
        7253,
        7255,
        7259,
        7262,
        7263,
        7264,
        7271,
        7277,
        7279,
        7284,
        7286,
        7292,
        7294,
        7295,
        7304,
        7305,
        7308
    ],
    "embedding": [
        -1.0,
        -1.0,
        -1.0,
        1.0,
        -1.0,
        1.0,
        -1.0,
        -1.0,
        -0.9999997019767761,
        -1.0,
        1.0,
        -1.0,
        -1.0,
        1.0,
        1.0,
        1.0,
        1.0,
        -1.0,
        1.0,
        -1.0,
        1.0,
        -1.0,
        1.0,
        -1.0,
        1.0,
        -1.0,
        -1.0,
        1.0,
        -1.0,
        -1.0,
        1.0,
        1.0,
        -1.0,
        -1.0,
        -1.0,
        1.0,
        -1.0,
        1.0,
        1.0,
        -1.0,
        -1.0,
        1.0,
        -1.0,
        -1.0,
        -1.0,
        -1.0,
        1.0,
        -1.0,
        -0.9999991655349731,
        -0.9909473657608032,
        -1.0,
        1.0,
        0.9999999403953552,
        1.0,
        -1.0,
        1.0,
        1.0,
        1.0,
        -1.0,
        0.9993511438369751,
        -1.0,
        -1.0,
        1.0,
        -1.0,
        1.0,
        -1.0,
        1.0,
        -1.0,
        1.0,
        1.0,
        1.0,
        -1.0,
        -1.0,
        -1.0,
        -1.0,
        1.0,
        1.0,
        1.0,
        1.0,
        1.0,
        1.0,
        1.0,
        1.0,
        -1.0,
        -1.0,
        1.0,
        -1.0,
        1.0,
        1.0,
        1.0,
        -1.0,
        1.0,
        1.0,
        -1.0,
        1.0,
        -1.0,
        1.0,
        -1.0,
        -1.0,
        -1.0,
        -0.9971367716789246,
        -1.0,
        1.0,
        -1.0,
        -1.0,
        1.0,
        1.0,
        1.0,
        -1.0,
        -1.0,
        1.0,
        -1.0,
        -1.0,
        1.0,
        1.0,
        1.0,
        1.0,
        1.0,
        1.0,
        -1.0,
        -1.0,
        1.0,
        -1.0,
        -1.0,
        1.0,
        -1.0,
        -1.0,
        -0.999998927116394,
        -1.0,
        1.0,
        -1.0,
        1.0,
        -1.0,
        -1.0,
        1.0,
        -1.0,
        -1.0,
        1.0,
        1.0,
        -1.0,
        1.0,
        1.0,
        1.0,
        -0.9999993443489075,
        1.0,
        -1.0,
        1.0,
        -1.0,
        -1.0,
        -1.0,
        0.9999963045120239,
        -1.0,
        1.0,
        -1.0,
        1.0,
        -1.0,
        1.0,
        -1.0,
        1.0,
        -1.0,
        -1.0,
        1.0,
        -1.0,
        -1.0,
        1.0,
        -1.0,
        1.0,
        -1.0,
        -1.0,
        -1.0,
        -1.0,
        -1.0,
        1.0,
        1.0,
        -1.0,
        -1.0,
        1.0,
        -1.0,
        -1.0,
        -1.0,
        1.0,
        -1.0,
        -1.0,
        -1.0,
        1.0,
        -1.0,
        1.0,
        -1.0,
        -1.0,
        -1.0,
        1.0,
        1.0,
        1.0,
        1.0,
        -1.0,
        -1.0,
        1.0,
        -1.0,
        -1.0,
        1.0,
        -1.0,
        1.0,
        -1.0,
        -1.0,
        -1.0,
        -1.0,
        1.0,
        1.0,
        -1.0,
        -1.0,
        -1.0,
        1.0,
        -1.0,
        -1.0,
        -1.0,
        1.0,
        -1.0,
        1.0,
        -1.0,
        -1.0,
        1.0,
        -1.0,
        -1.0,
        1.0,
        -1.0,
        -0.9918886423110962,
        1.0,
        -1.0,
        -1.0,
        -1.0,
        1.0,
        -1.0,
        1.0,
        -1.0,
        -1.0,
        1.0,
        -1.0,
        1.0,
        1.0,
        -1.0,
        1.0,
        -0.9871618747711182,
        1.0,
        -1.0,
        1.0,
        1.0,
        -1.0,
        -1.0,
        -1.0,
        1.0,
        1.0,
        1.0,
        -1.0,
        -1.0,
        -1.0,
        1.0,
        1.0,
        -1.0,
        -1.0,
        -1.0,
        1.0,
        1.0,
        1.0,
        -1.0,
        1.0,
        -1.0,
        -1.0,
        -0.9999584555625916,
        1.0,
        1.0,
        -0.9975610971450806,
        -1.0,
        -1.0,
        1.0,
        -1.0,
        1.0,
        1.0,
        1.0,
        1.0,
        1.0,
        1.0,
        -1.0,
        1.0,
        1.0,
        1.0,
        -1.0,
        -1.0,
        1.0,
        -1.0,
        -1.0,
        -1.0,
        1.0,
        -1.0,
        -1.0,
        -1.0,
        -1.0,
        -1.0,
        1.0,
        1.0,
        1.0
    ],
    "embedding_scaling_factor": 1.640758991241455,
    "samples": [
        7187,
        6153,
        5836,
        6675,
        5088,
        6995,
        5595,
        6552,
        6647,
        6960,
        5332,
        6960,
        5337,
        5351,
        5725,
        5750,
        5310,
        6984,
        6949,
        5207,
        5395,
        6932,
        5591,
        4962,
        5582,
        6028,
        7097,
        6534,
        7037,
        6677,
        6805,
        5310,
        6949,
        6011,
        5713,
        7051,
        6173,
        6253,
        7171,
        5337,
        6985,
        5582,
        6526,
        5877,
        7213,
        5760,
        5693,
        6354,
        6712,
        6403,
        5599,
        5599,
        6015,
        6474,
        5938,
        6097,
        6130,
        5582,
        7187,
        5953,
        6471,
        5862,
        6589,
        5519,
        6064,
        6142,
        5034,
        6562,
        6805,
        5611,
        5582,
        7271,
        7137,
        6687,
        6303,
        6876,
        5595,
        5754,
        6992,
        7243,
        6960,
        6112,
        5032,
        5527,
        6895,
        6676,
        5486,
        7286,
        5320,
        6377,
        5923,
        6578,
        6113,
        5878,
        6857,
        5519,
        7259,
        6888,
        5161,
        6113
    ],
    "category_values_ratio": {
        "6687": 6750,
        "5754": 6650,
        "5002": 5720,
        "6460": 5670,
        "5595": 4872,
        "6109": 3840,
        "7057": 3760,
        "6589": 3320,
        "6737": 3258,
        "6064": 3185,
        "6960": 3180,
        "6216": 3140,
        "5741": 3120,
        "5582": 3030,
        "6992": 3008,
        "6142": 2990,
        "6591": 2955,
        "6857": 2880,
        "5877": 2868,
        "5360": 2820,
        "7004": 2790,
        "4986": 2740,
        "5610": 2634,
        "6704": 2538,
        "5316": 2532,
        "6820": 2444,
        "6863": 2420,
        "5311": 2415,
        "6087": 2404,
        "7142": 2392,
        "5804": 2336,
        "6229": 2320,
        "6598": 2316,
        "6818": 2304,
        "5445": 2300,
        "7199": 2288,
        "5351": 2256,
        "5103": 2208,
        "6696": 2140,
        "5657": 2132,
        "6712": 2128,
        "5713": 2120,
        "6112": 2120,
        "6729": 2108,
        "6699": 2100,
        "6173": 2085,
        "6985": 2076,
        "6621": 2076,
        "6600": 2070,
        "5138": 2044,
        "6791": 2000,
        "6676": 1986,
        "5878": 1985,
        "7259": 1968,
        "5310": 1960,
        "7121": 1948,
        "6895": 1947,
        "6888": 1929,
        "4959": 1912,
        "6499": 1912,
        "5533": 1902,
        "5568": 1892,
        "5519": 1892,
        "5999": 1856,
        "6471": 1850,
        "6725": 1804,
        "5725": 1794,
        "5125": 1764,
        "7122": 1760,
        "6836": 1740,
        "6546": 1732,
        "6535": 1724,
        "7308": 1720,
        "5051": 1720,
        "7240": 1713,
        "7226": 1712,
        "6926": 1712,
        "6150": 1695,
        "5739": 1684,
        "6949": 1684,
        "6876": 1683,
        "5413": 1680,
        "6004": 1680,
        "6027": 1665,
        "6253": 1664,
        "6520": 1660,
        "7192": 1650,
        "5447": 1645,
        "6998": 1641,
        "6721": 1632,
        "5897": 1624,
        "6624": 1624,
        "6758": 1624,
        "6544": 1615,
        "7130": 1610,
        "6474": 1604,
        "5452": 1600,
        "6650": 1599,
        "6667": 1568,
        "5876": 1548,
        "5599": 1536,
        "5491": 1536,
        "7008": 1528,
        "6014": 1518,
        "6461": 1516,
        "5041": 1504,
        "6751": 1500,
        "5420": 1500,
        "5285": 1497,
        "6028": 1495,
        "5882": 1488,
        "6470": 1480,
        "5032": 1473,
        "7088": 1455,
        "7284": 1452,
        "6887": 1428,
        "7176": 1419,
        "5395": 1413,
        "5319": 1410,
        "6294": 1386,
        "7046": 1380,
        "6223": 1377,
        "5836": 1374,
        "7138": 1371,
        "6738": 1356,
        "7271": 1356,
        "5750": 1350,
        "6512": 1347,
        "5060": 1332,
        "5043": 1296,
        "6019": 1284,
        "6386": 1276,
        "5207": 1270,
        "5482": 1268,
        "5830": 1264,
        "7187": 1245,
        "6821": 1236,
        "5212": 1227,
        "7304": 1216,
        "7286": 1212,
        "6545": 1206,
        "6715": 1176,
        "6043": 1168,
        "6442": 1165,
        "7049": 1160,
        "6644": 1156,
        "6097": 1152,
        "5206": 1150,
        "6303": 1148,
        "4973": 1146,
        "5723": 1140,
        "7305": 1134,
        "6421": 1132,
        "5117": 1124,
        "6745": 1098,
        "4962": 1096,
        "6502": 1096,
        "5388": 1096,
        "5005": 1096,
        "7213": 1089,
        "6793": 1080,
        "5665": 1060,
        "5959": 1059,
        "5110": 1052,
        "5229": 1050,
        "6913": 1041,
        "7129": 1040,
        "7115": 1040,
        "6130": 1029,
        "6377": 1024,
        "5808": 1020,
        "6698": 1017,
        "6594": 1017,
        "5880": 1005,
        "7001": 1004,
        "5525": 1002,
        "7013": 996,
        "5338": 996,
        "6354": 996,
        "5495": 996,
        "5131": 986,
        "5976": 985,
        "6113": 965,
        "6965": 962,
        "6808": 954,
        "6984": 942,
        "6785": 942,
        "6932": 940,
        "6456": 940,
        "5988": 928,
        "5325": 924,
        "7220": 920,
        "6908": 920,
        "5656": 920,
        "6037": 915,
        "6950": 914,
        "5385": 912,
        "6185": 909,
        "6066": 908,
        "6929": 908,
        "6038": 906,
        "6312": 904,
        "5189": 894,
        "6450": 892,
        "5039": 892,
        "7104": 882,
        "7227": 882,
        "5942": 882,
        "5523": 880,
        "7055": 876,
        "7221": 875,
        "6810": 866,
        "6919": 862,
        "5887": 862,
        "6607": 858,
        "6103": 854,
        "5531": 852,
        "6686": 850,
        "5895": 849,
        "6790": 846,
        "6678": 846,
        "6726": 844,
        "6342": 843,
        "7137": 842,
        "5718": 840,
        "5337": 836,
        "7262": 832,
        "6647": 832,
        "5634": 831,
        "5549": 826,
        "6668": 826,
        "5611": 824,
        "5390": 824,
        "7139": 820,
        "6612": 812,
        "6877": 808,
        "5366": 807,
        "6921": 807,
        "5938": 807,
        "6705": 801,
        "5450": 800,
        "6934": 800,
        "5044": 798,
        "6665": 789,
        "6044": 784,
        "5970": 784,
        "6942": 784,
        "5992": 783,
        "6677": 777,
        "5923": 776,
        "5644": 775,
        "6562": 774,
        "5172": 768,
        "6137": 764,
        "7110": 764,
        "6859": 760,
        "6819": 756,
        "6403": 752,
        "5940": 752,
        "6486": 748,
        "6805": 741,
        "5823": 740,
        "5151": 738,
        "5320": 736,
        "5453": 734,
        "5922": 732,
        "5837": 730,
        "5245": 728,
        "5132": 722,
        "6357": 720,
        "5532": 717,
        "5237": 716,
        "5501": 716,
        "5414": 712,
        "6585": 710,
        "5706": 704,
        "5909": 704,
        "5584": 702,
        "7087": 702,
        "6855": 696,
        "6655": 696,
        "6554": 684,
        "6541": 672,
        "5377": 672,
        "6355": 666,
        "7189": 666,
        "5209": 663,
        "5312": 660,
        "6675": 660,
        "5145": 660,
        "6534": 660,
        "5651": 656,
        "6157": 654,
        "6578": 654,
        "6695": 652,
        "6153": 652,
        "5343": 648,
        "5160": 646,
        "6415": 644,
        "5616": 644,
        "6552": 644,
        "6851": 642,
        "7243": 642,
        "5740": 640,
        "5526": 640,
        "7085": 639,
        "6076": 639,
        "5169": 632,
        "6688": 630,
        "6010": 630,
        "4990": 627,
        "5760": 618,
        "6553": 615,
        "5409": 612,
        "5382": 612,
        "7166": 608,
        "5449": 606,
        "6933": 604,
        "5350": 604,
        "5980": 602,
        "5693": 600,
        "5140": 600,
        "5451": 597,
        "5148": 594,
        "6144": 582,
        "5429": 572,
        "6490": 570,
        "5817": 568,
        "6550": 566,
        "6118": 566,
        "5841": 564,
        "6296": 564,
        "5989": 550,
        "6073": 546,
        "5520": 540,
        "6852": 540,
        "6509": 539,
        "6659": 538,
        "5479": 534,
        "6095": 534,
        "7151": 531,
        "7219": 531,
        "5470": 530,
        "6302": 528,
        "6871": 528,
        "6817": 526,
        "6903": 526,
        "6399": 525,
        "6508": 520,
        "4967": 520,
        "4968": 520,
        "6599": 520,
        "7277": 519,
        "5556": 519,
        "5354": 512,
        "5369": 512,
        "6015": 508,
        "6210": 502,
        "5790": 501,
        "6577": 500,
        "7241": 499,
        "7061": 499,
        "7194": 490,
        "5862": 490,
        "5358": 488,
        "6309": 488,
        "5174": 486,
        "6356": 479,
        "7235": 474,
        "6006": 474,
        "6316": 473,
        "7072": 471,
        "7292": 465,
        "6969": 464,
        "7246": 464,
        "6202": 464,
        "6077": 462,
        "6961": 460,
        "6249": 460,
        "6111": 458,
        "6190": 458,
        "7101": 456,
        "6011": 454,
        "7097": 453,
        "6338": 448,
        "7172": 447,
        "5398": 444,
        "6645": 442,
        "6228": 441,
        "5287": 440,
        "6336": 438,
        "5134": 436,
        "6580": 435,
        "6306": 431,
        "5208": 429,
        "5446": 428,
        "6632": 428,
        "5046": 428,
        "5624": 427,
        "5301": 426,
        "5586": 424,
        "5576": 422,
        "6694": 422,
        "5464": 420,
        "5868": 416,
        "6986": 416,
        "5850": 416,
        "5918": 415,
        "5724": 414,
        "5161": 412,
        "6866": 412,
        "5997": 410,
        "6244": 408,
        "5418": 408,
        "6605": 408,
        "6072": 408,
        "6995": 407,
        "5861": 407,
        "5126": 406,
        "6996": 406,
        "6235": 404,
        "5314": 403,
        "6120": 403,
        "7249": 403,
        "6841": 403,
        "6642": 403,
        "6358": 402,
        "6272": 401,
        "7066": 399,
        "7037": 399,
        "5569": 398,
        "6279": 398,
        "5779": 398,
        "6168": 396,
        "6278": 396,
        "4996": 396,
        "6313": 396,
        "5170": 393,
        "5130": 392,
        "6232": 391,
        "5269": 389,
        "6254": 388,
        "6526": 386,
        "6763": 384,
        "6766": 382,
        "6315": 381,
        "5176": 379,
        "5045": 379,
        "6501": 377,
        "5774": 376,
        "5086": 376,
        "5494": 375,
        "5886": 374,
        "7198": 373,
        "5674": 372,
        "5214": 372,
        "5375": 370,
        "5563": 369,
        "6596": 366,
        "5384": 364,
        "6944": 364,
        "7242": 362,
        "6955": 360,
        "6764": 359,
        "6407": 357,
        "6169": 355,
        "6297": 354,
        "6320": 354,
        "6227": 353,
        "5034": 352,
        "7279": 340,
        "5282": 339,
        "6734": 339,
        "5698": 339,
        "6574": 338,
        "6736": 337,
        "6643": 336,
        "5585": 336,
        "6940": 334,
        "7230": 332,
        "7168": 326,
        "7263": 325,
        "5638": 324,
        "6660": 322,
        "6970": 322,
        "7096": 316,
        "6175": 315,
        "6151": 313,
        "6013": 308,
        "6207": 306,
        "6088": 304,
        "4961": 303,
        "6824": 303,
        "5589": 303,
        "6063": 301,
        "6872": 300,
        "7255": 298,
        "6468": 298,
        "6568": 298,
        "7067": 296,
        "6732": 296,
        "6540": 295,
        "5061": 294,
        "5900": 293,
        "5681": 290,
        "7051": 288,
        "5293": 288,
        "6362": 288,
        "6962": 286,
        "6875": 286,
        "5128": 286,
        "5865": 286,
        "5226": 285,
        "7233": 284,
        "6283": 280,
        "5334": 276,
        "6959": 276,
        "5329": 275,
        "6350": 274,
        "5593": 269,
        "6816": 267,
        "5933": 266,
        "5635": 264,
        "7050": 263,
        "5042": 260,
        "5643": 260,
        "6059": 260,
        "5015": 258,
        "7250": 256,
        "5561": 255,
        "5088": 254,
        "5253": 254,
        "6234": 252,
        "5241": 252,
        "6748": 250,
        "7036": 250,
        "7034": 248,
        "5389": 248,
        "5930": 248,
        "7253": 246,
        "6178": 243,
        "5352": 243,
        "7167": 240,
        "5210": 240,
        "5063": 240,
        "5906": 238,
        "5082": 233,
        "6075": 233,
        "7181": 232,
        "5136": 229,
        "5683": 228,
        "6539": 228,
        "7202": 228,
        "5893": 226,
        "6633": 225,
        "5363": 224,
        "6215": 224,
        "6469": 222,
        "5956": 222,
        "6865": 221,
        "6239": 220,
        "6878": 218,
        "5124": 216,
        "5805": 215,
        "5527": 214,
        "5486": 212,
        "5158": 210,
        "6052": 208,
        "7195": 208,
        "5281": 208,
        "6242": 206,
        "6012": 206,
        "5313": 206,
        "5318": 202,
        "7154": 202,
        "5699": 200,
        "5606": 200,
        "5892": 199,
        "5365": 198,
        "5719": 198,
        "6938": 198,
        "6682": 196,
        "5625": 196,
        "5856": 196,
        "6104": 196,
        "6571": 194,
        "7147": 193,
        "5270": 193,
        "5889": 192,
        "6613": 191,
        "5682": 190,
        "7201": 190,
        "5469": 189,
        "5419": 189,
        "7136": 189,
        "5784": 189,
        "6353": 188,
        "7171": 188,
        "5772": 188,
        "6136": 188,
        "5815": 188,
        "6078": 186,
        "6346": 186,
        "4988": 185,
        "6730": 185,
        "6147": 181,
        "6956": 177,
        "5591": 177,
        "6948": 176,
        "5977": 175,
        "6495": 174,
        "5773": 173,
        "6196": 173,
        "5758": 173,
        "5415": 171,
        "5332": 169,
        "5973": 168,
        "6625": 168,
        "5932": 167,
        "5304": 166,
        "5236": 166,
        "6322": 164,
        "5428": 162,
        "6753": 162,
        "5260": 162,
        "7119": 160,
        "5072": 159,
        "7209": 158,
        "6007": 154,
        "6055": 154,
        "5963": 153,
        "5953": 153,
        "7264": 152,
        "5463": 152,
        "6861": 151,
        "7294": 150,
        "5931": 149,
        "6083": 149,
        "6054": 148,
        "5435": 147,
        "7295": 146,
        "7035": 146,
        "6310": 145,
        "7100": 145,
        "6868": 144,
        "5620": 143,
        "6435": 142,
        "5799": 137,
        "6727": 135,
        "5991": 134,
        "7091": 133,
        "5265": 132,
        "6755": 131,
        "5027": 130,
        "6922": 128,
        "6237": 128,
        "5367": 128,
        "5782": 127,
        "5669": 127,
        "5614": 126,
        "5147": 126,
        "5346": 119,
        "6255": 111,
        "5036": 108,
        "6402": 108,
        "6641": 108,
        "5154": 105,
        "6437": 104,
        "6746": 103,
        "5731": 101,
        "6569": 97,
        "5221": 91,
        "6464": 87,
        "5368": 83,
        "6923": 83,
        "7200": 83,
        "7164": 77,
        "6436": 76,
        "5765": 73,
        "6856": 72,
        "4989": 59,
        "6321": 49
    },
    "nrows": 552017
}