{
    "column_id": "Financial/Financial.csvFinancial.csv/client.A16",
    "dataset_name": "Financial.csv",
    "dataset_id": "Financial/Financial.csv",
    "path": "/home/ubuntu/CatDB/Experiments/data/Financial/Financial.csv",
    "table_name": "Financial.csv",
    "table_id": "Financial/Financial.csvFinancial.csv",
    "column_name": "client.A16",
    "data_source": "Financial",
    "data_type": "int",
    "total_values_count": 552017,
    "distinct_values_count": 76,
    "missing_values_count": 0,
    "true_ratio": null,
    "min_value": 888.0,
    "max_value": 99107.0,
    "mean": 16345.66285639754,
    "median": 3620.0,
    "iqr": 4161.0,
    "category_values": [
        99107,
        2354,
        5887,
        1542,
        1099,
        1913,
        18347,
        2325,
        6132,
        6872,
        2103,
        4595,
        10108,
        2822,
        3158,
        6295,
        1879,
        5410,
        1668,
        2618,
        18696,
        9208,
        2252,
        888,
        4987,
        1875,
        4505,
        1127,
        2471,
        4743,
        1358,
        3040,
        4433,
        4166,
        5892,
        3120,
        2122,
        2718,
        2799,
        3529,
        2906,
        3894,
        1903,
        5190,
        5471,
        1452,
        2134,
        1525,
        2804,
        6261,
        4265,
        2305,
        3839,
        3079,
        2487,
        5273,
        2674,
        4859,
        1910,
        3891,
        1460,
        3651,
        4316,
        2813,
        3590,
        2123,
        1717,
        3868,
        4846,
        2059,
        1181,
        2807,
        3620,
        3198,
        1117,
        2218
    ],
    "embedding": [
        -1.0,
        -1.0,
        -1.0,
        1.0,
        -1.0,
        1.0,
        -1.0,
        -1.0,
        -0.9999991059303284,
        -1.0,
        1.0,
        -1.0,
        -1.0,
        1.0,
        1.0,
        1.0,
        1.0,
        -1.0,
        1.0,
        -1.0,
        1.0,
        -1.0,
        1.0,
        -1.0,
        1.0,
        -1.0,
        -1.0,
        1.0,
        -1.0,
        -1.0,
        1.0,
        1.0,
        -1.0,
        -1.0,
        -1.0,
        1.0,
        -1.0,
        1.0,
        1.0,
        -1.0,
        -1.0,
        1.0,
        -1.0,
        -1.0,
        -1.0,
        -1.0,
        1.0,
        -1.0,
        -0.9999989867210388,
        -0.9998779892921448,
        -1.0,
        1.0,
        1.0,
        1.0,
        -1.0,
        1.0,
        1.0,
        1.0,
        -1.0,
        0.9998343586921692,
        -1.0,
        -1.0,
        1.0,
        -1.0,
        1.0,
        -1.0,
        1.0,
        -1.0,
        1.0,
        1.0,
        1.0,
        -1.0,
        -1.0,
        -1.0,
        -1.0,
        1.0,
        1.0,
        1.0,
        1.0,
        1.0,
        1.0,
        1.0,
        1.0,
        -1.0,
        -1.0,
        1.0,
        -1.0,
        1.0,
        1.0,
        1.0,
        -1.0,
        1.0,
        1.0,
        -1.0,
        1.0,
        -1.0,
        1.0,
        -1.0,
        -1.0,
        -1.0,
        -0.9970505237579346,
        -1.0,
        1.0,
        -1.0,
        -1.0,
        1.0,
        1.0,
        1.0,
        -1.0,
        -1.0,
        1.0,
        -1.0,
        -1.0,
        1.0,
        1.0,
        1.0,
        1.0,
        1.0,
        1.0,
        -1.0,
        -1.0,
        1.0,
        -1.0,
        -1.0,
        1.0,
        -1.0,
        -1.0,
        -0.9999487400054932,
        -1.0,
        1.0,
        -1.0,
        1.0,
        -1.0,
        -1.0,
        1.0,
        -1.0,
        -1.0,
        1.0,
        1.0,
        -1.0,
        1.0,
        1.0,
        1.0,
        -1.0,
        1.0,
        -1.0,
        1.0,
        -1.0,
        -1.0,
        -1.0,
        0.9999999403953552,
        -1.0,
        1.0,
        -1.0,
        1.0,
        -1.0,
        1.0,
        -1.0,
        1.0,
        -1.0,
        -1.0,
        1.0,
        -1.0,
        -1.0,
        1.0,
        -1.0,
        1.0,
        -1.0,
        -1.0,
        -1.0,
        -1.0,
        -1.0,
        1.0,
        1.0,
        -1.0,
        -1.0,
        1.0,
        -1.0,
        -1.0,
        -1.0,
        1.0,
        -1.0,
        -1.0,
        -1.0,
        1.0,
        -1.0,
        1.0,
        -1.0,
        -1.0,
        -1.0,
        1.0,
        1.0,
        1.0,
        1.0,
        -1.0,
        -1.0,
        1.0,
        -1.0,
        -1.0,
        1.0,
        -1.0,
        1.0,
        -1.0,
        -1.0,
        -1.0,
        -1.0,
        1.0,
        1.0,
        -1.0,
        -1.0,
        -1.0,
        1.0,
        -1.0,
        -1.0,
        -1.0,
        1.0,
        -1.0,
        1.0,
        -1.0,
        -1.0,
        1.0,
        -1.0,
        -1.0,
        1.0,
        -0.9999993443489075,
        -0.9998597502708435,
        1.0,
        -1.0,
        -1.0,
        -1.0,
        1.0,
        -1.0,
        1.0,
        -1.0,
        -1.0,
        1.0,
        -1.0,
        1.0,
        1.0,
        -1.0,
        1.0,
        -0.9993764758110046,
        1.0,
        -1.0,
        1.0,
        1.0,
        -1.0,
        -1.0,
        -1.0,
        1.0,
        1.0,
        1.0,
        -1.0,
        -1.0,
        -1.0,
        1.0,
        1.0,
        -1.0,
        -1.0,
        -1.0,
        1.0,
        1.0,
        1.0,
        -1.0,
        1.0,
        -1.0,
        -1.0,
        -1.0,
        1.0,
        1.0,
        -0.997869074344635,
        -1.0,
        -1.0,
        1.0,
        -1.0,
        1.0,
        1.0,
        1.0,
        1.0,
        1.0,
        1.0,
        -1.0,
        1.0,
        1.0,
        1.0,
        -1.0,
        -1.0,
        1.0,
        -1.0,
        -1.0,
        -1.0,
        1.0,
        -1.0,
        -1.0,
        -1.0,
        -1.0,
        -1.0,
        1.0,
        1.0,
        1.0
    ],
    "embedding_scaling_factor": 2.32583829529176e-06,
    "samples": [
        2325,
        2252,
        3894,
        10108,
        6295,
        3198,
        4743,
        2123,
        5887,
        99107,
        4859,
        1875,
        4505,
        5887,
        3120,
        4265,
        1099,
        99107,
        3894,
        1717,
        4433,
        5471,
        2218,
        2822,
        4743,
        5190,
        4505,
        3894,
        1181,
        99107,
        3868,
        2305,
        18347,
        1127,
        3839,
        18696,
        4433,
        2799,
        1127,
        99107,
        5892,
        2487,
        1717,
        99107,
        2799,
        99107,
        99107,
        2822,
        4265,
        1452,
        2123,
        6132,
        2123,
        1717,
        2618,
        1525,
        5273,
        99107,
        1452,
        1717,
        99107,
        1460,
        2822,
        1525,
        5190,
        4505,
        2822,
        2822,
        3894,
        18696,
        18696,
        2822,
        2103,
        99107,
        2618,
        5471,
        2799,
        2354,
        3891,
        2487,
        99107,
        99107,
        3894,
        99107,
        18347,
        2822,
        1879,
        99107,
        2122,
        4265,
        1181,
        3040,
        4166,
        1525,
        99107,
        6261,
        3158,
        3198,
        2487,
        2487
    ],
    "category_values_ratio": {
        "99107": 68703,
        "18696": 17986,
        "10108": 16342,
        "18347": 15973,
        "5887": 15356,
        "3894": 14508,
        "2799": 13321,
        "2103": 13058,
        "2822": 12866,
        "1452": 12833,
        "4265": 12163,
        "1875": 11883,
        "1099": 10660,
        "9208": 10351,
        "3040": 9107,
        "1181": 8354,
        "3529": 8344,
        "2134": 8015,
        "1460": 7772,
        "4505": 7726,
        "1127": 7642,
        "2487": 7411,
        "2122": 7186,
        "2123": 7115,
        "1913": 7042,
        "2305": 7020,
        "2252": 6797,
        "3651": 6654,
        "4743": 6564,
        "2674": 6506,
        "3839": 6490,
        "2618": 6334,
        "3590": 6223,
        "4166": 6195,
        "6295": 6139,
        "4433": 6125,
        "1525": 6064,
        "5273": 5833,
        "1903": 5688,
        "6261": 5645,
        "1717": 5551,
        "2906": 5373,
        "2471": 5319,
        "6872": 5267,
        "3891": 5226,
        "5190": 5177,
        "888": 4970,
        "5410": 4834,
        "3868": 4817,
        "2354": 4762,
        "1542": 4511,
        "1879": 4404,
        "3120": 4010,
        "1668": 3998,
        "3198": 3991,
        "5892": 3945,
        "3158": 3841,
        "6132": 3731,
        "3079": 3700,
        "4316": 3351,
        "4859": 3312,
        "2059": 3174,
        "2718": 3074,
        "2807": 3058,
        "3620": 2982,
        "2325": 2858,
        "4846": 2711,
        "2813": 2440,
        "4595": 2367,
        "1358": 2073,
        "1117": 2056,
        "4987": 1260,
        "2218": 1207,
        "1910": 1143,
        "5471": 1127,
        "2804": 403
    },
    "nrows": 552017
}