{
    "column_id": "Financial/Financial.csvFinancial.csv/payments",
    "dataset_name": "Financial.csv",
    "dataset_id": "Financial/Financial.csv",
    "path": "/home/ubuntu/CatDB/Experiments/data/Financial/Financial.csv",
    "table_name": "Financial.csv",
    "table_id": "Financial/Financial.csvFinancial.csv",
    "column_name": "payments",
    "data_source": "Financial",
    "data_type": "int",
    "total_values_count": 552017,
    "distinct_values_count": 577,
    "missing_values_count": 0,
    "true_ratio": null,
    "min_value": 304.0,
    "max_value": 9910.0,
    "mean": 4098.860549584524,
    "median": 3703.0,
    "iqr": 3748.0,
    "category_values": [
        3373,
        2523,
        5308,
        2307,
        6915,
        8573,
        7370,
        7348,
        4516,
        8734,
        2288,
        9112,
        4470,
        2577,
        3132,
        1901,
        2785,
        6150,
        6908,
        7801,
        1683,
        3568,
        3840,
        4201,
        1756,
        7455,
        8200,
        4383,
        3798,
        1045,
        1704,
        6412,
        4336,
        1522,
        4492,
        2026,
        8975,
        4423,
        7796,
        1817,
        2975,
        6449,
        371,
        4738,
        3151,
        1812,
        5237,
        3400,
        4091,
        4220,
        1416,
        8023,
        3105,
        5356,
        748,
        2077,
        3805,
        4115,
        1974,
        4376,
        5154,
        1960,
        8107,
        1889,
        5228,
        2085,
        3425,
        2763,
        4557,
        3981,
        8094,
        6578,
        2676,
        3954,
        3943,
        7178,
        6893,
        501,
        5633,
        1800,
        8033,
        4610,
        3991,
        2939,
        6602,
        1054,
        8710,
        4513,
        4780,
        1873,
        2318,
        5194,
        5700,
        4847,
        3210,
        4898,
        4521,
        7182,
        2323,
        1860,
        5961,
        8460,
        7700,
        637,
        1944,
        1985,
        5130,
        3275,
        7094,
        8308,
        4456,
        3034,
        3874,
        7249,
        6930,
        3021,
        6395,
        561,
        6556,
        1930,
        2013,
        9020,
        4139,
        3328,
        824,
        4352,
        1496,
        7984,
        4886,
        4187,
        2043,
        2752,
        9721,
        8933,
        7500,
        1489,
        5681,
        7636,
        4816,
        2608,
        1934,
        2607,
        2768,
        6985,
        4641,
        841,
        4472,
        7291,
        6336,
        4542,
        8400,
        2604,
        3438,
        1033,
        7384,
        1354,
        8125,
        3242,
        7719,
        1285,
        7042,
        2567,
        5353,
        4226,
        5454,
        2501,
        3703,
        3252,
        2144,
        5677,
        7876,
        7669,
        1604,
        6086,
        415,
        3386,
        1995,
        4318,
        2861,
        5622,
        2931,
        1837,
        2914,
        7290,
        4486,
        2646,
        1169,
        5658,
        1969,
        5269,
        9268,
        7683,
        6365,
        1547,
        2856,
        5271,
        1921,
        5120,
        2081,
        6414,
        5577,
        2694,
        2982,
        5298,
        2350,
        2948,
        3312,
        5746,
        872,
        4200,
        5916,
        6763,
        3318,
        4076,
        3499,
        4561,
        4280,
        2142,
        4172,
        5461,
        7513,
        4051,
        6170,
        2051,
        7318,
        5354,
        2770,
        2394,
        1566,
        633,
        2820,
        2254,
        1022,
        8339,
        1685,
        1347,
        2779,
        3647,
        6700,
        3388,
        4049,
        4674,
        4485,
        3413,
        9689,
        4572,
        9698,
        1232,
        1783,
        5902,
        5925,
        6983,
        6340,
        4876,
        2059,
        5996,
        6040,
        2503,
        3736,
        7179,
        3583,
        4588,
        950,
        2569,
        5292,
        1109,
        6739,
        424,
        4755,
        621,
        4897,
        6652,
        6687,
        1219,
        7242,
        5388,
        4605,
        1957,
        3317,
        3559,
        5011,
        2505,
        1139,
        2489,
        4394,
        6148,
        7281,
        2186,
        7279,
        4358,
        680,
        2348,
        3719,
        3698,
        6918,
        3757,
        4760,
        4108,
        2756,
        1728,
        4845,
        1299,
        2060,
        4939,
        5432,
        3077,
        1640,
        5885,
        1272,
        1177,
        7742,
        489,
        7685,
        429,
        8499,
        7518,
        728,
        2817,
        2490,
        5165,
        6644,
        3640,
        1784,
        1332,
        1459,
        3017,
        3057,
        4589,
        2881,
        304,
        4192,
        3597,
        6409,
        8747,
        3208,
        5900,
        6511,
        1671,
        6133,
        4854,
        638,
        2650,
        1081,
        2298,
        3159,
        1432,
        3454,
        1370,
        5812,
        4060,
        9910,
        2688,
        6015,
        8253,
        1777,
        4045,
        4882,
        3918,
        1352,
        2062,
        3399,
        4156,
        6485,
        1056,
        2536,
        1221,
        4087,
        1319,
        3800,
        8013,
        9847,
        3496,
        1066,
        6450,
        3198,
        2718,
        1322,
        6679,
        3551,
        3532,
        8127,
        3937,
        3674,
        3788,
        5836,
        2154,
        2332,
        4085,
        6202,
        7904,
        434,
        3816,
        5676,
        6010,
        607,
        1653,
        4254,
        8116,
        3505,
        3575,
        5955,
        7888,
        3020,
        6694,
        3563,
        6470,
        1494,
        3900,
        4340,
        4110,
        935,
        6123,
        1655,
        6495,
        2076,
        6631,
        1241,
        1633,
        6695,
        6239,
        3660,
        359,
        5616,
        5161,
        1484,
        319,
        6951,
        4437,
        3677,
        878,
        1431,
        3570,
        6224,
        7753,
        3626,
        4806,
        3195,
        1971,
        3094,
        4015,
        2381,
        5665,
        2845,
        2762,
        1839,
        708,
        3098,
        2089,
        3171,
        9444,
        938,
        6330,
        3883,
        2088,
        1472,
        3179,
        6707,
        2999,
        3155,
        3585,
        4537,
        334,
        1451,
        1450,
        3584,
        2118,
        2454,
        5103,
        3422,
        3193,
        1735,
        7218,
        4754,
        1932,
        3298,
        3492,
        2172,
        7859,
        4164,
        3358,
        6246,
        3033,
        4698,
        3931,
        9736,
        5688,
        6341,
        1527,
        962,
        4363,
        5091,
        2477,
        3184,
        4893,
        5814,
        2450,
        527,
        3161,
        2791,
        8014,
        5275,
        8136,
        5010,
        5526,
        3014,
        529,
        5854,
        5415,
        4543,
        6484,
        6436,
        5079,
        5983,
        5682,
        1842,
        6363,
        1846,
        3986,
        5802,
        8771,
        4329,
        2605,
        1848,
        7240,
        609,
        3238,
        5142,
        1511,
        6315,
        1000,
        1951,
        8049,
        5575,
        6960,
        5204,
        8260,
        7499,
        5787,
        4088,
        3810,
        7223,
        8242,
        403,
        3222,
        1912,
        7066,
        3814,
        519,
        6426,
        3154,
        1190,
        2541,
        5493,
        5242,
        312,
        3217,
        4579,
        7041,
        2004,
        6032,
        2482,
        1445,
        8192,
        3555,
        3004,
        5073,
        3745,
        6541,
        7440,
        6490,
        4399,
        1870,
        5291,
        1632,
        6998,
        4502,
        5392
    ],
    "embedding": [
        -1.0,
        -1.0,
        -1.0,
        1.0,
        -1.0,
        1.0,
        -1.0,
        -1.0,
        -1.0,
        -1.0,
        1.0,
        -1.0,
        -1.0,
        1.0,
        1.0,
        1.0,
        1.0,
        -1.0,
        1.0,
        -1.0,
        1.0,
        -1.0,
        1.0,
        -1.0,
        1.0,
        -1.0,
        -1.0,
        1.0,
        -1.0,
        -1.0,
        1.0,
        1.0,
        -1.0,
        -1.0,
        -1.0,
        1.0,
        -1.0,
        1.0,
        1.0,
        -1.0,
        -1.0,
        1.0,
        -1.0,
        -1.0,
        -1.0,
        -1.0,
        1.0,
        -1.0,
        -1.0,
        -0.9965382814407349,
        -1.0,
        1.0,
        1.0,
        1.0,
        -1.0,
        1.0,
        1.0,
        1.0,
        -1.0,
        0.9960998296737671,
        -1.0,
        -1.0,
        1.0,
        -1.0,
        1.0,
        -1.0,
        1.0,
        -1.0,
        1.0,
        1.0,
        1.0,
        -1.0,
        -1.0,
        -1.0,
        -1.0,
        1.0,
        1.0,
        1.0,
        1.0,
        1.0,
        1.0,
        1.0,
        1.0,
        -1.0,
        -1.0,
        1.0,
        -1.0,
        1.0,
        1.0,
        1.0,
        -1.0,
        1.0,
        1.0,
        -1.0,
        1.0,
        -1.0,
        1.0,
        -1.0,
        -1.0,
        -1.0,
        -0.9965001940727234,
        -1.0,
        1.0,
        -1.0,
        -1.0,
        1.0,
        1.0,
        1.0,
        -1.0,
        -1.0,
        1.0,
        -1.0,
        -1.0,
        1.0,
        1.0,
        1.0,
        1.0,
        1.0,
        1.0,
        -1.0,
        -1.0,
        1.0,
        -1.0,
        -1.0,
        1.0,
        -1.0,
        -1.0,
        -1.0,
        -1.0,
        1.0,
        -1.0,
        1.0,
        -1.0,
        -1.0,
        1.0,
        -1.0,
        -1.0,
        1.0,
        1.0,
        -1.0,
        1.0,
        1.0,
        1.0,
        -1.0,
        1.0,
        -1.0,
        1.0,
        -1.0,
        -1.0,
        -1.0,
        1.0,
        -1.0,
        1.0,
        -1.0,
        1.0,
        -1.0,
        1.0,
        -1.0,
        1.0,
        -1.0,
        -1.0,
        1.0,
        -1.0,
        -1.0,
        1.0,
        -1.0,
        1.0,
        -1.0,
        -1.0,
        -1.0,
        -1.0,
        -1.0,
        1.0,
        1.0,
        -1.0,
        -1.0,
        1.0,
        -1.0,
        -1.0,
        -1.0,
        1.0,
        -1.0,
        -1.0,
        -1.0,
        1.0,
        -1.0,
        1.0,
        -1.0,
        -1.0,
        -1.0,
        1.0,
        1.0,
        1.0,
        1.0,
        -1.0,
        -1.0,
        1.0,
        -1.0,
        -1.0,
        1.0,
        -1.0,
        1.0,
        -1.0,
        -1.0,
        -1.0,
        -1.0,
        1.0,
        1.0,
        -1.0,
        -1.0,
        -1.0,
        1.0,
        -1.0,
        -1.0,
        -1.0,
        1.0,
        -1.0,
        1.0,
        -1.0,
        -1.0,
        1.0,
        -1.0,
        -1.0,
        1.0,
        -1.0,
        -0.9971832633018494,
        1.0,
        -1.0,
        -1.0,
        -1.0,
        1.0,
        -1.0,
        1.0,
        -1.0,
        -1.0,
        1.0,
        -1.0,
        1.0,
        1.0,
        -1.0,
        1.0,
        -0.9958430528640747,
        1.0,
        -1.0,
        1.0,
        1.0,
        -1.0,
        -1.0,
        -1.0,
        1.0,
        1.0,
        1.0,
        -1.0,
        -1.0,
        -1.0,
        1.0,
        1.0,
        -1.0,
        -1.0,
        -1.0,
        1.0,
        1.0,
        1.0,
        -1.0,
        1.0,
        -1.0,
        -1.0,
        -1.0,
        1.0,
        1.0,
        -0.9961216449737549,
        -1.0,
        -1.0,
        1.0,
        -1.0,
        1.0,
        1.0,
        1.0,
        1.0,
        1.0,
        1.0,
        -1.0,
        1.0,
        1.0,
        1.0,
        -1.0,
        -1.0,
        1.0,
        -1.0,
        -1.0,
        -1.0,
        1.0,
        -1.0,
        -1.0,
        -1.0,
        -1.0,
        -1.0,
        1.0,
        1.0,
        1.0
    ],
    "embedding_scaling_factor": 3.1793601512908936,
    "samples": [
        5010,
        3698,
        3660,
        6330,
        3004,
        1889,
        6951,
        8771,
        2762,
        6960,
        748,
        7685,
        7318,
        1450,
        5392,
        6150,
        1169,
        489,
        2059,
        434,
        5011,
        4172,
        1352,
        7281,
        1352,
        8136,
        3991,
        7281,
        3597,
        5493,
        1633,
        3151,
        3020,
        4502,
        3505,
        7240,
        6340,
        8734,
        7318,
        6951,
        2076,
        6150,
        8734,
        1971,
        5700,
        6763,
        2523,
        4698,
        1272,
        2779,
        3298,
        6739,
        1219,
        2059,
        7513,
        1352,
        6908,
        3373,
        3195,
        1472,
        1000,
        3179,
        6148,
        4502,
        3312,
        7904,
        1219,
        4437,
        403,
        5354,
        3597,
        1472,
        1912,
        6495,
        1285,
        607,
        3677,
        3986,
        4201,
        4610,
        637,
        4754,
        2931,
        424,
        4340,
        3184,
        3551,
        3105,
        4156,
        3161,
        1985,
        434,
        1081,
        3242,
        3161,
        7636,
        2118,
        4845,
        6330,
        5308
    ],
    "category_values_ratio": {
        "3660": 6750,
        "1921": 6650,
        "8734": 5720,
        "1352": 5670,
        "6908": 5132,
        "7904": 4337,
        "4610": 4080,
        "6148": 3840,
        "3373": 3824,
        "6436": 3760,
        "3698": 3753,
        "2059": 3372,
        "3298": 3357,
        "6951": 3339,
        "7636": 3272,
        "3195": 3258,
        "1219": 3185,
        "3184": 3180,
        "5885": 3140,
        "2856": 3120,
        "4898": 3044,
        "3438": 3030,
        "2791": 3008,
        "434": 2955,
        "1450": 2880,
        "2523": 2872,
        "4051": 2868,
        "5526": 2790,
        "4363": 2774,
        "8573": 2740,
        "3814": 2661,
        "4845": 2643,
        "2567": 2634,
        "7281": 2578,
        "3874": 2563,
        "5011": 2553,
        "1817": 2546,
        "5700": 2499,
        "3161": 2492,
        "3242": 2481,
        "3179": 2444,
        "2118": 2420,
        "501": 2415,
        "8049": 2392,
        "7370": 2385,
        "3312": 2336,
        "489": 2320,
        "3222": 2316,
        "5676": 2316,
        "1930": 2300,
        "1045": 2208,
        "5996": 2154,
        "3991": 2146,
        "1484": 2140,
        "415": 2132,
        "4437": 2128,
        "2646": 2120,
        "6224": 2108,
        "319": 2100,
        "3575": 2076,
        "607": 2070,
        "4588": 2026,
        "9444": 2000,
        "1489": 1992,
        "1241": 1986,
        "6170": 1985,
        "3105": 1974,
        "3004": 1968,
        "6893": 1960,
        "609": 1948,
        "3492": 1947,
        "7240": 1920,
        "4641": 1902,
        "4542": 1892,
        "2608": 1882,
        "3198": 1878,
        "3017": 1872,
        "6485": 1850,
        "9268": 1794,
        "2785": 1768,
        "1522": 1764,
        "3155": 1740,
        "1322": 1732,
        "3496": 1724,
        "5392": 1720,
        "3840": 1720,
        "4579": 1713,
        "5493": 1712,
        "6246": 1712,
        "6484": 1711,
        "4156": 1702,
        "6918": 1695,
        "6365": 1684,
        "7218": 1683,
        "7801": 1675,
        "5161": 1669,
        "2569": 1665,
        "2490": 1664,
        "3800": 1660,
        "9020": 1645,
        "8136": 1641,
        "3151": 1640,
        "878": 1632,
        "5955": 1624,
        "633": 1624,
        "2762": 1624,
        "2718": 1615,
        "7182": 1614,
        "5142": 1610,
        "1056": 1604,
        "824": 1600,
        "4110": 1599,
        "3900": 1598,
        "1934": 1582,
        "2307": 1579,
        "6495": 1568,
        "5356": 1554,
        "8933": 1536,
        "1285": 1536,
        "3014": 1528,
        "4340": 1528,
        "6395": 1518,
        "6150": 1504,
        "2381": 1500,
        "3021": 1500,
        "6578": 1497,
        "5292": 1495,
        "7318": 1488,
        "4537": 1474,
        "2577": 1473,
        "3986": 1455,
        "4399": 1452,
        "5354": 1428,
        "7223": 1419,
        "8308": 1413,
        "3328": 1397,
        "1332": 1386,
        "2026": 1378,
        "1272": 1377,
        "3318": 1374,
        "1000": 1371,
        "6541": 1356,
        "5271": 1350,
        "1319": 1347,
        "4201": 1332,
        "950": 1284,
        "4226": 1278,
        "3454": 1276,
        "748": 1270,
        "2752": 1268,
        "6763": 1264,
        "5814": 1248,
        "403": 1245,
        "6707": 1236,
        "1974": 1227,
        "5633": 1224,
        "6998": 1216,
        "1870": 1212,
        "4456": 1196,
        "3647": 1186,
        "3677": 1176,
        "424": 1168,
        "4045": 1165,
        "6915": 1146,
        "2650": 1145,
        "1969": 1140,
        "4502": 1134,
        "2688": 1132,
        "6412": 1124,
        "1971": 1098,
        "2288": 1096,
        "5130": 1096,
        "3154": 1089,
        "1081": 1077,
        "3386": 1060,
        "4485": 1059,
        "1704": 1052,
        "1960": 1050,
        "4164": 1041,
        "1848": 1040,
        "3238": 1040,
        "680": 1029,
        "1671": 1029,
        "4220": 1025,
        "1432": 1024,
        "2088": 1023,
        "872": 1020,
        "2051": 1005,
        "5010": 1004,
        "638": 996,
        "4780": 996,
        "9698": 985,
        "5228": 980,
        "2186": 965,
        "6330": 954,
        "2089": 942,
        "4698": 940,
        "3918": 940,
        "5902": 928,
        "2939": 924,
        "7859": 920,
        "6086": 920,
        "1109": 915,
        "1985": 912,
        "1299": 909,
        "3033": 908,
        "7242": 908,
        "6739": 906,
        "304": 904,
        "4882": 892,
        "4329": 882,
        "5242": 882,
        "3388": 882,
        "2541": 875,
        "3883": 866,
        "8023": 865,
        "3358": 862,
        "4254": 858,
        "2489": 854,
        "2768": 852,
        "6239": 850,
        "1566": 849,
        "3171": 846,
        "6695": 846,
        "1431": 844,
        "6315": 842,
        "1169": 840,
        "2154": 838,
        "4513": 836,
        "5073": 832,
        "3252": 831,
        "841": 826,
        "2076": 826,
        "7094": 824,
        "5353": 824,
        "1951": 820,
        "8116": 812,
        "4754": 808,
        "6700": 807,
        "2077": 801,
        "9736": 800,
        "1683": 798,
        "1756": 795,
        "3640": 794,
        "1655": 789,
        "9689": 784,
        "1527": 784,
        "4755": 784,
        "6340": 783,
        "1633": 777,
        "1347": 776,
        "7669": 775,
        "3937": 774,
        "1416": 768,
        "2605": 764,
        "3719": 764,
        "3217": 758,
        "4200": 756,
        "4060": 752,
        "2536": 748,
        "938": 741,
        "5916": 740,
        "4352": 734,
        "1685": 732,
        "4076": 730,
        "5575": 724,
        "8975": 722,
        "2482": 720,
        "6985": 717,
        "5681": 716,
        "1889": 716,
        "6202": 710,
        "1022": 704,
        "4486": 704,
        "1846": 702,
        "1033": 702,
        "1451": 696,
        "8127": 684,
        "4806": 676,
        "7700": 672,
        "3422": 672,
        "3805": 663,
        "6631": 660,
        "6449": 660,
        "9847": 660,
        "1604": 656,
        "4108": 654,
        "2332": 654,
        "4760": 652,
        "1873": 648,
        "3400": 646,
        "3551": 644,
        "5454": 644,
        "9910": 644,
        "6032": 642,
        "5388": 641,
        "1547": 640,
        "6363": 639,
        "1957": 639,
        "2503": 630,
        "359": 630,
        "7518": 628,
        "4516": 627,
        "3703": 623,
        "4336": 622,
        "2081": 618,
        "3532": 615,
        "637": 612,
        "3034": 612,
        "4383": 609,
        "8260": 608,
        "4139": 606,
        "8033": 605,
        "5194": 604,
        "3931": 604,
        "1783": 602,
        "2975": 600,
        "1837": 600,
        "4738": 594,
        "561": 572,
        "1221": 570,
        "6679": 566,
        "7279": 566,
        "3499": 564,
        "2779": 564,
        "5925": 550,
        "8094": 547,
        "4605": 546,
        "4816": 540,
        "334": 540,
        "935": 538,
        "2043": 534,
        "1139": 534,
        "1190": 531,
        "4187": 530,
        "1472": 526,
        "2172": 526,
        "1370": 525,
        "5308": 520,
        "6010": 520,
        "4472": 519,
        "7440": 519,
        "5961": 512,
        "4847": 512,
        "5079": 499,
        "5165": 499,
        "7041": 499,
        "1912": 490,
        "4172": 490,
        "4589": 488,
        "3210": 488,
        "3745": 477,
        "6409": 473,
        "1842": 471,
        "5291": 465,
        "2450": 464,
        "5432": 464,
        "3317": 462,
        "4893": 460,
        "2817": 460,
        "2060": 458,
        "2931": 456,
        "8771": 456,
        "3736": 454,
        "2477": 453,
        "6511": 448,
        "3810": 447,
        "7742": 441,
        "2676": 440,
        "5900": 438,
        "4423": 436,
        "4085": 435,
        "3057": 431,
        "3020": 428,
        "2013": 428,
        "3568": 428,
        "3943": 426,
        "1354": 424,
        "2604": 422,
        "5616": 422,
        "7984": 420,
        "4561": 416,
        "7513": 416,
        "8339": 415,
        "5269": 414,
        "6652": 414,
        "4091": 412,
        "5103": 412,
        "4876": 410,
        "1653": 408,
        "7249": 408,
        "2142": 407,
        "8014": 407,
        "5275": 406,
        "1445": 403,
        "6470": 403,
        "3585": 403,
        "4358": 403,
        "2298": 402,
        "6644": 401,
        "5983": 399,
        "4543": 399,
        "8400": 398,
        "2982": 398,
        "2756": 396,
        "4192": 396,
        "7685": 391,
        "4557": 389,
        "8013": 386,
        "1839": 384,
        "3098": 382,
        "3597": 381,
        "5622": 380,
        "2694": 376,
        "7500": 375,
        "4318": 372,
        "8460": 370,
        "6336": 369,
        "4674": 368,
        "3816": 366,
        "962": 364,
        "1944": 364,
        "2004": 362,
        "5577": 361,
        "5091": 360,
        "708": 359,
        "1728": 355,
        "8747": 354,
        "1459": 354,
        "1177": 353,
        "3132": 352,
        "6490": 340,
        "2914": 339,
        "7384": 336,
        "1494": 336,
        "6341": 334,
        "312": 332,
        "5787": 326,
        "5677": 324,
        "6123": 322,
        "527": 322,
        "3757": 313,
        "3583": 308,
        "3077": 306,
        "2505": 304,
        "2999": 303,
        "8125": 303,
        "6687": 301,
        "3193": 300,
        "3555": 298,
        "3674": 298,
        "3399": 298,
        "3626": 296,
        "5682": 296,
        "6450": 295,
        "2820": 293,
        "2861": 290,
        "3159": 288,
        "3954": 288,
        "5461": 286,
        "1735": 286,
        "4492": 286,
        "5154": 285,
        "1784": 280,
        "8710": 276,
        "6602": 275,
        "6133": 274,
        "7719": 269,
        "2144": 264,
        "7876": 260,
        "9112": 258,
        "2323": 256,
        "7291": 255,
        "3798": 254,
        "2085": 254,
        "429": 252,
        "4015": 250,
        "5415": 250,
        "529": 248,
        "3275": 248,
        "8192": 246,
        "7499": 240,
        "4115": 240,
        "7455": 240,
        "2254": 238,
        "8242": 232,
        "7796": 229,
        "1066": 228,
        "2394": 226,
        "6694": 225,
        "1640": 224,
        "2454": 221,
        "1932": 218,
        "5746": 215,
        "2607": 214,
        "3208": 213,
        "9721": 212,
        "5237": 210,
        "621": 208,
        "7066": 208,
        "7179": 206,
        "1800": 206,
        "728": 206,
        "6960": 202,
        "7290": 200,
        "7042": 200,
        "2770": 199,
        "5658": 198,
        "5688": 198,
        "4521": 198,
        "4280": 196,
        "4394": 196,
        "5836": 194,
        "3981": 193,
        "3505": 191,
        "6930": 189,
        "4886": 189,
        "1511": 189,
        "2350": 189,
        "4088": 188,
        "4854": 188,
        "2348": 188,
        "3559": 186,
        "7753": 185,
        "1232": 175,
        "4087": 174,
        "4939": 173,
        "5120": 173,
        "1054": 169,
        "7888": 168,
        "4572": 168,
        "8107": 166,
        "1860": 166,
        "7178": 166,
        "3425": 162,
        "5665": 162,
        "8200": 159,
        "6426": 158,
        "6040": 154,
        "3413": 153,
        "4049": 153,
        "1496": 152,
        "3584": 151,
        "1632": 150,
        "4897": 148,
        "6556": 147,
        "5854": 146,
        "2881": 145,
        "5802": 145,
        "2501": 143,
        "6015": 142,
        "2948": 137,
        "3570": 135,
        "6983": 134,
        "2763": 132,
        "2845": 131,
        "4470": 130,
        "8499": 128,
        "5298": 127,
        "1995": 127,
        "371": 126,
        "2318": 119,
        "1901": 108,
        "5812": 108,
        "3563": 108,
        "1812": 105,
        "1777": 104,
        "3094": 103,
        "7683": 101,
        "3788": 97,
        "4376": 91,
        "2062": 87,
        "519": 83,
        "5204": 77,
        "8253": 76,
        "6414": 73,
        "7348": 59
    },
    "nrows": 552017
}