{
    "column_id": "Accidents/Accidents.csvAccidents.csv/upravna_enota_x",
    "dataset_name": "Accidents.csv",
    "dataset_id": "Accidents/Accidents.csv",
    "path": "/home/ubuntu/CatDB/Experiments/data/Accidents/Accidents.csv",
    "table_name": "Accidents.csv",
    "table_id": "Accidents/Accidents.csvAccidents.csv",
    "column_name": "upravna_enota_x",
    "data_source": "Accidents",
    "data_type": "int",
    "total_values_count": 954036,
    "distinct_values_count": 63,
    "missing_values_count": 0,
    "true_ratio": null,
    "min_value": 5501.0,
    "max_value": 5599.0,
    "mean": 5560.415958098018,
    "median": 5559.0,
    "iqr": 72.0,
    "category_values": [
        5507,
        5599,
        5511,
        5524,
        5542,
        5528,
        5558,
        5527,
        5525,
        5537,
        5506,
        5550,
        5564,
        5518,
        5502,
        5540,
        5514,
        5554,
        5546,
        5517,
        5560,
        5501,
        5548,
        5559,
        5510,
        5541,
        5551,
        5544,
        5553,
        5509,
        5561,
        5523,
        5526,
        5508,
        5503,
        5556,
        5504,
        5538,
        5522,
        5530,
        5536,
        5565,
        5545,
        5552,
        5515,
        5549,
        5562,
        5543,
        5512,
        5535,
        5521,
        5555,
        5529,
        5513,
        5557,
        5520,
        5568,
        5534,
        5519,
        5516,
        5539,
        5505,
        5547
    ],
    "embedding": [
        -1.0,
        -1.0,
        -1.0,
        1.0,
        -1.0,
        1.0,
        -1.0,
        -1.0,
        -1.0,
        -1.0,
        1.0,
        -1.0,
        -1.0,
        1.0,
        1.0,
        1.0,
        1.0,
        -1.0,
        1.0,
        -1.0,
        1.0,
        -1.0,
        1.0,
        -1.0,
        1.0,
        -1.0,
        -1.0,
        1.0,
        -1.0,
        -1.0,
        1.0,
        1.0,
        -1.0,
        -1.0,
        -1.0,
        1.0,
        -1.0,
        1.0,
        1.0,
        -1.0,
        -1.0,
        1.0,
        -1.0,
        -1.0,
        -1.0,
        -1.0,
        1.0,
        -1.0,
        -1.0,
        -0.9999244213104248,
        -1.0,
        1.0,
        1.0,
        1.0,
        -1.0,
        1.0,
        1.0,
        1.0,
        -1.0,
        0.9997466206550598,
        -1.0,
        -1.0,
        1.0,
        -1.0,
        1.0,
        -1.0,
        1.0,
        -1.0,
        1.0,
        1.0,
        1.0,
        -1.0,
        -1.0,
        -1.0,
        -1.0,
        1.0,
        1.0,
        1.0,
        1.0,
        1.0,
        1.0,
        1.0,
        1.0,
        -1.0,
        -1.0,
        1.0,
        -1.0,
        1.0,
        1.0,
        1.0,
        -1.0,
        1.0,
        1.0,
        -1.0,
        1.0,
        -1.0,
        1.0,
        -1.0,
        -1.0,
        -1.0,
        -0.9886153340339661,
        -1.0,
        1.0,
        -1.0,
        -1.0,
        1.0,
        1.0,
        1.0,
        -1.0,
        -1.0,
        1.0,
        -1.0,
        -1.0,
        1.0,
        1.0,
        1.0,
        1.0,
        1.0,
        1.0,
        -1.0,
        -1.0,
        1.0,
        -1.0,
        -1.0,
        1.0,
        -1.0,
        -1.0,
        -1.0,
        -1.0,
        1.0,
        -1.0,
        1.0,
        -1.0,
        -1.0,
        1.0,
        -1.0,
        -1.0,
        1.0,
        1.0,
        -1.0,
        1.0,
        1.0,
        1.0,
        -1.0,
        1.0,
        -1.0,
        1.0,
        -1.0,
        -1.0,
        -1.0,
        1.0,
        -1.0,
        1.0,
        -1.0,
        1.0,
        -1.0,
        1.0,
        -1.0,
        1.0,
        -1.0,
        -1.0,
        1.0,
        -1.0,
        -1.0,
        1.0,
        -1.0,
        1.0,
        -1.0,
        -1.0,
        -1.0,
        -1.0,
        -1.0,
        1.0,
        1.0,
        -1.0,
        -1.0,
        1.0,
        -1.0,
        -1.0,
        -1.0,
        1.0,
        -1.0,
        -1.0,
        -1.0,
        1.0,
        -1.0,
        1.0,
        -1.0,
        -1.0,
        -1.0,
        1.0,
        1.0,
        1.0,
        1.0,
        -1.0,
        -1.0,
        1.0,
        -1.0,
        -1.0,
        1.0,
        -1.0,
        1.0,
        -1.0,
        -1.0,
        -1.0,
        -1.0,
        1.0,
        1.0,
        -1.0,
        -1.0,
        -1.0,
        1.0,
        -1.0,
        -1.0,
        -1.0,
        1.0,
        -1.0,
        1.0,
        -1.0,
        -1.0,
        1.0,
        -1.0,
        -1.0,
        1.0,
        -1.0,
        -0.9999498128890991,
        1.0,
        -1.0,
        -1.0,
        -1.0,
        1.0,
        -1.0,
        1.0,
        -1.0,
        -1.0,
        1.0,
        -1.0,
        1.0,
        1.0,
        -1.0,
        1.0,
        -0.9998127818107605,
        1.0,
        -1.0,
        1.0,
        1.0,
        -1.0,
        -1.0,
        -1.0,
        1.0,
        1.0,
        1.0,
        -1.0,
        -1.0,
        -1.0,
        1.0,
        1.0,
        -1.0,
        -1.0,
        -1.0,
        1.0,
        1.0,
        1.0,
        -1.0,
        1.0,
        -1.0,
        -1.0,
        -1.0,
        1.0,
        1.0,
        -0.9910520315170288,
        -1.0,
        -1.0,
        1.0,
        -1.0,
        1.0,
        1.0,
        1.0,
        1.0,
        1.0,
        1.0,
        -1.0,
        1.0,
        1.0,
        1.0,
        -1.0,
        -1.0,
        1.0,
        -1.0,
        -1.0,
        -1.0,
        1.0,
        -1.0,
        -1.0,
        -1.0,
        -1.0,
        -1.0,
        1.0,
        1.0,
        1.0
    ],
    "embedding_scaling_factor": 2.3258385226654354e-06,
    "samples": [
        5503,
        5599,
        5554,
        5564,
        5522,
        5599,
        5599,
        5557,
        5599,
        5527,
        5549,
        5599,
        5599,
        5599,
        5599,
        5599,
        5553,
        5599,
        5599,
        5542,
        5552,
        5599,
        5554,
        5555,
        5552,
        5599,
        5559,
        5542,
        5559,
        5599,
        5554,
        5560,
        5599,
        5599,
        5562,
        5549,
        5599,
        5552,
        5564,
        5542,
        5599,
        5599,
        5519,
        5564,
        5559,
        5549,
        5554,
        5501,
        5599,
        5542,
        5599,
        5599,
        5562,
        5559,
        5599,
        5599,
        5525,
        5564,
        5599,
        5599,
        5536,
        5540,
        5556,
        5527,
        5542,
        5503,
        5599,
        5555,
        5599,
        5599,
        5599,
        5507,
        5552,
        5523,
        5508,
        5599,
        5509,
        5553,
        5599,
        5538,
        5507,
        5599,
        5599,
        5599,
        5505,
        5599,
        5564,
        5599,
        5564,
        5512,
        5599,
        5599,
        5599,
        5513,
        5599,
        5523,
        5505,
        5545,
        5560,
        5549
    ],
    "category_values_ratio": {
        "5599": 378414,
        "5564": 62288,
        "5524": 27417,
        "5503": 24806,
        "5542": 24380,
        "5528": 23203,
        "5527": 22677,
        "5526": 21031,
        "5518": 19510,
        "5536": 16454,
        "5506": 15169,
        "5517": 14742,
        "5559": 14660,
        "5538": 13486,
        "5562": 13468,
        "5550": 12167,
        "5537": 12000,
        "5525": 8623,
        "5515": 8540,
        "5509": 8513,
        "5551": 8354,
        "5553": 8132,
        "5544": 7807,
        "5554": 7793,
        "5514": 7374,
        "5552": 6821,
        "5545": 6539,
        "5521": 6349,
        "5508": 6312,
        "5565": 6172,
        "5540": 5998,
        "5560": 5823,
        "5519": 5621,
        "5549": 5582,
        "5522": 5574,
        "5523": 5458,
        "5502": 5440,
        "5520": 5292,
        "5568": 5239,
        "5548": 5206,
        "5529": 4995,
        "5539": 4973,
        "5556": 4945,
        "5541": 4588,
        "5516": 4565,
        "5543": 4505,
        "5561": 4454,
        "5513": 4409,
        "5557": 4303,
        "5501": 4087,
        "5505": 4058,
        "5535": 3860,
        "5547": 3776,
        "5558": 3454,
        "5555": 3180,
        "5512": 3070,
        "5546": 2972,
        "5510": 2969,
        "5504": 2965,
        "5511": 2746,
        "5530": 2685,
        "5507": 2421,
        "5534": 1622
    },
    "nrows": 954036
}