{
    "column_id": "Accidents/Accidents.csvAccidents.csv/id_nesreca",
    "dataset_name": "Accidents.csv",
    "dataset_id": "Accidents/Accidents.csv",
    "path": "/home/ubuntu/CatDB/Experiments/data/Accidents/Accidents.csv",
    "table_name": "Accidents.csv",
    "table_id": "Accidents/Accidents.csvAccidents.csv",
    "column_name": "id_nesreca",
    "data_source": "Accidents",
    "data_type": "int",
    "total_values_count": 954036,
    "distinct_values_count": 507604,
    "missing_values_count": 0,
    "true_ratio": null,
    "min_value": 36738.0,
    "max_value": 549805.0,
    "mean": 286393.8435415435,
    "median": 285540.0,
    "iqr": 243324.25,
    "category_values": null,
    "embedding": [
        -1.0,
        -1.0,
        -1.0,
        1.0,
        -1.0,
        1.0,
        -1.0,
        -1.0,
        -0.99995356798172,
        -1.0,
        1.0,
        -1.0,
        -1.0,
        1.0,
        1.0,
        1.0,
        1.0,
        -1.0,
        1.0,
        -1.0,
        1.0,
        -1.0,
        1.0,
        -1.0,
        1.0,
        -1.0,
        -1.0,
        1.0,
        -1.0,
        -1.0,
        1.0,
        1.0,
        -1.0,
        -1.0,
        -1.0,
        1.0,
        -1.0,
        1.0,
        1.0,
        -1.0,
        -1.0,
        1.0,
        -1.0,
        -1.0,
        -1.0,
        -1.0,
        1.0,
        -1.0,
        -0.9999599456787109,
        -0.8431772589683533,
        -1.0,
        1.0,
        1.0,
        1.0,
        -1.0,
        1.0,
        1.0,
        1.0,
        -1.0,
        0.994523823261261,
        -1.0,
        -1.0,
        1.0,
        -1.0,
        1.0,
        -1.0,
        1.0,
        -1.0,
        1.0,
        1.0,
        1.0,
        -1.0,
        -1.0,
        -1.0,
        -1.0,
        1.0,
        1.0,
        1.0,
        1.0,
        1.0,
        1.0,
        1.0,
        1.0,
        -1.0,
        -1.0,
        1.0,
        -1.0,
        1.0,
        1.0,
        1.0,
        -1.0,
        1.0,
        1.0,
        -1.0,
        1.0,
        -1.0,
        1.0,
        -1.0,
        -1.0,
        -1.0,
        -0.9934316277503967,
        -1.0,
        1.0,
        -1.0,
        -1.0,
        1.0,
        1.0,
        1.0,
        -1.0,
        -1.0,
        1.0,
        -1.0,
        -1.0,
        1.0,
        1.0,
        1.0,
        1.0,
        1.0,
        1.0,
        -1.0,
        -1.0,
        1.0,
        -1.0,
        -1.0,
        1.0,
        -1.0,
        -1.0,
        -0.999938428401947,
        -1.0,
        1.0,
        -1.0,
        1.0,
        -1.0,
        -1.0,
        1.0,
        -1.0,
        -1.0,
        1.0,
        1.0,
        -1.0,
        1.0,
        1.0,
        1.0,
        -1.0,
        1.0,
        -1.0,
        1.0,
        -1.0,
        -1.0,
        -1.0,
        0.9999552965164185,
        -1.0,
        1.0,
        -1.0,
        1.0,
        -1.0,
        1.0,
        -1.0,
        1.0,
        -1.0,
        -1.0,
        1.0,
        -1.0,
        -1.0,
        1.0,
        -1.0,
        1.0,
        -1.0,
        -1.0,
        -1.0,
        -1.0,
        -1.0,
        1.0,
        1.0,
        -1.0,
        -1.0,
        1.0,
        -1.0,
        -1.0,
        -1.0,
        1.0,
        -1.0,
        -1.0,
        -1.0,
        1.0,
        -1.0,
        1.0,
        -0.9999709129333496,
        -1.0,
        -1.0,
        1.0,
        1.0,
        1.0,
        1.0,
        -1.0,
        -1.0,
        1.0,
        -1.0,
        -1.0,
        1.0,
        -1.0,
        1.0,
        -1.0,
        -1.0,
        -1.0,
        -1.0,
        1.0,
        1.0,
        -1.0,
        -1.0,
        -1.0,
        1.0,
        -1.0,
        -1.0,
        -1.0,
        1.0,
        -1.0,
        1.0,
        -1.0,
        -1.0,
        1.0,
        -1.0,
        -1.0,
        1.0,
        -0.9999679923057556,
        -0.8411556482315063,
        1.0,
        -1.0,
        -1.0,
        -1.0,
        1.0,
        -1.0,
        1.0,
        -1.0,
        -1.0,
        1.0,
        -1.0,
        1.0,
        1.0,
        -0.9999774098396301,
        1.0,
        -0.82472825050354,
        1.0,
        -1.0,
        1.0,
        1.0,
        -1.0,
        -1.0,
        -1.0,
        1.0,
        1.0,
        1.0,
        -1.0,
        -1.0,
        -1.0,
        1.0,
        1.0,
        -1.0,
        -1.0,
        -1.0,
        1.0,
        1.0,
        1.0,
        -1.0,
        1.0,
        -1.0,
        -1.0,
        -1.0,
        1.0,
        1.0,
        -0.993331253528595,
        -1.0,
        -1.0,
        1.0,
        -1.0,
        1.0,
        1.0,
        1.0,
        1.0,
        1.0,
        1.0,
        -1.0,
        1.0,
        1.0,
        1.0,
        -1.0,
        -1.0,
        1.0,
        -1.0,
        -1.0,
        -1.0,
        1.0,
        -1.0,
        -1.0,
        -1.0,
        -1.0,
        -1.0,
        1.0,
        1.0,
        0.9999678730964661
    ],
    "embedding_scaling_factor": 40.95970153808594,
    "samples": [
        49844,
        420508,
        82596,
        471047,
        169395,
        475949,
        340795,
        110251,
        469956,
        188578,
        256473,
        70283,
        167172,
        325275,
        455359,
        366892,
        72355,
        387291,
        387632,
        130184,
        196999,
        420213,
        540615,
        246763,
        228189,
        294632,
        214246,
        214933,
        158044,
        400532,
        94442,
        471632,
        179474,
        178153,
        245029,
        144787,
        48077,
        120925,
        52747,
        464777,
        386557,
        89398,
        500497,
        225774,
        231858,
        270995,
        137710,
        130943,
        310457,
        191274,
        326441,
        434513,
        141984,
        232108,
        282587,
        50103,
        120865,
        132539,
        302641,
        45109,
        90723,
        232346,
        255320,
        67675,
        482743,
        160770,
        292455,
        110515,
        422573,
        437119,
        427338,
        120359,
        203137,
        142778,
        456385,
        312578,
        84502,
        168660,
        461138,
        107727,
        230860,
        408366,
        105345,
        330492,
        475580,
        316572,
        181295,
        428144,
        130487,
        68012,
        361148,
        293500,
        415224,
        491145,
        397257,
        530769,
        477262,
        79881,
        235053,
        95803
    ],
    "category_values_ratio": null,
    "nrows": 954036
}