{
    "column_id": "Accidents/Accidents.csvAccidents.csv/nesreca.st_prebivalcev",
    "dataset_name": "Accidents.csv",
    "dataset_id": "Accidents/Accidents.csv",
    "path": "/home/ubuntu/CatDB/Experiments/data/Accidents/Accidents.csv",
    "table_name": "Accidents.csv",
    "table_id": "Accidents/Accidents.csvAccidents.csv",
    "column_name": "nesreca.st_prebivalcev",
    "data_source": "Accidents",
    "data_type": "int",
    "total_values_count": 954036,
    "distinct_values_count": 56,
    "missing_values_count": 0,
    "true_ratio": null,
    "min_value": 0.0,
    "max_value": 326525.0,
    "mean": 112212.01479713553,
    "median": 59700.0,
    "iqr": 122140.0,
    "category_values": [
        145678,
        16976,
        326525,
        15151,
        47539,
        60000,
        78700,
        19750,
        12300,
        23253,
        17000,
        32000,
        13392,
        21807,
        23507,
        45000,
        10121,
        33600,
        18290,
        15054,
        20708,
        20700,
        20500,
        59700,
        16155,
        23660,
        61689,
        14068,
        16844,
        69000,
        18264,
        62049,
        23538,
        40000,
        16552,
        18000,
        17500,
        18347,
        51017,
        20121,
        34779,
        8766,
        35000,
        19558,
        8352,
        18052,
        22844,
        21706,
        18700,
        27992,
        17771,
        14500,
        40644,
        26509,
        18279,
        0
    ],
    "embedding": [
        -1.0,
        -1.0,
        -1.0,
        1.0,
        -1.0,
        1.0,
        -1.0,
        -1.0,
        -1.0,
        -1.0,
        1.0,
        -1.0,
        -1.0,
        1.0,
        1.0,
        1.0,
        1.0,
        -1.0,
        1.0,
        -1.0,
        1.0,
        -1.0,
        1.0,
        -1.0,
        1.0,
        -1.0,
        -1.0,
        1.0,
        -1.0,
        -1.0,
        1.0,
        1.0,
        -1.0,
        -1.0,
        -1.0,
        1.0,
        -1.0,
        1.0,
        1.0,
        -1.0,
        -1.0,
        1.0,
        -1.0,
        -1.0,
        -1.0,
        -1.0,
        1.0,
        -1.0,
        -1.0,
        -0.8137436509132385,
        -1.0,
        1.0,
        1.0,
        1.0,
        -1.0,
        1.0,
        1.0,
        1.0,
        -1.0,
        0.9834756851196289,
        -1.0,
        -1.0,
        1.0,
        -1.0,
        1.0,
        -1.0,
        1.0,
        -1.0,
        1.0,
        1.0,
        1.0,
        -1.0,
        -1.0,
        -1.0,
        -1.0,
        1.0,
        1.0,
        1.0,
        1.0,
        1.0,
        1.0,
        1.0,
        1.0,
        -1.0,
        -1.0,
        1.0,
        -1.0,
        1.0,
        1.0,
        1.0,
        -1.0,
        1.0,
        1.0,
        -1.0,
        1.0,
        -1.0,
        1.0,
        -1.0,
        -1.0,
        -1.0,
        -0.9971206188201904,
        -1.0,
        1.0,
        -1.0,
        -1.0,
        1.0,
        1.0,
        1.0,
        -1.0,
        -1.0,
        1.0,
        -1.0,
        -1.0,
        1.0,
        1.0,
        1.0,
        1.0,
        1.0,
        1.0,
        -1.0,
        -1.0,
        1.0,
        -1.0,
        -1.0,
        1.0,
        -1.0,
        -1.0,
        -1.0,
        -1.0,
        1.0,
        -1.0,
        1.0,
        -1.0,
        -1.0,
        1.0,
        -1.0,
        -1.0,
        1.0,
        1.0,
        -1.0,
        1.0,
        1.0,
        1.0,
        -1.0,
        1.0,
        -1.0,
        1.0,
        -1.0,
        -1.0,
        -1.0,
        1.0,
        -1.0,
        1.0,
        -1.0,
        1.0,
        -1.0,
        1.0,
        -1.0,
        1.0,
        -1.0,
        -1.0,
        1.0,
        -1.0,
        -1.0,
        1.0,
        -1.0,
        1.0,
        -1.0,
        -1.0,
        -1.0,
        -1.0,
        -1.0,
        1.0,
        1.0,
        -1.0,
        -1.0,
        1.0,
        -1.0,
        -1.0,
        -1.0,
        1.0,
        -1.0,
        -1.0,
        -1.0,
        1.0,
        -1.0,
        1.0,
        -1.0,
        -1.0,
        -1.0,
        1.0,
        1.0,
        1.0,
        1.0,
        -1.0,
        -1.0,
        1.0,
        -1.0,
        -1.0,
        1.0,
        -1.0,
        1.0,
        -1.0,
        -1.0,
        -1.0,
        -1.0,
        1.0,
        1.0,
        -1.0,
        -1.0,
        -1.0,
        1.0,
        -1.0,
        -1.0,
        -1.0,
        1.0,
        -1.0,
        1.0,
        -1.0,
        -1.0,
        1.0,
        -1.0,
        -1.0,
        1.0,
        -1.0,
        -0.8252198100090027,
        1.0,
        -1.0,
        -1.0,
        -1.0,
        1.0,
        -1.0,
        1.0,
        -1.0,
        -1.0,
        1.0,
        -1.0,
        1.0,
        1.0,
        -1.0,
        1.0,
        -0.8923227190971375,
        1.0,
        -1.0,
        1.0,
        1.0,
        -1.0,
        -1.0,
        -1.0,
        1.0,
        1.0,
        1.0,
        -1.0,
        -1.0,
        -1.0,
        1.0,
        1.0,
        -1.0,
        -1.0,
        -1.0,
        1.0,
        1.0,
        1.0,
        -1.0,
        1.0,
        -1.0,
        -1.0,
        -1.0,
        1.0,
        1.0,
        -0.9947513937950134,
        -1.0,
        -1.0,
        1.0,
        -1.0,
        1.0,
        1.0,
        1.0,
        1.0,
        1.0,
        1.0,
        -1.0,
        1.0,
        1.0,
        1.0,
        -1.0,
        -1.0,
        1.0,
        -1.0,
        -1.0,
        -1.0,
        1.0,
        -1.0,
        -1.0,
        -1.0,
        -1.0,
        -1.0,
        1.0,
        1.0,
        1.0
    ],
    "embedding_scaling_factor": 75.17672729492188,
    "samples": [
        145678,
        23253,
        69000,
        40000,
        78700,
        40000,
        17500,
        33600,
        35000,
        18264,
        51017,
        47539,
        23253,
        32000,
        20121,
        21807,
        78700,
        62049,
        326525,
        145678,
        47539,
        60000,
        326525,
        326525,
        69000,
        51017,
        145678,
        47539,
        17000,
        23253,
        45000,
        61689,
        40000,
        33600,
        326525,
        145678,
        51017,
        47539,
        47539,
        15151,
        326525,
        14068,
        33600,
        20500,
        19558,
        51017,
        326525,
        17500,
        40644,
        21706,
        51017,
        18264,
        326525,
        326525,
        15054,
        62049,
        145678,
        20121,
        23660,
        145678,
        326525,
        326525,
        326525,
        35000,
        40644,
        34779,
        326525,
        21807,
        145678,
        326525,
        62049,
        59700,
        145678,
        78700,
        23253,
        145678,
        59700,
        19750,
        15054,
        326525,
        145678,
        17000,
        145678,
        61689,
        69000,
        59700,
        145678,
        51017,
        69000,
        51017,
        326525,
        62049,
        59700,
        78700,
        326525,
        27992,
        40644,
        34779,
        62049,
        23538
    ],
    "category_values_ratio": {
        "326525": 201534,
        "145678": 112966,
        "62049": 43857,
        "69000": 40802,
        "32000": 34333,
        "78700": 30201,
        "51017": 28485,
        "47539": 28205,
        "59700": 25979,
        "61689": 23910,
        "40000": 22243,
        "45000": 18434,
        "60000": 18222,
        "17000": 17281,
        "33600": 17026,
        "22844": 14055,
        "34779": 14050,
        "35000": 13738,
        "23538": 13111,
        "18264": 11041,
        "23253": 9880,
        "19558": 9617,
        "21807": 9331,
        "20500": 9262,
        "19750": 9099,
        "20700": 8951,
        "40644": 8774,
        "27992": 8655,
        "21706": 8334,
        "26509": 7979,
        "20708": 7748,
        "23660": 7732,
        "18000": 7458,
        "18700": 7333,
        "14500": 7101,
        "18347": 6885,
        "23507": 6833,
        "17771": 6588,
        "18052": 6260,
        "16844": 6073,
        "18290": 5581,
        "17500": 5458,
        "20121": 5132,
        "14068": 5000,
        "15054": 4864,
        "12300": 4619,
        "18279": 4462,
        "16552": 4339,
        "16155": 4153,
        "8766": 4131,
        "10121": 3871,
        "13392": 3673,
        "16976": 3394,
        "15151": 3358,
        "8352": 2534,
        "0": 101
    },
    "nrows": 954036
}