{
    "column_id": "Financial/Financial.csvFinancial.csv/order.amount",
    "dataset_name": "Financial.csv",
    "dataset_id": "Financial/Financial.csv",
    "path": "/home/ubuntu/CatDB/Experiments/data/Financial/Financial.csv",
    "table_name": "Financial.csv",
    "table_id": "Financial/Financial.csvFinancial.csv",
    "column_name": "order.amount",
    "data_source": "Financial",
    "data_type": "float",
    "total_values_count": 552017,
    "distinct_values_count": 1340,
    "missing_values_count": 0,
    "true_ratio": null,
    "min_value": 2.0,
    "max_value": 14882.0,
    "mean": 3972.4066113905915,
    "median": 3491.5,
    "iqr": 4472.0,
    "category_values": [
        3372.7,
        7266.0,
        2523.2,
        6817.0,
        1110.0,
        164.0,
        5307.5,
        2317.0,
        2584.0,
        97.0,
        2306.8,
        6901.0,
        231.0,
        228.0,
        6915.0,
        6393.0,
        445.0,
        1436.0,
        2411.0,
        3.0,
        15.0,
        8573.0,
        7370.2,
        7348.0,
        3050.0,
        98.0,
        4516.0,
        6256.0,
        1428.0,
        735.0,
        189.0,
        8734.0,
        2288.3,
        4564.0,
        36.0,
        8928.0,
        9112.0,
        4470.5,
        5212.0,
        2577.0,
        2653.0,
        3274.0,
        3803.0,
        3132.0,
        1901.0,
        2785.0,
        13691.0,
        6149.5,
        1057.0,
        2196.0,
        416.0,
        6908.0,
        7801.2,
        4087.0,
        48.0,
        4739.0,
        1683.0,
        4660.0,
        3568.0,
        3840.2,
        8537.0,
        1184.0,
        2.0,
        4.0,
        4201.2,
        7497.0,
        886.0,
        5825.0,
        1756.0,
        7455.0,
        5606.0,
        2068.0,
        8200.2,
        4382.7,
        6454.0,
        3798.2,
        3936.0,
        2282.0,
        955.0,
        1045.0,
        6358.0,
        1704.0,
        6412.0,
        726.0,
        7122.0,
        6041.0,
        4335.8,
        7395.0,
        2153.0,
        1641.0,
        1522.0,
        4492.0,
        2025.7,
        4514.0,
        4605.0,
        8975.0,
        9235.0,
        4423.0,
        7795.5,
        382.0,
        1105.0,
        2843.0,
        1817.0,
        878.0,
        1540.0,
        2211.0,
        2975.0,
        6449.0,
        14291.0,
        3282.0,
        371.0,
        4738.0,
        3151.0,
        5940.0,
        1812.3,
        5237.0,
        3400.5,
        7085.0,
        4090.8,
        4219.5,
        4737.0,
        3273.0,
        632.0,
        1930.0,
        835.0,
        4351.0,
        1416.0,
        8022.8,
        10261.0,
        3105.2,
        4397.0,
        5355.7,
        4910.0,
        3674.0,
        422.0,
        38.0,
        903.0,
        2122.0,
        406.0,
        54.0,
        748.0,
        2077.0,
        3805.2,
        61.0,
        10069.0,
        4114.7,
        1178.0,
        5450.0,
        1974.0,
        2077.3,
        4162.0,
        4375.5,
        5154.0,
        8677.0,
        1762.0,
        2015.0,
        744.0,
        1960.2,
        3368.0,
        5081.0,
        8107.3,
        5930.0,
        1889.0,
        5227.7,
        6376.0,
        14882.0,
        2084.7,
        8210.0,
        3425.2,
        2762.8,
        4557.2,
        3981.0,
        8094.2,
        2359.0,
        1187.0,
        6578.0,
        2676.0,
        9749.0,
        3954.3,
        12113.0,
        9642.0,
        3943.0,
        7178.0,
        14456.0,
        853.0,
        3352.0,
        1972.0,
        6893.0,
        4353.0,
        43.0,
        49.0,
        2390.0,
        501.0,
        5633.0,
        11994.0,
        5710.0,
        1800.0,
        8033.2,
        4610.0,
        4167.0,
        3419.0,
        956.0,
        3990.8,
        4206.0,
        6745.0,
        966.0,
        1236.0,
        8253.0,
        2938.7,
        6994.0,
        6601.7,
        1054.0,
        2329.0,
        723.0,
        8710.0,
        4512.7,
        4198.0,
        4780.0,
        510.0,
        3473.0,
        3269.0,
        1872.8,
        7355.0,
        158.0,
        2317.5,
        5194.0,
        14164.0,
        5700.3,
        7001.0,
        5900.0,
        356.0,
        3318.0,
        14.0,
        4847.0,
        3115.0,
        3210.0,
        4898.2,
        8404.0,
        917.0,
        121.0,
        93.0,
        6844.0,
        4521.0,
        7182.5,
        107.0,
        3136.0,
        2322.7,
        1860.0,
        5961.0,
        13628.0,
        3468.0,
        8460.0,
        7699.8,
        1307.0,
        3407.0,
        3118.0,
        641.0,
        637.0,
        9768.0,
        1944.0,
        7264.0,
        1985.0,
        5129.5,
        1737.0,
        10303.0,
        2223.0,
        3274.8,
        12493.0,
        5922.0,
        7094.0,
        8307.8,
        1085.0,
        5135.0,
        4456.0,
        3034.0,
        3873.7,
        13386.0,
        4625.0,
        7248.8,
        6930.0,
        3021.0,
        592.0,
        1344.0,
        659.0,
        1051.0,
        6395.0,
        5742.0,
        561.0,
        6556.3,
        3359.0,
        690.0,
        1019.0,
        1612.0,
        2013.0,
        10707.0,
        2036.0,
        1069.0,
        485.0,
        1676.0,
        9020.0,
        4723.0,
        4139.0,
        3328.2,
        3612.0,
        575.0,
        5263.0,
        5581.0,
        34.0,
        824.0,
        4613.0,
        4352.0,
        6448.0,
        1496.0,
        7984.3,
        4886.0,
        4187.3,
        9554.0,
        2043.0,
        4982.0,
        2752.0,
        9721.0,
        2637.0,
        671.0,
        713.0,
        8933.0,
        7500.0,
        5016.0,
        1489.0,
        7067.0,
        5681.0,
        3532.0,
        7636.0,
        4816.0,
        3743.0,
        662.0,
        2608.2,
        10723.0,
        6206.0,
        4719.0,
        3197.0,
        66.0,
        461.0,
        1934.0,
        2607.0,
        11222.0,
        2768.0,
        6869.0,
        6985.3,
        2882.0,
        226.0,
        4641.0,
        6892.0,
        733.0,
        7289.0,
        841.0,
        4040.0,
        4059.0,
        4472.0,
        7291.3,
        6778.0,
        7656.0,
        6336.0,
        4542.0,
        5907.0,
        4247.0,
        8400.0,
        2604.5,
        3438.0,
        8143.0,
        23.0,
        3301.0,
        1390.0,
        1033.0,
        7384.0,
        3217.0,
        1354.0,
        8125.3,
        6883.0,
        7696.0,
        3241.8,
        7718.7,
        6907.5,
        9716.0,
        119.0,
        41.0,
        1455.0,
        4714.0,
        1285.0,
        7042.0,
        2567.3,
        1468.0,
        1584.0,
        5353.3,
        14723.0,
        4226.5,
        4474.0,
        5454.0,
        2501.0,
        3702.8,
        3252.2,
        6828.0,
        6411.0,
        2144.0,
        8197.0,
        5677.0,
        7876.0,
        7668.7,
        3231.0,
        567.0,
        58.0,
        221.0,
        9249.0,
        1604.0,
        6086.2,
        10616.0,
        414.0,
        489.0,
        2704.0,
        415.0,
        3385.5,
        850.0,
        2004.0,
        105.0,
        560.0,
        1995.0,
        4318.0,
        2860.7,
        5622.5,
        2931.0,
        3373.0,
        1837.0,
        2913.8,
        4240.0,
        984.0,
        7290.5,
        4486.0,
        3124.0,
        2645.5,
        1894.0,
        368.0,
        8742.0,
        4877.0,
        219.0,
        1169.0,
        5658.0,
        1968.7,
        9503.0,
        5269.0,
        3869.0,
        5148.0,
        9268.0,
        7683.2,
        2389.0,
        1827.0,
        1500.0,
        6365.0,
        3218.0,
        1547.0,
        2856.0,
        3976.0,
        913.0,
        900.0,
        5270.7,
        643.0,
        4458.0,
        3114.0,
        375.0,
        3189.0,
        262.0,
        1921.0,
        5120.2,
        2080.8,
        3508.0,
        7824.0,
        6413.7,
        5577.3,
        2693.7,
        10900.0,
        1078.0,
        2570.0,
        2982.5,
        13428.0,
        5297.7,
        2349.5,
        1494.0,
        2808.0,
        2948.0,
        3312.0,
        5009.0,
        218.0,
        321.0,
        5746.0,
        1926.0,
        403.0,
        1298.0,
        872.0,
        4200.2,
        14448.0,
        11105.0,
        69.0,
        5915.7,
        8753.0,
        2901.0,
        1100.0,
        1242.0,
        6763.0,
        9516.0,
        2255.0,
        4075.5,
        12006.0,
        6646.0,
        3499.0,
        4561.0,
        4797.0,
        4280.0,
        2142.0,
        4172.0,
        6135.0,
        5461.3,
        12756.0,
        7512.7,
        7802.0,
        3716.0,
        3509.0,
        4051.0,
        4601.0,
        3408.0,
        77.0,
        397.0,
        6170.0,
        2051.0,
        1277.0,
        4015.0,
        5005.0,
        7318.0,
        5353.5,
        2770.3,
        2394.5,
        4556.0,
        5528.0,
        3525.0,
        1566.0,
        3195.0,
        912.0,
        3103.0,
        633.0,
        2819.8,
        2253.5,
        10479.0,
        1113.0,
        1607.0,
        424.0,
        1022.0,
        8339.0,
        1684.8,
        8723.0,
        4065.0,
        1347.0,
        2778.7,
        12260.0,
        3647.0,
        554.0,
        2828.0,
        6700.0,
        2121.0,
        475.0,
        437.0,
        3388.0,
        4515.0,
        4049.0,
        4674.2,
        13462.0,
        4485.0,
        3580.0,
        1861.0,
        3413.0,
        9689.0,
        4572.0,
        1922.0,
        603.0,
        3142.0,
        1660.0,
        9698.0,
        1232.0,
        1783.2,
        5902.2,
        4285.0,
        4794.0,
        5925.0,
        6983.3,
        6340.3,
        3300.0,
        6036.0,
        4875.8,
        3938.0,
        1253.0,
        325.0,
        2059.0,
        5996.2,
        2687.0,
        800.0,
        4710.0,
        6039.8,
        2502.8,
        8309.0,
        610.0,
        4930.0,
        3736.0,
        7178.8,
        3583.0,
        4588.5,
        7028.0,
        6327.0,
        9292.0,
        1820.0,
        754.0,
        950.0,
        2568.8,
        1018.0,
        132.0,
        1283.0,
        1863.0,
        5869.0,
        1065.0,
        805.0,
        5292.0,
        3095.0,
        446.0,
        1109.0,
        6738.7,
        3008.0,
        4208.0,
        4755.0,
        286.0,
        412.0,
        3913.0,
        4261.0,
        621.0,
        4897.0,
        6652.5,
        7905.0,
        6687.0,
        5315.0,
        372.0,
        870.0,
        1219.0,
        7242.0,
        5388.5,
        3950.0,
        793.0,
        7260.0,
        1957.0,
        3317.0,
        3559.0,
        9649.0,
        5011.2,
        5791.0,
        1167.0,
        958.0,
        2504.8,
        4331.0,
        9191.0,
        1139.0,
        4226.3,
        6413.0,
        7962.0,
        2489.3,
        8754.0,
        4393.8,
        6148.0,
        832.0,
        2320.0,
        1435.0,
        7281.3,
        8110.0,
        2070.0,
        1017.0,
        2186.0,
        685.0,
        1439.0,
        624.0,
        859.0,
        7279.3,
        6342.0,
        4358.0,
        648.0,
        680.0,
        2348.0,
        11314.0,
        3719.0,
        11878.0,
        3697.8,
        323.0,
        2872.0,
        345.0,
        6049.0,
        6918.3,
        573.0,
        3757.0,
        4760.0,
        4108.3,
        10530.0,
        2756.0,
        10120.0,
        1728.0,
        4845.0,
        2692.0,
        281.0,
        1220.0,
        1413.0,
        7143.0,
        1299.0,
        2060.0,
        4939.0,
        5432.3,
        3076.8,
        9846.0,
        1817.3,
        4685.0,
        1640.0,
        5885.3,
        3028.0,
        1374.0,
        3684.0,
        1594.0,
        1978.0,
        4235.0,
        1272.0,
        1177.0,
        7741.8,
        2635.0,
        1321.0,
        5015.0,
        7685.0,
        8521.0,
        429.0,
        5356.0,
        10608.0,
        8499.0,
        7518.0,
        3155.0,
        728.0,
        2817.3,
        10869.0,
        7847.0,
        2490.0,
        5165.2,
        9523.0,
        6643.7,
        3639.5,
        7274.0,
        1784.5,
        586.0,
        5984.0,
        1332.0,
        5632.8,
        13076.0,
        1459.0,
        3016.7,
        7320.0,
        143.0,
        7396.0,
        3057.0,
        4589.2,
        4891.0,
        2881.0,
        1514.0,
        695.0,
        541.0,
        304.0,
        4192.5,
        3597.0,
        6408.8,
        8606.0,
        8747.0,
        3207.8,
        6510.7,
        10755.0,
        1671.0,
        3881.0,
        1624.0,
        6133.0,
        4853.8,
        1753.0,
        1282.0,
        570.0,
        638.0,
        2650.2,
        7303.0,
        5504.0,
        1982.0,
        815.0,
        1081.0,
        2298.2,
        3159.0,
        3520.0,
        423.0,
        1432.0,
        3454.0,
        2557.0,
        794.0,
        6965.0,
        3738.0,
        827.0,
        1370.0,
        5811.7,
        4059.5,
        4585.0,
        8561.0,
        9910.0,
        2687.5,
        13167.0,
        6015.3,
        8253.2,
        1776.7,
        6359.0,
        1204.0,
        4045.0,
        4882.5,
        236.0,
        11766.0,
        528.0,
        3918.2,
        14581.0,
        2683.0,
        44.0,
        115.0,
        56.0,
        1352.0,
        1080.0,
        2235.0,
        547.0,
        2062.0,
        6110.0,
        3399.0,
        4156.5,
        8089.0,
        5030.0,
        421.0,
        16.0,
        514.0,
        3434.0,
        1879.0,
        691.0,
        276.0,
        6485.0,
        5394.0,
        1056.0,
        2535.7,
        9136.0,
        1900.0,
        6875.0,
        1221.0,
        4086.8,
        4603.0,
        2306.0,
        471.0,
        1319.0,
        3799.8,
        10279.0,
        8013.0,
        3683.0,
        3389.0,
        9847.0,
        3495.8,
        3861.0,
        198.0,
        4112.0,
        1066.0,
        6450.2,
        3197.8,
        6649.0,
        2718.0,
        2302.0,
        2165.0,
        210.0,
        4268.0,
        5856.0,
        6020.0,
        1322.0,
        6678.7,
        9629.0,
        3551.0,
        3077.0,
        9397.0,
        8127.0,
        3937.3,
        1477.0,
        7383.0,
        3673.7,
        8418.0,
        3788.3,
        5836.0,
        2153.8,
        10160.0,
        2332.0,
        8217.0,
        4085.0,
        6202.0,
        7903.8,
        1475.0,
        268.0,
        2197.0,
        1953.0,
        1296.0,
        1721.0,
        434.0,
        2156.0,
        1525.0,
        3816.0,
        5676.0,
        8157.0,
        1042.0,
        137.0,
        6010.2,
        400.0,
        26.0,
        131.0,
        607.0,
        4304.0,
        1653.0,
        4253.7,
        2705.0,
        8116.2,
        3505.0,
        3575.0,
        6164.0,
        6055.0,
        5955.0,
        7268.0,
        7887.7,
        3020.0,
        7158.0,
        6694.2,
        3563.0,
        6469.7,
        5215.0,
        3900.5,
        1074.0,
        4340.0,
        4110.0,
        11567.0,
        916.0,
        10965.0,
        6216.0,
        935.0,
        6123.0,
        5665.0,
        5958.0,
        494.0,
        1655.0,
        6494.8,
        8305.0,
        6184.0,
        2076.0,
        6630.7,
        9538.0,
        2148.0,
        1552.0,
        1241.0,
        1633.0,
        6695.0,
        3017.2,
        6239.2,
        3659.8,
        1915.0,
        413.0,
        646.0,
        2163.0,
        1999.0,
        5870.0,
        359.0,
        5616.2,
        5161.2,
        9105.0,
        7041.0,
        1484.0,
        4104.0,
        2539.0,
        3708.0,
        319.0,
        6950.8,
        1172.0,
        5018.0,
        740.0,
        8039.0,
        410.0,
        4095.0,
        3344.0,
        4437.0,
        3677.3,
        5812.0,
        3507.0,
        495.0,
        3833.0,
        3835.0,
        7370.0,
        4403.0,
        1431.0,
        3570.0,
        6224.3,
        13711.0,
        7753.3,
        3626.0,
        4806.5,
        7170.0,
        5483.0,
        6394.8,
        555.0,
        8894.0,
        1970.8,
        8151.0,
        3094.5,
        8919.0,
        2381.2,
        3598.0,
        8566.0,
        2845.0,
        68.0,
        235.0,
        6089.0,
        2762.0,
        1839.3,
        7357.0,
        708.0,
        3098.0,
        7097.0,
        2088.8,
        3713.0,
        166.0,
        2670.0,
        3171.0,
        3912.0,
        2693.0,
        1142.0,
        25.0,
        9444.0,
        3104.7,
        1749.0,
        6294.0,
        2056.0,
        938.0,
        6330.2,
        3883.0,
        4541.0,
        2088.0,
        6270.0,
        1472.0,
        2587.0,
        831.0,
        3242.0,
        4228.0,
        145.0,
        645.0,
        3179.0,
        4697.0,
        9115.0,
        3416.0,
        4033.0,
        6707.0,
        2999.3,
        1311.0,
        2617.0,
        3585.2,
        4537.3,
        9519.0,
        2666.0,
        9264.0,
        19.0,
        334.0,
        5042.0,
        1451.0,
        1847.0,
        253.0,
        316.0,
        1450.0,
        4950.0,
        887.0,
        545.0,
        3583.7,
        2118.3,
        7936.0,
        2454.5,
        5103.0,
        13461.0,
        3421.5,
        1784.0,
        1164.0,
        3193.0,
        1735.0,
        2239.0,
        2276.0,
        7218.0,
        4753.7,
        3595.0,
        1932.0,
        3298.3,
        9874.0,
        62.0,
        9493.0,
        4017.0,
        3491.5,
        4654.0,
        2735.0,
        2172.0,
        7859.0,
        10240.0,
        4164.0,
        2758.0,
        3983.0,
        3358.0,
        3225.0,
        6245.8,
        2789.0,
        618.0,
        7793.0,
        3033.0,
        5119.0,
        4698.0,
        4704.0,
        2245.0,
        3930.8,
        6803.0,
        4746.0,
        9736.0,
        5688.0,
        6341.0,
        8319.0,
        1527.0,
        9613.0,
        962.0,
        4362.7,
        7234.0,
        4146.0,
        5091.3,
        2476.8,
        3184.3,
        10597.0,
        4893.0,
        5183.0,
        5813.5,
        10721.0,
        2450.2,
        8944.0,
        527.0,
        258.0,
        4764.0,
        3160.7,
        4967.0,
        1320.0,
        2791.0,
        9210.0,
        993.0,
        2488.0,
        8013.7,
        5274.7,
        8136.0,
        6531.0,
        5915.0,
        5010.5,
        1008.0,
        1476.0,
        765.0,
        5887.0,
        2498.0,
        5526.0,
        3013.5,
        1507.0,
        4339.0,
        6953.0,
        529.0,
        5854.2,
        9151.0,
        5415.0,
        4542.7,
        7678.0,
        1609.0,
        1281.0,
        6483.7,
        90.0,
        7601.0,
        2746.0,
        1326.0,
        2784.8,
        6436.0,
        331.0,
        7082.0,
        5079.0,
        5983.0,
        5681.8,
        9535.0,
        4205.0,
        1866.0,
        1842.0,
        6363.3,
        4880.0,
        152.0,
        4122.0,
        1846.0,
        3985.7,
        456.0,
        53.0,
        986.0,
        4260.0,
        3151.3,
        14801.0,
        5802.3,
        9902.0,
        8771.0,
        4328.8,
        12414.0,
        6742.0,
        2605.0,
        4410.0,
        1848.0,
        7240.0,
        6262.0,
        609.0,
        4325.0,
        1773.0,
        2171.0,
        1203.0,
        100.0,
        883.0,
        3238.0,
        5142.0,
        1807.0,
        2323.0,
        7732.0,
        1511.0,
        6315.0,
        10134.0,
        2960.0,
        1950.0,
        1000.0,
        3234.0,
        1951.0,
        2439.0,
        4653.0,
        689.0,
        8049.0,
        5575.3,
        8594.0,
        842.0,
        6959.8,
        5204.2,
        8260.0,
        7498.7,
        11053.0,
        5787.0,
        3740.0,
        4088.0,
        10356.0,
        3810.0,
        1290.0,
        2362.0,
        7223.2,
        4782.0,
        9317.0,
        8241.8,
        6670.0,
        2714.0,
        85.0,
        443.0,
        3221.5,
        3867.0,
        186.0,
        8042.0,
        5435.0,
        1912.0,
        3728.0,
        7066.0,
        3813.7,
        10340.0,
        933.0,
        519.0,
        6426.3,
        3154.0,
        4408.0,
        2939.0,
        1682.0,
        1190.0,
        7312.0,
        2540.8,
        2596.0,
        390.0,
        3651.0,
        4520.0,
        7517.0,
        5493.0,
        5242.0,
        10472.0,
        312.0,
        3216.7,
        4579.0,
        756.0,
        9499.0,
        7040.7,
        2004.2,
        3799.0,
        6031.8,
        8436.0,
        2482.0,
        11506.0,
        1445.0,
        8191.5,
        6661.0,
        3555.0,
        3004.5,
        4736.0,
        3264.0,
        5073.0,
        3744.7,
        6541.2,
        9810.0,
        7440.5,
        9783.0,
        229.0,
        6490.5,
        12154.0,
        506.0,
        4399.0,
        1870.3,
        5808.0,
        2364.0,
        516.0,
        5290.8,
        3849.0,
        2784.0,
        3693.0,
        1632.0,
        4674.0,
        6998.0,
        10886.0,
        4502.3,
        4518.0,
        254.0,
        330.0,
        129.0,
        5392.0
    ],
    "embedding": [
        -0.1328849047422409,
        -0.04622025787830353,
        0.10983633249998093,
        0.03948386758565903,
        0.011826427653431892,
        0.150435671210289,
        0.03303711861371994,
        0.17745323479175568,
        0.16143900156021118,
        0.1947556585073471,
        -0.14251194894313812,
        -0.023754721507430077,
        0.09710872918367386,
        -0.1262054592370987,
        0.10481970757246017,
        -0.114696204662323,
        0.12231464684009552,
        0.10244940221309662,
        0.14606714248657227,
        0.002329787705093622,
        0.15985584259033203,
        -0.14308622479438782,
        0.14349393546581268,
        0.12572848796844482,
        -0.10699015855789185,
        -0.15514050424098969,
        -0.11275239288806915,
        -0.1237557977437973,
        0.13679568469524384,
        -0.20486970245838165,
        -0.07222176343202591,
        -0.10552500933408737,
        0.11207833886146545,
        -0.16644993424415588,
        0.0864541307091713,
        0.13236016035079956,
        0.01794419437646866,
        -0.119475357234478,
        -0.09684400260448456,
        -0.06172722950577736,
        -0.14853236079216003,
        0.13686253130435944,
        -0.14733664691448212,
        0.1022249385714531,
        -0.13009671866893768,
        0.11708436906337738,
        -0.14231769740581512,
        0.012637929059565067,
        0.04863503947854042,
        0.0657183974981308,
        0.001378308399580419,
        -0.11057735234498978,
        0.1729782670736313,
        -0.12389544397592545,
        0.02539188042283058,
        -0.14404530823230743,
        0.01305314153432846,
        0.15393750369548798,
        -0.13542091846466064,
        -0.12313375622034073,
        0.117988720536232,
        0.12292496860027313,
        -0.12261831015348434,
        0.06186091899871826,
        -0.1409754902124405,
        -0.15699821710586548,
        0.18367721140384674,
        0.16697536408901215,
        -0.059783924371004105,
        -0.08983879536390305,
        0.14727166295051575,
        0.10355554521083832,
        -0.15849122405052185,
        0.13721232116222382,
        -0.023749571293592453,
        0.06549397855997086,
        0.16638429462909698,
        -0.07704710215330124,
        0.12867888808250427,
        0.014308096840977669,
        0.05062203109264374,
        0.09524635225534439,
        -0.05658242478966713,
        0.05689201503992081,
        -0.0810808315873146,
        0.06827029585838318,
        0.0755305364727974,
        -0.19422897696495056,
        0.16727878153324127,
        0.14027979969978333,
        -0.09741884469985962,
        0.0579647533595562,
        0.16469338536262512,
        0.14748062193393707,
        0.027349786832928658,
        -0.005688976030796766,
        0.07885604351758957,
        -0.023342574015259743,
        -0.07726702094078064,
        -0.1637345850467682,
        0.017473315820097923,
        0.06215614825487137,
        0.1133674681186676,
        -0.026756854727864265,
        -0.10205154865980148,
        -0.03627341240644455,
        -0.1130051538348198,
        0.11340738832950592,
        0.05295834317803383,
        -0.059425629675388336,
        -0.16570453345775604,
        0.13289381563663483,
        0.0019647860899567604,
        -0.07400383055210114,
        -0.15247374773025513,
        -0.07206600904464722,
        -0.033382806926965714,
        0.013542801141738892,
        -0.05613419786095619,
        -0.07527400553226471,
        0.13773111999034882,
        0.14955270290374756,
        0.05197783559560776,
        -0.10507466644048691,
        0.013942265883088112,
        0.07851458340883255,
        0.16699141263961792,
        0.10855374485254288,
        -0.021519912406802177,
        -0.15554508566856384,
        -0.008307177573442459,
        -0.10377100110054016,
        0.016306137666106224,
        -0.10982194542884827,
        -0.08388668298721313,
        -0.022564401850104332,
        0.03811125457286835,
        0.06267458200454712,
        -0.15273970365524292,
        0.0646279826760292,
        0.04077926278114319,
        -0.12463369965553284,
        0.09429828822612762,
        -0.08150961995124817,
        -0.11234159022569656,
        0.07488586008548737,
        -0.13531024754047394,
        0.09423495829105377,
        0.16605231165885925,
        0.005636207293719053,
        0.10545007884502411,
        -0.10953103750944138,
        -0.1955830156803131,
        0.14093619585037231,
        -0.11123615503311157,
        -0.06263325363397598,
        -0.0738193616271019,
        0.039601925760507584,
        0.07987987995147705,
        -0.17162302136421204,
        -0.12142158299684525,
        0.1304226666688919,
        -0.06599260121583939,
        -0.06164775788784027,
        0.034958478063344955,
        -0.03701290115714073,
        -0.08574815094470978,
        0.14932703971862793,
        0.07848652452230453,
        0.07193602621555328,
        0.07254161685705185,
        0.04670116305351257,
        -0.21020077168941498,
        0.07985776662826538,
        -0.0775158479809761,
        0.0935368612408638,
        -0.1548631191253662,
        -0.08839477598667145,
        0.0075849206186831,
        0.14276111125946045,
        0.06591574102640152,
        -0.03853514418005943,
        0.0008628357900306582,
        -0.12397466599941254,
        -0.057044025510549545,
        -0.015616446733474731,
        -0.17690685391426086,
        -0.08813586831092834,
        -0.023251593112945557,
        0.016137169674038887,
        0.05316514894366264,
        0.02738865837454796,
        -0.08654676377773285,
        -0.0681474506855011,
        -0.06289360672235489,
        -0.0814138874411583,
        -0.09106293320655823,
        0.09690142422914505,
        0.1995476484298706,
        0.11502114683389664,
        0.1498713195323944,
        -0.08334963768720627,
        0.013132641091942787,
        0.10828017443418503,
        -0.07410457730293274,
        0.06854182481765747,
        0.11577943712472916,
        -0.04997226223349571,
        0.03373958170413971,
        -0.06342502683401108,
        0.06885728240013123,
        0.02866949886083603,
        0.10460944473743439,
        0.11718720942735672,
        -0.18064609169960022,
        0.1186065524816513,
        -0.13668958842754364,
        0.19658078253269196,
        0.09911257028579712,
        -0.07031328976154327,
        0.16331639885902405,
        -0.09241145849227905,
        0.12344959378242493,
        0.05473792925477028,
        0.16950072348117828,
        0.08130110055208206,
        -0.1069941520690918,
        -0.16159458458423615,
        0.09428244829177856,
        0.05008506774902344,
        0.06632112711668015,
        0.03790482506155968,
        -0.0856802761554718,
        0.009253930300474167,
        0.04049820080399513,
        0.03033568151295185,
        -0.029064664617180824,
        0.04177670180797577,
        0.1038370206952095,
        0.005848110653460026,
        0.08010390400886536,
        -0.14390508830547333,
        -0.01026737317442894,
        -0.13772137463092804,
        -0.09229432791471481,
        0.1885385513305664,
        0.06273940205574036,
        0.10163111984729767,
        -0.04581569507718086,
        0.09870342910289764,
        0.12926039099693298,
        -0.19229987263679504,
        -0.08424890041351318,
        0.04908360540866852,
        -0.007159145548939705,
        0.10508900880813599,
        0.04395885393023491,
        0.06725556403398514,
        0.12451556324958801,
        0.07424483448266983,
        0.011497682891786098,
        0.07340753823518753,
        -0.08229876309633255,
        0.06843668222427368,
        -0.13920088112354279,
        -0.08059249818325043,
        -0.004175852052867413,
        -0.15487046539783478,
        -0.09846196323633194,
        0.07017791271209717,
        -0.13368622958660126,
        -0.10750772058963776,
        0.06880383938550949,
        0.08419212698936462,
        -0.2168416678905487,
        0.009766275063157082,
        -0.1212034672498703,
        0.08596944063901901,
        -0.09638284891843796,
        -0.09638191759586334,
        0.07687220722436905,
        0.04553060233592987,
        0.10485626757144928,
        0.146047443151474,
        0.04340111091732979,
        0.19737352430820465,
        0.20397038757801056,
        0.10193882882595062,
        -0.04047580808401108,
        -0.059365879744291306,
        0.07128040492534637,
        0.1337345987558365,
        0.04042379930615425,
        -0.1196034774184227,
        -0.10404779016971588,
        -0.019395476207137108,
        0.09267621487379074,
        0.16716577112674713,
        -0.1698564738035202,
        -0.10601415485143661
    ],
    "embedding_scaling_factor": 3.4081200283253565e-05,
    "samples": [
        403.0,
        4760.0,
        3318.0,
        2148.0,
        3798.2,
        8013.7,
        9716.0,
        3551.0,
        4340.0,
        4087.0,
        1054.0,
        10597.0,
        4512.7,
        5700.3,
        3869.0,
        643.0,
        1972.0,
        1934.0,
        13386.0,
        54.0,
        1085.0,
        4698.0,
        3241.8,
        2523.2,
        23.0,
        5869.0,
        3151.3,
        3683.0,
        4104.0,
        2148.0,
        2056.0,
        6893.0,
        13386.0,
        4930.0,
        8742.0,
        6483.7,
        561.0,
        2490.0,
        4088.0,
        4512.7,
        1320.0,
        23.0,
        8013.0,
        3509.0,
        3154.0,
        2080.8,
        1837.0,
        570.0,
        3344.0,
        4059.5,
        1285.0,
        1285.0,
        4588.5,
        5394.0,
        2828.0,
        6413.0,
        680.0,
        23.0,
        85.0,
        4049.0,
        6485.0,
        6135.0,
        1475.0,
        7636.0,
        2.0,
        3697.8,
        3132.0,
        1477.0,
        4719.0,
        5353.3,
        23.0,
        9810.0,
        6315.0,
        413.0,
        7396.0,
        2276.0,
        9716.0,
        262.0,
        993.0,
        8436.0,
        3184.3,
        8110.0,
        3274.0,
        2607.0,
        3491.5,
        3034.0,
        9721.0,
        2364.0,
        1236.0,
        49.0,
        4065.0,
        2332.0,
        1439.0,
        397.0,
        316.0,
        3532.0,
        3004.5,
        4017.0,
        4090.8,
        2186.0
    ],
    "category_values_ratio": {
        "3372.7": 1912,
        "7266.0": 1912,
        "13386.0": 1682,
        "3114.0": 1673,
        "56.0": 1613,
        "413.0": 1599,
        "2.0": 1579,
        "262.0": 1563,
        "4087.0": 1492,
        "3195.0": 1492,
        "6327.0": 1477,
        "5353.5": 1428,
        "4610.0": 1407,
        "7636.0": 1406,
        "4362.7": 1387,
        "3873.7": 1367,
        "646.0": 1350,
        "2163.0": 1350,
        "1915.0": 1350,
        "3659.8": 1350,
        "2762.0": 1346,
        "3189.0": 1330,
        "1921.0": 1330,
        "375.0": 1330,
        "331.0": 1292,
        "5016.0": 1290,
        "3034.0": 1274,
        "2523.2": 1228,
        "733.0": 1225,
        "41.0": 1218,
        "119.0": 1218,
        "9716.0": 1218,
        "6907.5": 1218,
        "49.0": 1170,
        "7903.8": 1169,
        "164.0": 1154,
        "3532.0": 1151,
        "189.0": 1144,
        "6256.0": 1144,
        "1428.0": 1144,
        "735.0": 1144,
        "8734.0": 1144,
        "115.0": 1134,
        "1352.0": 1134,
        "2683.0": 1134,
        "44.0": 1134,
        "3298.3": 1119,
        "489.0": 1113,
        "6950.8": 1113,
        "3160.7": 1108,
        "7170.0": 1086,
        "5483.0": 1086,
        "7041.0": 1070,
        "1484.0": 1070,
        "3697.8": 1070,
        "4340.0": 1064,
        "3184.3": 1060,
        "10597.0": 1060,
        "13711.0": 1054,
        "6224.3": 1054,
        "471.0": 1054,
        "319.0": 1050,
        "3708.0": 1050,
        "6869.0": 1002,
        "5900.0": 1002,
        "1489.0": 996,
        "7281.3": 988,
        "3004.5": 984,
        "4736.0": 984,
        "4845.0": 975,
        "609.0": 974,
        "6262.0": 974,
        "1184.0": 968,
        "1435.0": 960,
        "832.0": 960,
        "2320.0": 960,
        "6148.0": 960,
        "3509.0": 956,
        "4051.0": 956,
        "3716.0": 956,
        "6330.2": 954,
        "3575.0": 951,
        "4542.0": 946,
        "5907.0": 946,
        "3813.7": 945,
        "6436.0": 940,
        "7082.0": 940,
        "5887.0": 930,
        "2498.0": 930,
        "5526.0": 930,
        "7242.0": 908,
        "3835.0": 902,
        "7370.0": 902,
        "2025.7": 885,
        "3221.5": 883,
        "4780.0": 879,
        "1468.0": 878,
        "1584.0": 878,
        "2567.3": 878,
        "2784.8": 876,
        "6020.0": 866,
        "1322.0": 866,
        "3684.0": 860,
        "7517.0": 856,
        "5493.0": 856,
        "2670.0": 854,
        "6239.2": 850,
        "6695.0": 846,
        "5018.0": 846,
        "1172.0": 846,
        "226.0": 845,
        "2059.0": 843,
        "2490.0": 832,
        "7847.0": 832,
        "1475.0": 830,
        "10279.0": 830,
        "2197.0": 830,
        "268.0": 830,
        "3799.8": 830,
        "3016.7": 815,
        "7268.0": 812,
        "5955.0": 812,
        "7801.2": 811,
        "5700.3": 807,
        "4206.0": 803,
        "1056.0": 802,
        "5394.0": 802,
        "2306.8": 799,
        "5996.2": 797,
        "4898.2": 788,
        "9689.0": 784,
        "6494.8": 784,
        "8305.0": 784,
        "6483.7": 783,
        "15.0": 781,
        "2608.2": 774,
        "7802.0": 774,
        "3242.0": 768,
        "2587.0": 768,
        "831.0": 768,
        "5813.5": 767,
        "66.0": 765,
        "424.0": 760,
        "4588.5": 760,
        "695.0": 759,
        "3216.7": 758,
        "2488.0": 752,
        "993.0": 752,
        "9210.0": 752,
        "2791.0": 752,
        "5011.2": 750,
        "3151.3": 744,
        "4.0": 744,
        "7318.0": 744,
        "5005.0": 744,
        "3900.5": 731,
        "3647.0": 726,
        "621.0": 715,
        "1347.0": 711,
        "6202.0": 710,
        "561.0": 703,
        "2650.2": 701,
        "2196.0": 697,
        "878.0": 694,
        "1320.0": 692,
        "6164.0": 692,
        "6055.0": 692,
        "4967.0": 692,
        "1540.0": 683,
        "3155.0": 683,
        "6541.2": 678,
        "9810.0": 678,
        "4806.5": 676,
        "1281.0": 673,
        "3421.5": 672,
        "2153.8": 669,
        "325.0": 669,
        "5161.2": 665,
        "1241.0": 662,
        "1552.0": 662,
        "3990.8": 654,
        "4760.0": 652,
        "1930.0": 652,
        "3491.5": 649,
        "4654.0": 649,
        "2735.0": 649,
        "9493.0": 643,
        "4017.0": 643,
        "5388.5": 641,
        "870.0": 637,
        "1219.0": 637,
        "5315.0": 637,
        "372.0": 637,
        "4605.0": 634,
        "2752.0": 634,
        "4641.0": 634,
        "6892.0": 634,
        "4982.0": 634,
        "3419.0": 633,
        "956.0": 633,
        "4167.0": 633,
        "4456.0": 632,
        "7518.0": 628,
        "5885.3": 628,
        "1374.0": 628,
        "1594.0": 628,
        "3028.0": 628,
        "3197.8": 626,
        "913.0": 624,
        "900.0": 624,
        "2856.0": 624,
        "3976.0": 624,
        "3702.8": 623,
        "8022.8": 622,
        "8400.0": 613,
        "3179.0": 611,
        "4697.0": 611,
        "9115.0": 611,
        "10886.0": 608,
        "6998.0": 608,
        "8143.0": 606,
        "3438.0": 606,
        "23.0": 606,
        "7936.0": 605,
        "8033.2": 605,
        "2118.3": 605,
        "1783.2": 602,
        "5791.0": 601,
        "1167.0": 601,
        "958.0": 601,
        "3328.2": 599,
        "9268.0": 598,
        "8049.0": 598,
        "689.0": 598,
        "323.0": 598,
        "345.0": 598,
        "2439.0": 598,
        "5148.0": 598,
        "2872.0": 598,
        "3869.0": 598,
        "4653.0": 598,
        "3639.5": 596,
        "1326.0": 595,
        "4738.0": 594,
        "1953.0": 591,
        "434.0": 591,
        "1296.0": 591,
        "2607.0": 591,
        "1721.0": 591,
        "1641.0": 588,
        "2153.0": 588,
        "1522.0": 588,
        "3318.0": 586,
        "3312.0": 584,
        "5009.0": 584,
        "4208.0": 584,
        "218.0": 584,
        "321.0": 584,
        "4719.0": 581,
        "7370.2": 581,
        "5015.0": 580,
        "1321.0": 580,
        "2617.0": 580,
        "2635.0": 580,
        "1311.0": 580,
        "5676.0": 579,
        "8157.0": 579,
        "137.0": 579,
        "1042.0": 579,
        "1847.0": 576,
        "1450.0": 576,
        "316.0": 576,
        "253.0": 576,
        "10340.0": 572,
        "933.0": 572,
        "756.0": 571,
        "4579.0": 571,
        "9499.0": 571,
        "1968.7": 570,
        "9503.0": 570,
        "13167.0": 566,
        "6678.7": 566,
        "2687.5": 566,
        "573.0": 565,
        "6918.3": 565,
        "93.0": 564,
        "7001.0": 564,
        "356.0": 564,
        "8404.0": 564,
        "917.0": 564,
        "121.0": 564,
        "671.0": 564,
        "7218.0": 561,
        "2239.0": 561,
        "2276.0": 561,
        "800.0": 560,
        "2687.0": 560,
        "48.0": 560,
        "955.0": 552,
        "2282.0": 552,
        "1045.0": 552,
        "3936.0": 552,
        "4219.5": 551,
        "8042.0": 550,
        "186.0": 550,
        "8151.0": 549,
        "1970.8": 549,
        "6817.0": 548,
        "8573.0": 548,
        "3.0": 548,
        "1110.0": 548,
        "1436.0": 548,
        "2411.0": 548,
        "8136.0": 547,
        "6531.0": 547,
        "8094.2": 547,
        "5915.0": 547,
        "3833.0": 544,
        "495.0": 544,
        "3136.0": 538,
        "107.0": 538,
        "7182.5": 538,
        "1081.0": 537,
        "3020.0": 536,
        "2043.0": 534,
        "4110.0": 533,
        "2704.0": 533,
        "415.0": 533,
        "11567.0": 533,
        "4437.0": 532,
        "410.0": 532,
        "3344.0": 532,
        "4095.0": 532,
        "2645.5": 530,
        "8742.0": 530,
        "368.0": 530,
        "8110.0": 530,
        "2070.0": 530,
        "1894.0": 530,
        "1017.0": 530,
        "6358.0": 526,
        "1704.0": 526,
        "2172.0": 526,
        "7303.0": 526,
        "1848.0": 520,
        "4410.0": 520,
        "6010.2": 520,
        "6395.0": 514,
        "4335.8": 514,
        "7240.0": 512,
        "1455.0": 512,
        "4714.0": 512,
        "1285.0": 512,
        "1817.0": 511,
        "2843.0": 511,
        "1105.0": 511,
        "382.0": 511,
        "7028.0": 506,
        "403.0": 504,
        "1817.3": 502,
        "3598.0": 500,
        "2381.2": 500,
        "8566.0": 500,
        "2359.0": 499,
        "610.0": 499,
        "5079.0": 499,
        "1187.0": 499,
        "6578.0": 499,
        "7040.7": 499,
        "4514.0": 493,
        "2577.0": 491,
        "3274.0": 491,
        "2653.0": 491,
        "853.0": 490,
        "872.0": 490,
        "1972.0": 490,
        "5227.7": 490,
        "3352.0": 490,
        "6893.0": 490,
        "2482.0": 488,
        "228.0": 484,
        "4399.0": 484,
        "506.0": 484,
        "501.0": 483,
        "43.0": 483,
        "4353.0": 483,
        "2390.0": 483,
        "10721.0": 481,
        "2148.0": 479,
        "3744.7": 477,
        "9874.0": 476,
        "4537.3": 476,
        "62.0": 476,
        "1934.0": 474,
        "7223.2": 473,
        "4782.0": 473,
        "9317.0": 473,
        "6408.8": 473,
        "4104.0": 472,
        "8307.8": 471,
        "5135.0": 471,
        "1085.0": 471,
        "2088.8": 471,
        "3713.0": 471,
        "3918.2": 470,
        "6745.0": 470,
        "14581.0": 470,
        "1671.0": 467,
        "5432.3": 464,
        "4285.0": 464,
        "5902.2": 464,
        "3938.0": 464,
        "1253.0": 464,
        "6994.0": 462,
        "2938.7": 462,
        "586.0": 462,
        "5984.0": 462,
        "1332.0": 462,
        "3317.0": 462,
        "3359.0": 460,
        "10240.0": 460,
        "7859.0": 460,
        "1612.0": 460,
        "1019.0": 460,
        "7312.0": 460,
        "4015.0": 460,
        "1609.0": 460,
        "690.0": 460,
        "1272.0": 459,
        "1978.0": 459,
        "4235.0": 459,
        "9516.0": 458,
        "2060.0": 458,
        "2255.0": 458,
        "2960.0": 457,
        "1950.0": 457,
        "1000.0": 457,
        "4146.0": 457,
        "1985.0": 456,
        "2088.0": 456,
        "7264.0": 456,
        "2931.0": 456,
        "3033.0": 454,
        "5119.0": 454,
        "3008.0": 453,
        "6738.7": 453,
        "2476.8": 453,
        "555.0": 452,
        "6394.8": 452,
        "8894.0": 452,
        "4458.0": 450,
        "643.0": 450,
        "5270.7": 450,
        "2306.0": 449,
        "1319.0": 449,
        "4397.0": 447,
        "3105.2": 447,
        "13691.0": 446,
        "2785.0": 446,
        "886.0": 444,
        "4201.2": 444,
        "7497.0": 444,
        "3231.0": 444,
        "10472.0": 441,
        "12414.0": 441,
        "5242.0": 441,
        "4328.8": 441,
        "7741.8": 441,
        "2778.7": 440,
        "10723.0": 440,
        "4085.0": 435,
        "3883.0": 433,
        "4541.0": 433,
        "3495.8": 431,
        "198.0": 431,
        "3861.0": 431,
        "3225.0": 431,
        "3358.0": 431,
        "3057.0": 431,
        "2077.0": 429,
        "6245.8": 428,
        "2789.0": 428,
        "618.0": 428,
        "7793.0": 428,
        "2489.3": 427,
        "8754.0": 427,
        "2768.0": 426,
        "2604.5": 422,
        "5616.2": 422,
        "1431.0": 422,
        "4403.0": 422,
        "1500.0": 421,
        "6365.0": 421,
        "2389.0": 421,
        "4382.7": 421,
        "6315.0": 421,
        "1827.0": 421,
        "10134.0": 421,
        "7984.3": 420,
        "4512.7": 418,
        "4198.0": 418,
        "281.0": 417,
        "2692.0": 417,
        "1220.0": 417,
        "7512.7": 416,
        "3264.0": 416,
        "5073.0": 416,
        "8339.0": 415,
        "400.0": 414,
        "5269.0": 414,
        "26.0": 414,
        "131.0": 414,
        "607.0": 414,
        "7289.0": 413,
        "6184.0": 413,
        "2076.0": 413,
        "841.0": 413,
        "4090.8": 412,
        "4033.0": 412,
        "6707.0": 412,
        "14723.0": 412,
        "7094.0": 412,
        "5922.0": 412,
        "3416.0": 412,
        "5353.3": 412,
        "4875.8": 410,
        "1951.0": 410,
        "3234.0": 410,
        "1178.0": 409,
        "5450.0": 409,
        "1974.0": 409,
        "7248.8": 408,
        "4156.5": 407,
        "2142.0": 407,
        "8013.7": 407,
        "5274.7": 406,
        "6089.0": 406,
        "8116.2": 406,
        "68.0": 406,
        "235.0": 406,
        "912.0": 406,
        "3103.0": 406,
        "633.0": 406,
        "97.0": 404,
        "3595.0": 404,
        "4753.7": 404,
        "4358.0": 403,
        "6469.7": 403,
        "1445.0": 403,
        "3585.2": 403,
        "4268.0": 402,
        "2298.2": 402,
        "5856.0": 402,
        "6643.7": 401,
        "2693.0": 400,
        "3612.0": 400,
        "34.0": 400,
        "3912.0": 400,
        "9736.0": 400,
        "25.0": 400,
        "824.0": 400,
        "1142.0": 400,
        "5581.0": 400,
        "4746.0": 400,
        "9444.0": 400,
        "4739.0": 399,
        "1683.0": 399,
        "5983.0": 399,
        "6170.0": 397,
        "4601.0": 397,
        "3408.0": 397,
        "77.0": 397,
        "397.0": 397,
        "4192.5": 396,
        "3507.0": 392,
        "5812.0": 392,
        "3677.3": 392,
        "8319.0": 392,
        "1527.0": 392,
        "7685.0": 391,
        "4557.2": 389,
        "4065.0": 388,
        "8013.0": 386,
        "58.0": 385,
        "2637.0": 384,
        "7962.0": 384,
        "6413.0": 384,
        "713.0": 384,
        "8933.0": 384,
        "4226.3": 384,
        "2605.0": 382,
        "6953.0": 382,
        "6742.0": 382,
        "3719.0": 382,
        "4339.0": 382,
        "11878.0": 382,
        "3013.5": 382,
        "445.0": 382,
        "6393.0": 382,
        "1507.0": 382,
        "6915.0": 382,
        "3597.0": 381,
        "5622.5": 380,
        "1080.0": 379,
        "2235.0": 379,
        "547.0": 379,
        "4518.0": 378,
        "4502.3": 378,
        "254.0": 378,
        "6149.5": 376,
        "4059.5": 376,
        "4585.0": 376,
        "416.0": 376,
        "1057.0": 376,
        "7500.0": 375,
        "2535.7": 374,
        "9136.0": 374,
        "4318.0": 372,
        "8753.0": 370,
        "691.0": 370,
        "276.0": 370,
        "1879.0": 370,
        "5575.3": 370,
        "5915.7": 370,
        "3434.0": 370,
        "6485.0": 370,
        "5940.0": 369,
        "3151.0": 369,
        "6336.0": 369,
        "4613.0": 367,
        "4352.0": 367,
        "3816.0": 366,
        "1684.8": 366,
        "8723.0": 366,
        "4075.5": 365,
        "12006.0": 365,
        "14882.0": 364,
        "4408.0": 363,
        "3154.0": 363,
        "5577.3": 361,
        "8975.0": 361,
        "6294.0": 360,
        "1749.0": 360,
        "5091.3": 360,
        "3104.7": 360,
        "708.0": 359,
        "1889.0": 358,
        "7067.0": 358,
        "5930.0": 358,
        "5681.0": 358,
        "4625.0": 356,
        "1728.0": 355,
        "1459.0": 354,
        "1861.0": 353,
        "3580.0": 353,
        "4485.0": 353,
        "1177.0": 353,
        "1773.0": 352,
        "4325.0": 352,
        "3124.0": 352,
        "4486.0": 352,
        "5081.0": 350,
        "3368.0": 350,
        "1960.2": 350,
        "1451.0": 348,
        "5042.0": 348,
        "3983.0": 347,
        "4164.0": 347,
        "2758.0": 347,
        "330.0": 344,
        "129.0": 344,
        "3840.2": 344,
        "5392.0": 344,
        "8537.0": 344,
        "680.0": 343,
        "648.0": 343,
        "8127.0": 342,
        "9397.0": 342,
        "2156.0": 339,
        "1525.0": 339,
        "2539.0": 339,
        "7384.0": 336,
        "1494.0": 335,
        "2051.0": 335,
        "1277.0": 335,
        "6341.0": 334,
        "6206.0": 334,
        "1018.0": 333,
        "1283.0": 333,
        "3867.0": 333,
        "2568.8": 333,
        "132.0": 333,
        "312.0": 332,
        "5633.0": 330,
        "11994.0": 330,
        "14291.0": 330,
        "6449.0": 330,
        "485.0": 329,
        "1069.0": 329,
        "1676.0": 329,
        "2036.0": 329,
        "9020.0": 329,
        "1604.0": 328,
        "9249.0": 328,
        "10530.0": 327,
        "4108.3": 327,
        "2332.0": 327,
        "8217.0": 327,
        "9105.0": 326,
        "210.0": 323,
        "5665.0": 323,
        "7085.0": 323,
        "2718.0": 323,
        "2165.0": 323,
        "3400.5": 323,
        "2302.0": 323,
        "2323.0": 322,
        "9910.0": 322,
        "7732.0": 322,
        "1807.0": 322,
        "3551.0": 322,
        "9629.0": 322,
        "5454.0": 322,
        "8561.0": 322,
        "4474.0": 322,
        "5142.0": 322,
        "8436.0": 321,
        "6031.8": 321,
        "754.0": 321,
        "1820.0": 321,
        "950.0": 321,
        "1547.0": 320,
        "3218.0": 320,
        "2557.0": 319,
        "794.0": 319,
        "3454.0": 319,
        "6965.0": 319,
        "1242.0": 316,
        "1100.0": 316,
        "2901.0": 316,
        "6763.0": 316,
        "1756.0": 314,
        "258.0": 314,
        "4764.0": 314,
        "3757.0": 313,
        "3583.0": 308,
        "1109.0": 305,
        "446.0": 305,
        "3095.0": 305,
        "5165.2": 305,
        "8260.0": 304,
        "516.0": 303,
        "1870.3": 303,
        "1299.0": 303,
        "7143.0": 303,
        "1413.0": 303,
        "2999.3": 303,
        "5808.0": 303,
        "4723.0": 303,
        "2364.0": 303,
        "4139.0": 303,
        "5194.0": 302,
        "14164.0": 302,
        "6803.0": 302,
        "3930.8": 302,
        "6687.0": 301,
        "1837.0": 300,
        "659.0": 300,
        "3373.0": 300,
        "1344.0": 300,
        "592.0": 300,
        "3021.0": 300,
        "1051.0": 300,
        "1065.0": 299,
        "5292.0": 299,
        "805.0": 299,
        "1863.0": 299,
        "5869.0": 299,
        "221.0": 297,
        "3626.0": 296,
        "514.0": 296,
        "5030.0": 296,
        "421.0": 296,
        "16.0": 296,
        "6450.2": 295,
        "3388.0": 294,
        "4515.0": 294,
        "2819.8": 293,
        "456.0": 291,
        "53.0": 291,
        "986.0": 291,
        "4260.0": 291,
        "3985.7": 291,
        "6049.0": 291,
        "2860.7": 290,
        "1074.0": 289,
        "3159.0": 288,
        "7396.0": 287,
        "7320.0": 287,
        "143.0": 287,
        "1735.0": 286,
        "5742.0": 286,
        "4253.7": 286,
        "2705.0": 286,
        "4492.0": 286,
        "6652.5": 284,
        "7279.3": 283,
        "3525.0": 283,
        "6342.0": 283,
        "5528.0": 283,
        "1566.0": 283,
        "166.0": 282,
        "13076.0": 282,
        "5632.8": 282,
        "3499.0": 282,
        "3171.0": 282,
        "6646.0": 282,
        "6041.0": 281,
        "726.0": 281,
        "1624.0": 281,
        "3881.0": 281,
        "7122.0": 281,
        "6412.0": 281,
        "219.0": 280,
        "1784.5": 280,
        "1169.0": 280,
        "4877.0": 280,
        "6828.0": 277,
        "3252.2": 277,
        "6411.0": 277,
        "6601.7": 275,
        "5925.0": 275,
        "4794.0": 275,
        "2223.0": 274,
        "6133.0": 274,
        "5129.5": 274,
        "10303.0": 274,
        "2288.3": 274,
        "36.0": 274,
        "4564.0": 274,
        "1737.0": 274,
        "3950.0": 273,
        "6216.0": 269,
        "6700.0": 269,
        "935.0": 269,
        "7718.7": 269,
        "2828.0": 269,
        "554.0": 269,
        "1139.0": 267,
        "8039.0": 267,
        "9191.0": 267,
        "740.0": 267,
        "9554.0": 265,
        "4187.3": 265,
        "2144.0": 264,
        "5958.0": 263,
        "6270.0": 263,
        "494.0": 263,
        "1472.0": 263,
        "1655.0": 263,
        "6340.3": 261,
        "3300.0": 261,
        "6036.0": 261,
        "231.0": 260,
        "7876.0": 260,
        "6901.0": 260,
        "6908.0": 260,
        "1633.0": 259,
        "1477.0": 258,
        "7383.0": 258,
        "3937.3": 258,
        "2322.7": 256,
        "423.0": 256,
        "1432.0": 256,
        "13628.0": 256,
        "5961.0": 256,
        "3520.0": 256,
        "1926.0": 255,
        "1298.0": 255,
        "406.0": 254,
        "54.0": 254,
        "3798.2": 254,
        "748.0": 254,
        "9292.0": 254,
        "2122.0": 254,
        "903.0": 254,
        "765.0": 251,
        "5010.5": 251,
        "1008.0": 251,
        "1476.0": 251,
        "5415.0": 250,
        "510.0": 249,
        "638.0": 249,
        "443.0": 249,
        "85.0": 249,
        "570.0": 249,
        "1753.0": 249,
        "3269.0": 249,
        "2714.0": 249,
        "3473.0": 249,
        "1282.0": 249,
        "529.0": 248,
        "2056.0": 247,
        "938.0": 247,
        "8191.5": 246,
        "5435.0": 245,
        "4172.0": 245,
        "1912.0": 245,
        "6135.0": 245,
        "3210.0": 244,
        "4589.2": 244,
        "4891.0": 244,
        "3115.0": 244,
        "10261.0": 243,
        "4114.7": 240,
        "2882.0": 239,
        "6985.3": 239,
        "4710.0": 237,
        "4200.2": 236,
        "2245.0": 235,
        "4704.0": 235,
        "4698.0": 235,
        "1390.0": 234,
        "152.0": 234,
        "1846.0": 234,
        "1033.0": 234,
        "4122.0": 234,
        "3301.0": 234,
        "6359.0": 233,
        "4045.0": 233,
        "1204.0": 233,
        "10965.0": 232,
        "916.0": 232,
        "2746.0": 232,
        "11506.0": 232,
        "2450.2": 232,
        "90.0": 232,
        "7601.0": 232,
        "5355.7": 230,
        "3674.0": 230,
        "38.0": 230,
        "422.0": 230,
        "4910.0": 230,
        "6086.2": 230,
        "10869.0": 230,
        "4893.0": 230,
        "10616.0": 230,
        "2817.3": 230,
        "414.0": 230,
        "5183.0": 230,
        "7795.5": 229,
        "8771.0": 228,
        "9902.0": 228,
        "4930.0": 227,
        "3736.0": 227,
        "541.0": 226,
        "1514.0": 226,
        "304.0": 226,
        "6694.2": 225,
        "1307.0": 224,
        "7699.8": 224,
        "6510.7": 224,
        "3407.0": 224,
        "10755.0": 224,
        "6649.0": 224,
        "528.0": 223,
        "11766.0": 223,
        "236.0": 223,
        "4882.5": 223,
        "5504.0": 222,
        "61.0": 221,
        "10069.0": 221,
        "2454.5": 221,
        "3805.2": 221,
        "2676.0": 220,
        "6630.7": 220,
        "3683.0": 220,
        "9538.0": 220,
        "9847.0": 220,
        "3389.0": 220,
        "9749.0": 220,
        "4423.0": 218,
        "9235.0": 218,
        "1932.0": 218,
        "1872.8": 216,
        "7355.0": 216,
        "158.0": 216,
        "5746.0": 215,
        "3568.0": 214,
        "10707.0": 214,
        "7158.0": 214,
        "9519.0": 214,
        "4660.0": 214,
        "2666.0": 214,
        "2013.0": 214,
        "7260.0": 213,
        "6363.3": 213,
        "3943.0": 213,
        "1957.0": 213,
        "9642.0": 213,
        "793.0": 213,
        "3207.8": 213,
        "4880.0": 213,
        "1354.0": 212,
        "850.0": 212,
        "3217.0": 212,
        "105.0": 212,
        "3385.5": 212,
        "9721.0": 212,
        "560.0": 212,
        "2004.0": 212,
        "5237.0": 210,
        "5870.0": 210,
        "1999.0": 210,
        "8309.0": 210,
        "359.0": 210,
        "2502.8": 210,
        "3050.0": 209,
        "4516.0": 209,
        "98.0": 209,
        "2171.0": 208,
        "4561.0": 208,
        "4797.0": 208,
        "1203.0": 208,
        "100.0": 208,
        "883.0": 208,
        "3238.0": 208,
        "7824.0": 206,
        "2080.8": 206,
        "3508.0": 206,
        "13461.0": 206,
        "7178.8": 206,
        "5103.0": 206,
        "3077.0": 205,
        "641.0": 204,
        "4304.0": 204,
        "3118.0": 204,
        "637.0": 204,
        "1653.0": 204,
        "6959.8": 202,
        "5356.0": 202,
        "10608.0": 202,
        "7042.0": 200,
        "7290.5": 200,
        "2982.5": 199,
        "5263.0": 199,
        "575.0": 199,
        "2770.3": 199,
        "13428.0": 199,
        "4247.0": 199,
        "5688.0": 198,
        "7274.0": 198,
        "10120.0": 198,
        "2756.0": 198,
        "5658.0": 198,
        "603.0": 197,
        "9698.0": 197,
        "1660.0": 197,
        "3142.0": 197,
        "1922.0": 197,
        "4280.0": 196,
        "286.0": 196,
        "412.0": 196,
        "4755.0": 196,
        "4393.8": 196,
        "3017.2": 196,
        "3913.0": 196,
        "5836.0": 194,
        "9523.0": 194,
        "624.0": 193,
        "3981.0": 193,
        "2186.0": 193,
        "685.0": 193,
        "859.0": 193,
        "1439.0": 193,
        "7357.0": 192,
        "835.0": 192,
        "1839.3": 192,
        "4351.0": 192,
        "1416.0": 192,
        "3505.0": 191,
        "7097.0": 191,
        "3098.0": 191,
        "1221.0": 190,
        "1900.0": 190,
        "6875.0": 190,
        "887.0": 190,
        "4950.0": 190,
        "545.0": 190,
        "4886.0": 189,
        "4228.0": 189,
        "1511.0": 189,
        "645.0": 189,
        "2349.5": 189,
        "6930.0": 189,
        "145.0": 189,
        "6454.0": 188,
        "4853.8": 188,
        "437.0": 188,
        "2121.0": 188,
        "475.0": 188,
        "2077.3": 186,
        "4162.0": 186,
        "8460.0": 185,
        "3468.0": 185,
        "7753.3": 185,
        "8253.0": 184,
        "966.0": 184,
        "1236.0": 184,
        "9768.0": 182,
        "962.0": 182,
        "9613.0": 182,
        "1944.0": 182,
        "3799.0": 181,
        "2004.2": 181,
        "1982.0": 180,
        "815.0": 180,
        "662.0": 180,
        "4816.0": 180,
        "3743.0": 180,
        "8747.0": 177,
        "8606.0": 177,
        "1682.0": 177,
        "2939.0": 177,
        "842.0": 177,
        "1190.0": 177,
        "8594.0": 177,
        "3241.8": 177,
        "1022.0": 176,
        "3803.0": 176,
        "1607.0": 176,
        "1113.0": 176,
        "3132.0": 176,
        "1370.0": 175,
        "4520.0": 175,
        "827.0": 175,
        "3651.0": 175,
        "390.0": 175,
        "1232.0": 175,
        "2596.0": 175,
        "2540.8": 175,
        "3738.0": 175,
        "4059.0": 173,
        "7440.5": 173,
        "4472.0": 173,
        "229.0": 173,
        "4939.0": 173,
        "9783.0": 173,
        "4040.0": 173,
        "5120.2": 173,
        "12154.0": 170,
        "6490.5": 170,
        "10160.0": 169,
        "1054.0": 169,
        "5215.0": 168,
        "4572.0": 168,
        "7887.7": 168,
        "2808.0": 167,
        "8107.3": 166,
        "1860.0": 166,
        "3740.0": 163,
        "5787.0": 163,
        "5677.0": 162,
        "8197.0": 162,
        "3425.2": 162,
        "6123.0": 161,
        "527.0": 161,
        "8944.0": 161,
        "3197.0": 160,
        "461.0": 160,
        "8200.2": 159,
        "14801.0": 158,
        "4737.0": 158,
        "6426.3": 158,
        "3273.0": 158,
        "632.0": 158,
        "1842.0": 157,
        "4205.0": 157,
        "1866.0": 157,
        "3849.0": 155,
        "5290.8": 155,
        "2784.0": 155,
        "567.0": 155,
        "7668.7": 155,
        "6039.8": 154,
        "4049.0": 153,
        "3076.8": 153,
        "9846.0": 153,
        "3413.0": 153,
        "2504.8": 152,
        "4331.0": 152,
        "3583.7": 151,
        "2211.0": 150,
        "2975.0": 150,
        "6661.0": 149,
        "6110.0": 149,
        "3399.0": 149,
        "2362.0": 149,
        "3810.0": 149,
        "8418.0": 149,
        "1290.0": 149,
        "3555.0": 149,
        "3673.7": 149,
        "5681.8": 148,
        "4897.0": 148,
        "9535.0": 148,
        "6556.3": 147,
        "5825.0": 147,
        "4674.0": 146,
        "2881.0": 145,
        "5802.3": 145,
        "3954.3": 144,
        "12113.0": 144,
        "12756.0": 143,
        "2501.0": 143,
        "5461.3": 143,
        "6015.3": 142,
        "69.0": 142,
        "11105.0": 142,
        "2948.0": 137,
        "9264.0": 135,
        "3570.0": 135,
        "334.0": 135,
        "19.0": 135,
        "6983.3": 134,
        "4542.7": 133,
        "7678.0": 133,
        "2762.8": 132,
        "2845.0": 131,
        "7905.0": 130,
        "2584.0": 130,
        "5307.5": 130,
        "2317.0": 130,
        "8928.0": 129,
        "9112.0": 129,
        "8499.0": 128,
        "4847.0": 128,
        "14.0": 128,
        "2084.7": 127,
        "1995.0": 127,
        "5297.7": 127,
        "8210.0": 127,
        "8521.0": 126,
        "4226.5": 126,
        "6376.0": 126,
        "429.0": 126,
        "8919.0": 125,
        "12260.0": 124,
        "12493.0": 124,
        "3274.8": 124,
        "7498.7": 120,
        "11053.0": 120,
        "10479.0": 119,
        "2317.5": 119,
        "2253.5": 119,
        "8241.8": 116,
        "6670.0": 116,
        "1066.0": 114,
        "4112.0": 114,
        "2394.5": 113,
        "4240.0": 113,
        "984.0": 113,
        "4556.0": 113,
        "2913.8": 113,
        "4685.0": 112,
        "1640.0": 112,
        "8089.0": 111,
        "4674.2": 111,
        "13462.0": 111,
        "1901.0": 108,
        "5811.7": 108,
        "7395.0": 108,
        "3563.0": 108,
        "11222.0": 107,
        "1812.3": 105,
        "3728.0": 104,
        "1776.7": 104,
        "7066.0": 104,
        "4261.0": 104,
        "728.0": 103,
        "1800.0": 103,
        "5710.0": 103,
        "3094.5": 103,
        "8125.3": 101,
        "6883.0": 101,
        "7696.0": 101,
        "7683.2": 101,
        "3193.0": 100,
        "1164.0": 100,
        "1784.0": 100,
        "6844.0": 99,
        "4521.0": 99,
        "3788.3": 97,
        "1078.0": 94,
        "4088.0": 94,
        "10900.0": 94,
        "11314.0": 94,
        "10356.0": 94,
        "2570.0": 94,
        "2348.0": 94,
        "2693.7": 94,
        "14448.0": 94,
        "9649.0": 93,
        "3559.0": 93,
        "2329.0": 92,
        "723.0": 92,
        "8710.0": 92,
        "4375.5": 91,
        "7234.0": 88,
        "4603.0": 87,
        "4086.8": 87,
        "2062.0": 87,
        "6778.0": 85,
        "7291.3": 85,
        "7656.0": 85,
        "14456.0": 83,
        "7178.0": 83,
        "519.0": 83,
        "7455.0": 80,
        "5606.0": 80,
        "2068.0": 80,
        "5204.2": 77,
        "1496.0": 76,
        "6448.0": 76,
        "8253.2": 76,
        "3693.0": 75,
        "1632.0": 75,
        "6413.7": 73,
        "5854.2": 73,
        "9151.0": 73,
        "4470.5": 65,
        "5212.0": 65,
        "371.0": 63,
        "3282.0": 63,
        "7348.0": 59,
        "1762.0": 57,
        "8677.0": 57,
        "2015.0": 57,
        "744.0": 57,
        "5154.0": 57
    },
    "nrows": 552017
}