{
    "column_id": "Airline/Airline.csvAirline.csv/Div1Airport",
    "dataset_name": "Airline.csv",
    "dataset_id": "Airline/Airline.csv",
    "path": "/home/ubuntu/CatDB/Experiments/data/Airline/Airline.csv",
    "table_name": "Airline.csv",
    "table_id": "Airline/Airline.csvAirline.csv",
    "column_name": "Div1Airport",
    "data_source": "Airline",
    "data_type": "natural_language_text",
    "total_values_count": 445827,
    "distinct_values_count": 147,
    "missing_values_count": 444898,
    "true_ratio": null,
    "min_value": null,
    "max_value": null,
    "mean": null,
    "median": null,
    "iqr": null,
    "category_values": [
        "TPA",
        "RSW",
        "PHL",
        "IAH",
        "JFK",
        "STL",
        "LAS",
        "MSY",
        "SYR",
        "LAX",
        "DFW",
        "MCO",
        "JAX",
        "FLL",
        "ELP",
        "NAS",
        "MIA",
        "ORD",
        "PBI",
        "SHV",
        "PIT",
        "SAV",
        "BWI",
        "SAT",
        "PHX",
        "MSN",
        "BFI",
        "IND",
        "AFW",
        "ATL",
        "CAE",
        "SJC",
        "DEN",
        "BDL",
        "DSM",
        "MCI",
        "SJU",
        "MEM",
        "SEA",
        "HOU",
        "BOS",
        "ANC",
        "PDX",
        "CLT",
        "OAK",
        "ONT",
        "GEG",
        "TUS",
        "HNL",
        "SIT",
        "SFO",
        "JNU",
        "KTN",
        "SCC",
        "PAE",
        "CHS",
        "PSP",
        "BTV",
        "SLC",
        "ACY",
        "MHT",
        "SWF",
        "HPN",
        "SPS",
        "MSP",
        "CLE",
        "GJT",
        "SBA",
        "SBP",
        "ABQ",
        "AUS",
        "FWA",
        "TWF",
        "IDA",
        "SBN",
        "BIL",
        "DTW",
        "MTJ",
        "TUL",
        "PVU",
        "PIH",
        "MFR",
        "YKM",
        "LWS",
        "ENV",
        "LAN",
        "BOI",
        "BIS",
        "GCC",
        "BNA",
        "LFT",
        "ABE",
        "RDM",
        "MKE",
        "EAU",
        "DLH",
        "FAR",
        "SDF",
        "HSV",
        "COS",
        "TVC",
        "GRB",
        "RNO",
        "ICT",
        "EWR",
        "MOB",
        "ALB",
        "FAT",
        "SRQ",
        "MDT",
        "CRP",
        "YVR",
        "RDU",
        "MDW",
        "BUR",
        "SMF",
        "SAN",
        "DAL",
        "OKC",
        "BHM",
        "LIT",
        "HRL",
        "ROC",
        "CMH",
        "ECP",
        "PNS",
        "BUF",
        "ORF",
        "DAY",
        "GRR",
        "DCA",
        "IAD",
        "TLH",
        "CVG",
        "MBS",
        "GSP",
        "BTR",
        "MAF",
        "LCH",
        "AEX",
        "EVV",
        "MGM",
        "ROA",
        "AVP",
        "CAK",
        "XNA",
        "OMA"
    ],
    "embedding": [
        -0.088227279484272,
        -0.05549931898713112,
        0.04184519872069359,
        -0.9972087144851685,
        0.18517856299877167,
        -0.03209197521209717,
        -0.03518145903944969,
        -0.9974483251571655,
        0.9980509281158447,
        -0.08878190070390701,
        0.07029865682125092,
        -0.014539984054863453,
        0.9030646681785583,
        0.05751471593976021,
        -0.9573183059692383,
        -0.05437024310231209,
        -0.022419365122914314,
        0.15561549365520477,
        -0.0275128036737442,
        -0.07532469928264618,
        0.363274484872818,
        0.01807602308690548,
        0.06701956689357758,
        -0.9987039566040039,
        0.9991540312767029,
        0.1497311145067215,
        -0.036027904599905014,
        -0.11910230666399002,
        0.062482770532369614,
        -0.27220430970191956,
        -0.11599460244178772,
        -0.1335790902376175,
        -0.061577148735523224,
        0.23213998973369598,
        0.13140130043029785,
        0.0050010839477181435,
        0.3577015995979309,
        0.12265515327453613,
        0.04054124653339386,
        -0.2224758416414261,
        -0.021873176097869873,
        0.9703521728515625,
        0.0034388345666229725,
        0.13033097982406616,
        -0.8424067497253418,
        0.33477982878685,
        -0.17690224945545197,
        -0.048182372003793716,
        -0.018614506348967552,
        0.040790364146232605,
        -0.0603562630712986,
        -0.22335493564605713,
        0.017137527465820312,
        0.9268868565559387,
        -0.13664840161800385,
        -0.39988553524017334,
        -0.09621527045965195,
        -0.010770028457045555,
        -0.9707820415496826,
        0.01803789846599102,
        -0.006613186094909906,
        0.995888888835907,
        0.9998430013656616,
        0.07531682401895523,
        -0.9998136758804321,
        -0.022871535271406174,
        0.010189739987254143,
        0.30080655217170715,
        0.2641471028327942,
        -0.9766085743904114,
        0.9663730263710022,
        -0.05584462359547615,
        -0.1962863951921463,
        0.04258421063423157,
        0.07069920003414154,
        0.11608109623193741,
        -0.023889949545264244,
        -0.16059981286525726,
        0.04314118251204491,
        -0.04284891486167908,
        0.05469750612974167,
        -0.3912452161312103,
        0.16257253289222717,
        -0.005033120047301054,
        -0.07037695497274399,
        0.27669331431388855,
        -0.26365986466407776,
        -0.0564291775226593,
        0.038160376250743866,
        0.007583530619740486,
        0.1926276683807373,
        0.052807968109846115,
        -0.032296910881996155,
        -0.12139851599931717,
        0.05980546399950981,
        0.11648246645927429,
        -0.998134195804596,
        0.04837359860539436,
        -0.9981004595756531,
        -0.9824944138526917,
        0.12531492114067078,
        0.9680129885673523,
        -0.17227394878864288,
        0.04366815835237503,
        -0.11253184825181961,
        0.27931779623031616,
        0.35400232672691345,
        -0.04885013401508331,
        0.33325332403182983,
        0.1214885488152504,
        0.9967456459999084,
        0.2564624845981598,
        0.07839503139257431,
        0.9970537424087524,
        0.18892860412597656,
        0.00452832318842411,
        -0.03952765837311745,
        -0.09040679037570953,
        -0.09676578640937805,
        0.07326297461986542,
        -0.20097848773002625,
        -0.15034522116184235,
        -0.09450217336416245,
        -0.1569823920726776,
        0.4398471415042877,
        0.01307933870702982,
        -0.9971968531608582,
        -0.16106490790843964,
        -0.16161441802978516,
        -0.9885818958282471,
        0.9787738919258118,
        0.6616096496582031,
        -0.13508674502372742,
        0.17359590530395508,
        0.999725878238678,
        0.05491478368639946,
        0.0253297071903944,
        -0.2948610484600067,
        -0.027057241648435593,
        0.1858755350112915,
        0.5566988587379456,
        -0.4038502275943756,
        -0.9741395115852356,
        -0.9983133673667908,
        0.08310656249523163,
        -0.03203681483864784,
        0.04767782986164093,
        0.06386363506317139,
        0.9616029262542725,
        0.0671115443110466,
        -0.09417861700057983,
        0.08176394551992416,
        0.05062136799097061,
        0.9929313659667969,
        -0.21016763150691986,
        -0.010007400996983051,
        -0.36488649249076843,
        0.1844659298658371,
        0.008800976909697056,
        0.061476923525333405,
        -0.0805758684873581,
        -0.06136210635304451,
        0.11649852246046066,
        -0.21538901329040527,
        -0.09706898033618927,
        0.8429646492004395,
        0.1489282250404358,
        -0.9526394009590149,
        -0.08448979258537292,
        -0.08401430398225784,
        0.18268181383609772,
        -0.061381082981824875,
        0.05227142944931984,
        0.9674355387687683,
        0.048371389508247375,
        -0.09603417664766312,
        0.9262822866439819,
        -0.025856010615825653,
        -0.113874651491642,
        0.991109311580658,
        0.2939302325248718,
        -0.0643601343035698,
        -0.046549901366233826,
        0.06717776507139206,
        -0.05631721019744873,
        -0.03640007972717285,
        -0.027629442512989044,
        -0.9985313415527344,
        -0.018600231036543846,
        -0.1338394731283188,
        -0.0672154352068901,
        0.14308421313762665,
        -0.03672441095113754,
        -0.2867773175239563,
        0.12275899201631546,
        0.9828639030456543,
        0.3085572123527527,
        0.11794378608465195,
        -0.1576162427663803,
        -0.08000502735376358,
        -0.9986289739608765,
        0.11426865309476852,
        0.9998067021369934,
        -0.04146919026970863,
        -0.056588560342788696,
        -0.5865817666053772,
        0.9793782234191895,
        -0.9132062196731567,
        0.2068152278661728,
        0.9715880155563354,
        -0.04408186674118042,
        0.08612927049398422,
        0.08424026519060135,
        -0.08831258118152618,
        -0.015143835917115211,
        0.2935527265071869,
        -0.9981425404548645,
        -0.0008229552186094224,
        -0.029879018664360046,
        -0.12922121584415436,
        0.2104353904724121,
        0.12370932847261429,
        -0.001704482943750918,
        -0.13467362523078918,
        -0.20764195919036865,
        0.10328657180070877,
        0.1516888439655304,
        -0.023624228313565254,
        0.14369311928749084,
        -0.005581265315413475,
        -0.9653791785240173,
        -0.9882986545562744,
        -0.046482060104608536,
        0.9528566598892212,
        0.4777431786060333,
        0.06018448248505592,
        -0.0650295689702034,
        0.13799437880516052,
        -0.11118533462285995,
        -0.9977787733078003,
        0.8903713822364807,
        0.08258776366710663,
        -0.47213321924209595,
        -0.011922578327357769,
        -0.9962356686592102,
        -0.9979999661445618,
        0.17887569963932037,
        -0.086249440908432,
        0.0023510863538831472,
        0.3216494023799896,
        0.09274611622095108,
        0.11805999279022217,
        0.9976726770401001,
        -0.004420693963766098,
        -0.9559370875358582,
        -0.11597785353660583,
        0.0852845162153244,
        -0.9972168207168579,
        0.9967048168182373,
        0.9072806239128113,
        -0.9489268064498901,
        -0.12630170583724976,
        -0.07275816798210144,
        -0.19030481576919556,
        0.21283766627311707,
        0.05398369953036308,
        0.04608141630887985,
        0.2186344712972641,
        0.12353754043579102,
        0.13283666968345642,
        0.17735666036605835,
        0.13963131606578827,
        0.14034932851791382,
        0.08194100856781006,
        0.998955488204956,
        -0.18285170197486877,
        -0.06415250152349472,
        -0.9998340606689453,
        0.19110651314258575,
        0.15787148475646973,
        -0.05957243964076042,
        0.24899409711360931,
        -0.03573355823755264,
        0.05071127787232399,
        -0.9981697201728821,
        -0.2639910876750946,
        0.22121191024780273,
        -0.04623200371861458,
        -0.992901086807251,
        0.17809386551380157,
        -0.27690792083740234,
        0.13470575213432312,
        -0.025195274502038956,
        -0.004546635784208775,
        -0.04495179280638695,
        0.9234113693237305,
        0.06178493797779083,
        0.07061680406332016,
        -0.21565526723861694,
        -0.09583134949207306
    ],
    "embedding_scaling_factor": 3.2611889839172363,
    "samples": [],
    "category_values_ratio": {
        "TWF": 41,
        "DEN": 37,
        "ATL": 30,
        "TPA": 28,
        "DFW": 27,
        "SLC": 26,
        "PDX": 25,
        "MCO": 22,
        "GJT": 21,
        "LAX": 21,
        "ORD": 20,
        "PHX": 20,
        "CLE": 17,
        "LAS": 17,
        "SAT": 16,
        "SJC": 16,
        "SEA": 15,
        "RSW": 14,
        "MSP": 14,
        "IAH": 14,
        "SFO": 13,
        "BWI": 13,
        "STL": 13,
        "PBI": 13,
        "FLL": 12,
        "OAK": 12,
        "DAL": 11,
        "JFK": 11,
        "PHL": 11,
        "AUS": 10,
        "DTW": 10,
        "ONT": 10,
        "HNL": 10,
        "SJU": 9,
        "HOU": 9,
        "MSY": 9,
        "IND": 9,
        "ANC": 7,
        "MDW": 7,
        "PIT": 7,
        "MEM": 7,
        "MKE": 7,
        "MCI": 7,
        "SMF": 6,
        "JAX": 6,
        "SWF": 6,
        "BOI": 6,
        "BOS": 6,
        "IAD": 6,
        "ORF": 5,
        "BTR": 5,
        "CHS": 5,
        "BIL": 5,
        "PIH": 5,
        "CVG": 5,
        "RNO": 5,
        "MIA": 5,
        "ABQ": 5,
        "LIT": 5,
        "MSN": 4,
        "ELP": 4,
        "SIT": 4,
        "SDF": 4,
        "SYR": 4,
        "PNS": 4,
        "SHV": 4,
        "BNA": 4,
        "BDL": 4,
        "MHT": 4,
        "CRP": 4,
        "TUS": 3,
        "TUL": 3,
        "CLT": 3,
        "EWR": 3,
        "SAV": 3,
        "PSP": 3,
        "IDA": 3,
        "COS": 3,
        "BHM": 3,
        "ICT": 3,
        "LCH": 3,
        "GRB": 3,
        "OKC": 3,
        "ABE": 3,
        "RDU": 3,
        "FWA": 2,
        "CMH": 2,
        "HSV": 2,
        "FAR": 2,
        "AVP": 2,
        "SBN": 2,
        "LAN": 2,
        "AEX": 2,
        "DSM": 2,
        "GCC": 2,
        "TVC": 2,
        "DLH": 2,
        "HRL": 2,
        "MDT": 2,
        "GEG": 2,
        "GSP": 2,
        "BTV": 2,
        "ALB": 2,
        "BFI": 2,
        "HPN": 2,
        "BUF": 2,
        "DAY": 2,
        "SBA": 2,
        "JNU": 2,
        "ACY": 1,
        "BIS": 1,
        "MTJ": 1,
        "LFT": 1,
        "RDM": 1,
        "EAU": 1,
        "SBP": 1,
        "SPS": 1,
        "FAT": 1,
        "MOB": 1,
        "LWS": 1,
        "SRQ": 1,
        "YVR": 1,
        "PAE": 1,
        "MFR": 1,
        "BUR": 1,
        "KTN": 1,
        "ENV": 1,
        "ROA": 1,
        "YKM": 1,
        "MAF": 1,
        "CAE": 1,
        "XNA": 1,
        "CAK": 1,
        "MGM": 1,
        "DCA": 1,
        "EVV": 1,
        "GRR": 1,
        "AFW": 1,
        "SAN": 1,
        "TLH": 1,
        "NAS": 1,
        "MBS": 1,
        "ECP": 1,
        "PVU": 1,
        "SCC": 1,
        "ROC": 1,
        "OMA": 1
    },
    "nrows": 445827
}