{
    "column_id": "Airline/Airline.csvAirline.csv/Div1Airport_Description",
    "dataset_name": "Airline.csv",
    "dataset_id": "Airline/Airline.csv",
    "path": "/home/ubuntu/CatDB/Experiments/data/Airline/Airline.csv",
    "table_name": "Airline.csv",
    "table_id": "Airline/Airline.csvAirline.csv",
    "column_name": "Div1Airport_Description",
    "data_source": "Airline",
    "data_type": "natural_language_text",
    "total_values_count": 445827,
    "distinct_values_count": 147,
    "missing_values_count": 444898,
    "true_ratio": null,
    "min_value": null,
    "max_value": null,
    "mean": null,
    "median": null,
    "iqr": null,
    "category_values": [
        "Tampa, FL: Tampa International",
        "Fort Myers, FL: Southwest Florida International",
        "Philadelphia, PA: Philadelphia International",
        "Houston, TX: George Bush Intercontinental/Houston",
        "New York, NY: John F. Kennedy International",
        "St. Louis, MO: Lambert-St. Louis International",
        "Las Vegas, NV: McCarran International",
        "New Orleans, LA: Louis Armstrong New Orleans International",
        "Syracuse, NY: Syracuse Hancock International",
        "Los Angeles, CA: Los Angeles International",
        "Dallas/Fort Worth, TX: Dallas/Fort Worth International",
        "Orlando, FL: Orlando International",
        "Jacksonville, FL: Jacksonville International",
        "Fort Lauderdale, FL: Fort Lauderdale-Hollywood International",
        "El Paso, TX: El Paso International",
        "Nassau, The Bahamas: Lynden Pindling International",
        "Miami, FL: Miami International",
        "Chicago, IL: Chicago O'Hare International",
        "West Palm Beach/Palm Beach, FL: Palm Beach International",
        "Shreveport, LA: Shreveport Regional",
        "Pittsburgh, PA: Pittsburgh International",
        "Savannah, GA: Savannah/Hilton Head International",
        "Baltimore, MD: Baltimore/Washington International Thurgood Marshall",
        "San Antonio, TX: San Antonio International",
        "Phoenix, AZ: Phoenix Sky Harbor International",
        "Madison, WI: Dane County Regional-Truax Field",
        "Seattle, WA: Boeing Field/King County International",
        "Indianapolis, IN: Indianapolis International",
        "Dallas/Fort Worth, TX: Fort Worth Alliance",
        "Atlanta, GA: Hartsfield-Jackson Atlanta International",
        "Columbia, SC: Columbia Metropolitan",
        "San Jose, CA: Norman Y. Mineta San Jose International",
        "Denver, CO: Denver International",
        "Hartford, CT: Bradley International",
        "Des Moines, IA: Des Moines International",
        "Kansas City, MO: Kansas City International",
        "San Juan, PR: Luis Munoz Marin International",
        "Memphis, TN: Memphis International",
        "Seattle, WA: Seattle/Tacoma International",
        "Houston, TX: William P Hobby",
        "Boston, MA: Logan International",
        "Anchorage, AK: Ted Stevens Anchorage International",
        "Portland, OR: Portland International",
        "Charlotte, NC: Charlotte Douglas International",
        "Oakland, CA: Metropolitan Oakland International",
        "Ontario, CA: Ontario International",
        "Spokane, WA: Spokane International",
        "Tucson, AZ: Tucson International",
        "Honolulu, HI: Honolulu International",
        "Sitka, AK: Sitka Rocky Gutierrez",
        "San Francisco, CA: San Francisco International",
        "Juneau, AK: Juneau International",
        "Ketchikan, AK: Ketchikan International",
        "Deadhorse, AK: Deadhorse Airport",
        "Everett, WA: Snohomish County",
        "Charleston, SC: Charleston AFB/International",
        "Palm Springs, CA: Palm Springs International",
        "Burlington, VT: Burlington International",
        "Salt Lake City, UT: Salt Lake City International",
        "Atlantic City, NJ: Atlantic City International",
        "Manchester, NH: Manchester-Boston Regional",
        "Newburgh/Poughkeepsie, NY: Stewart International",
        "White Plains, NY: Westchester County",
        "Wichita Falls, TX: Sheppard AFB/Wichita Falls Municipal",
        "Minneapolis, MN: Minneapolis-St Paul International",
        "Cleveland, OH: Cleveland-Hopkins International",
        "Grand Junction, CO: Grand Junction Regional",
        "Santa Barbara, CA: Santa Barbara Municipal",
        "San Luis Obispo, CA: San Luis County Regional",
        "Albuquerque, NM: Albuquerque International Sunport",
        "Austin, TX: Austin - Bergstrom International",
        "Fort Wayne, IN: Fort Wayne International",
        "Twin Falls, ID: Joslin Field - Magic Valley Regional",
        "Idaho Falls, ID: Idaho Falls Regional",
        "South Bend, IN: South Bend International",
        "Billings, MT: Billings Logan International",
        "Detroit, MI: Detroit Metro Wayne County",
        "Montrose/Delta, CO: Montrose Regional",
        "Tulsa, OK: Tulsa International",
        "Provo, UT: Provo Municipal",
        "Pocatello, ID: Pocatello Regional",
        "Medford, OR: Rogue Valley International - Medford",
        "Yakima, WA: Yakima Air Terminal/McAllister Field",
        "Lewiston, ID: Lewiston Nez Perce County",
        "Wendover, UT: Wendover Airport",
        "Lansing, MI: Capital Region International",
        "Boise, ID: Boise Air Terminal",
        "Bismarck/Mandan, ND: Bismarck Municipal",
        "Gillette, WY: Gillette Campbell County",
        "Nashville, TN: Nashville International",
        "Lafayette, LA: Lafayette Regional Paul Fournet Field",
        "Allentown/Bethlehem/Easton, PA: Lehigh Valley International",
        "Bend/Redmond, OR: Roberts Field",
        "Milwaukee, WI: General Mitchell International",
        "Eau Claire, WI: Chippewa Valley Regional",
        "Duluth, MN: Duluth International",
        "Fargo, ND: Hector International",
        "Louisville, KY: Louisville International-Standiford Field",
        "Huntsville, AL: Huntsville International-Carl T Jones Field",
        "Colorado Springs, CO: City of Colorado Springs Municipal",
        "Traverse City, MI: Cherry Capital",
        "Green Bay, WI: Austin Straubel International",
        "Reno, NV: Reno/Tahoe International",
        "Wichita, KS: Wichita Dwight D Eisenhower National",
        "Newark, NJ: Newark Liberty International",
        "Mobile, AL: Mobile Regional",
        "Albany, NY: Albany International",
        "Fresno, CA: Fresno Yosemite International",
        "Sarasota/Bradenton, FL: Sarasota/Bradenton International",
        "Harrisburg, PA: Harrisburg International",
        "Corpus Christi, TX: Corpus Christi International",
        "Vancouver, Canada: Vancouver International",
        "Raleigh/Durham, NC: Raleigh-Durham International",
        "Chicago, IL: Chicago Midway International",
        "Burbank, CA: Bob Hope",
        "Sacramento, CA: Sacramento International",
        "San Diego, CA: San Diego International",
        "Dallas, TX: Dallas Love Field",
        "Oklahoma City, OK: Will Rogers World",
        "Birmingham, AL: Birmingham-Shuttlesworth International",
        "Little Rock, AR: Bill and Hillary Clinton Nat Adams Field",
        "Harlingen/San Benito, TX: Valley International",
        "Rochester, NY: Greater Rochester International",
        "Columbus, OH: Port Columbus International",
        "Panama City, FL: Northwest Florida Beaches International",
        "Pensacola, FL: Pensacola International",
        "Buffalo, NY: Buffalo Niagara International",
        "Norfolk, VA: Norfolk International",
        "Dayton, OH: James M Cox/Dayton International",
        "Grand Rapids, MI: Gerald R. Ford International",
        "Washington, DC: Ronald Reagan Washington National",
        "Washington, DC: Washington Dulles International",
        "Tallahassee, FL: Tallahassee International",
        "Cincinnati, OH: Cincinnati/Northern Kentucky International",
        "Saginaw/Bay City/Midland, MI: MBS International",
        "Greer, SC: Greenville-Spartanburg International",
        "Baton Rouge, LA: Baton Rouge Metropolitan/Ryan Field",
        "Midland/Odessa, TX: Midland International",
        "Lake Charles, LA: Lake Charles Regional",
        "Alexandria, LA: Alexandria International",
        "Evansville, IN: Evansville Regional",
        "Montgomery, AL: Montgomery Regional",
        "Roanoke, VA: Roanoke Blacksburg Regional Woodrum Field",
        "Scranton/Wilkes-Barre, PA: Wilkes Barre Scranton International",
        "Akron, OH: Akron-Canton Regional",
        "Fayetteville, AR: Northwest Arkansas Regional",
        "Omaha, NE: Eppley Airfield"
    ],
    "embedding": [
        -0.06755544990301132,
        -0.06441504508256912,
        0.1318289190530777,
        -1.0,
        0.11875207722187042,
        0.03428955748677254,
        -0.08025480061769485,
        -1.0,
        1.0,
        -0.1273624747991562,
        0.015473506413400173,
        -0.021193020045757294,
        0.9936562180519104,
        0.11554588377475739,
        -0.9999992251396179,
        -0.07013090699911118,
        -0.09100788086652756,
        0.12810496985912323,
        0.0027642783243209124,
        -0.13248011469841003,
        0.2761180102825165,
        -0.03902335464954376,
        0.08107855170965195,
        -0.999998927116394,
        0.9998261332511902,
        0.07158055901527405,
        0.030055254697799683,
        -0.02884485013782978,
        0.09894386678934097,
        -0.3133041560649872,
        -0.09484075754880905,
        -0.08079461753368378,
        -0.003597733797505498,
        0.18034183979034424,
        0.04302732273936272,
        0.0996818095445633,
        0.34933632612228394,
        0.06055769324302673,
        0.07624214142560959,
        -0.17177632451057434,
        -0.10079076141119003,
        0.9999992251396179,
        0.059679388999938965,
        0.18106959760189056,
        -0.8759377598762512,
        0.31018272042274475,
        -0.10485786199569702,
        -0.13726046681404114,
        -0.049879830330610275,
        0.06274734437465668,
        -0.09465005248785019,
        -0.2622298300266266,
        0.043413858860731125,
        0.9888108968734741,
        -0.18259786069393158,
        -0.3544042110443115,
        -0.12761807441711426,
        -0.0784885510802269,
        -0.9999983310699463,
        -0.02295312099158764,
        -0.02909727394580841,
        0.9999918937683105,
        0.9999992251396179,
        0.10841041803359985,
        -0.9999985694885254,
        -0.07660415768623352,
        0.06104950234293938,
        0.2865811288356781,
        0.1981429159641266,
        -0.999999463558197,
        0.9999993443489075,
        -0.13725857436656952,
        -0.15344014763832092,
        0.08903087675571442,
        0.17224754393100739,
        0.03335199132561684,
        -0.027998631820082664,
        -0.09489913284778595,
        -0.008592385798692703,
        -0.049838289618492126,
        -0.004494533408433199,
        -0.49185341596603394,
        0.09254034608602524,
        0.07180451601743698,
        -0.008684772998094559,
        0.2378053516149521,
        -0.21333925426006317,
        -0.11752420663833618,
        -0.031592462211847305,
        0.06246231123805046,
        0.1587998867034912,
        0.10062702000141144,
        0.01832542009651661,
        -0.08658028393983841,
        -0.01412599440664053,
        0.1957947462797165,
        -1.0,
        0.11614435911178589,
        -0.9999994039535522,
        -0.9999985098838806,
        0.22013680636882782,
        0.9999991655349731,
        -0.08225210756063461,
        -0.03043493814766407,
        -0.07193373888731003,
        0.21918192505836487,
        0.3850409984588623,
        -0.11662990599870682,
        0.3175084590911865,
        0.14244943857192993,
        0.9999972581863403,
        0.17051972448825836,
        0.08088096976280212,
        0.9999991059303284,
        0.24681545794010162,
        0.07292331010103226,
        0.04342533275485039,
        -0.11818838864564896,
        -0.026068704202771187,
        0.012057576328516006,
        -0.16872593760490417,
        -0.08242767304182053,
        -0.0023908987641334534,
        -0.24735188484191895,
        0.3762005567550659,
        0.06632588058710098,
        -1.0,
        -0.08653265982866287,
        -0.11467596143484116,
        -0.9925663471221924,
        0.9999995827674866,
        0.6538259387016296,
        -0.2013436257839203,
        0.12965650856494904,
        0.9999930262565613,
        0.09832819551229477,
        -0.025093145668506622,
        -0.2550811469554901,
        -0.0985344648361206,
        0.18999572098255157,
        0.5813091993331909,
        -0.4039476215839386,
        -0.999999463558197,
        -0.9999994039535522,
        0.12181580811738968,
        -0.1044279932975769,
        0.08880738914012909,
        0.06421241164207458,
        0.9999991655349731,
        0.17658421397209167,
        -0.11352231353521347,
        0.15573382377624512,
        0.08755124360322952,
        0.9999996423721313,
        -0.18427088856697083,
        0.05214468762278557,
        -0.40400683879852295,
        0.1413673758506775,
        0.07314036041498184,
        0.10927250236272812,
        -0.15121519565582275,
        -0.10205616801977158,
        0.19254878163337708,
        -0.16095604002475739,
        -0.028214119374752045,
        0.8615962862968445,
        0.07623105496168137,
        -0.9608469605445862,
        -0.13912977278232574,
        -0.10980495810508728,
        0.1634935885667801,
        -0.008653498254716396,
        0.10133250802755356,
        0.9999986886978149,
        0.02623712830245495,
        -0.05885398015379906,
        0.9999995827674866,
        -0.09337004274129868,
        -0.05105454847216606,
        0.9949944019317627,
        0.26194098591804504,
        -0.045871950685977936,
        0.012986430898308754,
        0.1460820585489273,
        -0.07774463295936584,
        -0.09370596706867218,
        -0.08317659050226212,
        -0.9999995231628418,
        0.02244015410542488,
        -0.10652560740709305,
        -0.15748882293701172,
        0.10532722622156143,
        0.03930744156241417,
        -0.23613019287586212,
        0.1757166087627411,
        0.9999996423721313,
        0.3204987943172455,
        0.06098872050642967,
        -0.17953139543533325,
        -0.09296096116304398,
        -0.9999993443489075,
        0.0419052429497242,
        0.9998952746391296,
        -0.09182025492191315,
        0.01782185025513172,
        -0.605828046798706,
        0.9999995827674866,
        -0.9875129461288452,
        0.13070058822631836,
        0.999999463558197,
        -0.10748843848705292,
        0.11048465222120285,
        0.16812755167484283,
        -0.13541917502880096,
        0.04213835299015045,
        0.2860540747642517,
        -1.0,
        -0.05443191900849342,
        -0.03231820464134216,
        -0.05078774690628052,
        0.21684400737285614,
        0.044323112815618515,
        -0.07500220090150833,
        -0.07015704363584518,
        -0.13564306497573853,
        0.11156623810529709,
        0.07163407653570175,
        0.03991590067744255,
        0.24724647402763367,
        -0.07239896804094315,
        -0.9816451072692871,
        -0.9999918937683105,
        -0.06290613859891891,
        0.9634025692939758,
        0.48199859261512756,
        0.05036605894565582,
        -0.1567106544971466,
        0.061152104288339615,
        -0.03168423846364021,
        -0.9990417957305908,
        0.8883941173553467,
        0.10583080351352692,
        -0.5034606456756592,
        0.028362158685922623,
        -0.9975489377975464,
        -0.9999127984046936,
        0.22276842594146729,
        -0.13265526294708252,
        0.024218447506427765,
        0.24242550134658813,
        0.06325257569551468,
        0.16293321549892426,
        1.0,
        0.06630506366491318,
        -0.9999988079071045,
        -0.048300161957740784,
        0.008176149800419807,
        -1.0,
        0.9982537627220154,
        0.9956183433532715,
        -0.9999995827674866,
        -0.16214866936206818,
        -0.15482020378112793,
        -0.10992599278688431,
        0.2803248465061188,
        0.12183373421430588,
        -0.02324540540575981,
        0.18799544870853424,
        0.10093972831964493,
        0.11648643016815186,
        0.13193461298942566,
        0.08081339299678802,
        0.06583649665117264,
        0.03416246548295021,
        0.999995231628418,
        -0.17084842920303345,
        -0.06324324756860733,
        -0.9999995827674866,
        0.2599106431007385,
        0.08362583816051483,
        -0.07029804587364197,
        0.21439483761787415,
        0.03342335671186447,
        0.12120217829942703,
        -0.9999995231628418,
        -0.2235768735408783,
        0.16711071133613586,
        -0.056220829486846924,
        -1.0,
        0.20905210077762604,
        -0.34644314646720886,
        0.07680205255746841,
        0.021885238587856293,
        -0.06389790773391724,
        0.017161354422569275,
        0.9999997615814209,
        0.014713330194354057,
        0.11600035429000854,
        -0.3192996680736542,
        -0.13649438321590424
    ],
    "embedding_scaling_factor": 0.03384815901517868,
    "samples": [],
    "category_values_ratio": {
        "Twin Falls, ID: Joslin Field - Magic Valley Regional": 41,
        "Denver, CO: Denver International": 37,
        "Atlanta, GA: Hartsfield-Jackson Atlanta International": 30,
        "Tampa, FL: Tampa International": 28,
        "Dallas/Fort Worth, TX: Dallas/Fort Worth International": 27,
        "Salt Lake City, UT: Salt Lake City International": 26,
        "Portland, OR: Portland International": 25,
        "Orlando, FL: Orlando International": 22,
        "Grand Junction, CO: Grand Junction Regional": 21,
        "Los Angeles, CA: Los Angeles International": 21,
        "Chicago, IL: Chicago O'Hare International": 20,
        "Phoenix, AZ: Phoenix Sky Harbor International": 20,
        "Cleveland, OH: Cleveland-Hopkins International": 17,
        "Las Vegas, NV: McCarran International": 17,
        "San Antonio, TX: San Antonio International": 16,
        "San Jose, CA: Norman Y. Mineta San Jose International": 16,
        "Seattle, WA: Seattle/Tacoma International": 15,
        "Fort Myers, FL: Southwest Florida International": 14,
        "Minneapolis, MN: Minneapolis-St Paul International": 14,
        "Houston, TX: George Bush Intercontinental/Houston": 14,
        "San Francisco, CA: San Francisco International": 13,
        "Baltimore, MD: Baltimore/Washington International Thurgood Marshall": 13,
        "St. Louis, MO: Lambert-St. Louis International": 13,
        "West Palm Beach/Palm Beach, FL: Palm Beach International": 13,
        "Fort Lauderdale, FL: Fort Lauderdale-Hollywood International": 12,
        "Oakland, CA: Metropolitan Oakland International": 12,
        "Dallas, TX: Dallas Love Field": 11,
        "New York, NY: John F. Kennedy International": 11,
        "Philadelphia, PA: Philadelphia International": 11,
        "Austin, TX: Austin - Bergstrom International": 10,
        "Detroit, MI: Detroit Metro Wayne County": 10,
        "Ontario, CA: Ontario International": 10,
        "Honolulu, HI: Honolulu International": 10,
        "San Juan, PR: Luis Munoz Marin International": 9,
        "Houston, TX: William P Hobby": 9,
        "New Orleans, LA: Louis Armstrong New Orleans International": 9,
        "Indianapolis, IN: Indianapolis International": 9,
        "Anchorage, AK: Ted Stevens Anchorage International": 7,
        "Chicago, IL: Chicago Midway International": 7,
        "Pittsburgh, PA: Pittsburgh International": 7,
        "Memphis, TN: Memphis International": 7,
        "Milwaukee, WI: General Mitchell International": 7,
        "Kansas City, MO: Kansas City International": 7,
        "Sacramento, CA: Sacramento International": 6,
        "Jacksonville, FL: Jacksonville International": 6,
        "Newburgh/Poughkeepsie, NY: Stewart International": 6,
        "Boise, ID: Boise Air Terminal": 6,
        "Boston, MA: Logan International": 6,
        "Washington, DC: Washington Dulles International": 6,
        "Norfolk, VA: Norfolk International": 5,
        "Baton Rouge, LA: Baton Rouge Metropolitan/Ryan Field": 5,
        "Charleston, SC: Charleston AFB/International": 5,
        "Billings, MT: Billings Logan International": 5,
        "Pocatello, ID: Pocatello Regional": 5,
        "Cincinnati, OH: Cincinnati/Northern Kentucky International": 5,
        "Reno, NV: Reno/Tahoe International": 5,
        "Miami, FL: Miami International": 5,
        "Albuquerque, NM: Albuquerque International Sunport": 5,
        "Little Rock, AR: Bill and Hillary Clinton Nat Adams Field": 5,
        "Madison, WI: Dane County Regional-Truax Field": 4,
        "El Paso, TX: El Paso International": 4,
        "Sitka, AK: Sitka Rocky Gutierrez": 4,
        "Louisville, KY: Louisville International-Standiford Field": 4,
        "Syracuse, NY: Syracuse Hancock International": 4,
        "Pensacola, FL: Pensacola International": 4,
        "Shreveport, LA: Shreveport Regional": 4,
        "Nashville, TN: Nashville International": 4,
        "Hartford, CT: Bradley International": 4,
        "Manchester, NH: Manchester-Boston Regional": 4,
        "Corpus Christi, TX: Corpus Christi International": 4,
        "Tucson, AZ: Tucson International": 3,
        "Tulsa, OK: Tulsa International": 3,
        "Charlotte, NC: Charlotte Douglas International": 3,
        "Newark, NJ: Newark Liberty International": 3,
        "Savannah, GA: Savannah/Hilton Head International": 3,
        "Palm Springs, CA: Palm Springs International": 3,
        "Idaho Falls, ID: Idaho Falls Regional": 3,
        "Colorado Springs, CO: City of Colorado Springs Municipal": 3,
        "Birmingham, AL: Birmingham-Shuttlesworth International": 3,
        "Wichita, KS: Wichita Dwight D Eisenhower National": 3,
        "Lake Charles, LA: Lake Charles Regional": 3,
        "Green Bay, WI: Austin Straubel International": 3,
        "Oklahoma City, OK: Will Rogers World": 3,
        "Allentown/Bethlehem/Easton, PA: Lehigh Valley International": 3,
        "Raleigh/Durham, NC: Raleigh-Durham International": 3,
        "Fort Wayne, IN: Fort Wayne International": 2,
        "Columbus, OH: Port Columbus International": 2,
        "Huntsville, AL: Huntsville International-Carl T Jones Field": 2,
        "Fargo, ND: Hector International": 2,
        "Scranton/Wilkes-Barre, PA: Wilkes Barre Scranton International": 2,
        "South Bend, IN: South Bend International": 2,
        "Lansing, MI: Capital Region International": 2,
        "Alexandria, LA: Alexandria International": 2,
        "Des Moines, IA: Des Moines International": 2,
        "Gillette, WY: Gillette Campbell County": 2,
        "Traverse City, MI: Cherry Capital": 2,
        "Duluth, MN: Duluth International": 2,
        "Harlingen/San Benito, TX: Valley International": 2,
        "Harrisburg, PA: Harrisburg International": 2,
        "Spokane, WA: Spokane International": 2,
        "Greer, SC: Greenville-Spartanburg International": 2,
        "Burlington, VT: Burlington International": 2,
        "Albany, NY: Albany International": 2,
        "Seattle, WA: Boeing Field/King County International": 2,
        "White Plains, NY: Westchester County": 2,
        "Buffalo, NY: Buffalo Niagara International": 2,
        "Dayton, OH: James M Cox/Dayton International": 2,
        "Santa Barbara, CA: Santa Barbara Municipal": 2,
        "Juneau, AK: Juneau International": 2,
        "Atlantic City, NJ: Atlantic City International": 1,
        "Bismarck/Mandan, ND: Bismarck Municipal": 1,
        "Montrose/Delta, CO: Montrose Regional": 1,
        "Lafayette, LA: Lafayette Regional Paul Fournet Field": 1,
        "Bend/Redmond, OR: Roberts Field": 1,
        "Eau Claire, WI: Chippewa Valley Regional": 1,
        "San Luis Obispo, CA: San Luis County Regional": 1,
        "Wichita Falls, TX: Sheppard AFB/Wichita Falls Municipal": 1,
        "Fresno, CA: Fresno Yosemite International": 1,
        "Mobile, AL: Mobile Regional": 1,
        "Lewiston, ID: Lewiston Nez Perce County": 1,
        "Sarasota/Bradenton, FL: Sarasota/Bradenton International": 1,
        "Vancouver, Canada: Vancouver International": 1,
        "Everett, WA: Snohomish County": 1,
        "Medford, OR: Rogue Valley International - Medford": 1,
        "Burbank, CA: Bob Hope": 1,
        "Ketchikan, AK: Ketchikan International": 1,
        "Wendover, UT: Wendover Airport": 1,
        "Roanoke, VA: Roanoke Blacksburg Regional Woodrum Field": 1,
        "Yakima, WA: Yakima Air Terminal/McAllister Field": 1,
        "Midland/Odessa, TX: Midland International": 1,
        "Columbia, SC: Columbia Metropolitan": 1,
        "Fayetteville, AR: Northwest Arkansas Regional": 1,
        "Akron, OH: Akron-Canton Regional": 1,
        "Montgomery, AL: Montgomery Regional": 1,
        "Washington, DC: Ronald Reagan Washington National": 1,
        "Evansville, IN: Evansville Regional": 1,
        "Grand Rapids, MI: Gerald R. Ford International": 1,
        "Dallas/Fort Worth, TX: Fort Worth Alliance": 1,
        "San Diego, CA: San Diego International": 1,
        "Tallahassee, FL: Tallahassee International": 1,
        "Nassau, The Bahamas: Lynden Pindling International": 1,
        "Saginaw/Bay City/Midland, MI: MBS International": 1,
        "Panama City, FL: Northwest Florida Beaches International": 1,
        "Provo, UT: Provo Municipal": 1,
        "Deadhorse, AK: Deadhorse Airport": 1,
        "Rochester, NY: Greater Rochester International": 1,
        "Omaha, NE: Eppley Airfield": 1
    },
    "nrows": 445827
}