{
    "column_id": "Airline/Airline.csvAirline.csv/Des_Description",
    "dataset_name": "Airline.csv",
    "dataset_id": "Airline/Airline.csv",
    "path": "/home/ubuntu/CatDB/Experiments/data/Airline/Airline.csv",
    "table_name": "Airline.csv",
    "table_id": "Airline/Airline.csvAirline.csv",
    "column_name": "Des_Description",
    "data_source": "Airline",
    "data_type": "natural_language_text",
    "total_values_count": 445827,
    "distinct_values_count": 294,
    "missing_values_count": 0,
    "true_ratio": null,
    "min_value": null,
    "max_value": null,
    "mean": null,
    "median": null,
    "iqr": null,
    "category_values": [
        "Detroit, MI: Detroit Metro Wayne County",
        "Dallas/Fort Worth, TX: Dallas/Fort Worth International",
        "New York, NY: John F. Kennedy International",
        "Seattle, WA: Seattle/Tacoma International",
        "Chicago, IL: Chicago O'Hare International",
        "San Jose, CA: Norman Y. Mineta San Jose International",
        "Washington, DC: Ronald Reagan Washington National",
        "Philadelphia, PA: Philadelphia International",
        "St. Louis, MO: Lambert-St. Louis International",
        "Tampa, FL: Tampa International",
        "Miami, FL: Miami International",
        "Denver, CO: Denver International",
        "Los Angeles, CA: Los Angeles International",
        "Kona, HI: Kona International Airport at Keahole",
        "Houston, TX: George Bush Intercontinental/Houston",
        "Austin, TX: Austin - Bergstrom International",
        "Orlando, FL: Orlando International",
        "Las Vegas, NV: McCarran International",
        "Salt Lake City, UT: Salt Lake City International",
        "Charlotte Amalie, VI: Cyril E King",
        "Boston, MA: Logan International",
        "Fort Lauderdale, FL: Fort Lauderdale-Hollywood International",
        "San Francisco, CA: San Francisco International",
        "Honolulu, HI: Honolulu International",
        "Kahului, HI: Kahului Airport",
        "Tulsa, OK: Tulsa International",
        "Santa Ana, CA: John Wayne Airport-Orange County",
        "Washington, DC: Washington Dulles International",
        "New York, NY: LaGuardia",
        "Charlotte, NC: Charlotte Douglas International",
        "Raleigh/Durham, NC: Raleigh-Durham International",
        "Newark, NJ: Newark Liberty International",
        "Richmond, VA: Richmond International",
        "Portland, OR: Portland International",
        "El Paso, TX: El Paso International",
        "San Diego, CA: San Diego International",
        "San Antonio, TX: San Antonio International",
        "Kansas City, MO: Kansas City International",
        "Nashville, TN: Nashville International",
        "Phoenix, AZ: Phoenix Sky Harbor International",
        "Ontario, CA: Ontario International",
        "Tucson, AZ: Tucson International",
        "Sacramento, CA: Sacramento International",
        "Oklahoma City, OK: Will Rogers World",
        "Lihue, HI: Lihue Airport",
        "Norfolk, VA: Norfolk International",
        "Fort Myers, FL: Southwest Florida International",
        "Baltimore, MD: Baltimore/Washington International Thurgood Marshall",
        "Minneapolis, MN: Minneapolis-St Paul International",
        "Gunnison, CO: Gunnison-Crested Butte Regional",
        "Indianapolis, IN: Indianapolis International",
        "Atlanta, GA: Hartsfield-Jackson Atlanta International",
        "San Juan, PR: Luis Munoz Marin International",
        "Palm Springs, CA: Palm Springs International",
        "New Orleans, LA: Louis Armstrong New Orleans International",
        "Colorado Springs, CO: City of Colorado Springs Municipal",
        "Milwaukee, WI: General Mitchell International",
        "Jacksonville, FL: Jacksonville International",
        "Pittsburgh, PA: Pittsburgh International",
        "Reno, NV: Reno/Tahoe International",
        "Mission/McAllen/Edinburg, TX: McAllen Miller International",
        "West Palm Beach/Palm Beach, FL: Palm Beach International",
        "Eagle, CO: Eagle County Regional",
        "Dayton, OH: James M Cox/Dayton International",
        "Albuquerque, NM: Albuquerque International Sunport",
        "Lubbock, TX: Lubbock Preston Smith International",
        "Louisville, KY: Louisville International-Standiford Field",
        "Christiansted, VI: Henry E. Rohlsen",
        "Des Moines, IA: Des Moines International",
        "Omaha, NE: Eppley Airfield",
        "Cleveland, OH: Cleveland-Hopkins International",
        "Hartford, CT: Bradley International",
        "Fresno, CA: Fresno Yosemite International",
        "Columbus, OH: Port Columbus International",
        "Jackson, WY: Jackson Hole",
        "Montrose/Delta, CO: Montrose Regional",
        "Hayden, CO: Yampa Valley",
        "Memphis, TN: Memphis International",
        "Boise, ID: Boise Air Terminal",
        "Houston, TX: William P Hobby",
        "Oakland, CA: Metropolitan Oakland International",
        "Spokane, WA: Spokane International",
        "Anchorage, AK: Ted Stevens Anchorage International",
        "Buffalo, NY: Buffalo Niagara International",
        "Wichita, KS: Wichita Dwight D Eisenhower National",
        "Providence, RI: Theodore Francis Green State",
        "Albany, NY: Albany International",
        "Syracuse, NY: Syracuse Hancock International",
        "Wilmington, NC: Wilmington International",
        "Portland, ME: Portland International Jetport",
        "Rochester, NY: Greater Rochester International",
        "Charleston, SC: Charleston AFB/International",
        "Harrisburg, PA: Harrisburg International",
        "Greensboro/High Point, NC: Piedmont Triad International",
        "Birmingham, AL: Birmingham-Shuttlesworth International",
        "Bellingham, WA: Bellingham International",
        "Bethel, AK: Bethel Airport",
        "Kodiak, AK: Kodiak Airport",
        "Barrow, AK: Wiley Post/Will Rogers Memorial",
        "Deadhorse, AK: Deadhorse Airport",
        "Fairbanks, AK: Fairbanks International",
        "Ketchikan, AK: Ketchikan International",
        "Yakutat, AK: Yakutat Airport",
        "Cordova, AK: Merle K Mudhole Smith",
        "Juneau, AK: Juneau International",
        "Sitka, AK: Sitka Rocky Gutierrez",
        "Wrangell, AK: Wrangell Airport",
        "Petersburg, AK: Petersburg James A Johnson",
        "Nome, AK: Nome Airport",
        "Kotzebue, AK: Ralph Wien Memorial",
        "Burbank, CA: Bob Hope",
        "Adak Island, AK: Adak",
        "Ponce, PR: Mercedita",
        "Long Beach, CA: Long Beach Airport",
        "Newburgh/Poughkeepsie, NY: Stewart International",
        "White Plains, NY: Westchester County",
        "Aguadilla, PR: Rafael Hernandez",
        "Sarasota/Bradenton, FL: Sarasota/Bradenton International",
        "Savannah, GA: Savannah/Hilton Head International",
        "Burlington, VT: Burlington International",
        "Worcester, MA: Worcester Regional",
        "Daytona Beach, FL: Daytona Beach International",
        "Cincinnati, OH: Cincinnati/Northern Kentucky International",
        "Fargo, ND: Hector International",
        "Madison, WI: Dane County Regional-Truax Field",
        "Grand Rapids, MI: Gerald R. Ford International",
        "Evansville, IN: Evansville Regional",
        "Scranton/Wilkes-Barre, PA: Wilkes Barre Scranton International",
        "Billings, MT: Billings Logan International",
        "Augusta, GA: Augusta Regional at Bush Field",
        "Dallas, TX: Dallas Love Field",
        "Bristol/Johnson City/Kingsport, TN: Tri-Cities Regional TN/VA",
        "Chicago, IL: Chicago Midway International",
        "Gulfport/Biloxi, MS: Gulfport-Biloxi International",
        "Newport News/Williamsburg, VA: Newport News/Williamsburg International",
        "Melbourne, FL: Melbourne International",
        "Bozeman, MT: Bozeman Yellowstone International",
        "Chattanooga, TN: Lovell Field",
        "Missoula, MT: Missoula International",
        "Charlottesville, VA: Charlottesville Albemarle",
        "Lexington, KY: Blue Grass",
        "Key West, FL: Key West International",
        "Panama City, FL: Northwest Florida Beaches International",
        "Valparaiso, FL: Eglin AFB Destin Fort Walton Beach",
        "Greer, SC: Greenville-Spartanburg International",
        "Appleton, WI: Appleton International",
        "Lafayette, LA: Lafayette Regional Paul Fournet Field",
        "Springfield, MO: Springfield-Branson National",
        "Akron, OH: Akron-Canton Regional",
        "Sioux Falls, SD: Joe Foss Field",
        "Fayetteville, NC: Fayetteville Regional/Grannis Field",
        "Pensacola, FL: Pensacola International",
        "Little Rock, AR: Bill and Hillary Clinton Nat Adams Field",
        "Roanoke, VA: Roanoke Blacksburg Regional Woodrum Field",
        "Manchester, NH: Manchester-Boston Regional",
        "Jackson/Vicksburg, MS: Jackson Medgar Wiley Evers International",
        "Myrtle Beach, SC: Myrtle Beach International",
        "Huntsville, AL: Huntsville International-Carl T Jones Field",
        "Knoxville, TN: McGhee Tyson",
        "Flint, MI: Bishop International",
        "Cedar Rapids/Iowa City, IA: The Eastern Iowa",
        "Trenton, NJ: Trenton Mercer",
        "Bismarck/Mandan, ND: Bismarck Municipal",
        "St. Augustine, FL: Northeast Florida Regional",
        "Asheville, NC: Asheville Regional",
        "Columbia, SC: Columbia Metropolitan",
        "Charleston/Dunbar, WV: Yeager",
        "Hilo, HI: Hilo International",
        "Atlantic City, NJ: Atlantic City International",
        "Latrobe, PA: Arnold Palmer Regional",
        "Allentown/Bethlehem/Easton, PA: Lehigh Valley International",
        "Fayetteville, AR: Northwest Arkansas Regional",
        "Bloomington/Normal, IL: Central Illinois Regional",
        "Pago Pago, TT: Pago Pago International",
        "Niagara Falls, NY: Niagara Falls International",
        "Joplin, MO: Joplin Regional",
        "Shreveport, LA: Shreveport Regional",
        "Tyler, TX: Tyler Pounds Regional",
        "Monroe, LA: Monroe Regional",
        "Killeen, TX: Robert Gray AAF",
        "Midland/Odessa, TX: Midland International",
        "Baton Rouge, LA: Baton Rouge Metropolitan/Ryan Field",
        "Lawton/Fort Sill, OK: Lawton-Fort Sill Regional",
        "Springfield, IL: Abraham Lincoln Capital",
        "Waco, TX: Waco Regional",
        "Brownsville, TX: Brownsville South Padre Island International",
        "Alexandria, LA: Alexandria International",
        "Lake Charles, LA: Lake Charles Regional",
        "Yuma, AZ: Yuma MCAS/Yuma International",
        "Duluth, MN: Duluth International",
        "Fort Wayne, IN: Fort Wayne International",
        "Green Bay, WI: Austin Straubel International",
        "South Bend, IN: South Bend International",
        "Lansing, MI: Capital Region International",
        "Santa Barbara, CA: Santa Barbara Municipal",
        "Durango, CO: Durango La Plata County",
        "Rapid City, SD: Rapid City Regional",
        "Aspen, CO: Aspen Pitkin County Sardy Field",
        "Minot, ND: Minot International",
        "Eugene, OR: Mahlon Sweet Field",
        "Mammoth Lakes, CA: Mammoth Lakes Airport",
        "Lincoln, NE: Lincoln Airport",
        "Medford, OR: Rogue Valley International - Medford",
        "Grand Junction, CO: Grand Junction Regional",
        "Great Falls, MT: Great Falls International",
        "Santa Maria, CA: Santa Maria Public/Capt. G. Allan Hancock Field",
        "Moline, IL: Quad City International",
        "La Crosse, WI: La Crosse Regional",
        "Pasco/Kennewick/Richland, WA: Tri Cities",
        "Kalispell, MT: Glacier Park International",
        "Flagstaff, AZ: Flagstaff Pulliam",
        "Helena, MT: Helena Regional",
        "Arcata/Eureka, CA: Arcata",
        "Saginaw/Bay City/Midland, MI: MBS International",
        "Peoria, IL: General Downing - Peoria International",
        "Rochester, MN: Rochester International",
        "Plattsburgh, NY: Plattsburgh International",
        "Bakersfield, CA: Meadows Field",
        "Sun Valley/Hailey/Ketchum, ID: Friedman Memorial",
        "Idaho Falls, ID: Idaho Falls Regional",
        "Monterey, CA: Monterey Regional",
        "Grand Forks, ND: Grand Forks International",
        "Amarillo, TX: Rick Husband Amarillo International",
        "Corpus Christi, TX: Corpus Christi International",
        "San Luis Obispo, CA: San Luis County Regional",
        "Williston, ND: Sloulin Field International",
        "St. George, UT: St George Regional",
        "Twin Falls, ID: Joslin Field - Magic Valley Regional",
        "Pellston, MI: Pellston Regional Airport of Emmet County",
        "Elko, NV: Elko Regional",
        "Casper, WY: Casper/Natrona County International",
        "Laramie, WY: Laramie Regional",
        "Traverse City, MI: Cherry Capital",
        "Kalamazoo, MI: Kalamazoo/Battle Creek International",
        "Bend/Redmond, OR: Roberts Field",
        "College Station/Bryan, TX: Easterwood Field",
        "Hancock/Houghton, MI: Houghton County Memorial",
        "Cody, WY: Yellowstone Regional",
        "Eau Claire, WI: Chippewa Valley Regional",
        "Jamestown, ND: Jamestown Regional",
        "Devils Lake, ND: Devils Lake Regional",
        "Paducah, KY: Barkley Regional",
        "Marquette, MI: Sawyer International",
        "Muskegon, MI: Muskegon County",
        "Gillette, WY: Gillette Campbell County",
        "Aberdeen, SD: Aberdeen Regional",
        "Alpena, MI: Alpena County Regional",
        "Ithaca/Cortland, NY: Ithaca Tompkins Regional",
        "Sault Ste. Marie, MI: Chippewa County International",
        "Binghamton, NY: Greater Binghamton/Edwin A. Link Field",
        "Rhinelander, WI: Rhinelander/Oneida County",
        "Iron Mountain/Kingsfd, MI: Ford",
        "Lewiston, ID: Lewiston Nez Perce County",
        "International Falls, MN: Falls International Einarson Field",
        "Pocatello, ID: Pocatello Regional",
        "Guam, TT: Guam International",
        "Hibbing, MN: Range Regional",
        "Escanaba, MI: Delta County",
        "Bemidji, MN: Bemidji Regional",
        "Brainerd, MN: Brainerd Lakes Regional",
        "Butte, MT: Bert Mooney",
        "Cedar City, UT: Cedar City Regional",
        "Rock Springs, WY: Rock Springs Sweetwater County",
        "Hays, KS: Hays Regional",
        "Redding, CA: Redding Municipal",
        "North Bend/Coos Bay, OR: Southwest Oregon Regional",
        "Harlingen/San Benito, TX: Valley International",
        "Islip, NY: Long Island MacArthur",
        "Tallahassee, FL: Tallahassee International",
        "Mobile, AL: Mobile Regional",
        "Gainesville, FL: Gainesville Regional",
        "Hattiesburg/Laurel, MS: Hattiesburg-Laurel Regional",
        "Meridian, MS: Key Field",
        "Fort Smith, AR: Fort Smith Regional",
        "Beaumont/Port Arthur, TX: Jack Brooks Regional",
        "Santa Fe, NM: Santa Fe Municipal",
        "Laredo, TX: Laredo International",
        "Texarkana, AR: Texarkana Regional-Webb Field",
        "Roswell, NM: Roswell International Air Center",
        "Hobbs, NM: Lea County Regional",
        "Mosinee, WI: Central Wisconsin",
        "Erie, PA: Erie International/Tom Ridge Field",
        "Columbus, MS: Golden Triangle Regional",
        "Dothan, AL: Dothan Regional",
        "Elmira/Corning, NY: Elmira/Corning Regional",
        "State College, PA: University Park",
        "Jacksonville/Camp Lejeune, NC: Albert J Ellis",
        "Valdosta, GA: Valdosta Regional",
        "Montgomery, AL: Montgomery Regional",
        "Albany, GA: Southwest Georgia Regional",
        "Brunswick, GA: Brunswick Golden Isles",
        "Columbus, GA: Columbus Airport",
        "Bangor, ME: Bangor International",
        "New Bern/Morehead/Beaufort, NC: Coastal Carolina Regional"
    ],
    "embedding": [
        -0.07391805946826935,
        -0.056039631366729736,
        0.11826112121343613,
        -1.0,
        0.1254114955663681,
        0.026548225432634354,
        -0.06931948661804199,
        -1.0,
        1.0,
        -0.12902207672595978,
        0.01692177914083004,
        -0.013364546932280064,
        0.9949178695678711,
        0.10523197799921036,
        -0.9999985098838806,
        -0.06396530568599701,
        -0.0803987979888916,
        0.13148438930511475,
        -0.00483276043087244,
        -0.13428503274917603,
        0.2775755524635315,
        -0.0396040715277195,
        0.07507684081792831,
        -0.999999463558197,
        0.9998117685317993,
        0.07459455728530884,
        0.02970304898917675,
        -0.034276608377695084,
        0.09048621356487274,
        -0.30909761786460876,
        -0.09828611463308334,
        -0.0878332257270813,
        -0.0063678184524178505,
        0.1853029429912567,
        0.049891699105501175,
        0.08803270757198334,
        0.34746086597442627,
        0.06583994626998901,
        0.0673527792096138,
        -0.16991297900676727,
        -0.08865641057491302,
        0.9999986886978149,
        0.05228660628199577,
        0.17206816375255585,
        -0.8745524287223816,
        0.31026357412338257,
        -0.10950864106416702,
        -0.12626726925373077,
        -0.038641106337308884,
        0.054196640849113464,
        -0.09864502400159836,
        -0.25747740268707275,
        0.03464851900935173,
        0.9896602630615234,
        -0.171529620885849,
        -0.3561037480831146,
        -0.1268032342195511,
        -0.0722513347864151,
        -0.999997615814209,
        -0.027604475617408752,
        -0.020822063088417053,
        0.9999944567680359,
        1.0,
        0.11184024065732956,
        -1.0,
        -0.06882510334253311,
        0.05482751503586769,
        0.28423836827278137,
        0.19915950298309326,
        -0.9999992251396179,
        0.999998927116394,
        -0.12561829388141632,
        -0.15540453791618347,
        0.07865393906831741,
        0.1614203006029129,
        0.04176485165953636,
        -0.03601023182272911,
        -0.10126208513975143,
        0.0015168021200224757,
        -0.04001930356025696,
        0.0035617316607385874,
        -0.4801619052886963,
        0.09660397469997406,
        0.062088802456855774,
        -0.01815074309706688,
        0.23552434146404266,
        -0.21327805519104004,
        -0.10805805772542953,
        -0.0247772429138422,
        0.05287609249353409,
        0.1581478863954544,
        0.10269908607006073,
        0.009044460952281952,
        -0.09290391206741333,
        -0.0064313169568777084,
        0.19048388302326202,
        -1.0,
        0.10498631745576859,
        -0.9999999403953552,
        -0.9999985694885254,
        0.2123262882232666,
        0.9999985694885254,
        -0.0896124318242073,
        -0.02280469797551632,
        -0.07628100365400314,
        0.22011129558086395,
        0.3806699514389038,
        -0.10425201058387756,
        0.31407883763313293,
        0.13550493121147156,
        0.9999980926513672,
        0.1756330281496048,
        0.08374358713626862,
        0.999999463558197,
        0.24402566254138947,
        0.07045133411884308,
        0.04255838319659233,
        -0.11902680993080139,
        -0.032261595129966736,
        0.02113020233809948,
        -0.16851341724395752,
        -0.08843402564525604,
        -0.010809734463691711,
        -0.2369936853647232,
        0.37627649307250977,
        0.05454423278570175,
        -1.0,
        -0.09228946268558502,
        -0.11990626901388168,
        -0.9927344918251038,
        0.9999996423721313,
        0.6516212821006775,
        -0.19226372241973877,
        0.13398079574108124,
        0.9999933242797852,
        0.08660335093736649,
        -0.018992329016327858,
        -0.2565608322620392,
        -0.08782950788736343,
        0.18963463604450226,
        0.579620897769928,
        -0.4017498195171356,
        -0.9999992251396179,
        -0.9999999403953552,
        0.11354685574769974,
        -0.09447076916694641,
        0.07996580749750137,
        0.06903311610221863,
        0.9999985098838806,
        0.16403284668922424,
        -0.10433433204889297,
        0.14360889792442322,
        0.07782696932554245,
        1.0,
        -0.18671441078186035,
        0.04225217550992966,
        -0.4021429121494293,
        0.14729584753513336,
        0.06523068249225616,
        0.09851814806461334,
        -0.1433190107345581,
        -0.10723529011011124,
        0.1783519983291626,
        -0.1623792052268982,
        -0.03703877702355385,
        0.8610085844993591,
        0.0832705944776535,
        -0.9602805972099304,
        -0.14053253829479218,
        -0.1118701621890068,
        0.16614778339862823,
        -0.01614309847354889,
        0.09996172785758972,
        0.9999977946281433,
        0.029028313234448433,
        -0.06442036479711533,
        0.9999999403953552,
        -0.0834159106016159,
        -0.05780470371246338,
        0.9947988986968994,
        0.26113349199295044,
        -0.05442576855421066,
        0.014545897953212261,
        0.13691923022270203,
        -0.07431001961231232,
        -0.09217949956655502,
        -0.07412237673997879,
        -0.9999999403953552,
        0.01465093158185482,
        -0.10998407751321793,
        -0.14677762985229492,
        0.11084432154893875,
        0.029055587947368622,
        -0.23864999413490295,
        0.16655060648918152,
        0.9999997615814209,
        0.3164365887641907,
        0.06803979724645615,
        -0.17746210098266602,
        -0.08544352650642395,
        -0.9999996423721313,
        0.049477603286504745,
        0.9998944401741028,
        -0.08322658389806747,
        0.011024368926882744,
        -0.6033307909965515,
        0.9999995827674866,
        -0.9885786175727844,
        0.13649219274520874,
        0.9999992251396179,
        -0.09489311277866364,
        0.11572188884019852,
        0.15583167970180511,
        -0.13920503854751587,
        0.033129457384347916,
        0.285123735666275,
        -1.0,
        -0.04523513838648796,
        -0.037712618708610535,
        -0.0546790175139904,
        0.21593067049980164,
        0.04795257747173309,
        -0.06557559221982956,
        -0.07579517364501953,
        -0.14046242833137512,
        0.11266956478357315,
        0.07870850712060928,
        0.03478361666202545,
        0.23717518150806427,
        -0.0649346187710762,
        -0.9807446599006653,
        -0.9999939799308777,
        -0.06768688559532166,
        0.9632284045219421,
        0.48028066754341125,
        0.05696730315685272,
        -0.145941823720932,
        0.06502605974674225,
        -0.03222588077187538,
        -0.9989985823631287,
        0.8882566690444946,
        0.11262799054384232,
        -0.503589391708374,
        0.018260357901453972,
        -0.9972708225250244,
        -0.999945342540741,
        0.22097139060497284,
        -0.12300832569599152,
        0.016955774277448654,
        0.24543461203575134,
        0.06833374500274658,
        0.15220890939235687,
        1.0,
        0.05758504197001457,
        -0.9999977946281433,
        -0.05270132049918175,
        0.016928808763623238,
        -1.0,
        0.9980760812759399,
        0.9965523481369019,
        -0.9999999403953552,
        -0.16591601073741913,
        -0.14196529984474182,
        -0.11480998992919922,
        0.26719698309898376,
        0.12133429944515228,
        -0.014436038210988045,
        0.1888638585805893,
        0.10642532259225845,
        0.11148756742477417,
        0.13621540367603302,
        0.07828463613986969,
        0.07246462255716324,
        0.04163515567779541,
        0.999997079372406,
        -0.1673380583524704,
        -0.06922465562820435,
        -1.0,
        0.24661652743816376,
        0.08650735765695572,
        -0.07599936425685883,
        0.2130463719367981,
        0.02333344891667366,
        0.11084217578172684,
        -0.9999999403953552,
        -0.22409801185131073,
        0.17114156484603882,
        -0.060458872467279434,
        -1.0,
        0.20670467615127563,
        -0.3460540771484375,
        0.07791578769683838,
        0.015898263081908226,
        -0.05806146189570427,
        0.02147199586033821,
        0.9999999403953552,
        0.022260572761297226,
        0.10776950418949127,
        -0.30617114901542664,
        -0.1385595053434372
    ],
    "embedding_scaling_factor": 0.04881775379180908,
    "samples": [
        "San Francisco, CA: San Francisco International",
        "Salt Lake City, UT: Salt Lake City International",
        "Houston, TX: George Bush Intercontinental/Houston",
        "Denver, CO: Denver International",
        "Santa Ana, CA: John Wayne Airport-Orange County",
        "Boston, MA: Logan International",
        "Orlando, FL: Orlando International",
        "Raleigh/Durham, NC: Raleigh-Durham International",
        "Denver, CO: Denver International",
        "Minneapolis, MN: Minneapolis-St Paul International",
        "New York, NY: John F. Kennedy International",
        "San Antonio, TX: San Antonio International",
        "Houston, TX: William P Hobby",
        "Dallas/Fort Worth, TX: Dallas/Fort Worth International",
        "Houston, TX: George Bush Intercontinental/Houston",
        "San Diego, CA: San Diego International",
        "Denver, CO: Denver International",
        "Columbus, OH: Port Columbus International",
        "Newark, NJ: Newark Liberty International",
        "Phoenix, AZ: Phoenix Sky Harbor International",
        "Los Angeles, CA: Los Angeles International",
        "Atlanta, GA: Hartsfield-Jackson Atlanta International",
        "Columbus, OH: Port Columbus International",
        "Atlanta, GA: Hartsfield-Jackson Atlanta International",
        "Las Vegas, NV: McCarran International",
        "Charlotte, NC: Charlotte Douglas International",
        "Atlanta, GA: Hartsfield-Jackson Atlanta International",
        "Oakland, CA: Metropolitan Oakland International",
        "Houston, TX: George Bush Intercontinental/Houston",
        "Ontario, CA: Ontario International",
        "Chicago, IL: Chicago O'Hare International",
        "Chicago, IL: Chicago O'Hare International",
        "Phoenix, AZ: Phoenix Sky Harbor International",
        "St. Louis, MO: Lambert-St. Louis International",
        "Phoenix, AZ: Phoenix Sky Harbor International",
        "Denver, CO: Denver International",
        "Las Vegas, NV: McCarran International",
        "Honolulu, HI: Honolulu International",
        "Seattle, WA: Seattle/Tacoma International",
        "Chicago, IL: Chicago O'Hare International",
        "Tampa, FL: Tampa International",
        "Los Angeles, CA: Los Angeles International",
        "New York, NY: LaGuardia",
        "Dallas/Fort Worth, TX: Dallas/Fort Worth International",
        "Ontario, CA: Ontario International",
        "San Juan, PR: Luis Munoz Marin International",
        "Indianapolis, IN: Indianapolis International",
        "New York, NY: John F. Kennedy International",
        "Fort Lauderdale, FL: Fort Lauderdale-Hollywood International",
        "West Palm Beach/Palm Beach, FL: Palm Beach International",
        "Dallas/Fort Worth, TX: Dallas/Fort Worth International",
        "Los Angeles, CA: Los Angeles International",
        "Chicago, IL: Chicago O'Hare International",
        "Fort Lauderdale, FL: Fort Lauderdale-Hollywood International",
        "Dallas/Fort Worth, TX: Dallas/Fort Worth International",
        "Orlando, FL: Orlando International",
        "Denver, CO: Denver International",
        "St. Louis, MO: Lambert-St. Louis International",
        "Cleveland, OH: Cleveland-Hopkins International",
        "St. Louis, MO: Lambert-St. Louis International",
        "Detroit, MI: Detroit Metro Wayne County",
        "New York, NY: John F. Kennedy International",
        "Bethel, AK: Bethel Airport",
        "San Francisco, CA: San Francisco International",
        "Indianapolis, IN: Indianapolis International",
        "Indianapolis, IN: Indianapolis International",
        "Seattle, WA: Seattle/Tacoma International",
        "New Orleans, LA: Louis Armstrong New Orleans International",
        "Baltimore, MD: Baltimore/Washington International Thurgood Marshall",
        "Indianapolis, IN: Indianapolis International",
        "Phoenix, AZ: Phoenix Sky Harbor International",
        "Minneapolis, MN: Minneapolis-St Paul International",
        "Hartford, CT: Bradley International",
        "Atlanta, GA: Hartsfield-Jackson Atlanta International",
        "Washington, DC: Ronald Reagan Washington National",
        "Houston, TX: George Bush Intercontinental/Houston",
        "New York, NY: John F. Kennedy International",
        "Seattle, WA: Seattle/Tacoma International",
        "Austin, TX: Austin - Bergstrom International",
        "Midland/Odessa, TX: Midland International",
        "Roanoke, VA: Roanoke Blacksburg Regional Woodrum Field",
        "Houston, TX: George Bush Intercontinental/Houston",
        "Honolulu, HI: Honolulu International",
        "Salt Lake City, UT: Salt Lake City International",
        "Baltimore, MD: Baltimore/Washington International Thurgood Marshall",
        "Dallas/Fort Worth, TX: Dallas/Fort Worth International",
        "Fort Lauderdale, FL: Fort Lauderdale-Hollywood International",
        "Las Vegas, NV: McCarran International",
        "Newark, NJ: Newark Liberty International",
        "Charlotte, NC: Charlotte Douglas International",
        "Tampa, FL: Tampa International",
        "Oakland, CA: Metropolitan Oakland International",
        "Lihue, HI: Lihue Airport",
        "San Antonio, TX: San Antonio International",
        "Fort Wayne, IN: Fort Wayne International",
        "Boston, MA: Logan International",
        "San Juan, PR: Luis Munoz Marin International",
        "Charlotte Amalie, VI: Cyril E King",
        "Brainerd, MN: Brainerd Lakes Regional",
        "Chicago, IL: Chicago O'Hare International"
    ],
    "category_values_ratio": {
        "Atlanta, GA: Hartsfield-Jackson Atlanta International": 29854,
        "Chicago, IL: Chicago O'Hare International": 18605,
        "Denver, CO: Denver International": 17527,
        "Dallas/Fort Worth, TX: Dallas/Fort Worth International": 16572,
        "Los Angeles, CA: Los Angeles International": 16406,
        "San Francisco, CA: San Francisco International": 13206,
        "Phoenix, AZ: Phoenix Sky Harbor International": 13035,
        "Las Vegas, NV: McCarran International": 12245,
        "Houston, TX: George Bush Intercontinental/Houston": 11642,
        "Orlando, FL: Orlando International": 10730,
        "Seattle, WA: Seattle/Tacoma International": 9739,
        "Minneapolis, MN: Minneapolis-St Paul International": 9585,
        "Detroit, MI: Detroit Metro Wayne County": 9463,
        "Charlotte, NC: Charlotte Douglas International": 9224,
        "Boston, MA: Logan International": 9100,
        "Salt Lake City, UT: Salt Lake City International": 8699,
        "Newark, NJ: Newark Liberty International": 8536,
        "New York, NY: LaGuardia": 8035,
        "New York, NY: John F. Kennedy International": 8014,
        "Fort Lauderdale, FL: Fort Lauderdale-Hollywood International": 7665,
        "Baltimore, MD: Baltimore/Washington International Thurgood Marshall": 7174,
        "Chicago, IL: Chicago Midway International": 6676,
        "Washington, DC: Ronald Reagan Washington National": 6455,
        "Miami, FL: Miami International": 6088,
        "San Diego, CA: San Diego International": 6016,
        "Tampa, FL: Tampa International": 5996,
        "Dallas, TX: Dallas Love Field": 5795,
        "Philadelphia, PA: Philadelphia International": 5671,
        "Houston, TX: William P Hobby": 4546,
        "St. Louis, MO: Lambert-St. Louis International": 4320,
        "Portland, OR: Portland International": 4143,
        "Nashville, TN: Nashville International": 3903,
        "Honolulu, HI: Honolulu International": 3878,
        "Oakland, CA: Metropolitan Oakland International": 3652,
        "Austin, TX: Austin - Bergstrom International": 3581,
        "New Orleans, LA: Louis Armstrong New Orleans International": 3501,
        "Santa Ana, CA: John Wayne Airport-Orange County": 3463,
        "Kansas City, MO: Kansas City International": 3325,
        "Fort Myers, FL: Southwest Florida International": 3288,
        "San Jose, CA: Norman Y. Mineta San Jose International": 3217,
        "Sacramento, CA: Sacramento International": 3154,
        "Milwaukee, WI: General Mitchell International": 2706,
        "Cleveland, OH: Cleveland-Hopkins International": 2688,
        "Raleigh/Durham, NC: Raleigh-Durham International": 2571,
        "Washington, DC: Washington Dulles International": 2533,
        "West Palm Beach/Palm Beach, FL: Palm Beach International": 2430,
        "San Juan, PR: Luis Munoz Marin International": 2395,
        "San Antonio, TX: San Antonio International": 2340,
        "Indianapolis, IN: Indianapolis International": 2207,
        "Kahului, HI: Kahului Airport": 1906,
        "Pittsburgh, PA: Pittsburgh International": 1888,
        "Burbank, CA: Bob Hope": 1783,
        "Columbus, OH: Port Columbus International": 1778,
        "Ontario, CA: Ontario International": 1598,
        "Hartford, CT: Bradley International": 1520,
        "Jacksonville, FL: Jacksonville International": 1499,
        "Albuquerque, NM: Albuquerque International Sunport": 1445,
        "Tucson, AZ: Tucson International": 1419,
        "Omaha, NE: Eppley Airfield": 1414,
        "Oklahoma City, OK: Will Rogers World": 1324,
        "Buffalo, NY: Buffalo Niagara International": 1314,
        "Cincinnati, OH: Cincinnati/Northern Kentucky International": 1252,
        "Anchorage, AK: Ted Stevens Anchorage International": 1230,
        "Tulsa, OK: Tulsa International": 1200,
        "Boise, ID: Boise Air Terminal": 1172,
        "Richmond, VA: Richmond International": 1156,
        "Memphis, TN: Memphis International": 1154,
        "Charleston, SC: Charleston AFB/International": 1015,
        "Lihue, HI: Lihue Airport": 1005,
        "Reno, NV: Reno/Tahoe International": 1001,
        "Providence, RI: Theodore Francis Green State": 996,
        "Kona, HI: Kona International Airport at Keahole": 985,
        "Palm Springs, CA: Palm Springs International": 977,
        "Birmingham, AL: Birmingham-Shuttlesworth International": 892,
        "El Paso, TX: El Paso International": 882,
        "Spokane, WA: Spokane International": 859,
        "Norfolk, VA: Norfolk International": 847,
        "Albany, NY: Albany International": 759,
        "Grand Rapids, MI: Gerald R. Ford International": 758,
        "Long Beach, CA: Long Beach Airport": 755,
        "Louisville, KY: Louisville International-Standiford Field": 747,
        "Wichita, KS: Wichita Dwight D Eisenhower National": 688,
        "Des Moines, IA: Des Moines International": 659,
        "Colorado Springs, CO: City of Colorado Springs Municipal": 629,
        "Little Rock, AR: Bill and Hillary Clinton Nat Adams Field": 614,
        "Aspen, CO: Aspen Pitkin County Sardy Field": 607,
        "Fresno, CA: Fresno Yosemite International": 598,
        "Baton Rouge, LA: Baton Rouge Metropolitan/Ryan Field": 589,
        "Rochester, NY: Greater Rochester International": 585,
        "Madison, WI: Dane County Regional-Truax Field": 577,
        "Dayton, OH: James M Cox/Dayton International": 573,
        "White Plains, NY: Westchester County": 545,
        "Greer, SC: Greenville-Spartanburg International": 538,
        "Savannah, GA: Savannah/Hilton Head International": 531,
        "Knoxville, TN: McGhee Tyson": 523,
        "Santa Barbara, CA: Santa Barbara Municipal": 500,
        "Akron, OH: Akron-Canton Regional": 492,
        "Hilo, HI: Hilo International": 492,
        "Shreveport, LA: Shreveport Regional": 481,
        "Midland/Odessa, TX: Midland International": 472,
        "Syracuse, NY: Syracuse Hancock International": 458,
        "Charlotte Amalie, VI: Cyril E King": 446,
        "Manchester, NH: Manchester-Boston Regional": 442,
        "Pensacola, FL: Pensacola International": 441,
        "Columbia, SC: Columbia Metropolitan": 428,
        "Jackson/Vicksburg, MS: Jackson Medgar Wiley Evers International": 428,
        "Greensboro/High Point, NC: Piedmont Triad International": 428,
        "Jackson, WY: Jackson Hole": 403,
        "Lubbock, TX: Lubbock Preston Smith International": 400,
        "South Bend, IN: South Bend International": 396,
        "Islip, NY: Long Island MacArthur": 382,
        "Portland, ME: Portland International Jetport": 379,
        "Fargo, ND: Hector International": 378,
        "Lexington, KY: Blue Grass": 367,
        "Fayetteville, AR: Northwest Arkansas Regional": 367,
        "Valparaiso, FL: Eglin AFB Destin Fort Walton Beach": 359,
        "Mobile, AL: Mobile Regional": 353,
        "Sioux Falls, SD: Joe Foss Field": 347,
        "Juneau, AK: Juneau International": 346,
        "Chattanooga, TN: Lovell Field": 344,
        "Sarasota/Bradenton, FL: Sarasota/Bradenton International": 327,
        "Panama City, FL: Northwest Florida Beaches International": 324,
        "Huntsville, AL: Huntsville International-Carl T Jones Field": 315,
        "Atlantic City, NJ: Atlantic City International": 310,
        "Fort Wayne, IN: Fort Wayne International": 309,
        "Eagle, CO: Eagle County Regional": 308,
        "Pasco/Kennewick/Richland, WA: Tri Cities": 298,
        "Flint, MI: Bishop International": 297,
        "Eugene, OR: Mahlon Sweet Field": 290,
        "Billings, MT: Billings Logan International": 281,
        "Appleton, WI: Appleton International": 272,
        "Lafayette, LA: Lafayette Regional Paul Fournet Field": 270,
        "Bozeman, MT: Bozeman Yellowstone International": 267,
        "Gulfport/Biloxi, MS: Gulfport-Biloxi International": 264,
        "Burlington, VT: Burlington International": 262,
        "Lansing, MI: Capital Region International": 251,
        "Peoria, IL: General Downing - Peoria International": 250,
        "Corpus Christi, TX: Corpus Christi International": 247,
        "Monroe, LA: Monroe Regional": 246,
        "Amarillo, TX: Rick Husband Amarillo International": 246,
        "Harlingen/San Benito, TX: Valley International": 245,
        "Green Bay, WI: Austin Straubel International": 243,
        "Cedar Rapids/Iowa City, IA: The Eastern Iowa": 243,
        "Medford, OR: Rogue Valley International - Medford": 235,
        "Lincoln, NE: Lincoln Airport": 234,
        "Springfield, MO: Springfield-Branson National": 232,
        "Myrtle Beach, SC: Myrtle Beach International": 228,
        "Evansville, IN: Evansville Regional": 221,
        "San Luis Obispo, CA: San Luis County Regional": 221,
        "Moline, IL: Quad City International": 219,
        "Rapid City, SD: Rapid City Regional": 217,
        "Killeen, TX: Robert Gray AAF": 216,
        "Monterey, CA: Monterey Regional": 210,
        "Alexandria, LA: Alexandria International": 209,
        "Tallahassee, FL: Tallahassee International": 208,
        "Bismarck/Mandan, ND: Bismarck Municipal": 208,
        "Kalamazoo, MI: Kalamazoo/Battle Creek International": 207,
        "Idaho Falls, ID: Idaho Falls Regional": 207,
        "Asheville, NC: Asheville Regional": 204,
        "Wilmington, NC: Wilmington International": 197,
        "Augusta, GA: Augusta Regional at Bush Field": 196,
        "Charleston/Dunbar, WV: Yeager": 196,
        "Gainesville, FL: Gainesville Regional": 195,
        "Mission/McAllen/Edinburg, TX: McAllen Miller International": 194,
        "Montgomery, AL: Montgomery Regional": 192,
        "Harrisburg, PA: Harrisburg International": 190,
        "Brownsville, TX: Brownsville South Padre Island International": 189,
        "Saginaw/Bay City/Midland, MI: MBS International": 189,
        "Bakersfield, CA: Meadows Field": 189,
        "Grand Junction, CO: Grand Junction Regional": 188,
        "Ketchikan, AK: Ketchikan International": 186,
        "Hayden, CO: Yampa Valley": 184,
        "Key West, FL: Key West International": 184,
        "Bend/Redmond, OR: Roberts Field": 183,
        "Roanoke, VA: Roanoke Blacksburg Regional Woodrum Field": 183,
        "Allentown/Bethlehem/Easton, PA: Lehigh Valley International": 181,
        "Missoula, MT: Missoula International": 181,
        "Elmira/Corning, NY: Elmira/Corning Regional": 180,
        "Yuma, AZ: Yuma MCAS/Yuma International": 177,
        "Fairbanks, AK: Fairbanks International": 174,
        "Duluth, MN: Duluth International": 173,
        "Tyler, TX: Tyler Pounds Regional": 172,
        "Aguadilla, PR: Rafael Hernandez": 172,
        "Charlottesville, VA: Charlottesville Albemarle": 171,
        "Williston, ND: Sloulin Field International": 169,
        "Trenton, NJ: Trenton Mercer": 167,
        "Laredo, TX: Laredo International": 165,
        "Bristol/Johnson City/Kingsport, TN: Tri-Cities Regional TN/VA": 162,
        "Flagstaff, AZ: Flagstaff Pulliam": 157,
        "Scranton/Wilkes-Barre, PA: Wilkes Barre Scranton International": 155,
        "Fayetteville, NC: Fayetteville Regional/Grannis Field": 154,
        "St. George, UT: St George Regional": 153,
        "Great Falls, MT: Great Falls International": 152,
        "Montrose/Delta, CO: Montrose Regional": 152,
        "Minot, ND: Minot International": 150,
        "Fort Smith, AR: Fort Smith Regional": 149,
        "Waco, TX: Waco Regional": 146,
        "Daytona Beach, FL: Daytona Beach International": 146,
        "Springfield, IL: Abraham Lincoln Capital": 143,
        "Casper, WY: Casper/Natrona County International": 139,
        "Kalispell, MT: Glacier Park International": 137,
        "Arcata/Eureka, CA: Arcata": 125,
        "Helena, MT: Helena Regional": 119,
        "Sun Valley/Hailey/Ketchum, ID: Friedman Memorial": 118,
        "Melbourne, FL: Melbourne International": 117,
        "Dothan, AL: Dothan Regional": 116,
        "Durango, CO: Durango La Plata County": 105,
        "Christiansted, VI: Henry E. Rohlsen": 98,
        "Bellingham, WA: Bellingham International": 94,
        "Traverse City, MI: Cherry Capital": 94,
        "Grand Forks, ND: Grand Forks International": 93,
        "Latrobe, PA: Arnold Palmer Regional": 93,
        "Sitka, AK: Sitka Rocky Gutierrez": 93,
        "Bloomington/Normal, IL: Central Illinois Regional": 91,
        "Jacksonville/Camp Lejeune, NC: Albert J Ellis": 90,
        "Gillette, WY: Gillette Campbell County": 88,
        "Newport News/Williamsburg, VA: Newport News/Williamsburg International": 88,
        "Rhinelander, WI: Rhinelander/Oneida County": 88,
        "Lawton/Fort Sill, OK: Lawton-Fort Sill Regional": 88,
        "Brunswick, GA: Brunswick Golden Isles": 86,
        "Twin Falls, ID: Joslin Field - Magic Valley Regional": 86,
        "Beaumont/Port Arthur, TX: Jack Brooks Regional": 85,
        "Texarkana, AR: Texarkana Regional-Webb Field": 84,
        "Valdosta, GA: Valdosta Regional": 84,
        "Columbus, MS: Golden Triangle Regional": 84,
        "Hibbing, MN: Range Regional": 83,
        "Meridian, MS: Key Field": 83,
        "Bethel, AK: Bethel Airport": 81,
        "Columbus, GA: Columbus Airport": 81,
        "Albany, GA: Southwest Georgia Regional": 80,
        "Barrow, AK: Wiley Post/Will Rogers Memorial": 80,
        "Deadhorse, AK: Deadhorse Airport": 80,
        "Rochester, MN: Rochester International": 78,
        "Binghamton, NY: Greater Binghamton/Edwin A. Link Field": 76,
        "Lake Charles, LA: Lake Charles Regional": 76,
        "Jamestown, ND: Jamestown Regional": 74,
        "Ponce, PR: Mercedita": 72,
        "Hancock/Houghton, MI: Houghton County Memorial": 63,
        "Aberdeen, SD: Aberdeen Regional": 62,
        "Newburgh/Poughkeepsie, NY: Stewart International": 62,
        "Bemidji, MN: Bemidji Regional": 62,
        "Joplin, MO: Joplin Regional": 62,
        "Worcester, MA: Worcester Regional": 62,
        "Muskegon, MI: Muskegon County": 62,
        "Wrangell, AK: Wrangell Airport": 62,
        "Petersburg, AK: Petersburg James A Johnson": 62,
        "Santa Maria, CA: Santa Maria Public/Capt. G. Allan Hancock Field": 62,
        "Eau Claire, WI: Chippewa Valley Regional": 62,
        "Paducah, KY: Barkley Regional": 62,
        "Nome, AK: Nome Airport": 61,
        "Redding, CA: Redding Municipal": 61,
        "Kotzebue, AK: Ralph Wien Memorial": 61,
        "Cordova, AK: Merle K Mudhole Smith": 60,
        "Yakutat, AK: Yakutat Airport": 60,
        "State College, PA: University Park": 60,
        "Ithaca/Cortland, NY: Ithaca Tompkins Regional": 59,
        "Santa Fe, NM: Santa Fe Municipal": 59,
        "Sault Ste. Marie, MI: Chippewa County International": 58,
        "Butte, MT: Bert Mooney": 58,
        "Mosinee, WI: Central Wisconsin": 58,
        "Erie, PA: Erie International/Tom Ridge Field": 58,
        "Iron Mountain/Kingsfd, MI: Ford": 57,
        "Rock Springs, WY: Rock Springs Sweetwater County": 57,
        "Pocatello, ID: Pocatello Regional": 56,
        "New Bern/Morehead/Beaufort, NC: Coastal Carolina Regional": 55,
        "Marquette, MI: Sawyer International": 55,
        "Lewiston, ID: Lewiston Nez Perce County": 55,
        "College Station/Bryan, TX: Easterwood Field": 55,
        "International Falls, MN: Falls International Einarson Field": 54,
        "Pellston, MI: Pellston Regional Airport of Emmet County": 54,
        "Elko, NV: Elko Regional": 53,
        "Hays, KS: Hays Regional": 52,
        "Brainerd, MN: Brainerd Lakes Regional": 52,
        "Escanaba, MI: Delta County": 52,
        "Hattiesburg/Laurel, MS: Hattiesburg-Laurel Regional": 52,
        "Alpena, MI: Alpena County Regional": 52,
        "Laramie, WY: Laramie Regional": 52,
        "Cedar City, UT: Cedar City Regional": 51,
        "Hobbs, NM: Lea County Regional": 49,
        "La Crosse, WI: La Crosse Regional": 49,
        "Devils Lake, ND: Devils Lake Regional": 48,
        "Gunnison, CO: Gunnison-Crested Butte Regional": 48,
        "Kodiak, AK: Kodiak Airport": 43,
        "Cody, WY: Yellowstone Regional": 33,
        "Mammoth Lakes, CA: Mammoth Lakes Airport": 32,
        "Niagara Falls, NY: Niagara Falls International": 31,
        "Guam, TT: Guam International": 31,
        "Plattsburgh, NY: Plattsburgh International": 31,
        "North Bend/Coos Bay, OR: Southwest Oregon Regional": 17,
        "Pago Pago, TT: Pago Pago International": 10,
        "Adak Island, AK: Adak": 9,
        "Roswell, NM: Roswell International Air Center": 4,
        "Bangor, ME: Bangor International": 4,
        "St. Augustine, FL: Northeast Florida Regional": 3
    },
    "nrows": 445827
}