{
    "column_id": "Airline/Airline.csvAirline.csv/OriginAirportSeq_Description",
    "dataset_name": "Airline.csv",
    "dataset_id": "Airline/Airline.csv",
    "path": "/home/ubuntu/CatDB/Experiments/data/Airline/Airline.csv",
    "table_name": "Airline.csv",
    "table_id": "Airline/Airline.csvAirline.csv",
    "column_name": "OriginAirportSeq_Description",
    "data_source": "Airline",
    "data_type": "natural_language_text",
    "total_values_count": 445827,
    "distinct_values_count": 294,
    "missing_values_count": 0,
    "true_ratio": null,
    "min_value": null,
    "max_value": null,
    "mean": null,
    "median": null,
    "iqr": null,
    "category_values": [
        "Dallas/Fort Worth, TX: Dallas/Fort Worth International",
        "Detroit, MI: Detroit Metro Wayne County",
        "Seattle, WA: Seattle/Tacoma International",
        "New York, NY: John F. Kennedy International",
        "San Jose, CA: Norman Y. Mineta San Jose International",
        "Chicago, IL: Chicago O'Hare International",
        "Phoenix, AZ: Phoenix Sky Harbor International",
        "New York, NY: LaGuardia",
        "St. Louis, MO: Lambert-St. Louis International",
        "Fort Lauderdale, FL: Fort Lauderdale-Hollywood International",
        "Los Angeles, CA: Los Angeles International",
        "Orlando, FL: Orlando International",
        "Denver, CO: Denver International",
        "Miami, FL: Miami International",
        "Kona, HI: Kona International Airport at Keahole",
        "Houston, TX: George Bush Intercontinental/Houston",
        "Austin, TX: Austin - Bergstrom International",
        "Las Vegas, NV: McCarran International",
        "Salt Lake City, UT: Salt Lake City International",
        "Tucson, AZ: Tucson International",
        "Charlotte Amalie, VI: Cyril E King",
        "Boston, MA: Logan International",
        "San Francisco, CA: San Francisco International",
        "Kahului, HI: Kahului Airport",
        "Tampa, FL: Tampa International",
        "Santa Ana, CA: John Wayne Airport-Orange County",
        "Oklahoma City, OK: Will Rogers World",
        "Honolulu, HI: Honolulu International",
        "Charlotte, NC: Charlotte Douglas International",
        "Philadelphia, PA: Philadelphia International",
        "Raleigh/Durham, NC: Raleigh-Durham International",
        "Newark, NJ: Newark Liberty International",
        "Washington, DC: Ronald Reagan Washington National",
        "Richmond, VA: Richmond International",
        "Atlanta, GA: Hartsfield-Jackson Atlanta International",
        "Lubbock, TX: Lubbock Preston Smith International",
        "Pittsburgh, PA: Pittsburgh International",
        "El Paso, TX: El Paso International",
        "San Diego, CA: San Diego International",
        "Nashville, TN: Nashville International",
        "Jackson, WY: Jackson Hole",
        "Sacramento, CA: Sacramento International",
        "Washington, DC: Washington Dulles International",
        "Lihue, HI: Lihue Airport",
        "San Juan, PR: Luis Munoz Marin International",
        "Albuquerque, NM: Albuquerque International Sunport",
        "Norfolk, VA: Norfolk International",
        "Jacksonville, FL: Jacksonville International",
        "New Orleans, LA: Louis Armstrong New Orleans International",
        "San Antonio, TX: San Antonio International",
        "Kansas City, MO: Kansas City International",
        "Gunnison, CO: Gunnison-Crested Butte Regional",
        "Indianapolis, IN: Indianapolis International",
        "Palm Springs, CA: Palm Springs International",
        "Portland, OR: Portland International",
        "Baltimore, MD: Baltimore/Washington International Thurgood Marshall",
        "Minneapolis, MN: Minneapolis-St Paul International",
        "Milwaukee, WI: General Mitchell International",
        "Tulsa, OK: Tulsa International",
        "Ontario, CA: Ontario International",
        "Fort Myers, FL: Southwest Florida International",
        "Reno, NV: Reno/Tahoe International",
        "Des Moines, IA: Des Moines International",
        "Mission/McAllen/Edinburg, TX: McAllen Miller International",
        "Omaha, NE: Eppley Airfield",
        "Eagle, CO: Eagle County Regional",
        "West Palm Beach/Palm Beach, FL: Palm Beach International",
        "Louisville, KY: Louisville International-Standiford Field",
        "Fresno, CA: Fresno Yosemite International",
        "Dayton, OH: James M Cox/Dayton International",
        "Christiansted, VI: Henry E. Rohlsen",
        "Colorado Springs, CO: City of Colorado Springs Municipal",
        "Columbus, OH: Port Columbus International",
        "Montrose/Delta, CO: Montrose Regional",
        "Hayden, CO: Yampa Valley",
        "Spokane, WA: Spokane International",
        "Boise, ID: Boise Air Terminal",
        "Hartford, CT: Bradley International",
        "Memphis, TN: Memphis International",
        "Cleveland, OH: Cleveland-Hopkins International",
        "Houston, TX: William P Hobby",
        "Oakland, CA: Metropolitan Oakland International",
        "Anchorage, AK: Ted Stevens Anchorage International",
        "Buffalo, NY: Buffalo Niagara International",
        "Syracuse, NY: Syracuse Hancock International",
        "Albany, NY: Albany International",
        "Providence, RI: Theodore Francis Green State",
        "Rochester, NY: Greater Rochester International",
        "Wilmington, NC: Wilmington International",
        "Wichita, KS: Wichita Dwight D Eisenhower National",
        "Portland, ME: Portland International Jetport",
        "Greensboro/High Point, NC: Piedmont Triad International",
        "Charleston, SC: Charleston AFB/International",
        "Harrisburg, PA: Harrisburg International",
        "Birmingham, AL: Birmingham-Shuttlesworth International",
        "Kodiak, AK: Kodiak Airport",
        "Bethel, AK: Bethel Airport",
        "Barrow, AK: Wiley Post/Will Rogers Memorial",
        "Deadhorse, AK: Deadhorse Airport",
        "Fairbanks, AK: Fairbanks International",
        "Juneau, AK: Juneau International",
        "Ketchikan, AK: Ketchikan International",
        "Yakutat, AK: Yakutat Airport",
        "Cordova, AK: Merle K Mudhole Smith",
        "Sitka, AK: Sitka Rocky Gutierrez",
        "Petersburg, AK: Petersburg James A Johnson",
        "Wrangell, AK: Wrangell Airport",
        "Nome, AK: Nome Airport",
        "Kotzebue, AK: Ralph Wien Memorial",
        "Burbank, CA: Bob Hope",
        "Bellingham, WA: Bellingham International",
        "Adak Island, AK: Adak",
        "Newburgh/Poughkeepsie, NY: Stewart International",
        "Long Beach, CA: Long Beach Airport",
        "Ponce, PR: Mercedita",
        "Aguadilla, PR: Rafael Hernandez",
        "White Plains, NY: Westchester County",
        "Savannah, GA: Savannah/Hilton Head International",
        "Sarasota/Bradenton, FL: Sarasota/Bradenton International",
        "Burlington, VT: Burlington International",
        "Worcester, MA: Worcester Regional",
        "Daytona Beach, FL: Daytona Beach International",
        "Cincinnati, OH: Cincinnati/Northern Kentucky International",
        "Bismarck/Mandan, ND: Bismarck Municipal",
        "Asheville, NC: Asheville Regional",
        "Grand Rapids, MI: Gerald R. Ford International",
        "Flint, MI: Bishop International",
        "Myrtle Beach, SC: Myrtle Beach International",
        "Jackson/Vicksburg, MS: Jackson Medgar Wiley Evers International",
        "Billings, MT: Billings Logan International",
        "Fargo, ND: Hector International",
        "Pensacola, FL: Pensacola International",
        "Augusta, GA: Augusta Regional at Bush Field",
        "Greer, SC: Greenville-Spartanburg International",
        "Lexington, KY: Blue Grass",
        "Dallas, TX: Dallas Love Field",
        "Appleton, WI: Appleton International",
        "Gulfport/Biloxi, MS: Gulfport-Biloxi International",
        "Melbourne, FL: Melbourne International",
        "Bozeman, MT: Bozeman Yellowstone International",
        "Akron, OH: Akron-Canton Regional",
        "Charlottesville, VA: Charlottesville Albemarle",
        "Madison, WI: Dane County Regional-Truax Field",
        "Key West, FL: Key West International",
        "Bristol/Johnson City/Kingsport, TN: Tri-Cities Regional TN/VA",
        "Lafayette, LA: Lafayette Regional Paul Fournet Field",
        "Roanoke, VA: Roanoke Blacksburg Regional Woodrum Field",
        "Panama City, FL: Northwest Florida Beaches International",
        "Valparaiso, FL: Eglin AFB Destin Fort Walton Beach",
        "Fayetteville, AR: Northwest Arkansas Regional",
        "Evansville, IN: Evansville Regional",
        "Scranton/Wilkes-Barre, PA: Wilkes Barre Scranton International",
        "Chicago, IL: Chicago Midway International",
        "Huntsville, AL: Huntsville International-Carl T Jones Field",
        "Fayetteville, NC: Fayetteville Regional/Grannis Field",
        "Little Rock, AR: Bill and Hillary Clinton Nat Adams Field",
        "Knoxville, TN: McGhee Tyson",
        "Tallahassee, FL: Tallahassee International",
        "Missoula, MT: Missoula International",
        "Chattanooga, TN: Lovell Field",
        "Trenton, NJ: Trenton Mercer",
        "St. Augustine, FL: Northeast Florida Regional",
        "Mobile, AL: Mobile Regional",
        "Newport News/Williamsburg, VA: Newport News/Williamsburg International",
        "Columbia, SC: Columbia Metropolitan",
        "Sioux Falls, SD: Joe Foss Field",
        "Hilo, HI: Hilo International",
        "Latrobe, PA: Arnold Palmer Regional",
        "Allentown/Bethlehem/Easton, PA: Lehigh Valley International",
        "Bloomington/Normal, IL: Central Illinois Regional",
        "Charleston/Dunbar, WV: Yeager",
        "Atlantic City, NJ: Atlantic City International",
        "Pago Pago, TT: Pago Pago International",
        "Niagara Falls, NY: Niagara Falls International",
        "Waco, TX: Waco Regional",
        "Monroe, LA: Monroe Regional",
        "Killeen, TX: Robert Gray AAF",
        "Shreveport, LA: Shreveport Regional",
        "Fort Smith, AR: Fort Smith Regional",
        "Midland/Odessa, TX: Midland International",
        "Santa Fe, NM: Santa Fe Municipal",
        "Joplin, MO: Joplin Regional",
        "Laredo, TX: Laredo International",
        "Brownsville, TX: Brownsville South Padre Island International",
        "Tyler, TX: Tyler Pounds Regional",
        "Yuma, AZ: Yuma MCAS/Yuma International",
        "Grand Junction, CO: Grand Junction Regional",
        "Duluth, MN: Duluth International",
        "Green Bay, WI: Austin Straubel International",
        "Lansing, MI: Capital Region International",
        "Santa Barbara, CA: Santa Barbara Municipal",
        "Aspen, CO: Aspen Pitkin County Sardy Field",
        "Durango, CO: Durango La Plata County",
        "Idaho Falls, ID: Idaho Falls Regional",
        "Rapid City, SD: Rapid City Regional",
        "Kalispell, MT: Glacier Park International",
        "Lincoln, NE: Lincoln Airport",
        "Amarillo, TX: Rick Husband Amarillo International",
        "Bakersfield, CA: Meadows Field",
        "Flagstaff, AZ: Flagstaff Pulliam",
        "Moline, IL: Quad City International",
        "La Crosse, WI: La Crosse Regional",
        "South Bend, IN: South Bend International",
        "Pasco/Kennewick/Richland, WA: Tri Cities",
        "Minot, ND: Minot International",
        "Williston, ND: Sloulin Field International",
        "Grand Forks, ND: Grand Forks International",
        "Great Falls, MT: Great Falls International",
        "Fort Wayne, IN: Fort Wayne International",
        "Monterey, CA: Monterey Regional",
        "Saginaw/Bay City/Midland, MI: MBS International",
        "Peoria, IL: General Downing - Peoria International",
        "Sun Valley/Hailey/Ketchum, ID: Friedman Memorial",
        "Twin Falls, ID: Joslin Field - Magic Valley Regional",
        "Springfield, MO: Springfield-Branson National",
        "Casper, WY: Casper/Natrona County International",
        "Baton Rouge, LA: Baton Rouge Metropolitan/Ryan Field",
        "Plattsburgh, NY: Plattsburgh International",
        "Corpus Christi, TX: Corpus Christi International",
        "Mammoth Lakes, CA: Mammoth Lakes Airport",
        "Cedar Rapids/Iowa City, IA: The Eastern Iowa",
        "Elko, NV: Elko Regional",
        "San Luis Obispo, CA: San Luis County Regional",
        "Rock Springs, WY: Rock Springs Sweetwater County",
        "Hancock/Houghton, MI: Houghton County Memorial",
        "Pellston, MI: Pellston Regional Airport of Emmet County",
        "Gillette, WY: Gillette Campbell County",
        "Kalamazoo, MI: Kalamazoo/Battle Creek International",
        "Medford, OR: Rogue Valley International - Medford",
        "Santa Maria, CA: Santa Maria Public/Capt. G. Allan Hancock Field",
        "Eugene, OR: Mahlon Sweet Field",
        "Rochester, MN: Rochester International",
        "Traverse City, MI: Cherry Capital",
        "Springfield, IL: Abraham Lincoln Capital",
        "St. George, UT: St George Regional",
        "Helena, MT: Helena Regional",
        "Bend/Redmond, OR: Roberts Field",
        "Arcata/Eureka, CA: Arcata",
        "Eau Claire, WI: Chippewa Valley Regional",
        "Devils Lake, ND: Devils Lake Regional",
        "Jamestown, ND: Jamestown Regional",
        "Muskegon, MI: Muskegon County",
        "Iron Mountain/Kingsfd, MI: Ford",
        "Hays, KS: Hays Regional",
        "Paducah, KY: Barkley Regional",
        "Cody, WY: Yellowstone Regional",
        "Aberdeen, SD: Aberdeen Regional",
        "Ithaca/Cortland, NY: Ithaca Tompkins Regional",
        "Alpena, MI: Alpena County Regional",
        "Escanaba, MI: Delta County",
        "Bemidji, MN: Bemidji Regional",
        "Marquette, MI: Sawyer International",
        "Sault Ste. Marie, MI: Chippewa County International",
        "Binghamton, NY: Greater Binghamton/Edwin A. Link Field",
        "Rhinelander, WI: Rhinelander/Oneida County",
        "Lewiston, ID: Lewiston Nez Perce County",
        "Brainerd, MN: Brainerd Lakes Regional",
        "International Falls, MN: Falls International Einarson Field",
        "Pocatello, ID: Pocatello Regional",
        "Guam, TT: Guam International",
        "Hibbing, MN: Range Regional",
        "Butte, MT: Bert Mooney",
        "Cedar City, UT: Cedar City Regional",
        "North Bend/Coos Bay, OR: Southwest Oregon Regional",
        "Redding, CA: Redding Municipal",
        "Harlingen/San Benito, TX: Valley International",
        "Islip, NY: Long Island MacArthur",
        "Manchester, NH: Manchester-Boston Regional",
        "Laramie, WY: Laramie Regional",
        "Gainesville, FL: Gainesville Regional",
        "Meridian, MS: Key Field",
        "Hattiesburg/Laurel, MS: Hattiesburg-Laurel Regional",
        "Beaumont/Port Arthur, TX: Jack Brooks Regional",
        "Lawton/Fort Sill, OK: Lawton-Fort Sill Regional",
        "Alexandria, LA: Alexandria International",
        "Texarkana, AR: Texarkana Regional-Webb Field",
        "Roswell, NM: Roswell International Air Center",
        "Erie, PA: Erie International/Tom Ridge Field",
        "College Station/Bryan, TX: Easterwood Field",
        "Hobbs, NM: Lea County Regional",
        "Lake Charles, LA: Lake Charles Regional",
        "Columbus, MS: Golden Triangle Regional",
        "Dothan, AL: Dothan Regional",
        "State College, PA: University Park",
        "Montgomery, AL: Montgomery Regional",
        "Columbus, GA: Columbus Airport",
        "Mosinee, WI: Central Wisconsin",
        "Elmira/Corning, NY: Elmira/Corning Regional",
        "Jacksonville/Camp Lejeune, NC: Albert J Ellis",
        "Valdosta, GA: Valdosta Regional",
        "Albany, GA: Southwest Georgia Regional",
        "Bangor, ME: Bangor International",
        "Brunswick, GA: Brunswick Golden Isles",
        "New Bern/Morehead/Beaufort, NC: Coastal Carolina Regional"
    ],
    "embedding": [
        -0.07437562197446823,
        -0.05543772876262665,
        0.11710836738348007,
        -1.0,
        0.12611649930477142,
        0.025781024247407913,
        -0.06839299201965332,
        -1.0,
        1.0,
        -0.12908704578876495,
        0.017144640907645226,
        -0.012782515957951546,
        0.9948952198028564,
        0.10435406863689423,
        -0.9999980926513672,
        -0.0634584054350853,
        -0.07945485413074493,
        0.13186752796173096,
        -0.005488600116223097,
        -0.13422708213329315,
        0.27799302339553833,
        -0.03949509188532829,
        0.07461842894554138,
        -0.999999463558197,
        0.9998094439506531,
        0.07505491375923157,
        0.02955230139195919,
        -0.03488205745816231,
        0.08977890014648438,
        -0.3086557686328888,
        -0.09869829565286636,
        -0.08838480710983276,
        -0.006675965618342161,
        0.18589641153812408,
        0.050561483949422836,
        0.08696990460157394,
        0.34739741683006287,
        0.06636204570531845,
        0.0666131004691124,
        -0.17001624405384064,
        -0.08753395080566406,
        0.9999984502792358,
        0.05162684991955757,
        0.17126309871673584,
        -0.8743937611579895,
        0.3104249835014343,
        -0.11008298397064209,
        -0.12532038986682892,
        -0.037776630371809006,
        0.05355588346719742,
        -0.09883464127779007,
        -0.25710543990135193,
        0.03390119597315788,
        0.9895468950271606,
        -0.17070205509662628,
        -0.3563408851623535,
        -0.12674781680107117,
        -0.0715450718998909,
        -0.9999971985816956,
        -0.027834326028823853,
        -0.020134465768933296,
        0.9999943971633911,
        1.0,
        0.11199170351028442,
        -0.9999999403953552,
        -0.06814756244421005,
        0.054207175970077515,
        0.2842200696468353,
        0.19945493340492249,
        -0.9999992251396179,
        0.9999988675117493,
        -0.12459006160497665,
        -0.15577711164951324,
        0.07779231667518616,
        0.16041994094848633,
        0.04256808012723923,
        -0.03655217960476875,
        -0.10198239237070084,
        0.0023582943249493837,
        -0.03929423540830612,
        0.004296508617699146,
        -0.47916483879089355,
        0.0970507264137268,
        0.06110886484384537,
        -0.018969621509313583,
        0.23556584119796753,
        -0.2134721726179123,
        -0.10720343887805939,
        -0.02406419813632965,
        0.052003584802150726,
        0.15824151039123535,
        0.10274215042591095,
        0.008319748565554619,
        -0.09354586899280548,
        -0.005662919953465462,
        0.1898362785577774,
        -1.0,
        0.10402453690767288,
        -0.9999999403953552,
        -0.9999985098838806,
        0.21149544417858124,
        0.9999983310699463,
        -0.09043612331151962,
        -0.02208145335316658,
        -0.07683311402797699,
        0.2203981876373291,
        0.3803776502609253,
        -0.10321860760450363,
        0.3140098452568054,
        0.13501355051994324,
        0.9999980926513672,
        0.1762661337852478,
        0.08404743671417236,
        0.999999463558197,
        0.2436871975660324,
        0.07013436406850815,
        0.04223552718758583,
        -0.1191260889172554,
        -0.03286756947636604,
        0.021859772503376007,
        -0.1686459183692932,
        -0.08905959129333496,
        -0.01160743460059166,
        -0.236077681183815,
        0.37653762102127075,
        0.05362456291913986,
        -1.0,
        -0.09285038709640503,
        -0.12047883868217468,
        -0.9926785826683044,
        0.999999463558197,
        0.651591420173645,
        -0.19145850837230682,
        0.13448922336101532,
        0.9999933242797852,
        0.08563366532325745,
        -0.018443377688527107,
        -0.2568267285823822,
        -0.08692094683647156,
        0.18972381949424744,
        0.5794752836227417,
        -0.4016678035259247,
        -0.9999992251396179,
        -0.9999999403953552,
        0.11283505707979202,
        -0.09354973584413528,
        0.07922597229480743,
        0.06943465769290924,
        0.9999980926513672,
        0.16288326680660248,
        -0.10359738767147064,
        0.14247266948223114,
        0.07701001316308975,
        1.0,
        -0.18704797327518463,
        0.0413658507168293,
        -0.40194055438041687,
        0.1479300707578659,
        0.06444612890481949,
        0.097605399787426,
        -0.14255769550800323,
        -0.10752391070127487,
        0.17723219096660614,
        -0.162644624710083,
        -0.03785913065075874,
        0.8609252572059631,
        0.08395839482545853,
        -0.960223376750946,
        -0.14053203165531158,
        -0.11199492961168289,
        0.16646318137645721,
        -0.016809148713946342,
        0.09976209700107574,
        0.9999974370002747,
        0.029393108561635017,
        -0.06503240019083023,
        0.9999999403953552,
        -0.08248773217201233,
        -0.058536041527986526,
        0.994776725769043,
        0.26128605008125305,
        -0.05511755123734474,
        0.01451593916863203,
        0.1360783576965332,
        -0.07395891100168228,
        -0.09189553558826447,
        -0.07325088232755661,
        -0.9999999403953552,
        0.0140726612880826,
        -0.11040879786014557,
        -0.145766481757164,
        0.11145690083503723,
        0.02811371721327305,
        -0.23909899592399597,
        0.16576838493347168,
        0.9999995827674866,
        0.31620872020721436,
        0.06866011768579483,
        -0.17728549242019653,
        -0.08481943607330322,
        -0.9999998211860657,
        0.05034365504980087,
        0.9998942613601685,
        -0.08252812176942825,
        0.010342222638428211,
        -0.603181004524231,
        0.999999463558197,
        -0.9884544610977173,
        0.13710249960422516,
        0.9999992251396179,
        -0.09384690970182419,
        0.11605542153120041,
        0.154780313372612,
        -0.13941925764083862,
        0.032318200916051865,
        0.28515827655792236,
        -1.0,
        -0.04445882514119148,
        -0.03807917237281799,
        -0.05514531210064888,
        0.2159774750471115,
        0.04842763394117355,
        -0.06469900906085968,
        -0.07642742991447449,
        -0.14101943373680115,
        0.11286386102437973,
        0.07945720106363297,
        0.03429800271987915,
        0.23625825345516205,
        -0.06421925127506256,
        -0.9806331992149353,
        -0.9999939799308777,
        -0.06797347962856293,
        0.9632033109664917,
        0.4801872670650482,
        0.05743381753563881,
        -0.14494681358337402,
        0.0654427781701088,
        -0.03252008929848671,
        -0.9989919662475586,
        0.8882511258125305,
        0.11305268108844757,
        -0.5036198496818542,
        0.01737300492823124,
        -0.9972374439239502,
        -0.9999462962150574,
        0.22081339359283447,
        -0.1221856102347374,
        0.016276223585009575,
        0.2459287792444229,
        0.06884463131427765,
        0.1513461321592331,
        1.0,
        0.05673714727163315,
        -0.9999973773956299,
        -0.05322998762130737,
        0.017759736627340317,
        -1.0,
        0.9980562329292297,
        0.9965423345565796,
        -0.9999999403953552,
        -0.16618460416793823,
        -0.14087751507759094,
        -0.1153968796133995,
        0.26617124676704407,
        0.12115832418203354,
        -0.013586439192295074,
        0.1890387237071991,
        0.1068277508020401,
        0.11120086908340454,
        0.13677848875522614,
        0.07834501564502716,
        0.07316937297582626,
        0.04236140474677086,
        0.9999971985816956,
        -0.1671871691942215,
        -0.0697457492351532,
        -1.0,
        0.2456507831811905,
        0.08686871826648712,
        -0.07638834416866302,
        0.2131047397851944,
        0.022439686581492424,
        0.10992712527513504,
        -0.9999999403953552,
        -0.22433719038963318,
        0.17169208824634552,
        -0.06071784719824791,
        -1.0,
        0.2064880132675171,
        -0.3458903133869171,
        0.07813606411218643,
        0.015438922680914402,
        -0.057453449815511703,
        0.021550914272665977,
        0.9999999403953552,
        0.02297881990671158,
        0.10711831599473953,
        -0.30508047342300415,
        -0.13859400153160095
    ],
    "embedding_scaling_factor": 0.049450818449258804,
    "samples": [
        "Dallas, TX: Dallas Love Field",
        "Birmingham, AL: Birmingham-Shuttlesworth International",
        "El Paso, TX: El Paso International",
        "Chicago, IL: Chicago O'Hare International",
        "Cleveland, OH: Cleveland-Hopkins International",
        "New Orleans, LA: Louis Armstrong New Orleans International",
        "Minneapolis, MN: Minneapolis-St Paul International",
        "New York, NY: LaGuardia",
        "Atlanta, GA: Hartsfield-Jackson Atlanta International",
        "Phoenix, AZ: Phoenix Sky Harbor International",
        "Denver, CO: Denver International",
        "Dallas, TX: Dallas Love Field",
        "Houston, TX: William P Hobby",
        "Houston, TX: George Bush Intercontinental/Houston",
        "Detroit, MI: Detroit Metro Wayne County",
        "Pensacola, FL: Pensacola International",
        "Austin, TX: Austin - Bergstrom International",
        "Los Angeles, CA: Los Angeles International",
        "San Antonio, TX: San Antonio International",
        "Miami, FL: Miami International",
        "Minneapolis, MN: Minneapolis-St Paul International",
        "Las Vegas, NV: McCarran International",
        "Las Vegas, NV: McCarran International",
        "Charlotte, NC: Charlotte Douglas International",
        "Dallas/Fort Worth, TX: Dallas/Fort Worth International",
        "San Francisco, CA: San Francisco International",
        "Newark, NJ: Newark Liberty International",
        "Atlanta, GA: Hartsfield-Jackson Atlanta International",
        "Atlanta, GA: Hartsfield-Jackson Atlanta International",
        "Orlando, FL: Orlando International",
        "Newark, NJ: Newark Liberty International",
        "Kona, HI: Kona International Airport at Keahole",
        "San Diego, CA: San Diego International",
        "Los Angeles, CA: Los Angeles International",
        "Austin, TX: Austin - Bergstrom International",
        "Atlanta, GA: Hartsfield-Jackson Atlanta International",
        "Phoenix, AZ: Phoenix Sky Harbor International",
        "Chicago, IL: Chicago O'Hare International",
        "Omaha, NE: Eppley Airfield",
        "Minneapolis, MN: Minneapolis-St Paul International",
        "Detroit, MI: Detroit Metro Wayne County",
        "Denver, CO: Denver International",
        "Washington, DC: Ronald Reagan Washington National",
        "Honolulu, HI: Honolulu International",
        "Pittsburgh, PA: Pittsburgh International",
        "Dallas/Fort Worth, TX: Dallas/Fort Worth International",
        "Charlotte, NC: Charlotte Douglas International",
        "Minneapolis, MN: Minneapolis-St Paul International",
        "St. Louis, MO: Lambert-St. Louis International",
        "Atlanta, GA: Hartsfield-Jackson Atlanta International",
        "Bakersfield, CA: Meadows Field",
        "Austin, TX: Austin - Bergstrom International",
        "Boston, MA: Logan International",
        "Dallas/Fort Worth, TX: Dallas/Fort Worth International",
        "Dallas/Fort Worth, TX: Dallas/Fort Worth International",
        "Louisville, KY: Louisville International-Standiford Field",
        "Portland, OR: Portland International",
        "Nashville, TN: Nashville International",
        "Atlanta, GA: Hartsfield-Jackson Atlanta International",
        "Killeen, TX: Robert Gray AAF",
        "Cincinnati, OH: Cincinnati/Northern Kentucky International",
        "Denver, CO: Denver International",
        "Seattle, WA: Seattle/Tacoma International",
        "Salt Lake City, UT: Salt Lake City International",
        "Miami, FL: Miami International",
        "Midland/Odessa, TX: Midland International",
        "Newark, NJ: Newark Liberty International",
        "San Francisco, CA: San Francisco International",
        "Charlotte, NC: Charlotte Douglas International",
        "Las Vegas, NV: McCarran International",
        "St. Louis, MO: Lambert-St. Louis International",
        "Santa Ana, CA: John Wayne Airport-Orange County",
        "Dallas/Fort Worth, TX: Dallas/Fort Worth International",
        "Chicago, IL: Chicago O'Hare International",
        "Seattle, WA: Seattle/Tacoma International",
        "Philadelphia, PA: Philadelphia International",
        "Chicago, IL: Chicago O'Hare International",
        "Los Angeles, CA: Los Angeles International",
        "San Juan, PR: Luis Munoz Marin International",
        "Atlanta, GA: Hartsfield-Jackson Atlanta International",
        "Tulsa, OK: Tulsa International",
        "Seattle, WA: Seattle/Tacoma International",
        "Newark, NJ: Newark Liberty International",
        "Jacksonville, FL: Jacksonville International",
        "Houston, TX: William P Hobby",
        "Chicago, IL: Chicago O'Hare International",
        "Raleigh/Durham, NC: Raleigh-Durham International",
        "Portland, OR: Portland International",
        "New York, NY: LaGuardia",
        "Denver, CO: Denver International",
        "Fort Myers, FL: Southwest Florida International",
        "Los Angeles, CA: Los Angeles International",
        "Las Vegas, NV: McCarran International",
        "Atlanta, GA: Hartsfield-Jackson Atlanta International",
        "Atlanta, GA: Hartsfield-Jackson Atlanta International",
        "Dallas/Fort Worth, TX: Dallas/Fort Worth International",
        "Omaha, NE: Eppley Airfield",
        "San Juan, PR: Luis Munoz Marin International",
        "Boston, MA: Logan International",
        "Boston, MA: Logan International"
    ],
    "category_values_ratio": {
        "Atlanta, GA: Hartsfield-Jackson Atlanta International": 29870,
        "Chicago, IL: Chicago O'Hare International": 18610,
        "Denver, CO: Denver International": 17519,
        "Dallas/Fort Worth, TX: Dallas/Fort Worth International": 16565,
        "Los Angeles, CA: Los Angeles International": 16427,
        "San Francisco, CA: San Francisco International": 13207,
        "Phoenix, AZ: Phoenix Sky Harbor International": 13024,
        "Las Vegas, NV: McCarran International": 12246,
        "Houston, TX: George Bush Intercontinental/Houston": 11660,
        "Orlando, FL: Orlando International": 10739,
        "Seattle, WA: Seattle/Tacoma International": 9749,
        "Minneapolis, MN: Minneapolis-St Paul International": 9581,
        "Detroit, MI: Detroit Metro Wayne County": 9489,
        "Charlotte, NC: Charlotte Douglas International": 9213,
        "Boston, MA: Logan International": 9088,
        "Salt Lake City, UT: Salt Lake City International": 8684,
        "Newark, NJ: Newark Liberty International": 8526,
        "New York, NY: LaGuardia": 8028,
        "New York, NY: John F. Kennedy International": 8027,
        "Fort Lauderdale, FL: Fort Lauderdale-Hollywood International": 7678,
        "Baltimore, MD: Baltimore/Washington International Thurgood Marshall": 7181,
        "Chicago, IL: Chicago Midway International": 6679,
        "Washington, DC: Ronald Reagan Washington National": 6447,
        "Miami, FL: Miami International": 6083,
        "San Diego, CA: San Diego International": 6016,
        "Tampa, FL: Tampa International": 6006,
        "Dallas, TX: Dallas Love Field": 5795,
        "Philadelphia, PA: Philadelphia International": 5664,
        "Houston, TX: William P Hobby": 4540,
        "St. Louis, MO: Lambert-St. Louis International": 4321,
        "Portland, OR: Portland International": 4136,
        "Nashville, TN: Nashville International": 3898,
        "Honolulu, HI: Honolulu International": 3870,
        "Oakland, CA: Metropolitan Oakland International": 3654,
        "Austin, TX: Austin - Bergstrom International": 3581,
        "New Orleans, LA: Louis Armstrong New Orleans International": 3507,
        "Santa Ana, CA: John Wayne Airport-Orange County": 3465,
        "Kansas City, MO: Kansas City International": 3320,
        "Fort Myers, FL: Southwest Florida International": 3294,
        "San Jose, CA: Norman Y. Mineta San Jose International": 3214,
        "Sacramento, CA: Sacramento International": 3152,
        "Milwaukee, WI: General Mitchell International": 2703,
        "Cleveland, OH: Cleveland-Hopkins International": 2680,
        "Raleigh/Durham, NC: Raleigh-Durham International": 2569,
        "Washington, DC: Washington Dulles International": 2537,
        "West Palm Beach/Palm Beach, FL: Palm Beach International": 2436,
        "San Juan, PR: Luis Munoz Marin International": 2408,
        "San Antonio, TX: San Antonio International": 2342,
        "Indianapolis, IN: Indianapolis International": 2209,
        "Kahului, HI: Kahului Airport": 1909,
        "Pittsburgh, PA: Pittsburgh International": 1887,
        "Burbank, CA: Bob Hope": 1783,
        "Columbus, OH: Port Columbus International": 1774,
        "Ontario, CA: Ontario International": 1598,
        "Hartford, CT: Bradley International": 1520,
        "Jacksonville, FL: Jacksonville International": 1500,
        "Albuquerque, NM: Albuquerque International Sunport": 1443,
        "Tucson, AZ: Tucson International": 1419,
        "Omaha, NE: Eppley Airfield": 1409,
        "Oklahoma City, OK: Will Rogers World": 1322,
        "Buffalo, NY: Buffalo Niagara International": 1307,
        "Cincinnati, OH: Cincinnati/Northern Kentucky International": 1253,
        "Anchorage, AK: Ted Stevens Anchorage International": 1232,
        "Tulsa, OK: Tulsa International": 1199,
        "Boise, ID: Boise Air Terminal": 1172,
        "Richmond, VA: Richmond International": 1155,
        "Memphis, TN: Memphis International": 1151,
        "Charleston, SC: Charleston AFB/International": 1015,
        "Lihue, HI: Lihue Airport": 1005,
        "Reno, NV: Reno/Tahoe International": 1001,
        "Providence, RI: Theodore Francis Green State": 996,
        "Kona, HI: Kona International Airport at Keahole": 990,
        "Palm Springs, CA: Palm Springs International": 978,
        "Birmingham, AL: Birmingham-Shuttlesworth International": 891,
        "El Paso, TX: El Paso International": 879,
        "Spokane, WA: Spokane International": 857,
        "Norfolk, VA: Norfolk International": 846,
        "Albany, NY: Albany International": 758,
        "Long Beach, CA: Long Beach Airport": 755,
        "Grand Rapids, MI: Gerald R. Ford International": 753,
        "Louisville, KY: Louisville International-Standiford Field": 746,
        "Wichita, KS: Wichita Dwight D Eisenhower National": 688,
        "Des Moines, IA: Des Moines International": 656,
        "Colorado Springs, CO: City of Colorado Springs Municipal": 628,
        "Little Rock, AR: Bill and Hillary Clinton Nat Adams Field": 614,
        "Aspen, CO: Aspen Pitkin County Sardy Field": 607,
        "Fresno, CA: Fresno Yosemite International": 598,
        "Baton Rouge, LA: Baton Rouge Metropolitan/Ryan Field": 590,
        "Rochester, NY: Greater Rochester International": 585,
        "Madison, WI: Dane County Regional-Truax Field": 576,
        "Dayton, OH: James M Cox/Dayton International": 572,
        "White Plains, NY: Westchester County": 548,
        "Greer, SC: Greenville-Spartanburg International": 536,
        "Savannah, GA: Savannah/Hilton Head International": 531,
        "Knoxville, TN: McGhee Tyson": 525,
        "Santa Barbara, CA: Santa Barbara Municipal": 500,
        "Akron, OH: Akron-Canton Regional": 493,
        "Hilo, HI: Hilo International": 492,
        "Shreveport, LA: Shreveport Regional": 481,
        "Midland/Odessa, TX: Midland International": 471,
        "Syracuse, NY: Syracuse Hancock International": 458,
        "Charlotte Amalie, VI: Cyril E King": 448,
        "Pensacola, FL: Pensacola International": 443,
        "Manchester, NH: Manchester-Boston Regional": 443,
        "Jackson/Vicksburg, MS: Jackson Medgar Wiley Evers International": 429,
        "Columbia, SC: Columbia Metropolitan": 427,
        "Greensboro/High Point, NC: Piedmont Triad International": 427,
        "Jackson, WY: Jackson Hole": 403,
        "Lubbock, TX: Lubbock Preston Smith International": 399,
        "South Bend, IN: South Bend International": 396,
        "Islip, NY: Long Island MacArthur": 381,
        "Portland, ME: Portland International Jetport": 377,
        "Fargo, ND: Hector International": 374,
        "Fayetteville, AR: Northwest Arkansas Regional": 367,
        "Lexington, KY: Blue Grass": 365,
        "Valparaiso, FL: Eglin AFB Destin Fort Walton Beach": 360,
        "Mobile, AL: Mobile Regional": 353,
        "Juneau, AK: Juneau International": 345,
        "Chattanooga, TN: Lovell Field": 343,
        "Sioux Falls, SD: Joe Foss Field": 343,
        "Sarasota/Bradenton, FL: Sarasota/Bradenton International": 327,
        "Panama City, FL: Northwest Florida Beaches International": 323,
        "Huntsville, AL: Huntsville International-Carl T Jones Field": 314,
        "Atlantic City, NJ: Atlantic City International": 310,
        "Eagle, CO: Eagle County Regional": 309,
        "Fort Wayne, IN: Fort Wayne International": 308,
        "Pasco/Kennewick/Richland, WA: Tri Cities": 298,
        "Flint, MI: Bishop International": 296,
        "Eugene, OR: Mahlon Sweet Field": 291,
        "Billings, MT: Billings Logan International": 283,
        "Appleton, WI: Appleton International": 270,
        "Bozeman, MT: Bozeman Yellowstone International": 269,
        "Lafayette, LA: Lafayette Regional Paul Fournet Field": 269,
        "Burlington, VT: Burlington International": 264,
        "Gulfport/Biloxi, MS: Gulfport-Biloxi International": 264,
        "Peoria, IL: General Downing - Peoria International": 249,
        "Lansing, MI: Capital Region International": 249,
        "Corpus Christi, TX: Corpus Christi International": 248,
        "Monroe, LA: Monroe Regional": 247,
        "Amarillo, TX: Rick Husband Amarillo International": 246,
        "Harlingen/San Benito, TX: Valley International": 244,
        "Cedar Rapids/Iowa City, IA: The Eastern Iowa": 242,
        "Green Bay, WI: Austin Straubel International": 241,
        "Medford, OR: Rogue Valley International - Medford": 235,
        "Springfield, MO: Springfield-Branson National": 231,
        "Lincoln, NE: Lincoln Airport": 231,
        "Myrtle Beach, SC: Myrtle Beach International": 228,
        "San Luis Obispo, CA: San Luis County Regional": 221,
        "Evansville, IN: Evansville Regional": 220,
        "Rapid City, SD: Rapid City Regional": 218,
        "Moline, IL: Quad City International": 216,
        "Killeen, TX: Robert Gray AAF": 214,
        "Monterey, CA: Monterey Regional": 210,
        "Idaho Falls, ID: Idaho Falls Regional": 208,
        "Alexandria, LA: Alexandria International": 208,
        "Tallahassee, FL: Tallahassee International": 208,
        "Bismarck/Mandan, ND: Bismarck Municipal": 208,
        "Kalamazoo, MI: Kalamazoo/Battle Creek International": 206,
        "Asheville, NC: Asheville Regional": 204,
        "Wilmington, NC: Wilmington International": 196,
        "Augusta, GA: Augusta Regional at Bush Field": 196,
        "Charleston/Dunbar, WV: Yeager": 196,
        "Gainesville, FL: Gainesville Regional": 194,
        "Mission/McAllen/Edinburg, TX: McAllen Miller International": 194,
        "Montgomery, AL: Montgomery Regional": 191,
        "Saginaw/Bay City/Midland, MI: MBS International": 189,
        "Harrisburg, PA: Harrisburg International": 189,
        "Bakersfield, CA: Meadows Field": 188,
        "Grand Junction, CO: Grand Junction Regional": 188,
        "Brownsville, TX: Brownsville South Padre Island International": 187,
        "Ketchikan, AK: Ketchikan International": 186,
        "Hayden, CO: Yampa Valley": 185,
        "Key West, FL: Key West International": 184,
        "Bend/Redmond, OR: Roberts Field": 183,
        "Roanoke, VA: Roanoke Blacksburg Regional Woodrum Field": 183,
        "Missoula, MT: Missoula International": 181,
        "Allentown/Bethlehem/Easton, PA: Lehigh Valley International": 180,
        "Elmira/Corning, NY: Elmira/Corning Regional": 179,
        "Yuma, AZ: Yuma MCAS/Yuma International": 177,
        "Fairbanks, AK: Fairbanks International": 174,
        "Duluth, MN: Duluth International": 173,
        "Aguadilla, PR: Rafael Hernandez": 172,
        "Tyler, TX: Tyler Pounds Regional": 170,
        "Charlottesville, VA: Charlottesville Albemarle": 170,
        "Williston, ND: Sloulin Field International": 169,
        "Trenton, NJ: Trenton Mercer": 168,
        "Laredo, TX: Laredo International": 162,
        "Bristol/Johnson City/Kingsport, TN: Tri-Cities Regional TN/VA": 162,
        "Flagstaff, AZ: Flagstaff Pulliam": 157,
        "Fayetteville, NC: Fayetteville Regional/Grannis Field": 154,
        "Montrose/Delta, CO: Montrose Regional": 153,
        "Scranton/Wilkes-Barre, PA: Wilkes Barre Scranton International": 153,
        "St. George, UT: St George Regional": 153,
        "Great Falls, MT: Great Falls International": 151,
        "Minot, ND: Minot International": 151,
        "Fort Smith, AR: Fort Smith Regional": 148,
        "Daytona Beach, FL: Daytona Beach International": 147,
        "Waco, TX: Waco Regional": 145,
        "Springfield, IL: Abraham Lincoln Capital": 142,
        "Casper, WY: Casper/Natrona County International": 139,
        "Kalispell, MT: Glacier Park International": 138,
        "Arcata/Eureka, CA: Arcata": 125,
        "Twin Falls, ID: Joslin Field - Magic Valley Regional": 122,
        "Helena, MT: Helena Regional": 118,
        "Melbourne, FL: Melbourne International": 117,
        "Dothan, AL: Dothan Regional": 116,
        "Sun Valley/Hailey/Ketchum, ID: Friedman Memorial": 115,
        "Durango, CO: Durango La Plata County": 105,
        "Christiansted, VI: Henry E. Rohlsen": 98,
        "Bellingham, WA: Bellingham International": 95,
        "Traverse City, MI: Cherry Capital": 95,
        "Grand Forks, ND: Grand Forks International": 94,
        "Latrobe, PA: Arnold Palmer Regional": 93,
        "Sitka, AK: Sitka Rocky Gutierrez": 92,
        "Bloomington/Normal, IL: Central Illinois Regional": 91,
        "Jacksonville/Camp Lejeune, NC: Albert J Ellis": 90,
        "Gillette, WY: Gillette Campbell County": 88,
        "Rhinelander, WI: Rhinelander/Oneida County": 88,
        "Newport News/Williamsburg, VA: Newport News/Williamsburg International": 88,
        "Lawton/Fort Sill, OK: Lawton-Fort Sill Regional": 87,
        "Brunswick, GA: Brunswick Golden Isles": 86,
        "Beaumont/Port Arthur, TX: Jack Brooks Regional": 85,
        "Valdosta, GA: Valdosta Regional": 84,
        "Texarkana, AR: Texarkana Regional-Webb Field": 83,
        "Hibbing, MN: Range Regional": 83,
        "Columbus, MS: Golden Triangle Regional": 83,
        "Meridian, MS: Key Field": 83,
        "Bethel, AK: Bethel Airport": 81,
        "Columbus, GA: Columbus Airport": 81,
        "Deadhorse, AK: Deadhorse Airport": 80,
        "Barrow, AK: Wiley Post/Will Rogers Memorial": 80,
        "Albany, GA: Southwest Georgia Regional": 79,
        "Rochester, MN: Rochester International": 77,
        "Binghamton, NY: Greater Binghamton/Edwin A. Link Field": 76,
        "Lake Charles, LA: Lake Charles Regional": 75,
        "Jamestown, ND: Jamestown Regional": 74,
        "Ponce, PR: Mercedita": 73,
        "Newburgh/Poughkeepsie, NY: Stewart International": 67,
        "Eau Claire, WI: Chippewa Valley Regional": 62,
        "Muskegon, MI: Muskegon County": 62,
        "Hancock/Houghton, MI: Houghton County Memorial": 62,
        "Joplin, MO: Joplin Regional": 62,
        "Wrangell, AK: Wrangell Airport": 62,
        "Petersburg, AK: Petersburg James A Johnson": 62,
        "Paducah, KY: Barkley Regional": 62,
        "Bemidji, MN: Bemidji Regional": 62,
        "Aberdeen, SD: Aberdeen Regional": 62,
        "Redding, CA: Redding Municipal": 61,
        "Santa Maria, CA: Santa Maria Public/Capt. G. Allan Hancock Field": 61,
        "Nome, AK: Nome Airport": 61,
        "Kotzebue, AK: Ralph Wien Memorial": 61,
        "Cordova, AK: Merle K Mudhole Smith": 60,
        "Yakutat, AK: Yakutat Airport": 60,
        "Worcester, MA: Worcester Regional": 60,
        "Ithaca/Cortland, NY: Ithaca Tompkins Regional": 59,
        "Sault Ste. Marie, MI: Chippewa County International": 58,
        "Butte, MT: Bert Mooney": 58,
        "State College, PA: University Park": 58,
        "Santa Fe, NM: Santa Fe Municipal": 58,
        "Erie, PA: Erie International/Tom Ridge Field": 58,
        "Rock Springs, WY: Rock Springs Sweetwater County": 57,
        "Mosinee, WI: Central Wisconsin": 57,
        "Iron Mountain/Kingsfd, MI: Ford": 57,
        "Pocatello, ID: Pocatello Regional": 56,
        "New Bern/Morehead/Beaufort, NC: Coastal Carolina Regional": 55,
        "Lewiston, ID: Lewiston Nez Perce County": 55,
        "College Station/Bryan, TX: Easterwood Field": 54,
        "International Falls, MN: Falls International Einarson Field": 54,
        "Pellston, MI: Pellston Regional Airport of Emmet County": 54,
        "Marquette, MI: Sawyer International": 54,
        "Elko, NV: Elko Regional": 53,
        "Hattiesburg/Laurel, MS: Hattiesburg-Laurel Regional": 52,
        "Brainerd, MN: Brainerd Lakes Regional": 52,
        "Escanaba, MI: Delta County": 52,
        "Alpena, MI: Alpena County Regional": 52,
        "Laramie, WY: Laramie Regional": 52,
        "Hays, KS: Hays Regional": 52,
        "Cedar City, UT: Cedar City Regional": 51,
        "Hobbs, NM: Lea County Regional": 49,
        "La Crosse, WI: La Crosse Regional": 49,
        "Gunnison, CO: Gunnison-Crested Butte Regional": 48,
        "Devils Lake, ND: Devils Lake Regional": 48,
        "Kodiak, AK: Kodiak Airport": 43,
        "Cody, WY: Yellowstone Regional": 33,
        "Mammoth Lakes, CA: Mammoth Lakes Airport": 32,
        "Plattsburgh, NY: Plattsburgh International": 31,
        "Guam, TT: Guam International": 31,
        "Niagara Falls, NY: Niagara Falls International": 31,
        "North Bend/Coos Bay, OR: Southwest Oregon Regional": 17,
        "Pago Pago, TT: Pago Pago International": 10,
        "Adak Island, AK: Adak": 9,
        "Bangor, ME: Bangor International": 6,
        "Roswell, NM: Roswell International Air Center": 4,
        "St. Augustine, FL: Northeast Florida Regional": 3
    },
    "nrows": 445827
}