{
    "column_id": "Airline/Airline.csvAirline.csv/DestAirport_Description",
    "dataset_name": "Airline.csv",
    "dataset_id": "Airline/Airline.csv",
    "path": "/home/ubuntu/CatDB/Experiments/data/Airline/Airline.csv",
    "table_name": "Airline.csv",
    "table_id": "Airline/Airline.csvAirline.csv",
    "column_name": "DestAirport_Description",
    "data_source": "Airline",
    "data_type": "natural_language_text",
    "total_values_count": 445827,
    "distinct_values_count": 294,
    "missing_values_count": 0,
    "true_ratio": null,
    "min_value": null,
    "max_value": null,
    "mean": null,
    "median": null,
    "iqr": null,
    "category_values": [
        "Detroit, MI: Detroit Metro Wayne County",
        "Dallas/Fort Worth, TX: Dallas/Fort Worth International",
        "New York, NY: John F. Kennedy International",
        "Seattle, WA: Seattle/Tacoma International",
        "Chicago, IL: Chicago O'Hare International",
        "San Jose, CA: Norman Y. Mineta San Jose International",
        "Washington, DC: Ronald Reagan Washington National",
        "Philadelphia, PA: Philadelphia International",
        "St. Louis, MO: Lambert-St. Louis International",
        "Tampa, FL: Tampa International",
        "Miami, FL: Miami International",
        "Denver, CO: Denver International",
        "Los Angeles, CA: Los Angeles International",
        "Kona, HI: Kona International Airport at Keahole",
        "Houston, TX: George Bush Intercontinental/Houston",
        "Austin, TX: Austin - Bergstrom International",
        "Orlando, FL: Orlando International",
        "Las Vegas, NV: McCarran International",
        "Salt Lake City, UT: Salt Lake City International",
        "Charlotte Amalie, VI: Cyril E King",
        "Boston, MA: Logan International",
        "Fort Lauderdale, FL: Fort Lauderdale-Hollywood International",
        "San Francisco, CA: San Francisco International",
        "Honolulu, HI: Honolulu International",
        "Kahului, HI: Kahului Airport",
        "Tulsa, OK: Tulsa International",
        "Santa Ana, CA: John Wayne Airport-Orange County",
        "Washington, DC: Washington Dulles International",
        "New York, NY: LaGuardia",
        "Charlotte, NC: Charlotte Douglas International",
        "Raleigh/Durham, NC: Raleigh-Durham International",
        "Newark, NJ: Newark Liberty International",
        "Richmond, VA: Richmond International",
        "Portland, OR: Portland International",
        "El Paso, TX: El Paso International",
        "San Diego, CA: San Diego International",
        "San Antonio, TX: San Antonio International",
        "Kansas City, MO: Kansas City International",
        "Nashville, TN: Nashville International",
        "Phoenix, AZ: Phoenix Sky Harbor International",
        "Ontario, CA: Ontario International",
        "Tucson, AZ: Tucson International",
        "Sacramento, CA: Sacramento International",
        "Oklahoma City, OK: Will Rogers World",
        "Lihue, HI: Lihue Airport",
        "Norfolk, VA: Norfolk International",
        "Fort Myers, FL: Southwest Florida International",
        "Baltimore, MD: Baltimore/Washington International Thurgood Marshall",
        "Minneapolis, MN: Minneapolis-St Paul International",
        "Gunnison, CO: Gunnison-Crested Butte Regional",
        "Indianapolis, IN: Indianapolis International",
        "Atlanta, GA: Hartsfield-Jackson Atlanta International",
        "San Juan, PR: Luis Munoz Marin International",
        "Palm Springs, CA: Palm Springs International",
        "New Orleans, LA: Louis Armstrong New Orleans International",
        "Colorado Springs, CO: City of Colorado Springs Municipal",
        "Milwaukee, WI: General Mitchell International",
        "Jacksonville, FL: Jacksonville International",
        "Pittsburgh, PA: Pittsburgh International",
        "Reno, NV: Reno/Tahoe International",
        "Mission/McAllen/Edinburg, TX: McAllen Miller International",
        "West Palm Beach/Palm Beach, FL: Palm Beach International",
        "Eagle, CO: Eagle County Regional",
        "Dayton, OH: James M Cox/Dayton International",
        "Albuquerque, NM: Albuquerque International Sunport",
        "Lubbock, TX: Lubbock Preston Smith International",
        "Louisville, KY: Louisville International-Standiford Field",
        "Christiansted, VI: Henry E. Rohlsen",
        "Des Moines, IA: Des Moines International",
        "Omaha, NE: Eppley Airfield",
        "Cleveland, OH: Cleveland-Hopkins International",
        "Hartford, CT: Bradley International",
        "Fresno, CA: Fresno Yosemite International",
        "Columbus, OH: Port Columbus International",
        "Jackson, WY: Jackson Hole",
        "Montrose/Delta, CO: Montrose Regional",
        "Hayden, CO: Yampa Valley",
        "Memphis, TN: Memphis International",
        "Boise, ID: Boise Air Terminal",
        "Houston, TX: William P Hobby",
        "Oakland, CA: Metropolitan Oakland International",
        "Spokane, WA: Spokane International",
        "Anchorage, AK: Ted Stevens Anchorage International",
        "Buffalo, NY: Buffalo Niagara International",
        "Wichita, KS: Wichita Dwight D Eisenhower National",
        "Providence, RI: Theodore Francis Green State",
        "Albany, NY: Albany International",
        "Syracuse, NY: Syracuse Hancock International",
        "Wilmington, NC: Wilmington International",
        "Portland, ME: Portland International Jetport",
        "Rochester, NY: Greater Rochester International",
        "Charleston, SC: Charleston AFB/International",
        "Harrisburg, PA: Harrisburg International",
        "Greensboro/High Point, NC: Piedmont Triad International",
        "Birmingham, AL: Birmingham-Shuttlesworth International",
        "Bellingham, WA: Bellingham International",
        "Bethel, AK: Bethel Airport",
        "Kodiak, AK: Kodiak Airport",
        "Barrow, AK: Wiley Post/Will Rogers Memorial",
        "Deadhorse, AK: Deadhorse Airport",
        "Fairbanks, AK: Fairbanks International",
        "Ketchikan, AK: Ketchikan International",
        "Yakutat, AK: Yakutat Airport",
        "Cordova, AK: Merle K Mudhole Smith",
        "Juneau, AK: Juneau International",
        "Sitka, AK: Sitka Rocky Gutierrez",
        "Wrangell, AK: Wrangell Airport",
        "Petersburg, AK: Petersburg James A Johnson",
        "Nome, AK: Nome Airport",
        "Kotzebue, AK: Ralph Wien Memorial",
        "Burbank, CA: Bob Hope",
        "Adak Island, AK: Adak",
        "Ponce, PR: Mercedita",
        "Long Beach, CA: Long Beach Airport",
        "Newburgh/Poughkeepsie, NY: Stewart International",
        "White Plains, NY: Westchester County",
        "Aguadilla, PR: Rafael Hernandez",
        "Sarasota/Bradenton, FL: Sarasota/Bradenton International",
        "Savannah, GA: Savannah/Hilton Head International",
        "Burlington, VT: Burlington International",
        "Worcester, MA: Worcester Regional",
        "Daytona Beach, FL: Daytona Beach International",
        "Cincinnati, OH: Cincinnati/Northern Kentucky International",
        "Fargo, ND: Hector International",
        "Madison, WI: Dane County Regional-Truax Field",
        "Grand Rapids, MI: Gerald R. Ford International",
        "Evansville, IN: Evansville Regional",
        "Scranton/Wilkes-Barre, PA: Wilkes Barre Scranton International",
        "Billings, MT: Billings Logan International",
        "Augusta, GA: Augusta Regional at Bush Field",
        "Dallas, TX: Dallas Love Field",
        "Bristol/Johnson City/Kingsport, TN: Tri-Cities Regional TN/VA",
        "Chicago, IL: Chicago Midway International",
        "Gulfport/Biloxi, MS: Gulfport-Biloxi International",
        "Newport News/Williamsburg, VA: Newport News/Williamsburg International",
        "Melbourne, FL: Melbourne International",
        "Bozeman, MT: Bozeman Yellowstone International",
        "Chattanooga, TN: Lovell Field",
        "Missoula, MT: Missoula International",
        "Charlottesville, VA: Charlottesville Albemarle",
        "Lexington, KY: Blue Grass",
        "Key West, FL: Key West International",
        "Panama City, FL: Northwest Florida Beaches International",
        "Valparaiso, FL: Eglin AFB Destin Fort Walton Beach",
        "Greer, SC: Greenville-Spartanburg International",
        "Appleton, WI: Appleton International",
        "Lafayette, LA: Lafayette Regional Paul Fournet Field",
        "Springfield, MO: Springfield-Branson National",
        "Akron, OH: Akron-Canton Regional",
        "Sioux Falls, SD: Joe Foss Field",
        "Fayetteville, NC: Fayetteville Regional/Grannis Field",
        "Pensacola, FL: Pensacola International",
        "Little Rock, AR: Bill and Hillary Clinton Nat Adams Field",
        "Roanoke, VA: Roanoke Blacksburg Regional Woodrum Field",
        "Manchester, NH: Manchester-Boston Regional",
        "Jackson/Vicksburg, MS: Jackson Medgar Wiley Evers International",
        "Myrtle Beach, SC: Myrtle Beach International",
        "Huntsville, AL: Huntsville International-Carl T Jones Field",
        "Knoxville, TN: McGhee Tyson",
        "Flint, MI: Bishop International",
        "Cedar Rapids/Iowa City, IA: The Eastern Iowa",
        "Trenton, NJ: Trenton Mercer",
        "Bismarck/Mandan, ND: Bismarck Municipal",
        "St. Augustine, FL: Northeast Florida Regional",
        "Asheville, NC: Asheville Regional",
        "Columbia, SC: Columbia Metropolitan",
        "Charleston/Dunbar, WV: Yeager",
        "Hilo, HI: Hilo International",
        "Atlantic City, NJ: Atlantic City International",
        "Latrobe, PA: Arnold Palmer Regional",
        "Allentown/Bethlehem/Easton, PA: Lehigh Valley International",
        "Fayetteville, AR: Northwest Arkansas Regional",
        "Bloomington/Normal, IL: Central Illinois Regional",
        "Pago Pago, TT: Pago Pago International",
        "Niagara Falls, NY: Niagara Falls International",
        "Joplin, MO: Joplin Regional",
        "Shreveport, LA: Shreveport Regional",
        "Tyler, TX: Tyler Pounds Regional",
        "Monroe, LA: Monroe Regional",
        "Killeen, TX: Robert Gray AAF",
        "Midland/Odessa, TX: Midland International",
        "Baton Rouge, LA: Baton Rouge Metropolitan/Ryan Field",
        "Lawton/Fort Sill, OK: Lawton-Fort Sill Regional",
        "Springfield, IL: Abraham Lincoln Capital",
        "Waco, TX: Waco Regional",
        "Brownsville, TX: Brownsville South Padre Island International",
        "Alexandria, LA: Alexandria International",
        "Lake Charles, LA: Lake Charles Regional",
        "Yuma, AZ: Yuma MCAS/Yuma International",
        "Duluth, MN: Duluth International",
        "Fort Wayne, IN: Fort Wayne International",
        "Green Bay, WI: Austin Straubel International",
        "South Bend, IN: South Bend International",
        "Lansing, MI: Capital Region International",
        "Santa Barbara, CA: Santa Barbara Municipal",
        "Durango, CO: Durango La Plata County",
        "Rapid City, SD: Rapid City Regional",
        "Aspen, CO: Aspen Pitkin County Sardy Field",
        "Minot, ND: Minot International",
        "Eugene, OR: Mahlon Sweet Field",
        "Mammoth Lakes, CA: Mammoth Lakes Airport",
        "Lincoln, NE: Lincoln Airport",
        "Medford, OR: Rogue Valley International - Medford",
        "Grand Junction, CO: Grand Junction Regional",
        "Great Falls, MT: Great Falls International",
        "Santa Maria, CA: Santa Maria Public/Capt. G. Allan Hancock Field",
        "Moline, IL: Quad City International",
        "La Crosse, WI: La Crosse Regional",
        "Pasco/Kennewick/Richland, WA: Tri Cities",
        "Kalispell, MT: Glacier Park International",
        "Flagstaff, AZ: Flagstaff Pulliam",
        "Helena, MT: Helena Regional",
        "Arcata/Eureka, CA: Arcata",
        "Saginaw/Bay City/Midland, MI: MBS International",
        "Peoria, IL: General Downing - Peoria International",
        "Rochester, MN: Rochester International",
        "Plattsburgh, NY: Plattsburgh International",
        "Bakersfield, CA: Meadows Field",
        "Sun Valley/Hailey/Ketchum, ID: Friedman Memorial",
        "Idaho Falls, ID: Idaho Falls Regional",
        "Monterey, CA: Monterey Regional",
        "Grand Forks, ND: Grand Forks International",
        "Amarillo, TX: Rick Husband Amarillo International",
        "Corpus Christi, TX: Corpus Christi International",
        "San Luis Obispo, CA: San Luis County Regional",
        "Williston, ND: Sloulin Field International",
        "St. George, UT: St George Regional",
        "Twin Falls, ID: Joslin Field - Magic Valley Regional",
        "Pellston, MI: Pellston Regional Airport of Emmet County",
        "Elko, NV: Elko Regional",
        "Casper, WY: Casper/Natrona County International",
        "Laramie, WY: Laramie Regional",
        "Traverse City, MI: Cherry Capital",
        "Kalamazoo, MI: Kalamazoo/Battle Creek International",
        "Bend/Redmond, OR: Roberts Field",
        "College Station/Bryan, TX: Easterwood Field",
        "Hancock/Houghton, MI: Houghton County Memorial",
        "Cody, WY: Yellowstone Regional",
        "Eau Claire, WI: Chippewa Valley Regional",
        "Jamestown, ND: Jamestown Regional",
        "Devils Lake, ND: Devils Lake Regional",
        "Paducah, KY: Barkley Regional",
        "Marquette, MI: Sawyer International",
        "Muskegon, MI: Muskegon County",
        "Gillette, WY: Gillette Campbell County",
        "Aberdeen, SD: Aberdeen Regional",
        "Alpena, MI: Alpena County Regional",
        "Ithaca/Cortland, NY: Ithaca Tompkins Regional",
        "Sault Ste. Marie, MI: Chippewa County International",
        "Binghamton, NY: Greater Binghamton/Edwin A. Link Field",
        "Rhinelander, WI: Rhinelander/Oneida County",
        "Iron Mountain/Kingsfd, MI: Ford",
        "Lewiston, ID: Lewiston Nez Perce County",
        "International Falls, MN: Falls International Einarson Field",
        "Pocatello, ID: Pocatello Regional",
        "Guam, TT: Guam International",
        "Hibbing, MN: Range Regional",
        "Escanaba, MI: Delta County",
        "Bemidji, MN: Bemidji Regional",
        "Brainerd, MN: Brainerd Lakes Regional",
        "Butte, MT: Bert Mooney",
        "Cedar City, UT: Cedar City Regional",
        "Rock Springs, WY: Rock Springs Sweetwater County",
        "Hays, KS: Hays Regional",
        "Redding, CA: Redding Municipal",
        "North Bend/Coos Bay, OR: Southwest Oregon Regional",
        "Harlingen/San Benito, TX: Valley International",
        "Islip, NY: Long Island MacArthur",
        "Tallahassee, FL: Tallahassee International",
        "Mobile, AL: Mobile Regional",
        "Gainesville, FL: Gainesville Regional",
        "Hattiesburg/Laurel, MS: Hattiesburg-Laurel Regional",
        "Meridian, MS: Key Field",
        "Fort Smith, AR: Fort Smith Regional",
        "Beaumont/Port Arthur, TX: Jack Brooks Regional",
        "Santa Fe, NM: Santa Fe Municipal",
        "Laredo, TX: Laredo International",
        "Texarkana, AR: Texarkana Regional-Webb Field",
        "Roswell, NM: Roswell International Air Center",
        "Hobbs, NM: Lea County Regional",
        "Mosinee, WI: Central Wisconsin",
        "Erie, PA: Erie International/Tom Ridge Field",
        "Columbus, MS: Golden Triangle Regional",
        "Dothan, AL: Dothan Regional",
        "Elmira/Corning, NY: Elmira/Corning Regional",
        "State College, PA: University Park",
        "Jacksonville/Camp Lejeune, NC: Albert J Ellis",
        "Valdosta, GA: Valdosta Regional",
        "Montgomery, AL: Montgomery Regional",
        "Albany, GA: Southwest Georgia Regional",
        "Brunswick, GA: Brunswick Golden Isles",
        "Columbus, GA: Columbus Airport",
        "Bangor, ME: Bangor International",
        "New Bern/Morehead/Beaufort, NC: Coastal Carolina Regional"
    ],
    "embedding": [
        -0.07442710548639297,
        -0.05530932545661926,
        0.11688726395368576,
        -1.0,
        0.12619158625602722,
        0.02559765800833702,
        -0.06823283433914185,
        -1.0,
        1.0,
        -0.12914879620075226,
        0.017154110595583916,
        -0.012651495635509491,
        0.994843602180481,
        0.10417314618825912,
        -0.9999983310699463,
        -0.06336496025323868,
        -0.07926604896783829,
        0.1319718062877655,
        -0.005587527062743902,
        -0.13424378633499146,
        0.2780110239982605,
        -0.03952818736433983,
        0.07458551973104477,
        -0.999999463558197,
        0.9998086094856262,
        0.0750831812620163,
        0.029588714241981506,
        -0.03494683653116226,
        0.08962017297744751,
        -0.3085983395576477,
        -0.0988394170999527,
        -0.08843158930540085,
        -0.006714288145303726,
        0.18600718677043915,
        0.050622958689928055,
        0.08676154166460037,
        0.3474038541316986,
        0.06639142334461212,
        0.06646914780139923,
        -0.1699734330177307,
        -0.08732333034276962,
        0.9999986886978149,
        0.051515597850084305,
        0.1710263341665268,
        -0.8743745684623718,
        0.31049683690071106,
        -0.11020102351903915,
        -0.1251218169927597,
        -0.037624847143888474,
        0.05348174273967743,
        -0.09891081601381302,
        -0.25707611441612244,
        0.03374943882226944,
        0.9895374774932861,
        -0.170446515083313,
        -0.35635578632354736,
        -0.12675610184669495,
        -0.07141880691051483,
        -0.9999974370002747,
        -0.0278830174356699,
        -0.01999775506556034,
        0.9999942779541016,
        1.0,
        0.11207273602485657,
        -1.0,
        -0.06803152710199356,
        0.054065849632024765,
        0.2842523455619812,
        0.19949735701084137,
        -0.9999991059303284,
        0.9999988675117493,
        -0.1243707686662674,
        -0.15583138167858124,
        0.0775499939918518,
        0.16019675135612488,
        0.04268510267138481,
        -0.036680061370134354,
        -0.10210440307855606,
        0.0024393517524003983,
        -0.03910432010889053,
        0.004414007533341646,
        -0.47886136174201965,
        0.09706597030162811,
        0.06095279008150101,
        -0.019083907827734947,
        0.23556166887283325,
        -0.21349051594734192,
        -0.10699739307165146,
        -0.023939261212944984,
        0.0518488809466362,
        0.15825578570365906,
        0.10278215259313583,
        0.008206925354897976,
        -0.09362465888261795,
        -0.0055532497353851795,
        0.18970637023448944,
        -1.0,
        0.1038186103105545,
        -0.9999998211860657,
        -0.9999985694885254,
        0.21135805547237396,
        0.9999985694885254,
        -0.09052211046218872,
        -0.021959923207759857,
        -0.07694210112094879,
        0.22043165564537048,
        0.3803011178970337,
        -0.10301877558231354,
        0.31398844718933105,
        0.13491101562976837,
        0.9999980926513672,
        0.1762974113225937,
        0.08409325033426285,
        0.9999994039535522,
        0.24373985826969147,
        0.07016649097204208,
        0.042271699756383896,
        -0.11918352544307709,
        -0.03293178975582123,
        0.021930404007434845,
        -0.16870099306106567,
        -0.0891403928399086,
        -0.011729437857866287,
        -0.2358187437057495,
        0.37658026814460754,
        0.05350039526820183,
        -1.0,
        -0.09292499721050262,
        -0.12059999257326126,
        -0.9927043914794922,
        0.9999995827674866,
        0.6515395641326904,
        -0.19129690527915955,
        0.1345844864845276,
        0.9999932646751404,
        0.08543433248996735,
        -0.018263565376400948,
        -0.2568478286266327,
        -0.08672560006380081,
        0.18972547352313995,
        0.5795155763626099,
        -0.40164753794670105,
        -0.9999994039535522,
        -0.9999998211860657,
        0.11263483762741089,
        -0.09337332099676132,
        0.0790453627705574,
        0.06956981867551804,
        0.9999983310699463,
        0.16265682876110077,
        -0.10344857722520828,
        0.1422576904296875,
        0.07682110369205475,
        1.0,
        -0.18712235987186432,
        0.04122520610690117,
        -0.40195876359939575,
        0.14798198640346527,
        0.06430424004793167,
        0.09738454967737198,
        -0.14243069291114807,
        -0.10757311433553696,
        0.17692849040031433,
        -0.16266942024230957,
        -0.0379885658621788,
        0.8609280586242676,
        0.08405524492263794,
        -0.960215151309967,
        -0.1405942738056183,
        -0.11206024885177612,
        0.16654418408870697,
        -0.01689811609685421,
        0.09978529065847397,
        0.9999977350234985,
        0.029507720842957497,
        -0.06512806564569473,
        0.9999999403953552,
        -0.08234620094299316,
        -0.05859671160578728,
        0.994769275188446,
        0.26134172081947327,
        -0.055227138102054596,
        0.014554372988641262,
        0.13586659729480743,
        -0.07388179749250412,
        -0.09186194837093353,
        -0.07311417907476425,
        -0.9999999403953552,
        0.01400382537394762,
        -0.11049823462963104,
        -0.14558206498622894,
        0.11158450692892075,
        0.02800852432847023,
        -0.23917673528194427,
        0.16556298732757568,
        0.9999997615814209,
        0.3161676228046417,
        0.06871408224105835,
        -0.1773391216993332,
        -0.08465954661369324,
        -0.9999996423721313,
        0.050516266375780106,
        0.9998942613601685,
        -0.0824187770485878,
        0.010221867822110653,
        -0.6031812429428101,
        0.9999995827674866,
        -0.9884279370307922,
        0.13715936243534088,
        0.9999992847442627,
        -0.09363973140716553,
        0.1161641851067543,
        0.15452904999256134,
        -0.13954249024391174,
        0.0321621410548687,
        0.28519120812416077,
        -1.0,
        -0.04422705993056297,
        -0.0381695032119751,
        -0.05519681051373482,
        0.21597611904144287,
        0.04845103994011879,
        -0.06444297730922699,
        -0.07652289420366287,
        -0.14107303321361542,
        0.11292658001184464,
        0.07949212938547134,
        0.03423141688108444,
        0.23602035641670227,
        -0.0640917420387268,
        -0.9805939793586731,
        -0.9999940395355225,
        -0.06809330731630325,
        0.9632054567337036,
        0.4801730215549469,
        0.057497426867485046,
        -0.1447337418794632,
        0.06546591222286224,
        -0.032576870173215866,
        -0.9989897608757019,
        0.8882378935813904,
        0.11316701769828796,
        -0.5036560297012329,
        0.017235042527318,
        -0.9972302913665771,
        -0.9999468326568604,
        0.22079302370548248,
        -0.12199120223522186,
        0.01615259423851967,
        0.24604588747024536,
        0.06896225363016129,
        0.15114383399486542,
        1.0,
        0.056590452790260315,
        -0.999997615814209,
        -0.05327014625072479,
        0.01789378747344017,
        -1.0,
        0.9980517625808716,
        0.9965053200721741,
        -0.9999999403953552,
        -0.1662774533033371,
        -0.14068123698234558,
        -0.1154666543006897,
        0.26592129468917847,
        0.1212049275636673,
        -0.013461659662425518,
        0.1890765130519867,
        0.10683265328407288,
        0.11112403869628906,
        0.13689632713794708,
        0.07831171154975891,
        0.07324611395597458,
        0.04249262437224388,
        0.9999971985816956,
        -0.1671498417854309,
        -0.06983502209186554,
        -1.0,
        0.24540404975414276,
        0.08683811128139496,
        -0.07645507156848907,
        0.2130650281906128,
        0.022262396290898323,
        0.10976174473762512,
        -0.9999999403953552,
        -0.224370539188385,
        0.17180666327476501,
        -0.060765523463487625,
        -1.0,
        0.20644061267375946,
        -0.3459327816963196,
        0.0781223326921463,
        0.015389839187264442,
        -0.05732089281082153,
        0.0215972401201725,
        0.9999999403953552,
        0.02309769205749035,
        0.10694972425699234,
        -0.30479440093040466,
        -0.13867582380771637
    ],
    "embedding_scaling_factor": 0.049190640449523926,
    "samples": [
        "Houston, TX: George Bush Intercontinental/Houston",
        "Tampa, FL: Tampa International",
        "New York, NY: LaGuardia",
        "New Orleans, LA: Louis Armstrong New Orleans International",
        "Columbus, OH: Port Columbus International",
        "Seattle, WA: Seattle/Tacoma International",
        "Atlanta, GA: Hartsfield-Jackson Atlanta International",
        "Minneapolis, MN: Minneapolis-St Paul International",
        "Ontario, CA: Ontario International",
        "Atlanta, GA: Hartsfield-Jackson Atlanta International",
        "Dallas/Fort Worth, TX: Dallas/Fort Worth International",
        "Denver, CO: Denver International",
        "Santa Ana, CA: John Wayne Airport-Orange County",
        "Colorado Springs, CO: City of Colorado Springs Municipal",
        "Oklahoma City, OK: Will Rogers World",
        "Los Angeles, CA: Los Angeles International",
        "Dallas, TX: Dallas Love Field",
        "Hays, KS: Hays Regional",
        "Atlanta, GA: Hartsfield-Jackson Atlanta International",
        "Atlanta, GA: Hartsfield-Jackson Atlanta International",
        "Houston, TX: George Bush Intercontinental/Houston",
        "Houston, TX: George Bush Intercontinental/Houston",
        "Oakland, CA: Metropolitan Oakland International",
        "Fort Lauderdale, FL: Fort Lauderdale-Hollywood International",
        "Charlotte, NC: Charlotte Douglas International",
        "Oakland, CA: Metropolitan Oakland International",
        "Newark, NJ: Newark Liberty International",
        "Philadelphia, PA: Philadelphia International",
        "Atlanta, GA: Hartsfield-Jackson Atlanta International",
        "Los Angeles, CA: Los Angeles International",
        "Baltimore, MD: Baltimore/Washington International Thurgood Marshall",
        "Washington, DC: Ronald Reagan Washington National",
        "Los Angeles, CA: Los Angeles International",
        "San Diego, CA: San Diego International",
        "Seattle, WA: Seattle/Tacoma International",
        "Chicago, IL: Chicago O'Hare International",
        "Fort Lauderdale, FL: Fort Lauderdale-Hollywood International",
        "Seattle, WA: Seattle/Tacoma International",
        "Houston, TX: William P Hobby",
        "Nashville, TN: Nashville International",
        "Fayetteville, AR: Northwest Arkansas Regional",
        "Louisville, KY: Louisville International-Standiford Field",
        "Fort Myers, FL: Southwest Florida International",
        "San Diego, CA: San Diego International",
        "Atlanta, GA: Hartsfield-Jackson Atlanta International",
        "Detroit, MI: Detroit Metro Wayne County",
        "Seattle, WA: Seattle/Tacoma International",
        "San Diego, CA: San Diego International",
        "Charlottesville, VA: Charlottesville Albemarle",
        "Minneapolis, MN: Minneapolis-St Paul International",
        "Hartford, CT: Bradley International",
        "Lexington, KY: Blue Grass",
        "Newark, NJ: Newark Liberty International",
        "Detroit, MI: Detroit Metro Wayne County",
        "Atlanta, GA: Hartsfield-Jackson Atlanta International",
        "Houston, TX: George Bush Intercontinental/Houston",
        "Atlanta, GA: Hartsfield-Jackson Atlanta International",
        "Atlanta, GA: Hartsfield-Jackson Atlanta International",
        "Chicago, IL: Chicago O'Hare International",
        "Miami, FL: Miami International",
        "Bristol/Johnson City/Kingsport, TN: Tri-Cities Regional TN/VA",
        "Las Vegas, NV: McCarran International",
        "Newark, NJ: Newark Liberty International",
        "St. Louis, MO: Lambert-St. Louis International",
        "Atlanta, GA: Hartsfield-Jackson Atlanta International",
        "Columbus, GA: Columbus Airport",
        "Seattle, WA: Seattle/Tacoma International",
        "Denver, CO: Denver International",
        "San Francisco, CA: San Francisco International",
        "Fort Lauderdale, FL: Fort Lauderdale-Hollywood International",
        "Dallas, TX: Dallas Love Field",
        "Atlanta, GA: Hartsfield-Jackson Atlanta International",
        "Orlando, FL: Orlando International",
        "Dallas, TX: Dallas Love Field",
        "New York, NY: LaGuardia",
        "Kansas City, MO: Kansas City International",
        "Burbank, CA: Bob Hope",
        "New York, NY: LaGuardia",
        "Newark, NJ: Newark Liberty International",
        "San Juan, PR: Luis Munoz Marin International",
        "Charleston/Dunbar, WV: Yeager",
        "Honolulu, HI: Honolulu International",
        "Fort Lauderdale, FL: Fort Lauderdale-Hollywood International",
        "Rochester, NY: Greater Rochester International",
        "Chicago, IL: Chicago Midway International",
        "Seattle, WA: Seattle/Tacoma International",
        "Atlanta, GA: Hartsfield-Jackson Atlanta International",
        "Santa Ana, CA: John Wayne Airport-Orange County",
        "Burbank, CA: Bob Hope",
        "Fort Lauderdale, FL: Fort Lauderdale-Hollywood International",
        "Atlanta, GA: Hartsfield-Jackson Atlanta International",
        "Phoenix, AZ: Phoenix Sky Harbor International",
        "Chicago, IL: Chicago O'Hare International",
        "Charlotte, NC: Charlotte Douglas International",
        "Minneapolis, MN: Minneapolis-St Paul International",
        "Tampa, FL: Tampa International",
        "Chicago, IL: Chicago O'Hare International",
        "Charlotte, NC: Charlotte Douglas International",
        "Valparaiso, FL: Eglin AFB Destin Fort Walton Beach",
        "Los Angeles, CA: Los Angeles International"
    ],
    "category_values_ratio": {
        "Atlanta, GA: Hartsfield-Jackson Atlanta International": 29854,
        "Chicago, IL: Chicago O'Hare International": 18605,
        "Denver, CO: Denver International": 17527,
        "Dallas/Fort Worth, TX: Dallas/Fort Worth International": 16572,
        "Los Angeles, CA: Los Angeles International": 16406,
        "San Francisco, CA: San Francisco International": 13206,
        "Phoenix, AZ: Phoenix Sky Harbor International": 13035,
        "Las Vegas, NV: McCarran International": 12245,
        "Houston, TX: George Bush Intercontinental/Houston": 11642,
        "Orlando, FL: Orlando International": 10730,
        "Seattle, WA: Seattle/Tacoma International": 9739,
        "Minneapolis, MN: Minneapolis-St Paul International": 9585,
        "Detroit, MI: Detroit Metro Wayne County": 9463,
        "Charlotte, NC: Charlotte Douglas International": 9224,
        "Boston, MA: Logan International": 9100,
        "Salt Lake City, UT: Salt Lake City International": 8699,
        "Newark, NJ: Newark Liberty International": 8536,
        "New York, NY: LaGuardia": 8035,
        "New York, NY: John F. Kennedy International": 8014,
        "Fort Lauderdale, FL: Fort Lauderdale-Hollywood International": 7665,
        "Baltimore, MD: Baltimore/Washington International Thurgood Marshall": 7174,
        "Chicago, IL: Chicago Midway International": 6676,
        "Washington, DC: Ronald Reagan Washington National": 6455,
        "Miami, FL: Miami International": 6088,
        "San Diego, CA: San Diego International": 6016,
        "Tampa, FL: Tampa International": 5996,
        "Dallas, TX: Dallas Love Field": 5795,
        "Philadelphia, PA: Philadelphia International": 5671,
        "Houston, TX: William P Hobby": 4546,
        "St. Louis, MO: Lambert-St. Louis International": 4320,
        "Portland, OR: Portland International": 4143,
        "Nashville, TN: Nashville International": 3903,
        "Honolulu, HI: Honolulu International": 3878,
        "Oakland, CA: Metropolitan Oakland International": 3652,
        "Austin, TX: Austin - Bergstrom International": 3581,
        "New Orleans, LA: Louis Armstrong New Orleans International": 3501,
        "Santa Ana, CA: John Wayne Airport-Orange County": 3463,
        "Kansas City, MO: Kansas City International": 3325,
        "Fort Myers, FL: Southwest Florida International": 3288,
        "San Jose, CA: Norman Y. Mineta San Jose International": 3217,
        "Sacramento, CA: Sacramento International": 3154,
        "Milwaukee, WI: General Mitchell International": 2706,
        "Cleveland, OH: Cleveland-Hopkins International": 2688,
        "Raleigh/Durham, NC: Raleigh-Durham International": 2571,
        "Washington, DC: Washington Dulles International": 2533,
        "West Palm Beach/Palm Beach, FL: Palm Beach International": 2430,
        "San Juan, PR: Luis Munoz Marin International": 2395,
        "San Antonio, TX: San Antonio International": 2340,
        "Indianapolis, IN: Indianapolis International": 2207,
        "Kahului, HI: Kahului Airport": 1906,
        "Pittsburgh, PA: Pittsburgh International": 1888,
        "Burbank, CA: Bob Hope": 1783,
        "Columbus, OH: Port Columbus International": 1778,
        "Ontario, CA: Ontario International": 1598,
        "Hartford, CT: Bradley International": 1520,
        "Jacksonville, FL: Jacksonville International": 1499,
        "Albuquerque, NM: Albuquerque International Sunport": 1445,
        "Tucson, AZ: Tucson International": 1419,
        "Omaha, NE: Eppley Airfield": 1414,
        "Oklahoma City, OK: Will Rogers World": 1324,
        "Buffalo, NY: Buffalo Niagara International": 1314,
        "Cincinnati, OH: Cincinnati/Northern Kentucky International": 1252,
        "Anchorage, AK: Ted Stevens Anchorage International": 1230,
        "Tulsa, OK: Tulsa International": 1200,
        "Boise, ID: Boise Air Terminal": 1172,
        "Richmond, VA: Richmond International": 1156,
        "Memphis, TN: Memphis International": 1154,
        "Charleston, SC: Charleston AFB/International": 1015,
        "Lihue, HI: Lihue Airport": 1005,
        "Reno, NV: Reno/Tahoe International": 1001,
        "Providence, RI: Theodore Francis Green State": 996,
        "Kona, HI: Kona International Airport at Keahole": 985,
        "Palm Springs, CA: Palm Springs International": 977,
        "Birmingham, AL: Birmingham-Shuttlesworth International": 892,
        "El Paso, TX: El Paso International": 882,
        "Spokane, WA: Spokane International": 859,
        "Norfolk, VA: Norfolk International": 847,
        "Albany, NY: Albany International": 759,
        "Grand Rapids, MI: Gerald R. Ford International": 758,
        "Long Beach, CA: Long Beach Airport": 755,
        "Louisville, KY: Louisville International-Standiford Field": 747,
        "Wichita, KS: Wichita Dwight D Eisenhower National": 688,
        "Des Moines, IA: Des Moines International": 659,
        "Colorado Springs, CO: City of Colorado Springs Municipal": 629,
        "Little Rock, AR: Bill and Hillary Clinton Nat Adams Field": 614,
        "Aspen, CO: Aspen Pitkin County Sardy Field": 607,
        "Fresno, CA: Fresno Yosemite International": 598,
        "Baton Rouge, LA: Baton Rouge Metropolitan/Ryan Field": 589,
        "Rochester, NY: Greater Rochester International": 585,
        "Madison, WI: Dane County Regional-Truax Field": 577,
        "Dayton, OH: James M Cox/Dayton International": 573,
        "White Plains, NY: Westchester County": 545,
        "Greer, SC: Greenville-Spartanburg International": 538,
        "Savannah, GA: Savannah/Hilton Head International": 531,
        "Knoxville, TN: McGhee Tyson": 523,
        "Santa Barbara, CA: Santa Barbara Municipal": 500,
        "Akron, OH: Akron-Canton Regional": 492,
        "Hilo, HI: Hilo International": 492,
        "Shreveport, LA: Shreveport Regional": 481,
        "Midland/Odessa, TX: Midland International": 472,
        "Syracuse, NY: Syracuse Hancock International": 458,
        "Charlotte Amalie, VI: Cyril E King": 446,
        "Manchester, NH: Manchester-Boston Regional": 442,
        "Pensacola, FL: Pensacola International": 441,
        "Columbia, SC: Columbia Metropolitan": 428,
        "Jackson/Vicksburg, MS: Jackson Medgar Wiley Evers International": 428,
        "Greensboro/High Point, NC: Piedmont Triad International": 428,
        "Jackson, WY: Jackson Hole": 403,
        "Lubbock, TX: Lubbock Preston Smith International": 400,
        "South Bend, IN: South Bend International": 396,
        "Islip, NY: Long Island MacArthur": 382,
        "Portland, ME: Portland International Jetport": 379,
        "Fargo, ND: Hector International": 378,
        "Lexington, KY: Blue Grass": 367,
        "Fayetteville, AR: Northwest Arkansas Regional": 367,
        "Valparaiso, FL: Eglin AFB Destin Fort Walton Beach": 359,
        "Mobile, AL: Mobile Regional": 353,
        "Sioux Falls, SD: Joe Foss Field": 347,
        "Juneau, AK: Juneau International": 346,
        "Chattanooga, TN: Lovell Field": 344,
        "Sarasota/Bradenton, FL: Sarasota/Bradenton International": 327,
        "Panama City, FL: Northwest Florida Beaches International": 324,
        "Huntsville, AL: Huntsville International-Carl T Jones Field": 315,
        "Atlantic City, NJ: Atlantic City International": 310,
        "Fort Wayne, IN: Fort Wayne International": 309,
        "Eagle, CO: Eagle County Regional": 308,
        "Pasco/Kennewick/Richland, WA: Tri Cities": 298,
        "Flint, MI: Bishop International": 297,
        "Eugene, OR: Mahlon Sweet Field": 290,
        "Billings, MT: Billings Logan International": 281,
        "Appleton, WI: Appleton International": 272,
        "Lafayette, LA: Lafayette Regional Paul Fournet Field": 270,
        "Bozeman, MT: Bozeman Yellowstone International": 267,
        "Gulfport/Biloxi, MS: Gulfport-Biloxi International": 264,
        "Burlington, VT: Burlington International": 262,
        "Lansing, MI: Capital Region International": 251,
        "Peoria, IL: General Downing - Peoria International": 250,
        "Corpus Christi, TX: Corpus Christi International": 247,
        "Monroe, LA: Monroe Regional": 246,
        "Amarillo, TX: Rick Husband Amarillo International": 246,
        "Harlingen/San Benito, TX: Valley International": 245,
        "Green Bay, WI: Austin Straubel International": 243,
        "Cedar Rapids/Iowa City, IA: The Eastern Iowa": 243,
        "Medford, OR: Rogue Valley International - Medford": 235,
        "Lincoln, NE: Lincoln Airport": 234,
        "Springfield, MO: Springfield-Branson National": 232,
        "Myrtle Beach, SC: Myrtle Beach International": 228,
        "Evansville, IN: Evansville Regional": 221,
        "San Luis Obispo, CA: San Luis County Regional": 221,
        "Moline, IL: Quad City International": 219,
        "Rapid City, SD: Rapid City Regional": 217,
        "Killeen, TX: Robert Gray AAF": 216,
        "Monterey, CA: Monterey Regional": 210,
        "Alexandria, LA: Alexandria International": 209,
        "Tallahassee, FL: Tallahassee International": 208,
        "Bismarck/Mandan, ND: Bismarck Municipal": 208,
        "Kalamazoo, MI: Kalamazoo/Battle Creek International": 207,
        "Idaho Falls, ID: Idaho Falls Regional": 207,
        "Asheville, NC: Asheville Regional": 204,
        "Wilmington, NC: Wilmington International": 197,
        "Augusta, GA: Augusta Regional at Bush Field": 196,
        "Charleston/Dunbar, WV: Yeager": 196,
        "Gainesville, FL: Gainesville Regional": 195,
        "Mission/McAllen/Edinburg, TX: McAllen Miller International": 194,
        "Montgomery, AL: Montgomery Regional": 192,
        "Harrisburg, PA: Harrisburg International": 190,
        "Brownsville, TX: Brownsville South Padre Island International": 189,
        "Saginaw/Bay City/Midland, MI: MBS International": 189,
        "Bakersfield, CA: Meadows Field": 189,
        "Grand Junction, CO: Grand Junction Regional": 188,
        "Ketchikan, AK: Ketchikan International": 186,
        "Hayden, CO: Yampa Valley": 184,
        "Key West, FL: Key West International": 184,
        "Bend/Redmond, OR: Roberts Field": 183,
        "Roanoke, VA: Roanoke Blacksburg Regional Woodrum Field": 183,
        "Allentown/Bethlehem/Easton, PA: Lehigh Valley International": 181,
        "Missoula, MT: Missoula International": 181,
        "Elmira/Corning, NY: Elmira/Corning Regional": 180,
        "Yuma, AZ: Yuma MCAS/Yuma International": 177,
        "Fairbanks, AK: Fairbanks International": 174,
        "Duluth, MN: Duluth International": 173,
        "Tyler, TX: Tyler Pounds Regional": 172,
        "Aguadilla, PR: Rafael Hernandez": 172,
        "Charlottesville, VA: Charlottesville Albemarle": 171,
        "Williston, ND: Sloulin Field International": 169,
        "Trenton, NJ: Trenton Mercer": 167,
        "Laredo, TX: Laredo International": 165,
        "Bristol/Johnson City/Kingsport, TN: Tri-Cities Regional TN/VA": 162,
        "Flagstaff, AZ: Flagstaff Pulliam": 157,
        "Scranton/Wilkes-Barre, PA: Wilkes Barre Scranton International": 155,
        "Fayetteville, NC: Fayetteville Regional/Grannis Field": 154,
        "St. George, UT: St George Regional": 153,
        "Great Falls, MT: Great Falls International": 152,
        "Montrose/Delta, CO: Montrose Regional": 152,
        "Minot, ND: Minot International": 150,
        "Fort Smith, AR: Fort Smith Regional": 149,
        "Waco, TX: Waco Regional": 146,
        "Daytona Beach, FL: Daytona Beach International": 146,
        "Springfield, IL: Abraham Lincoln Capital": 143,
        "Casper, WY: Casper/Natrona County International": 139,
        "Kalispell, MT: Glacier Park International": 137,
        "Arcata/Eureka, CA: Arcata": 125,
        "Helena, MT: Helena Regional": 119,
        "Sun Valley/Hailey/Ketchum, ID: Friedman Memorial": 118,
        "Melbourne, FL: Melbourne International": 117,
        "Dothan, AL: Dothan Regional": 116,
        "Durango, CO: Durango La Plata County": 105,
        "Christiansted, VI: Henry E. Rohlsen": 98,
        "Bellingham, WA: Bellingham International": 94,
        "Traverse City, MI: Cherry Capital": 94,
        "Grand Forks, ND: Grand Forks International": 93,
        "Latrobe, PA: Arnold Palmer Regional": 93,
        "Sitka, AK: Sitka Rocky Gutierrez": 93,
        "Bloomington/Normal, IL: Central Illinois Regional": 91,
        "Jacksonville/Camp Lejeune, NC: Albert J Ellis": 90,
        "Gillette, WY: Gillette Campbell County": 88,
        "Newport News/Williamsburg, VA: Newport News/Williamsburg International": 88,
        "Rhinelander, WI: Rhinelander/Oneida County": 88,
        "Lawton/Fort Sill, OK: Lawton-Fort Sill Regional": 88,
        "Brunswick, GA: Brunswick Golden Isles": 86,
        "Twin Falls, ID: Joslin Field - Magic Valley Regional": 86,
        "Beaumont/Port Arthur, TX: Jack Brooks Regional": 85,
        "Texarkana, AR: Texarkana Regional-Webb Field": 84,
        "Valdosta, GA: Valdosta Regional": 84,
        "Columbus, MS: Golden Triangle Regional": 84,
        "Hibbing, MN: Range Regional": 83,
        "Meridian, MS: Key Field": 83,
        "Bethel, AK: Bethel Airport": 81,
        "Columbus, GA: Columbus Airport": 81,
        "Albany, GA: Southwest Georgia Regional": 80,
        "Barrow, AK: Wiley Post/Will Rogers Memorial": 80,
        "Deadhorse, AK: Deadhorse Airport": 80,
        "Rochester, MN: Rochester International": 78,
        "Binghamton, NY: Greater Binghamton/Edwin A. Link Field": 76,
        "Lake Charles, LA: Lake Charles Regional": 76,
        "Jamestown, ND: Jamestown Regional": 74,
        "Ponce, PR: Mercedita": 72,
        "Hancock/Houghton, MI: Houghton County Memorial": 63,
        "Aberdeen, SD: Aberdeen Regional": 62,
        "Newburgh/Poughkeepsie, NY: Stewart International": 62,
        "Bemidji, MN: Bemidji Regional": 62,
        "Joplin, MO: Joplin Regional": 62,
        "Worcester, MA: Worcester Regional": 62,
        "Muskegon, MI: Muskegon County": 62,
        "Wrangell, AK: Wrangell Airport": 62,
        "Petersburg, AK: Petersburg James A Johnson": 62,
        "Santa Maria, CA: Santa Maria Public/Capt. G. Allan Hancock Field": 62,
        "Eau Claire, WI: Chippewa Valley Regional": 62,
        "Paducah, KY: Barkley Regional": 62,
        "Nome, AK: Nome Airport": 61,
        "Redding, CA: Redding Municipal": 61,
        "Kotzebue, AK: Ralph Wien Memorial": 61,
        "Cordova, AK: Merle K Mudhole Smith": 60,
        "Yakutat, AK: Yakutat Airport": 60,
        "State College, PA: University Park": 60,
        "Ithaca/Cortland, NY: Ithaca Tompkins Regional": 59,
        "Santa Fe, NM: Santa Fe Municipal": 59,
        "Sault Ste. Marie, MI: Chippewa County International": 58,
        "Butte, MT: Bert Mooney": 58,
        "Mosinee, WI: Central Wisconsin": 58,
        "Erie, PA: Erie International/Tom Ridge Field": 58,
        "Iron Mountain/Kingsfd, MI: Ford": 57,
        "Rock Springs, WY: Rock Springs Sweetwater County": 57,
        "Pocatello, ID: Pocatello Regional": 56,
        "New Bern/Morehead/Beaufort, NC: Coastal Carolina Regional": 55,
        "Marquette, MI: Sawyer International": 55,
        "Lewiston, ID: Lewiston Nez Perce County": 55,
        "College Station/Bryan, TX: Easterwood Field": 55,
        "International Falls, MN: Falls International Einarson Field": 54,
        "Pellston, MI: Pellston Regional Airport of Emmet County": 54,
        "Elko, NV: Elko Regional": 53,
        "Hays, KS: Hays Regional": 52,
        "Brainerd, MN: Brainerd Lakes Regional": 52,
        "Escanaba, MI: Delta County": 52,
        "Hattiesburg/Laurel, MS: Hattiesburg-Laurel Regional": 52,
        "Alpena, MI: Alpena County Regional": 52,
        "Laramie, WY: Laramie Regional": 52,
        "Cedar City, UT: Cedar City Regional": 51,
        "Hobbs, NM: Lea County Regional": 49,
        "La Crosse, WI: La Crosse Regional": 49,
        "Devils Lake, ND: Devils Lake Regional": 48,
        "Gunnison, CO: Gunnison-Crested Butte Regional": 48,
        "Kodiak, AK: Kodiak Airport": 43,
        "Cody, WY: Yellowstone Regional": 33,
        "Mammoth Lakes, CA: Mammoth Lakes Airport": 32,
        "Niagara Falls, NY: Niagara Falls International": 31,
        "Guam, TT: Guam International": 31,
        "Plattsburgh, NY: Plattsburgh International": 31,
        "North Bend/Coos Bay, OR: Southwest Oregon Regional": 17,
        "Pago Pago, TT: Pago Pago International": 10,
        "Adak Island, AK: Adak": 9,
        "Roswell, NM: Roswell International Air Center": 4,
        "Bangor, ME: Bangor International": 4,
        "St. Augustine, FL: Northeast Florida Regional": 3
    },
    "nrows": 445827
}