{
    "column_id": "Airline/Airline.csvAirline.csv/OriginAirport_Description",
    "dataset_name": "Airline.csv",
    "dataset_id": "Airline/Airline.csv",
    "path": "/home/ubuntu/CatDB/Experiments/data/Airline/Airline.csv",
    "table_name": "Airline.csv",
    "table_id": "Airline/Airline.csvAirline.csv",
    "column_name": "OriginAirport_Description",
    "data_source": "Airline",
    "data_type": "natural_language_text",
    "total_values_count": 445827,
    "distinct_values_count": 294,
    "missing_values_count": 0,
    "true_ratio": null,
    "min_value": null,
    "max_value": null,
    "mean": null,
    "median": null,
    "iqr": null,
    "category_values": [
        "Dallas/Fort Worth, TX: Dallas/Fort Worth International",
        "Detroit, MI: Detroit Metro Wayne County",
        "Seattle, WA: Seattle/Tacoma International",
        "New York, NY: John F. Kennedy International",
        "San Jose, CA: Norman Y. Mineta San Jose International",
        "Chicago, IL: Chicago O'Hare International",
        "Phoenix, AZ: Phoenix Sky Harbor International",
        "New York, NY: LaGuardia",
        "St. Louis, MO: Lambert-St. Louis International",
        "Fort Lauderdale, FL: Fort Lauderdale-Hollywood International",
        "Los Angeles, CA: Los Angeles International",
        "Orlando, FL: Orlando International",
        "Denver, CO: Denver International",
        "Miami, FL: Miami International",
        "Kona, HI: Kona International Airport at Keahole",
        "Houston, TX: George Bush Intercontinental/Houston",
        "Austin, TX: Austin - Bergstrom International",
        "Las Vegas, NV: McCarran International",
        "Salt Lake City, UT: Salt Lake City International",
        "Tucson, AZ: Tucson International",
        "Charlotte Amalie, VI: Cyril E King",
        "Boston, MA: Logan International",
        "San Francisco, CA: San Francisco International",
        "Kahului, HI: Kahului Airport",
        "Tampa, FL: Tampa International",
        "Santa Ana, CA: John Wayne Airport-Orange County",
        "Oklahoma City, OK: Will Rogers World",
        "Honolulu, HI: Honolulu International",
        "Charlotte, NC: Charlotte Douglas International",
        "Philadelphia, PA: Philadelphia International",
        "Raleigh/Durham, NC: Raleigh-Durham International",
        "Newark, NJ: Newark Liberty International",
        "Washington, DC: Ronald Reagan Washington National",
        "Richmond, VA: Richmond International",
        "Atlanta, GA: Hartsfield-Jackson Atlanta International",
        "Lubbock, TX: Lubbock Preston Smith International",
        "Pittsburgh, PA: Pittsburgh International",
        "El Paso, TX: El Paso International",
        "San Diego, CA: San Diego International",
        "Nashville, TN: Nashville International",
        "Jackson, WY: Jackson Hole",
        "Sacramento, CA: Sacramento International",
        "Washington, DC: Washington Dulles International",
        "Lihue, HI: Lihue Airport",
        "San Juan, PR: Luis Munoz Marin International",
        "Albuquerque, NM: Albuquerque International Sunport",
        "Norfolk, VA: Norfolk International",
        "Jacksonville, FL: Jacksonville International",
        "New Orleans, LA: Louis Armstrong New Orleans International",
        "San Antonio, TX: San Antonio International",
        "Kansas City, MO: Kansas City International",
        "Gunnison, CO: Gunnison-Crested Butte Regional",
        "Indianapolis, IN: Indianapolis International",
        "Palm Springs, CA: Palm Springs International",
        "Portland, OR: Portland International",
        "Baltimore, MD: Baltimore/Washington International Thurgood Marshall",
        "Minneapolis, MN: Minneapolis-St Paul International",
        "Milwaukee, WI: General Mitchell International",
        "Tulsa, OK: Tulsa International",
        "Ontario, CA: Ontario International",
        "Fort Myers, FL: Southwest Florida International",
        "Reno, NV: Reno/Tahoe International",
        "Des Moines, IA: Des Moines International",
        "Mission/McAllen/Edinburg, TX: McAllen Miller International",
        "Omaha, NE: Eppley Airfield",
        "Eagle, CO: Eagle County Regional",
        "West Palm Beach/Palm Beach, FL: Palm Beach International",
        "Louisville, KY: Louisville International-Standiford Field",
        "Fresno, CA: Fresno Yosemite International",
        "Dayton, OH: James M Cox/Dayton International",
        "Christiansted, VI: Henry E. Rohlsen",
        "Colorado Springs, CO: City of Colorado Springs Municipal",
        "Columbus, OH: Port Columbus International",
        "Montrose/Delta, CO: Montrose Regional",
        "Hayden, CO: Yampa Valley",
        "Spokane, WA: Spokane International",
        "Boise, ID: Boise Air Terminal",
        "Hartford, CT: Bradley International",
        "Memphis, TN: Memphis International",
        "Cleveland, OH: Cleveland-Hopkins International",
        "Houston, TX: William P Hobby",
        "Oakland, CA: Metropolitan Oakland International",
        "Anchorage, AK: Ted Stevens Anchorage International",
        "Buffalo, NY: Buffalo Niagara International",
        "Syracuse, NY: Syracuse Hancock International",
        "Albany, NY: Albany International",
        "Providence, RI: Theodore Francis Green State",
        "Rochester, NY: Greater Rochester International",
        "Wilmington, NC: Wilmington International",
        "Wichita, KS: Wichita Dwight D Eisenhower National",
        "Portland, ME: Portland International Jetport",
        "Greensboro/High Point, NC: Piedmont Triad International",
        "Charleston, SC: Charleston AFB/International",
        "Harrisburg, PA: Harrisburg International",
        "Birmingham, AL: Birmingham-Shuttlesworth International",
        "Kodiak, AK: Kodiak Airport",
        "Bethel, AK: Bethel Airport",
        "Barrow, AK: Wiley Post/Will Rogers Memorial",
        "Deadhorse, AK: Deadhorse Airport",
        "Fairbanks, AK: Fairbanks International",
        "Juneau, AK: Juneau International",
        "Ketchikan, AK: Ketchikan International",
        "Yakutat, AK: Yakutat Airport",
        "Cordova, AK: Merle K Mudhole Smith",
        "Sitka, AK: Sitka Rocky Gutierrez",
        "Petersburg, AK: Petersburg James A Johnson",
        "Wrangell, AK: Wrangell Airport",
        "Nome, AK: Nome Airport",
        "Kotzebue, AK: Ralph Wien Memorial",
        "Burbank, CA: Bob Hope",
        "Bellingham, WA: Bellingham International",
        "Adak Island, AK: Adak",
        "Newburgh/Poughkeepsie, NY: Stewart International",
        "Long Beach, CA: Long Beach Airport",
        "Ponce, PR: Mercedita",
        "Aguadilla, PR: Rafael Hernandez",
        "White Plains, NY: Westchester County",
        "Savannah, GA: Savannah/Hilton Head International",
        "Sarasota/Bradenton, FL: Sarasota/Bradenton International",
        "Burlington, VT: Burlington International",
        "Worcester, MA: Worcester Regional",
        "Daytona Beach, FL: Daytona Beach International",
        "Cincinnati, OH: Cincinnati/Northern Kentucky International",
        "Bismarck/Mandan, ND: Bismarck Municipal",
        "Asheville, NC: Asheville Regional",
        "Grand Rapids, MI: Gerald R. Ford International",
        "Flint, MI: Bishop International",
        "Myrtle Beach, SC: Myrtle Beach International",
        "Jackson/Vicksburg, MS: Jackson Medgar Wiley Evers International",
        "Billings, MT: Billings Logan International",
        "Fargo, ND: Hector International",
        "Pensacola, FL: Pensacola International",
        "Augusta, GA: Augusta Regional at Bush Field",
        "Greer, SC: Greenville-Spartanburg International",
        "Lexington, KY: Blue Grass",
        "Dallas, TX: Dallas Love Field",
        "Appleton, WI: Appleton International",
        "Gulfport/Biloxi, MS: Gulfport-Biloxi International",
        "Melbourne, FL: Melbourne International",
        "Bozeman, MT: Bozeman Yellowstone International",
        "Akron, OH: Akron-Canton Regional",
        "Charlottesville, VA: Charlottesville Albemarle",
        "Madison, WI: Dane County Regional-Truax Field",
        "Key West, FL: Key West International",
        "Bristol/Johnson City/Kingsport, TN: Tri-Cities Regional TN/VA",
        "Lafayette, LA: Lafayette Regional Paul Fournet Field",
        "Roanoke, VA: Roanoke Blacksburg Regional Woodrum Field",
        "Panama City, FL: Northwest Florida Beaches International",
        "Valparaiso, FL: Eglin AFB Destin Fort Walton Beach",
        "Fayetteville, AR: Northwest Arkansas Regional",
        "Evansville, IN: Evansville Regional",
        "Scranton/Wilkes-Barre, PA: Wilkes Barre Scranton International",
        "Chicago, IL: Chicago Midway International",
        "Huntsville, AL: Huntsville International-Carl T Jones Field",
        "Fayetteville, NC: Fayetteville Regional/Grannis Field",
        "Little Rock, AR: Bill and Hillary Clinton Nat Adams Field",
        "Knoxville, TN: McGhee Tyson",
        "Tallahassee, FL: Tallahassee International",
        "Missoula, MT: Missoula International",
        "Chattanooga, TN: Lovell Field",
        "Trenton, NJ: Trenton Mercer",
        "St. Augustine, FL: Northeast Florida Regional",
        "Mobile, AL: Mobile Regional",
        "Newport News/Williamsburg, VA: Newport News/Williamsburg International",
        "Columbia, SC: Columbia Metropolitan",
        "Sioux Falls, SD: Joe Foss Field",
        "Hilo, HI: Hilo International",
        "Latrobe, PA: Arnold Palmer Regional",
        "Allentown/Bethlehem/Easton, PA: Lehigh Valley International",
        "Bloomington/Normal, IL: Central Illinois Regional",
        "Charleston/Dunbar, WV: Yeager",
        "Atlantic City, NJ: Atlantic City International",
        "Pago Pago, TT: Pago Pago International",
        "Niagara Falls, NY: Niagara Falls International",
        "Waco, TX: Waco Regional",
        "Monroe, LA: Monroe Regional",
        "Killeen, TX: Robert Gray AAF",
        "Shreveport, LA: Shreveport Regional",
        "Fort Smith, AR: Fort Smith Regional",
        "Midland/Odessa, TX: Midland International",
        "Santa Fe, NM: Santa Fe Municipal",
        "Joplin, MO: Joplin Regional",
        "Laredo, TX: Laredo International",
        "Brownsville, TX: Brownsville South Padre Island International",
        "Tyler, TX: Tyler Pounds Regional",
        "Yuma, AZ: Yuma MCAS/Yuma International",
        "Grand Junction, CO: Grand Junction Regional",
        "Duluth, MN: Duluth International",
        "Green Bay, WI: Austin Straubel International",
        "Lansing, MI: Capital Region International",
        "Santa Barbara, CA: Santa Barbara Municipal",
        "Aspen, CO: Aspen Pitkin County Sardy Field",
        "Durango, CO: Durango La Plata County",
        "Idaho Falls, ID: Idaho Falls Regional",
        "Rapid City, SD: Rapid City Regional",
        "Kalispell, MT: Glacier Park International",
        "Lincoln, NE: Lincoln Airport",
        "Amarillo, TX: Rick Husband Amarillo International",
        "Bakersfield, CA: Meadows Field",
        "Flagstaff, AZ: Flagstaff Pulliam",
        "Moline, IL: Quad City International",
        "La Crosse, WI: La Crosse Regional",
        "South Bend, IN: South Bend International",
        "Pasco/Kennewick/Richland, WA: Tri Cities",
        "Minot, ND: Minot International",
        "Williston, ND: Sloulin Field International",
        "Grand Forks, ND: Grand Forks International",
        "Great Falls, MT: Great Falls International",
        "Fort Wayne, IN: Fort Wayne International",
        "Monterey, CA: Monterey Regional",
        "Saginaw/Bay City/Midland, MI: MBS International",
        "Peoria, IL: General Downing - Peoria International",
        "Sun Valley/Hailey/Ketchum, ID: Friedman Memorial",
        "Twin Falls, ID: Joslin Field - Magic Valley Regional",
        "Springfield, MO: Springfield-Branson National",
        "Casper, WY: Casper/Natrona County International",
        "Baton Rouge, LA: Baton Rouge Metropolitan/Ryan Field",
        "Plattsburgh, NY: Plattsburgh International",
        "Corpus Christi, TX: Corpus Christi International",
        "Mammoth Lakes, CA: Mammoth Lakes Airport",
        "Cedar Rapids/Iowa City, IA: The Eastern Iowa",
        "Elko, NV: Elko Regional",
        "San Luis Obispo, CA: San Luis County Regional",
        "Rock Springs, WY: Rock Springs Sweetwater County",
        "Hancock/Houghton, MI: Houghton County Memorial",
        "Pellston, MI: Pellston Regional Airport of Emmet County",
        "Gillette, WY: Gillette Campbell County",
        "Kalamazoo, MI: Kalamazoo/Battle Creek International",
        "Medford, OR: Rogue Valley International - Medford",
        "Santa Maria, CA: Santa Maria Public/Capt. G. Allan Hancock Field",
        "Eugene, OR: Mahlon Sweet Field",
        "Rochester, MN: Rochester International",
        "Traverse City, MI: Cherry Capital",
        "Springfield, IL: Abraham Lincoln Capital",
        "St. George, UT: St George Regional",
        "Helena, MT: Helena Regional",
        "Bend/Redmond, OR: Roberts Field",
        "Arcata/Eureka, CA: Arcata",
        "Eau Claire, WI: Chippewa Valley Regional",
        "Devils Lake, ND: Devils Lake Regional",
        "Jamestown, ND: Jamestown Regional",
        "Muskegon, MI: Muskegon County",
        "Iron Mountain/Kingsfd, MI: Ford",
        "Hays, KS: Hays Regional",
        "Paducah, KY: Barkley Regional",
        "Cody, WY: Yellowstone Regional",
        "Aberdeen, SD: Aberdeen Regional",
        "Ithaca/Cortland, NY: Ithaca Tompkins Regional",
        "Alpena, MI: Alpena County Regional",
        "Escanaba, MI: Delta County",
        "Bemidji, MN: Bemidji Regional",
        "Marquette, MI: Sawyer International",
        "Sault Ste. Marie, MI: Chippewa County International",
        "Binghamton, NY: Greater Binghamton/Edwin A. Link Field",
        "Rhinelander, WI: Rhinelander/Oneida County",
        "Lewiston, ID: Lewiston Nez Perce County",
        "Brainerd, MN: Brainerd Lakes Regional",
        "International Falls, MN: Falls International Einarson Field",
        "Pocatello, ID: Pocatello Regional",
        "Guam, TT: Guam International",
        "Hibbing, MN: Range Regional",
        "Butte, MT: Bert Mooney",
        "Cedar City, UT: Cedar City Regional",
        "North Bend/Coos Bay, OR: Southwest Oregon Regional",
        "Redding, CA: Redding Municipal",
        "Harlingen/San Benito, TX: Valley International",
        "Islip, NY: Long Island MacArthur",
        "Manchester, NH: Manchester-Boston Regional",
        "Laramie, WY: Laramie Regional",
        "Gainesville, FL: Gainesville Regional",
        "Meridian, MS: Key Field",
        "Hattiesburg/Laurel, MS: Hattiesburg-Laurel Regional",
        "Beaumont/Port Arthur, TX: Jack Brooks Regional",
        "Lawton/Fort Sill, OK: Lawton-Fort Sill Regional",
        "Alexandria, LA: Alexandria International",
        "Texarkana, AR: Texarkana Regional-Webb Field",
        "Roswell, NM: Roswell International Air Center",
        "Erie, PA: Erie International/Tom Ridge Field",
        "College Station/Bryan, TX: Easterwood Field",
        "Hobbs, NM: Lea County Regional",
        "Lake Charles, LA: Lake Charles Regional",
        "Columbus, MS: Golden Triangle Regional",
        "Dothan, AL: Dothan Regional",
        "State College, PA: University Park",
        "Montgomery, AL: Montgomery Regional",
        "Columbus, GA: Columbus Airport",
        "Mosinee, WI: Central Wisconsin",
        "Elmira/Corning, NY: Elmira/Corning Regional",
        "Jacksonville/Camp Lejeune, NC: Albert J Ellis",
        "Valdosta, GA: Valdosta Regional",
        "Albany, GA: Southwest Georgia Regional",
        "Bangor, ME: Bangor International",
        "Brunswick, GA: Brunswick Golden Isles",
        "New Bern/Morehead/Beaufort, NC: Coastal Carolina Regional"
    ],
    "embedding": [
        -0.07424229383468628,
        -0.05564951151609421,
        0.11736338585615158,
        -1.0,
        0.12588733434677124,
        0.025905126705765724,
        -0.06867215037345886,
        -1.0,
        1.0,
        -0.12900906801223755,
        0.017091793939471245,
        -0.012981750071048737,
        0.9947715997695923,
        0.10456383973360062,
        -0.9999979138374329,
        -0.06364697962999344,
        -0.07967288792133331,
        0.1317434012889862,
        -0.005250874906778336,
        -0.13409754633903503,
        0.2778393030166626,
        -0.03945331647992134,
        0.07479024678468704,
        -0.999999463558197,
        0.9998077750205994,
        0.07503902912139893,
        0.02954143099486828,
        -0.03475946933031082,
        0.08996613323688507,
        -0.30870822072029114,
        -0.09855279326438904,
        -0.08826734870672226,
        -0.006634038407355547,
        0.1856987625360489,
        0.05044476315379143,
        0.08719518035650253,
        0.34738820791244507,
        0.06634072959423065,
        0.06680195778608322,
        -0.1699468195438385,
        -0.08778364956378937,
        0.9999983310699463,
        0.05179772898554802,
        0.17142799496650696,
        -0.87441086769104,
        0.31031811237335205,
        -0.10995471477508545,
        -0.1255468726158142,
        -0.0380251519382,
        0.053764548152685165,
        -0.09876419603824615,
        -0.25719141960144043,
        0.03414248675107956,
        0.98944091796875,
        -0.17087841033935547,
        -0.35626572370529175,
        -0.12660828232765198,
        -0.07170290499925613,
        -0.9999969601631165,
        -0.027795061469078064,
        -0.020346833392977715,
        0.9999942183494568,
        1.0,
        0.1118910163640976,
        -0.9999999403953552,
        -0.06832137703895569,
        0.054423656314611435,
        0.28423643112182617,
        0.19937090575695038,
        -0.999998927116394,
        0.9999985694885254,
        -0.12482944875955582,
        -0.15565912425518036,
        0.07803048938512802,
        0.16064564883708954,
        0.04243398830294609,
        -0.03642614185810089,
        -0.10177364200353622,
        0.0021351040340960026,
        -0.03949463739991188,
        0.004087245091795921,
        -0.4792805016040802,
        0.0969664454460144,
        0.0613463930785656,
        -0.01877492107450962,
        0.23555637896060944,
        -0.2134295254945755,
        -0.10745172947645187,
        -0.024205313995480537,
        0.05226537957787514,
        0.15826363861560822,
        0.10265541821718216,
        0.008477765135467052,
        -0.09330606460571289,
        -0.0058477190323174,
        0.19000135362148285,
        -1.0,
        0.10428696125745773,
        -0.9999998211860657,
        -0.9999982714653015,
        0.21164430677890778,
        0.9999980926513672,
        -0.09027297794818878,
        -0.022237025201320648,
        -0.0766146257519722,
        0.22033917903900146,
        0.38044098019599915,
        -0.10348835587501526,
        0.31400802731513977,
        0.1352086216211319,
        0.9999980926513672,
        0.17610596120357513,
        0.083881676197052,
        0.999999463558197,
        0.24378027021884918,
        0.0701119676232338,
        0.04229753836989403,
        -0.11898741871118546,
        -0.03279091417789459,
        0.021650411188602448,
        -0.16858795285224915,
        -0.08896398544311523,
        -0.011415218934416771,
        -0.23624171316623688,
        0.3764042258262634,
        0.0538756288588047,
        -1.0,
        -0.0927259624004364,
        -0.12027489393949509,
        -0.9926485419273376,
        0.999999463558197,
        0.6515293717384338,
        -0.1916103959083557,
        0.1343170702457428,
        0.9999931454658508,
        0.08585568517446518,
        -0.018599973991513252,
        -0.25672298669815063,
        -0.087191641330719,
        0.1896188110113144,
        0.579474925994873,
        -0.40162891149520874,
        -0.9999991059303284,
        -0.9999997615814209,
        0.11300893872976303,
        -0.09375661611557007,
        0.07942361384630203,
        0.06931360810995102,
        0.9999979734420776,
        0.163120836019516,
        -0.10377870500087738,
        0.14271967113018036,
        0.07721785455942154,
        1.0,
        -0.18689626455307007,
        0.04159991070628166,
        -0.4019286632537842,
        0.1477052867412567,
        0.0646565780043602,
        0.09779427200555801,
        -0.1426955908536911,
        -0.10738144814968109,
        0.17743776738643646,
        -0.16259798407554626,
        -0.0377117358148098,
        0.8609064221382141,
        0.08382498472929001,
        -0.9602240920066833,
        -0.14045560359954834,
        -0.1118231937289238,
        0.1663219928741455,
        -0.016689656302332878,
        0.09974736720323563,
        0.9999973773956299,
        0.029287127777934074,
        -0.06487193703651428,
        0.9999999403953552,
        -0.08274706453084946,
        -0.05829048156738281,
        0.99477219581604,
        0.2612316608428955,
        -0.0548308901488781,
        0.014500373974442482,
        0.13627925515174866,
        -0.07408404350280762,
        -0.0918588638305664,
        -0.07353784143924713,
        -0.9999999403953552,
        0.01420509722083807,
        -0.11028170585632324,
        -0.14597740769386292,
        0.11120951175689697,
        0.02837454527616501,
        -0.23894722759723663,
        0.16590914130210876,
        0.9999996423721313,
        0.3162514567375183,
        0.06852325797080994,
        -0.1772739291191101,
        -0.0849628746509552,
        -0.9999996423721313,
        0.05014577880501747,
        0.9998941421508789,
        -0.08274859935045242,
        0.010494181886315346,
        -0.6031610369682312,
        0.999999463558197,
        -0.9883162379264832,
        0.13698460161685944,
        0.9999990463256836,
        -0.09410665184259415,
        0.11592169106006622,
        0.15499195456504822,
        -0.1392831802368164,
        0.032558903098106384,
        0.2850596606731415,
        -1.0,
        -0.04464158043265343,
        -0.03799765557050705,
        -0.05511142313480377,
        0.21588410437107086,
        0.04833165183663368,
        -0.0648743063211441,
        -0.0762503519654274,
        -0.140968918800354,
        0.1127314567565918,
        0.07919136434793472,
        0.03441634029150009,
        0.23639905452728271,
        -0.06440142542123795,
        -0.9805956482887268,
        -0.9999938011169434,
        -0.06792059540748596,
        0.9631969332695007,
        0.4801873564720154,
        0.05729096382856369,
        -0.14519673585891724,
        0.06534245610237122,
        -0.03252210095524788,
        -0.9989892244338989,
        0.8882471919059753,
        0.11291269958019257,
        -0.5035472512245178,
        0.01758723333477974,
        -0.9972294569015503,
        -0.9999449849128723,
        0.2208123803138733,
        -0.12234150618314743,
        0.01650775410234928,
        0.24583132565021515,
        0.06867428869009018,
        0.15153861045837402,
        1.0,
        0.056983694434165955,
        -0.9999971985816956,
        -0.053141817450523376,
        0.01761341094970703,
        -1.0,
        0.9980530142784119,
        0.9964576959609985,
        -0.9999999403953552,
        -0.166035994887352,
        -0.1411554217338562,
        -0.11530756205320358,
        0.2663632333278656,
        0.1212095096707344,
        -0.013771682977676392,
        0.18898987770080566,
        0.10677309334278107,
        0.11125995963811874,
        0.13656924664974213,
        0.07832911610603333,
        0.07293245196342468,
        0.042133066803216934,
        0.999997079372406,
        -0.1672172099351883,
        -0.06953656673431396,
        -1.0,
        0.2458522468805313,
        0.08680391311645508,
        -0.07620548456907272,
        0.21309900283813477,
        0.022663220763206482,
        0.1101553812623024,
        -0.9999999403953552,
        -0.22424998879432678,
        0.17155425250530243,
        -0.06064346060156822,
        -1.0,
        0.2065371572971344,
        -0.3458716571331024,
        0.07808438688516617,
        0.015564405359327793,
        -0.057576894760131836,
        0.021514037624001503,
        1.0,
        0.02271471545100212,
        0.10723773390054703,
        -0.30528372526168823,
        -0.13849566876888275
    ],
    "embedding_scaling_factor": 0.04915985092520714,
    "samples": [
        "Boston, MA: Logan International",
        "Chicago, IL: Chicago O'Hare International",
        "San Francisco, CA: San Francisco International",
        "Las Vegas, NV: McCarran International",
        "West Palm Beach/Palm Beach, FL: Palm Beach International",
        "Salt Lake City, UT: Salt Lake City International",
        "Honolulu, HI: Honolulu International",
        "Fort Lauderdale, FL: Fort Lauderdale-Hollywood International",
        "Detroit, MI: Detroit Metro Wayne County",
        "Newark, NJ: Newark Liberty International",
        "Salt Lake City, UT: Salt Lake City International",
        "Portland, OR: Portland International",
        "Austin, TX: Austin - Bergstrom International",
        "San Francisco, CA: San Francisco International",
        "San Antonio, TX: San Antonio International",
        "Las Vegas, NV: McCarran International",
        "Los Angeles, CA: Los Angeles International",
        "Charlotte, NC: Charlotte Douglas International",
        "Chicago, IL: Chicago O'Hare International",
        "Phoenix, AZ: Phoenix Sky Harbor International",
        "Los Angeles, CA: Los Angeles International",
        "Charlotte, NC: Charlotte Douglas International",
        "Boise, ID: Boise Air Terminal",
        "Des Moines, IA: Des Moines International",
        "Hartford, CT: Bradley International",
        "Nashville, TN: Nashville International",
        "Newark, NJ: Newark Liberty International",
        "Indianapolis, IN: Indianapolis International",
        "Charlotte, NC: Charlotte Douglas International",
        "Houston, TX: William P Hobby",
        "Newark, NJ: Newark Liberty International",
        "Shreveport, LA: Shreveport Regional",
        "Minneapolis, MN: Minneapolis-St Paul International",
        "Austin, TX: Austin - Bergstrom International",
        "Kahului, HI: Kahului Airport",
        "Midland/Odessa, TX: Midland International",
        "Denver, CO: Denver International",
        "Chicago, IL: Chicago O'Hare International",
        "Washington, DC: Ronald Reagan Washington National",
        "New York, NY: LaGuardia",
        "Jackson/Vicksburg, MS: Jackson Medgar Wiley Evers International",
        "Los Angeles, CA: Los Angeles International",
        "Salt Lake City, UT: Salt Lake City International",
        "Minneapolis, MN: Minneapolis-St Paul International",
        "Chicago, IL: Chicago O'Hare International",
        "Las Vegas, NV: McCarran International",
        "Philadelphia, PA: Philadelphia International",
        "Fort Myers, FL: Southwest Florida International",
        "Orlando, FL: Orlando International",
        "Alexandria, LA: Alexandria International",
        "Seattle, WA: Seattle/Tacoma International",
        "Dallas, TX: Dallas Love Field",
        "Chicago, IL: Chicago O'Hare International",
        "Atlanta, GA: Hartsfield-Jackson Atlanta International",
        "Trenton, NJ: Trenton Mercer",
        "Dayton, OH: James M Cox/Dayton International",
        "Charlotte, NC: Charlotte Douglas International",
        "Portland, ME: Portland International Jetport",
        "Las Vegas, NV: McCarran International",
        "Fresno, CA: Fresno Yosemite International",
        "Reno, NV: Reno/Tahoe International",
        "Chicago, IL: Chicago O'Hare International",
        "Los Angeles, CA: Los Angeles International",
        "Fort Myers, FL: Southwest Florida International",
        "Washington, DC: Ronald Reagan Washington National",
        "Kahului, HI: Kahului Airport",
        "Denver, CO: Denver International",
        "Pittsburgh, PA: Pittsburgh International",
        "Las Vegas, NV: McCarran International",
        "Boise, ID: Boise Air Terminal",
        "Madison, WI: Dane County Regional-Truax Field",
        "Boston, MA: Logan International",
        "Lewiston, ID: Lewiston Nez Perce County",
        "Charlotte, NC: Charlotte Douglas International",
        "Atlanta, GA: Hartsfield-Jackson Atlanta International",
        "Santa Ana, CA: John Wayne Airport-Orange County",
        "Dallas/Fort Worth, TX: Dallas/Fort Worth International",
        "Raleigh/Durham, NC: Raleigh-Durham International",
        "Los Angeles, CA: Los Angeles International",
        "Indianapolis, IN: Indianapolis International",
        "Grand Rapids, MI: Gerald R. Ford International",
        "Tucson, AZ: Tucson International",
        "Dallas/Fort Worth, TX: Dallas/Fort Worth International",
        "San Francisco, CA: San Francisco International",
        "Nashville, TN: Nashville International",
        "Providence, RI: Theodore Francis Green State",
        "Houston, TX: William P Hobby",
        "Casper, WY: Casper/Natrona County International",
        "Oakland, CA: Metropolitan Oakland International",
        "Chicago, IL: Chicago O'Hare International",
        "Dallas/Fort Worth, TX: Dallas/Fort Worth International",
        "Lawton/Fort Sill, OK: Lawton-Fort Sill Regional",
        "New Orleans, LA: Louis Armstrong New Orleans International",
        "San Diego, CA: San Diego International",
        "Seattle, WA: Seattle/Tacoma International",
        "Detroit, MI: Detroit Metro Wayne County",
        "Chicago, IL: Chicago O'Hare International",
        "Charlotte, NC: Charlotte Douglas International",
        "Seattle, WA: Seattle/Tacoma International",
        "Las Vegas, NV: McCarran International"
    ],
    "category_values_ratio": {
        "Atlanta, GA: Hartsfield-Jackson Atlanta International": 29870,
        "Chicago, IL: Chicago O'Hare International": 18610,
        "Denver, CO: Denver International": 17519,
        "Dallas/Fort Worth, TX: Dallas/Fort Worth International": 16565,
        "Los Angeles, CA: Los Angeles International": 16427,
        "San Francisco, CA: San Francisco International": 13207,
        "Phoenix, AZ: Phoenix Sky Harbor International": 13024,
        "Las Vegas, NV: McCarran International": 12246,
        "Houston, TX: George Bush Intercontinental/Houston": 11660,
        "Orlando, FL: Orlando International": 10739,
        "Seattle, WA: Seattle/Tacoma International": 9749,
        "Minneapolis, MN: Minneapolis-St Paul International": 9581,
        "Detroit, MI: Detroit Metro Wayne County": 9489,
        "Charlotte, NC: Charlotte Douglas International": 9213,
        "Boston, MA: Logan International": 9088,
        "Salt Lake City, UT: Salt Lake City International": 8684,
        "Newark, NJ: Newark Liberty International": 8526,
        "New York, NY: LaGuardia": 8028,
        "New York, NY: John F. Kennedy International": 8027,
        "Fort Lauderdale, FL: Fort Lauderdale-Hollywood International": 7678,
        "Baltimore, MD: Baltimore/Washington International Thurgood Marshall": 7181,
        "Chicago, IL: Chicago Midway International": 6679,
        "Washington, DC: Ronald Reagan Washington National": 6447,
        "Miami, FL: Miami International": 6083,
        "San Diego, CA: San Diego International": 6016,
        "Tampa, FL: Tampa International": 6006,
        "Dallas, TX: Dallas Love Field": 5795,
        "Philadelphia, PA: Philadelphia International": 5664,
        "Houston, TX: William P Hobby": 4540,
        "St. Louis, MO: Lambert-St. Louis International": 4321,
        "Portland, OR: Portland International": 4136,
        "Nashville, TN: Nashville International": 3898,
        "Honolulu, HI: Honolulu International": 3870,
        "Oakland, CA: Metropolitan Oakland International": 3654,
        "Austin, TX: Austin - Bergstrom International": 3581,
        "New Orleans, LA: Louis Armstrong New Orleans International": 3507,
        "Santa Ana, CA: John Wayne Airport-Orange County": 3465,
        "Kansas City, MO: Kansas City International": 3320,
        "Fort Myers, FL: Southwest Florida International": 3294,
        "San Jose, CA: Norman Y. Mineta San Jose International": 3214,
        "Sacramento, CA: Sacramento International": 3152,
        "Milwaukee, WI: General Mitchell International": 2703,
        "Cleveland, OH: Cleveland-Hopkins International": 2680,
        "Raleigh/Durham, NC: Raleigh-Durham International": 2569,
        "Washington, DC: Washington Dulles International": 2537,
        "West Palm Beach/Palm Beach, FL: Palm Beach International": 2436,
        "San Juan, PR: Luis Munoz Marin International": 2408,
        "San Antonio, TX: San Antonio International": 2342,
        "Indianapolis, IN: Indianapolis International": 2209,
        "Kahului, HI: Kahului Airport": 1909,
        "Pittsburgh, PA: Pittsburgh International": 1887,
        "Burbank, CA: Bob Hope": 1783,
        "Columbus, OH: Port Columbus International": 1774,
        "Ontario, CA: Ontario International": 1598,
        "Hartford, CT: Bradley International": 1520,
        "Jacksonville, FL: Jacksonville International": 1500,
        "Albuquerque, NM: Albuquerque International Sunport": 1443,
        "Tucson, AZ: Tucson International": 1419,
        "Omaha, NE: Eppley Airfield": 1409,
        "Oklahoma City, OK: Will Rogers World": 1322,
        "Buffalo, NY: Buffalo Niagara International": 1307,
        "Cincinnati, OH: Cincinnati/Northern Kentucky International": 1253,
        "Anchorage, AK: Ted Stevens Anchorage International": 1232,
        "Tulsa, OK: Tulsa International": 1199,
        "Boise, ID: Boise Air Terminal": 1172,
        "Richmond, VA: Richmond International": 1155,
        "Memphis, TN: Memphis International": 1151,
        "Charleston, SC: Charleston AFB/International": 1015,
        "Lihue, HI: Lihue Airport": 1005,
        "Reno, NV: Reno/Tahoe International": 1001,
        "Providence, RI: Theodore Francis Green State": 996,
        "Kona, HI: Kona International Airport at Keahole": 990,
        "Palm Springs, CA: Palm Springs International": 978,
        "Birmingham, AL: Birmingham-Shuttlesworth International": 891,
        "El Paso, TX: El Paso International": 879,
        "Spokane, WA: Spokane International": 857,
        "Norfolk, VA: Norfolk International": 846,
        "Albany, NY: Albany International": 758,
        "Long Beach, CA: Long Beach Airport": 755,
        "Grand Rapids, MI: Gerald R. Ford International": 753,
        "Louisville, KY: Louisville International-Standiford Field": 746,
        "Wichita, KS: Wichita Dwight D Eisenhower National": 688,
        "Des Moines, IA: Des Moines International": 656,
        "Colorado Springs, CO: City of Colorado Springs Municipal": 628,
        "Little Rock, AR: Bill and Hillary Clinton Nat Adams Field": 614,
        "Aspen, CO: Aspen Pitkin County Sardy Field": 607,
        "Fresno, CA: Fresno Yosemite International": 598,
        "Baton Rouge, LA: Baton Rouge Metropolitan/Ryan Field": 590,
        "Rochester, NY: Greater Rochester International": 585,
        "Madison, WI: Dane County Regional-Truax Field": 576,
        "Dayton, OH: James M Cox/Dayton International": 572,
        "White Plains, NY: Westchester County": 548,
        "Greer, SC: Greenville-Spartanburg International": 536,
        "Savannah, GA: Savannah/Hilton Head International": 531,
        "Knoxville, TN: McGhee Tyson": 525,
        "Santa Barbara, CA: Santa Barbara Municipal": 500,
        "Akron, OH: Akron-Canton Regional": 493,
        "Hilo, HI: Hilo International": 492,
        "Shreveport, LA: Shreveport Regional": 481,
        "Midland/Odessa, TX: Midland International": 471,
        "Syracuse, NY: Syracuse Hancock International": 458,
        "Charlotte Amalie, VI: Cyril E King": 448,
        "Pensacola, FL: Pensacola International": 443,
        "Manchester, NH: Manchester-Boston Regional": 443,
        "Jackson/Vicksburg, MS: Jackson Medgar Wiley Evers International": 429,
        "Columbia, SC: Columbia Metropolitan": 427,
        "Greensboro/High Point, NC: Piedmont Triad International": 427,
        "Jackson, WY: Jackson Hole": 403,
        "Lubbock, TX: Lubbock Preston Smith International": 399,
        "South Bend, IN: South Bend International": 396,
        "Islip, NY: Long Island MacArthur": 381,
        "Portland, ME: Portland International Jetport": 377,
        "Fargo, ND: Hector International": 374,
        "Fayetteville, AR: Northwest Arkansas Regional": 367,
        "Lexington, KY: Blue Grass": 365,
        "Valparaiso, FL: Eglin AFB Destin Fort Walton Beach": 360,
        "Mobile, AL: Mobile Regional": 353,
        "Juneau, AK: Juneau International": 345,
        "Chattanooga, TN: Lovell Field": 343,
        "Sioux Falls, SD: Joe Foss Field": 343,
        "Sarasota/Bradenton, FL: Sarasota/Bradenton International": 327,
        "Panama City, FL: Northwest Florida Beaches International": 323,
        "Huntsville, AL: Huntsville International-Carl T Jones Field": 314,
        "Atlantic City, NJ: Atlantic City International": 310,
        "Eagle, CO: Eagle County Regional": 309,
        "Fort Wayne, IN: Fort Wayne International": 308,
        "Pasco/Kennewick/Richland, WA: Tri Cities": 298,
        "Flint, MI: Bishop International": 296,
        "Eugene, OR: Mahlon Sweet Field": 291,
        "Billings, MT: Billings Logan International": 283,
        "Appleton, WI: Appleton International": 270,
        "Bozeman, MT: Bozeman Yellowstone International": 269,
        "Lafayette, LA: Lafayette Regional Paul Fournet Field": 269,
        "Burlington, VT: Burlington International": 264,
        "Gulfport/Biloxi, MS: Gulfport-Biloxi International": 264,
        "Peoria, IL: General Downing - Peoria International": 249,
        "Lansing, MI: Capital Region International": 249,
        "Corpus Christi, TX: Corpus Christi International": 248,
        "Monroe, LA: Monroe Regional": 247,
        "Amarillo, TX: Rick Husband Amarillo International": 246,
        "Harlingen/San Benito, TX: Valley International": 244,
        "Cedar Rapids/Iowa City, IA: The Eastern Iowa": 242,
        "Green Bay, WI: Austin Straubel International": 241,
        "Medford, OR: Rogue Valley International - Medford": 235,
        "Springfield, MO: Springfield-Branson National": 231,
        "Lincoln, NE: Lincoln Airport": 231,
        "Myrtle Beach, SC: Myrtle Beach International": 228,
        "San Luis Obispo, CA: San Luis County Regional": 221,
        "Evansville, IN: Evansville Regional": 220,
        "Rapid City, SD: Rapid City Regional": 218,
        "Moline, IL: Quad City International": 216,
        "Killeen, TX: Robert Gray AAF": 214,
        "Monterey, CA: Monterey Regional": 210,
        "Idaho Falls, ID: Idaho Falls Regional": 208,
        "Alexandria, LA: Alexandria International": 208,
        "Tallahassee, FL: Tallahassee International": 208,
        "Bismarck/Mandan, ND: Bismarck Municipal": 208,
        "Kalamazoo, MI: Kalamazoo/Battle Creek International": 206,
        "Asheville, NC: Asheville Regional": 204,
        "Wilmington, NC: Wilmington International": 196,
        "Augusta, GA: Augusta Regional at Bush Field": 196,
        "Charleston/Dunbar, WV: Yeager": 196,
        "Gainesville, FL: Gainesville Regional": 194,
        "Mission/McAllen/Edinburg, TX: McAllen Miller International": 194,
        "Montgomery, AL: Montgomery Regional": 191,
        "Saginaw/Bay City/Midland, MI: MBS International": 189,
        "Harrisburg, PA: Harrisburg International": 189,
        "Bakersfield, CA: Meadows Field": 188,
        "Grand Junction, CO: Grand Junction Regional": 188,
        "Brownsville, TX: Brownsville South Padre Island International": 187,
        "Ketchikan, AK: Ketchikan International": 186,
        "Hayden, CO: Yampa Valley": 185,
        "Key West, FL: Key West International": 184,
        "Bend/Redmond, OR: Roberts Field": 183,
        "Roanoke, VA: Roanoke Blacksburg Regional Woodrum Field": 183,
        "Missoula, MT: Missoula International": 181,
        "Allentown/Bethlehem/Easton, PA: Lehigh Valley International": 180,
        "Elmira/Corning, NY: Elmira/Corning Regional": 179,
        "Yuma, AZ: Yuma MCAS/Yuma International": 177,
        "Fairbanks, AK: Fairbanks International": 174,
        "Duluth, MN: Duluth International": 173,
        "Aguadilla, PR: Rafael Hernandez": 172,
        "Tyler, TX: Tyler Pounds Regional": 170,
        "Charlottesville, VA: Charlottesville Albemarle": 170,
        "Williston, ND: Sloulin Field International": 169,
        "Trenton, NJ: Trenton Mercer": 168,
        "Laredo, TX: Laredo International": 162,
        "Bristol/Johnson City/Kingsport, TN: Tri-Cities Regional TN/VA": 162,
        "Flagstaff, AZ: Flagstaff Pulliam": 157,
        "Fayetteville, NC: Fayetteville Regional/Grannis Field": 154,
        "Montrose/Delta, CO: Montrose Regional": 153,
        "Scranton/Wilkes-Barre, PA: Wilkes Barre Scranton International": 153,
        "St. George, UT: St George Regional": 153,
        "Great Falls, MT: Great Falls International": 151,
        "Minot, ND: Minot International": 151,
        "Fort Smith, AR: Fort Smith Regional": 148,
        "Daytona Beach, FL: Daytona Beach International": 147,
        "Waco, TX: Waco Regional": 145,
        "Springfield, IL: Abraham Lincoln Capital": 142,
        "Casper, WY: Casper/Natrona County International": 139,
        "Kalispell, MT: Glacier Park International": 138,
        "Arcata/Eureka, CA: Arcata": 125,
        "Twin Falls, ID: Joslin Field - Magic Valley Regional": 122,
        "Helena, MT: Helena Regional": 118,
        "Melbourne, FL: Melbourne International": 117,
        "Dothan, AL: Dothan Regional": 116,
        "Sun Valley/Hailey/Ketchum, ID: Friedman Memorial": 115,
        "Durango, CO: Durango La Plata County": 105,
        "Christiansted, VI: Henry E. Rohlsen": 98,
        "Bellingham, WA: Bellingham International": 95,
        "Traverse City, MI: Cherry Capital": 95,
        "Grand Forks, ND: Grand Forks International": 94,
        "Latrobe, PA: Arnold Palmer Regional": 93,
        "Sitka, AK: Sitka Rocky Gutierrez": 92,
        "Bloomington/Normal, IL: Central Illinois Regional": 91,
        "Jacksonville/Camp Lejeune, NC: Albert J Ellis": 90,
        "Gillette, WY: Gillette Campbell County": 88,
        "Rhinelander, WI: Rhinelander/Oneida County": 88,
        "Newport News/Williamsburg, VA: Newport News/Williamsburg International": 88,
        "Lawton/Fort Sill, OK: Lawton-Fort Sill Regional": 87,
        "Brunswick, GA: Brunswick Golden Isles": 86,
        "Beaumont/Port Arthur, TX: Jack Brooks Regional": 85,
        "Valdosta, GA: Valdosta Regional": 84,
        "Texarkana, AR: Texarkana Regional-Webb Field": 83,
        "Hibbing, MN: Range Regional": 83,
        "Columbus, MS: Golden Triangle Regional": 83,
        "Meridian, MS: Key Field": 83,
        "Bethel, AK: Bethel Airport": 81,
        "Columbus, GA: Columbus Airport": 81,
        "Deadhorse, AK: Deadhorse Airport": 80,
        "Barrow, AK: Wiley Post/Will Rogers Memorial": 80,
        "Albany, GA: Southwest Georgia Regional": 79,
        "Rochester, MN: Rochester International": 77,
        "Binghamton, NY: Greater Binghamton/Edwin A. Link Field": 76,
        "Lake Charles, LA: Lake Charles Regional": 75,
        "Jamestown, ND: Jamestown Regional": 74,
        "Ponce, PR: Mercedita": 73,
        "Newburgh/Poughkeepsie, NY: Stewart International": 67,
        "Eau Claire, WI: Chippewa Valley Regional": 62,
        "Muskegon, MI: Muskegon County": 62,
        "Hancock/Houghton, MI: Houghton County Memorial": 62,
        "Joplin, MO: Joplin Regional": 62,
        "Wrangell, AK: Wrangell Airport": 62,
        "Petersburg, AK: Petersburg James A Johnson": 62,
        "Paducah, KY: Barkley Regional": 62,
        "Bemidji, MN: Bemidji Regional": 62,
        "Aberdeen, SD: Aberdeen Regional": 62,
        "Redding, CA: Redding Municipal": 61,
        "Santa Maria, CA: Santa Maria Public/Capt. G. Allan Hancock Field": 61,
        "Nome, AK: Nome Airport": 61,
        "Kotzebue, AK: Ralph Wien Memorial": 61,
        "Cordova, AK: Merle K Mudhole Smith": 60,
        "Yakutat, AK: Yakutat Airport": 60,
        "Worcester, MA: Worcester Regional": 60,
        "Ithaca/Cortland, NY: Ithaca Tompkins Regional": 59,
        "Sault Ste. Marie, MI: Chippewa County International": 58,
        "Butte, MT: Bert Mooney": 58,
        "State College, PA: University Park": 58,
        "Santa Fe, NM: Santa Fe Municipal": 58,
        "Erie, PA: Erie International/Tom Ridge Field": 58,
        "Rock Springs, WY: Rock Springs Sweetwater County": 57,
        "Mosinee, WI: Central Wisconsin": 57,
        "Iron Mountain/Kingsfd, MI: Ford": 57,
        "Pocatello, ID: Pocatello Regional": 56,
        "New Bern/Morehead/Beaufort, NC: Coastal Carolina Regional": 55,
        "Lewiston, ID: Lewiston Nez Perce County": 55,
        "College Station/Bryan, TX: Easterwood Field": 54,
        "International Falls, MN: Falls International Einarson Field": 54,
        "Pellston, MI: Pellston Regional Airport of Emmet County": 54,
        "Marquette, MI: Sawyer International": 54,
        "Elko, NV: Elko Regional": 53,
        "Hattiesburg/Laurel, MS: Hattiesburg-Laurel Regional": 52,
        "Brainerd, MN: Brainerd Lakes Regional": 52,
        "Escanaba, MI: Delta County": 52,
        "Alpena, MI: Alpena County Regional": 52,
        "Laramie, WY: Laramie Regional": 52,
        "Hays, KS: Hays Regional": 52,
        "Cedar City, UT: Cedar City Regional": 51,
        "Hobbs, NM: Lea County Regional": 49,
        "La Crosse, WI: La Crosse Regional": 49,
        "Gunnison, CO: Gunnison-Crested Butte Regional": 48,
        "Devils Lake, ND: Devils Lake Regional": 48,
        "Kodiak, AK: Kodiak Airport": 43,
        "Cody, WY: Yellowstone Regional": 33,
        "Mammoth Lakes, CA: Mammoth Lakes Airport": 32,
        "Plattsburgh, NY: Plattsburgh International": 31,
        "Guam, TT: Guam International": 31,
        "Niagara Falls, NY: Niagara Falls International": 31,
        "North Bend/Coos Bay, OR: Southwest Oregon Regional": 17,
        "Pago Pago, TT: Pago Pago International": 10,
        "Adak Island, AK: Adak": 9,
        "Bangor, ME: Bangor International": 6,
        "Roswell, NM: Roswell International Air Center": 4,
        "St. Augustine, FL: Northeast Florida Regional": 3
    },
    "nrows": 445827
}