{
    "column_id": "Airline/Airline.csvAirline.csv/DestCityMarket_Description",
    "dataset_name": "Airline.csv",
    "dataset_id": "Airline/Airline.csv",
    "path": "/home/ubuntu/CatDB/Experiments/data/Airline/Airline.csv",
    "table_name": "Airline.csv",
    "table_id": "Airline/Airline.csvAirline.csv",
    "column_name": "DestCityMarket_Description",
    "data_source": "Airline",
    "data_type": "natural_language_text",
    "total_values_count": 445827,
    "distinct_values_count": 273,
    "missing_values_count": 0,
    "true_ratio": null,
    "min_value": null,
    "max_value": null,
    "mean": null,
    "median": null,
    "iqr": null,
    "category_values": [
        "Detroit, MI",
        "Dallas/Fort Worth, TX",
        "New York City, NY (Metropolitan Area)",
        "Seattle, WA",
        "Chicago, IL",
        "San Francisco, CA (Metropolitan Area)",
        "Washington, DC (Metropolitan Area)",
        "Philadelphia, PA",
        "St. Louis, MO",
        "Tampa, FL (Metropolitan Area)",
        "Miami, FL (Metropolitan Area)",
        "Denver, CO",
        "Los Angeles, CA (Metropolitan Area)",
        "Kona, HI",
        "Houston, TX",
        "Austin, TX",
        "Orlando, FL",
        "Las Vegas, NV",
        "Salt Lake City, UT",
        "Charlotte Amalie, VI",
        "Boston, MA (Metropolitan Area)",
        "Honolulu, HI",
        "Kahului, HI",
        "Tulsa, OK",
        "Charlotte, NC",
        "Raleigh/Durham, NC",
        "Richmond, VA",
        "Portland, OR",
        "El Paso, TX",
        "San Diego, CA",
        "San Antonio, TX",
        "Kansas City, MO",
        "Nashville, TN",
        "Phoenix, AZ",
        "Tucson, AZ",
        "Sacramento, CA",
        "Oklahoma City, OK",
        "Lihue, HI",
        "Norfolk, VA (Metropolitan Area)",
        "Fort Myers, FL",
        "Minneapolis/St. Paul, MN",
        "Gunnison, CO",
        "Indianapolis, IN",
        "Atlanta, GA (Metropolitan Area)",
        "San Juan, PR",
        "Palm Springs, CA",
        "New Orleans, LA",
        "Colorado Springs, CO",
        "Milwaukee, WI",
        "Jacksonville, FL",
        "Pittsburgh, PA",
        "Reno, NV",
        "Mission/McAllen/Edinburg, TX",
        "West Palm Beach/Palm Beach, FL",
        "Eagle, CO",
        "Dayton, OH",
        "Albuquerque, NM",
        "Lubbock, TX",
        "Louisville, KY",
        "Christiansted, VI",
        "Des Moines, IA",
        "Omaha, NE",
        "Cleveland, OH (Metropolitan Area)",
        "Hartford, CT",
        "Fresno, CA",
        "Columbus, OH",
        "Jackson, WY",
        "Montrose/Delta, CO",
        "Steamboat Springs, CO",
        "Memphis, TN",
        "Boise, ID",
        "Spokane, WA",
        "Anchorage, AK",
        "Buffalo, NY",
        "Wichita, KS",
        "Albany, NY",
        "Syracuse, NY",
        "Wilmington, NC",
        "Portland, ME",
        "Rochester, NY",
        "Charleston, SC",
        "Harrisburg, PA",
        "Greensboro/High Point, NC",
        "Birmingham, AL",
        "Bellingham, WA",
        "Bethel, AK",
        "Kodiak, AK",
        "Barrow, AK",
        "Deadhorse, AK",
        "Fairbanks, AK",
        "Ketchikan, AK",
        "Yakutat, AK",
        "Cordova, AK",
        "Juneau, AK",
        "Sitka, AK",
        "Wrangell, AK",
        "Petersburg, AK",
        "Nome, AK",
        "Kotzebue, AK",
        "Adak Island, AK",
        "Ponce, PR",
        "Aguadilla, PR",
        "Sarasota/Bradenton, FL",
        "Savannah, GA",
        "Burlington, VT",
        "Worcester, MA",
        "Daytona Beach, FL",
        "Cincinnati, OH",
        "Fargo, ND",
        "Madison, WI",
        "Grand Rapids, MI",
        "Evansville, IN",
        "Scranton/Wilkes-Barre, PA",
        "Billings, MT",
        "Augusta, GA",
        "Bristol/Johnson City/Kingsport, TN",
        "Gulfport/Biloxi, MS",
        "Melbourne, FL",
        "Bozeman, MT",
        "Chattanooga, TN",
        "Missoula, MT",
        "Charlottesville, VA",
        "Lexington, KY",
        "Key West, FL",
        "Panama City, FL",
        "Valparaiso, FL",
        "Greenville/Spartanburg, SC",
        "Appleton, WI",
        "Lafayette, LA",
        "Springfield, MO",
        "Sioux Falls, SD",
        "Fayetteville, NC",
        "Pensacola, FL",
        "Little Rock, AR",
        "Roanoke, VA",
        "Jackson/Vicksburg, MS",
        "Myrtle Beach, SC",
        "Huntsville, AL",
        "Knoxville, TN",
        "Flint, MI",
        "Cedar Rapids/Iowa City, IA",
        "Trenton, NJ",
        "Bismarck/Mandan, ND",
        "St. Augustine, FL",
        "Asheville, NC",
        "Columbia, SC",
        "Charleston/Dunbar, WV",
        "Hilo, HI",
        "Atlantic City, NJ",
        "Latrobe, PA",
        "Allentown/Bethlehem/Easton, PA",
        "Fayetteville, AR",
        "Bloomington/Normal, IL",
        "Pago Pago, TT",
        "Niagara Falls, NY",
        "Joplin, MO",
        "Shreveport, LA",
        "Tyler, TX",
        "Monroe, LA",
        "Killeen, TX",
        "Midland/Odessa, TX",
        "Baton Rouge, LA",
        "Lawton/Fort Sill, OK",
        "Springfield, IL",
        "Waco, TX",
        "Brownsville, TX",
        "Alexandria, LA",
        "Lake Charles, LA",
        "Yuma, AZ",
        "Duluth, MN",
        "Fort Wayne, IN",
        "Green Bay, WI",
        "South Bend, IN",
        "Lansing, MI",
        "Santa Barbara, CA",
        "Durango, CO",
        "Rapid City, SD",
        "Aspen, CO",
        "Minot, ND",
        "Eugene, OR",
        "Mammoth Lakes, CA",
        "Lincoln, NE",
        "Medford, OR",
        "Grand Junction, CO",
        "Great Falls, MT",
        "Santa Maria, CA",
        "Quad Cities, IL (Metropolitan Area)",
        "La Crosse, WI",
        "Pasco/Kennewick/Richland, WA",
        "Kalispell, MT",
        "Flagstaff, AZ",
        "Helena, MT",
        "Eureka/Arcata, CA",
        "Saginaw/Bay City/Midland, MI",
        "Peoria, IL",
        "Rochester, MN",
        "Plattsburgh, NY",
        "Bakersfield, CA",
        "Sun Valley/Hailey/Ketchum, ID",
        "Idaho Falls, ID",
        "Salinas/Monterey, CA",
        "Grand Forks, ND",
        "Amarillo, TX",
        "Corpus Christi, TX",
        "Paso Robles/San Luis Obispo, CA",
        "Williston, ND",
        "St. George, UT",
        "Twin Falls, ID",
        "Pellston, MI",
        "Elko, NV",
        "Casper, WY",
        "Laramie, WY",
        "Traverse City, MI",
        "Kalamazoo, MI",
        "Bend/Redmond, OR",
        "College Station/Bryan, TX",
        "Hancock/Houghton, MI",
        "Cody, WY",
        "Eau Claire, WI",
        "Jamestown, ND",
        "Devils Lake, ND",
        "Paducah, KY",
        "Marquette, MI",
        "Muskegon, MI",
        "Gillette, WY",
        "Aberdeen, SD",
        "Alpena, MI",
        "Ithaca/Cortland, NY",
        "Sault Ste. Marie, MI",
        "Binghamton, NY",
        "Rhinelander, WI",
        "Iron Mountain/Kingsfd, MI",
        "Lewiston, ID",
        "International Falls, MN",
        "Pocatello, ID",
        "Guam, TT",
        "Hibbing, MN",
        "Escanaba, MI",
        "Bemidji, MN",
        "Brainerd, MN",
        "Butte, MT",
        "Cedar City, UT",
        "Rock Springs, WY",
        "Hays, KS",
        "Redding, CA",
        "North Bend/Coos Bay, OR",
        "Harlingen/San Benito, TX",
        "Tallahassee, FL",
        "Mobile, AL",
        "Gainesville, FL",
        "Hattiesburg/Laurel, MS",
        "Meridian, MS",
        "Fort Smith, AR",
        "Beaumont/Port Arthur, TX",
        "Santa Fe, NM",
        "Laredo, TX",
        "Texarkana, AR",
        "Roswell, NM",
        "Hobbs, NM",
        "Wausau/Mosinee/Stevens Point, WI",
        "Erie, PA",
        "Columbus, MS",
        "Dothan, AL",
        "Elmira/Corning, NY",
        "Philipsburg/State College, PA",
        "Jacksonville/Camp Lejeune, NC",
        "Valdosta, GA",
        "Montgomery, AL",
        "Albany, GA",
        "Brunswick, GA",
        "Columbus, GA",
        "Bangor, ME",
        "New Bern/Morehead/Beaufort, NC"
    ],
    "embedding": [
        -0.12508103251457214,
        -0.0263208094984293,
        0.028597882017493248,
        -1.0,
        0.17520330846309662,
        -0.022212976589798927,
        -0.0037009117659181356,
        -1.0,
        1.0,
        -0.11191252619028091,
        0.05799397826194763,
        0.016994517296552658,
        0.9844896793365479,
        0.043046701699495316,
        -0.999158501625061,
        -0.032251935452222824,
        -0.009689892642199993,
        0.1448163241147995,
        -0.042764849960803986,
        -0.10593484342098236,
        0.31011855602264404,
        -0.00948056485503912,
        0.03711750730872154,
        -0.9999991059303284,
        0.9997257590293884,
        0.1305762529373169,
        -0.005428881384432316,
        -0.09651680290699005,
        0.048745136708021164,
        -0.25934427976608276,
        -0.10564196109771729,
        -0.1590239703655243,
        -0.053874023258686066,
        0.21419821679592133,
        0.12597571313381195,
        0.003294612979516387,
        0.324989914894104,
        0.1310379058122635,
        0.01986009255051613,
        -0.17701345682144165,
        -0.003955352120101452,
        0.9994527101516724,
        0.0015819764230400324,
        0.12757880985736847,
        -0.8568540811538696,
        0.30401402711868286,
        -0.14676854014396667,
        -0.059024885296821594,
        0.022770166397094727,
        0.011869896203279495,
        -0.1071552261710167,
        -0.20670782029628754,
        -0.004590745549649,
        0.9733449220657349,
        -0.11335431039333344,
        -0.38281530141830444,
        -0.09124593436717987,
        -0.029305340722203255,
        -0.9994198083877563,
        -0.04273213446140289,
        0.013718107715249062,
        0.9999929666519165,
        1.0,
        0.10721368342638016,
        -0.9999999403953552,
        -0.011721625924110413,
        0.014649270102381706,
        0.2761146128177643,
        0.2244347780942917,
        -0.9996323585510254,
        0.9993754625320435,
        -0.048901449888944626,
        -0.17103496193885803,
        0.0295659601688385,
        0.08374850451946259,
        0.11477410048246384,
        -0.07489053905010223,
        -0.15041150152683258,
        0.07557277381420135,
        0.004074871074408293,
        0.062338121235370636,
        -0.4138581156730652,
        0.14858759939670563,
        -0.006284188944846392,
        -0.08966946601867676,
        0.24033857882022858,
        -0.22718413174152374,
        -0.05722983926534653,
        0.022749971598386765,
        -0.008089514449238777,
        0.17052710056304932,
        0.0875302329659462,
        -0.05414187163114548,
        -0.12294602394104004,
        0.05084110051393509,
        0.1483214795589447,
        -1.0,
        0.034290611743927,
        -0.9999999403953552,
        -0.9998773336410522,
        0.14256078004837036,
        0.9993469715118408,
        -0.15923286974430084,
        0.04534590616822243,
        -0.09851080179214478,
        0.25178471207618713,
        0.34842172265052795,
        -0.030813664197921753,
        0.29171067476272583,
        0.10779304057359695,
        0.9999990463256836,
        0.23615430295467377,
        0.0848080962896347,
        0.9999998211860657,
        0.19902372360229492,
        0.00932310987263918,
        0.0001463521912228316,
        -0.09098498523235321,
        -0.1027839332818985,
        0.09368538856506348,
        -0.16760320961475372,
        -0.1445421576499939,
        -0.08551526069641113,
        -0.17672955989837646,
        0.3882138133049011,
        -0.018212011083960533,
        -1.0,
        -0.14813055098056793,
        -0.14872878789901733,
        -0.9843502044677734,
        0.9997220039367676,
        0.6441910862922668,
        -0.1399124413728714,
        0.1583254039287567,
        0.999988317489624,
        0.00902398768812418,
        0.02047310210764408,
        -0.27355459332466125,
        -0.03349870443344116,
        0.17802700400352478,
        0.5548669695854187,
        -0.38143762946128845,
        -0.9995598196983337,
        -0.9999999403953552,
        0.07398192584514618,
        -0.01909039355814457,
        0.028689146041870117,
        0.07549001276493073,
        0.9992496371269226,
        0.08093494176864624,
        -0.060620106756687164,
        0.06321397423744202,
        0.025717908516526222,
        0.9999988675117493,
        -0.19442841410636902,
        -0.02484547533094883,
        -0.36259546875953674,
        0.18483509123325348,
        0.014561241492629051,
        0.04162007197737694,
        -0.08712420612573624,
        -0.11411610245704651,
        0.10090944170951843,
        -0.18895751237869263,
        -0.11020869016647339,
        0.8444827795028687,
        0.1486327052116394,
        -0.9544017314910889,
        -0.11462739109992981,
        -0.09474167972803116,
        0.177223339676857,
        -0.07706549763679504,
        0.05339367687702179,
        0.9993526935577393,
        0.03514395281672478,
        -0.09576407819986343,
        1.0,
        -0.024158043786883354,
        -0.10372470319271088,
        0.9931833744049072,
        0.2686862051486969,
        -0.08688375353813171,
        0.0010118152713403106,
        0.08843587338924408,
        -0.05666554346680641,
        -0.0497482605278492,
        -0.013314894400537014,
        -0.9999999403953552,
        -0.03705238923430443,
        -0.1272585541009903,
        -0.07704637944698334,
        0.13284611701965332,
        -0.047824423760175705,
        -0.25897416472435,
        0.11418765038251877,
        0.9999093413352966,
        0.2867124676704407,
        0.13110780715942383,
        -0.13171988725662231,
        -0.05455318093299866,
        -0.9999997615814209,
        0.11167491972446442,
        0.999867856502533,
        -0.027293609455227852,
        -0.04080750420689583,
        -0.5727710127830505,
        0.9997589588165283,
        -0.9699501395225525,
        0.19503358006477356,
        0.9995058178901672,
        -0.01821787655353546,
        0.11817533522844315,
        0.08025840669870377,
        -0.12728264927864075,
        -0.013871042057871819,
        0.27059119939804077,
        -1.0,
        0.0031598727218806744,
        -0.06013062223792076,
        -0.11526457220315933,
        0.192561075091362,
        0.09305515885353088,
        -0.012873859144747257,
        -0.1295190155506134,
        -0.2019912749528885,
        0.0974290519952774,
        0.14156568050384521,
        -0.01710032857954502,
        0.17512981593608856,
        -0.012539184652268887,
        -0.9727412462234497,
        -0.9999760985374451,
        -0.08111418038606644,
        0.957219123840332,
        0.46080371737480164,
        0.08709628134965897,
        -0.07766398787498474,
        0.12035009264945984,
        -0.06903916597366333,
        -0.9984582662582397,
        0.8891905546188354,
        0.13031519949436188,
        -0.4891861379146576,
        -0.05325086787343025,
        -0.9963361024856567,
        -0.9999336004257202,
        0.18067356944084167,
        -0.07096447050571442,
        -0.018716400489211082,
        0.28038597106933594,
        0.08703703433275223,
        0.10003454983234406,
        1.0,
        0.00580492103472352,
        -0.999140739440918,
        -0.10581747442483902,
        0.09790296107530594,
        -1.0,
        0.9974467754364014,
        0.9900026917457581,
        -1.0,
        -0.15659360587596893,
        -0.0649908035993576,
        -0.17420223355293274,
        0.19748182594776154,
        0.08465910702943802,
        0.05140701308846474,
        0.189905047416687,
        0.1564508080482483,
        0.0874512568116188,
        0.1616435945034027,
        0.08248083293437958,
        0.12457514554262161,
        0.08996184170246124,
        0.9999953508377075,
        -0.15152856707572937,
        -0.0858713835477829,
        -1.0,
        0.1905614286661148,
        0.13712367415428162,
        -0.08394964784383774,
        0.22380530834197998,
        -0.03803684934973717,
        0.04362480714917183,
        -0.9999999403953552,
        -0.23800013959407806,
        0.2053585797548294,
        -0.07590766251087189,
        -0.999999463558197,
        0.19297054409980774,
        -0.31096377968788147,
        0.10559544712305069,
        -0.03578632324934006,
        -0.009620843455195427,
        0.014274874702095985,
        1.0,
        0.06177898123860359,
        0.05717649310827255,
        -0.23025968670845032,
        -0.12070636451244354
    ],
    "embedding_scaling_factor": 0.054624851793050766,
    "samples": [
        "St. Louis, MO",
        "Washington, DC (Metropolitan Area)",
        "Charlotte, NC",
        "Paso Robles/San Luis Obispo, CA",
        "Richmond, VA",
        "Los Angeles, CA (Metropolitan Area)",
        "Las Vegas, NV",
        "New Orleans, LA",
        "Dallas/Fort Worth, TX",
        "Los Angeles, CA (Metropolitan Area)",
        "Louisville, KY",
        "Orlando, FL",
        "New York City, NY (Metropolitan Area)",
        "Detroit, MI",
        "Palm Springs, CA",
        "Sacramento, CA",
        "Bristol/Johnson City/Kingsport, TN",
        "Austin, TX",
        "San Diego, CA",
        "Palm Springs, CA",
        "Philadelphia, PA",
        "Los Angeles, CA (Metropolitan Area)",
        "Atlanta, GA (Metropolitan Area)",
        "Eugene, OR",
        "St. Louis, MO",
        "Tulsa, OK",
        "Detroit, MI",
        "Chicago, IL",
        "Orlando, FL",
        "Los Angeles, CA (Metropolitan Area)",
        "Charlotte Amalie, VI",
        "Phoenix, AZ",
        "Washington, DC (Metropolitan Area)",
        "Rochester, NY",
        "Charlotte, NC",
        "Los Angeles, CA (Metropolitan Area)",
        "Orlando, FL",
        "Phoenix, AZ",
        "Washington, DC (Metropolitan Area)",
        "Denver, CO",
        "Amarillo, TX",
        "Detroit, MI",
        "Charlotte, NC",
        "Denver, CO",
        "Tulsa, OK",
        "Sacramento, CA",
        "Chicago, IL",
        "Atlanta, GA (Metropolitan Area)",
        "Salt Lake City, UT",
        "Atlanta, GA (Metropolitan Area)",
        "Kansas City, MO",
        "Washington, DC (Metropolitan Area)",
        "New York City, NY (Metropolitan Area)",
        "Seattle, WA",
        "Houston, TX",
        "Las Vegas, NV",
        "Phoenix, AZ",
        "Atlanta, GA (Metropolitan Area)",
        "San Antonio, TX",
        "Chicago, IL",
        "Springfield, MO",
        "Portland, OR",
        "Salt Lake City, UT",
        "Detroit, MI",
        "Minneapolis/St. Paul, MN",
        "Washington, DC (Metropolitan Area)",
        "Minneapolis/St. Paul, MN",
        "Houston, TX",
        "Atlanta, GA (Metropolitan Area)",
        "Dallas/Fort Worth, TX",
        "New Orleans, LA",
        "Wichita, KS",
        "Los Angeles, CA (Metropolitan Area)",
        "Chicago, IL",
        "Washington, DC (Metropolitan Area)",
        "Detroit, MI",
        "Palm Springs, CA",
        "Los Angeles, CA (Metropolitan Area)",
        "Nashville, TN",
        "Omaha, NE",
        "New York City, NY (Metropolitan Area)",
        "Atlanta, GA (Metropolitan Area)",
        "Minneapolis/St. Paul, MN",
        "Denver, CO",
        "Rochester, NY",
        "San Francisco, CA (Metropolitan Area)",
        "Houston, TX",
        "Salt Lake City, UT",
        "Los Angeles, CA (Metropolitan Area)",
        "Miami, FL (Metropolitan Area)",
        "Dallas/Fort Worth, TX",
        "Charlotte Amalie, VI",
        "New Orleans, LA",
        "Salt Lake City, UT",
        "Seattle, WA",
        "Medford, OR",
        "Albuquerque, NM",
        "Las Vegas, NV",
        "Los Angeles, CA (Metropolitan Area)",
        "Orlando, FL"
    ],
    "category_values_ratio": {
        "Atlanta, GA (Metropolitan Area)": 29854,
        "New York City, NY (Metropolitan Area)": 25574,
        "Chicago, IL": 25281,
        "Los Angeles, CA (Metropolitan Area)": 24005,
        "Dallas/Fort Worth, TX": 22367,
        "San Francisco, CA (Metropolitan Area)": 20075,
        "Denver, CO": 17527,
        "Houston, TX": 16188,
        "Washington, DC (Metropolitan Area)": 16162,
        "Miami, FL (Metropolitan Area)": 13753,
        "Phoenix, AZ": 13035,
        "Las Vegas, NV": 12245,
        "Orlando, FL": 10730,
        "Boston, MA (Metropolitan Area)": 10538,
        "Seattle, WA": 9739,
        "Minneapolis/St. Paul, MN": 9585,
        "Detroit, MI": 9463,
        "Charlotte, NC": 9224,
        "Salt Lake City, UT": 8699,
        "San Diego, CA": 6016,
        "Tampa, FL (Metropolitan Area)": 5996,
        "Philadelphia, PA": 5671,
        "St. Louis, MO": 4320,
        "Portland, OR": 4143,
        "Nashville, TN": 3903,
        "Honolulu, HI": 3878,
        "Austin, TX": 3581,
        "New Orleans, LA": 3501,
        "Kansas City, MO": 3325,
        "Fort Myers, FL": 3288,
        "Cleveland, OH (Metropolitan Area)": 3180,
        "Sacramento, CA": 3154,
        "Milwaukee, WI": 2706,
        "Raleigh/Durham, NC": 2571,
        "West Palm Beach/Palm Beach, FL": 2430,
        "San Juan, PR": 2395,
        "San Antonio, TX": 2340,
        "Indianapolis, IN": 2207,
        "Kahului, HI": 1906,
        "Pittsburgh, PA": 1888,
        "Columbus, OH": 1778,
        "Hartford, CT": 1520,
        "Jacksonville, FL": 1499,
        "Albuquerque, NM": 1445,
        "Tucson, AZ": 1419,
        "Omaha, NE": 1414,
        "Oklahoma City, OK": 1324,
        "Buffalo, NY": 1314,
        "Cincinnati, OH": 1252,
        "Anchorage, AK": 1230,
        "Tulsa, OK": 1200,
        "Boise, ID": 1172,
        "Richmond, VA": 1156,
        "Memphis, TN": 1154,
        "Charleston, SC": 1015,
        "Lihue, HI": 1005,
        "Reno, NV": 1001,
        "Kona, HI": 985,
        "Palm Springs, CA": 977,
        "Norfolk, VA (Metropolitan Area)": 935,
        "Birmingham, AL": 892,
        "El Paso, TX": 882,
        "Spokane, WA": 859,
        "Albany, NY": 759,
        "Grand Rapids, MI": 758,
        "Louisville, KY": 747,
        "Wichita, KS": 688,
        "Des Moines, IA": 659,
        "Colorado Springs, CO": 629,
        "Little Rock, AR": 614,
        "Aspen, CO": 607,
        "Fresno, CA": 598,
        "Baton Rouge, LA": 589,
        "Rochester, NY": 585,
        "Madison, WI": 577,
        "Dayton, OH": 573,
        "Greenville/Spartanburg, SC": 538,
        "Savannah, GA": 531,
        "Knoxville, TN": 523,
        "Santa Barbara, CA": 500,
        "Hilo, HI": 492,
        "Shreveport, LA": 481,
        "Midland/Odessa, TX": 472,
        "Syracuse, NY": 458,
        "Charlotte Amalie, VI": 446,
        "Pensacola, FL": 441,
        "Greensboro/High Point, NC": 428,
        "Jackson/Vicksburg, MS": 428,
        "Columbia, SC": 428,
        "Jackson, WY": 403,
        "Lubbock, TX": 400,
        "South Bend, IN": 396,
        "Portland, ME": 379,
        "Fargo, ND": 378,
        "Lexington, KY": 367,
        "Fayetteville, AR": 367,
        "Valparaiso, FL": 359,
        "Mobile, AL": 353,
        "Sioux Falls, SD": 347,
        "Juneau, AK": 346,
        "Chattanooga, TN": 344,
        "Sarasota/Bradenton, FL": 327,
        "Panama City, FL": 324,
        "Huntsville, AL": 315,
        "Atlantic City, NJ": 310,
        "Fort Wayne, IN": 309,
        "Eagle, CO": 308,
        "Pasco/Kennewick/Richland, WA": 298,
        "Flint, MI": 297,
        "Eugene, OR": 290,
        "Billings, MT": 281,
        "Appleton, WI": 272,
        "Lafayette, LA": 270,
        "Bozeman, MT": 267,
        "Gulfport/Biloxi, MS": 264,
        "Burlington, VT": 262,
        "Lansing, MI": 251,
        "Peoria, IL": 250,
        "Corpus Christi, TX": 247,
        "Amarillo, TX": 246,
        "Monroe, LA": 246,
        "Harlingen/San Benito, TX": 245,
        "Green Bay, WI": 243,
        "Cedar Rapids/Iowa City, IA": 243,
        "Medford, OR": 235,
        "Lincoln, NE": 234,
        "Springfield, MO": 232,
        "Myrtle Beach, SC": 228,
        "Evansville, IN": 221,
        "Paso Robles/San Luis Obispo, CA": 221,
        "Quad Cities, IL (Metropolitan Area)": 219,
        "Rapid City, SD": 217,
        "Killeen, TX": 216,
        "Salinas/Monterey, CA": 210,
        "Alexandria, LA": 209,
        "Bismarck/Mandan, ND": 208,
        "Tallahassee, FL": 208,
        "Idaho Falls, ID": 207,
        "Kalamazoo, MI": 207,
        "Asheville, NC": 204,
        "Wilmington, NC": 197,
        "Augusta, GA": 196,
        "Charleston/Dunbar, WV": 196,
        "Gainesville, FL": 195,
        "Mission/McAllen/Edinburg, TX": 194,
        "Montgomery, AL": 192,
        "Harrisburg, PA": 190,
        "Brownsville, TX": 189,
        "Saginaw/Bay City/Midland, MI": 189,
        "Bakersfield, CA": 189,
        "Grand Junction, CO": 188,
        "Ketchikan, AK": 186,
        "Steamboat Springs, CO": 184,
        "Key West, FL": 184,
        "Bend/Redmond, OR": 183,
        "Roanoke, VA": 183,
        "Allentown/Bethlehem/Easton, PA": 181,
        "Missoula, MT": 181,
        "Elmira/Corning, NY": 180,
        "Yuma, AZ": 177,
        "Fairbanks, AK": 174,
        "Duluth, MN": 173,
        "Tyler, TX": 172,
        "Aguadilla, PR": 172,
        "Charlottesville, VA": 171,
        "Williston, ND": 169,
        "Trenton, NJ": 167,
        "Laredo, TX": 165,
        "Bristol/Johnson City/Kingsport, TN": 162,
        "Flagstaff, AZ": 157,
        "Scranton/Wilkes-Barre, PA": 155,
        "Fayetteville, NC": 154,
        "St. George, UT": 153,
        "Great Falls, MT": 152,
        "Montrose/Delta, CO": 152,
        "Minot, ND": 150,
        "Fort Smith, AR": 149,
        "Waco, TX": 146,
        "Daytona Beach, FL": 146,
        "Springfield, IL": 143,
        "Casper, WY": 139,
        "Kalispell, MT": 137,
        "Eureka/Arcata, CA": 125,
        "Helena, MT": 119,
        "Sun Valley/Hailey/Ketchum, ID": 118,
        "Melbourne, FL": 117,
        "Dothan, AL": 116,
        "Durango, CO": 105,
        "Christiansted, VI": 98,
        "Bellingham, WA": 94,
        "Traverse City, MI": 94,
        "Sitka, AK": 93,
        "Latrobe, PA": 93,
        "Grand Forks, ND": 93,
        "Bloomington/Normal, IL": 91,
        "Jacksonville/Camp Lejeune, NC": 90,
        "Gillette, WY": 88,
        "Lawton/Fort Sill, OK": 88,
        "Rhinelander, WI": 88,
        "Twin Falls, ID": 86,
        "Brunswick, GA": 86,
        "Beaumont/Port Arthur, TX": 85,
        "Valdosta, GA": 84,
        "Columbus, MS": 84,
        "Texarkana, AR": 84,
        "Meridian, MS": 83,
        "Hibbing, MN": 83,
        "Bethel, AK": 81,
        "Columbus, GA": 81,
        "Albany, GA": 80,
        "Deadhorse, AK": 80,
        "Barrow, AK": 80,
        "Rochester, MN": 78,
        "Binghamton, NY": 76,
        "Lake Charles, LA": 76,
        "Jamestown, ND": 74,
        "Ponce, PR": 72,
        "Hancock/Houghton, MI": 63,
        "Worcester, MA": 62,
        "Petersburg, AK": 62,
        "Eau Claire, WI": 62,
        "Joplin, MO": 62,
        "Wrangell, AK": 62,
        "Bemidji, MN": 62,
        "Paducah, KY": 62,
        "Santa Maria, CA": 62,
        "Aberdeen, SD": 62,
        "Muskegon, MI": 62,
        "Kotzebue, AK": 61,
        "Nome, AK": 61,
        "Redding, CA": 61,
        "Cordova, AK": 60,
        "Yakutat, AK": 60,
        "Philipsburg/State College, PA": 60,
        "Ithaca/Cortland, NY": 59,
        "Santa Fe, NM": 59,
        "Butte, MT": 58,
        "Erie, PA": 58,
        "Wausau/Mosinee/Stevens Point, WI": 58,
        "Sault Ste. Marie, MI": 58,
        "Iron Mountain/Kingsfd, MI": 57,
        "Rock Springs, WY": 57,
        "Pocatello, ID": 56,
        "New Bern/Morehead/Beaufort, NC": 55,
        "College Station/Bryan, TX": 55,
        "Lewiston, ID": 55,
        "Marquette, MI": 55,
        "Pellston, MI": 54,
        "International Falls, MN": 54,
        "Elko, NV": 53,
        "Hattiesburg/Laurel, MS": 52,
        "Alpena, MI": 52,
        "Laramie, WY": 52,
        "Escanaba, MI": 52,
        "Brainerd, MN": 52,
        "Hays, KS": 52,
        "Cedar City, UT": 51,
        "La Crosse, WI": 49,
        "Hobbs, NM": 49,
        "Devils Lake, ND": 48,
        "Gunnison, CO": 48,
        "Kodiak, AK": 43,
        "Cody, WY": 33,
        "Mammoth Lakes, CA": 32,
        "Guam, TT": 31,
        "Plattsburgh, NY": 31,
        "Niagara Falls, NY": 31,
        "North Bend/Coos Bay, OR": 17,
        "Pago Pago, TT": 10,
        "Adak Island, AK": 9,
        "Roswell, NM": 4,
        "Bangor, ME": 4,
        "St. Augustine, FL": 3
    },
    "nrows": 445827
}