{
    "column_id": "Airline/Airline.csvAirline.csv/DestAirportSeq_Description",
    "dataset_name": "Airline.csv",
    "dataset_id": "Airline/Airline.csv",
    "path": "/home/ubuntu/CatDB/Experiments/data/Airline/Airline.csv",
    "table_name": "Airline.csv",
    "table_id": "Airline/Airline.csvAirline.csv",
    "column_name": "DestAirportSeq_Description",
    "data_source": "Airline",
    "data_type": "natural_language_text",
    "total_values_count": 445827,
    "distinct_values_count": 294,
    "missing_values_count": 0,
    "true_ratio": null,
    "min_value": null,
    "max_value": null,
    "mean": null,
    "median": null,
    "iqr": null,
    "category_values": [
        "Detroit, MI: Detroit Metro Wayne County",
        "Dallas/Fort Worth, TX: Dallas/Fort Worth International",
        "New York, NY: John F. Kennedy International",
        "Seattle, WA: Seattle/Tacoma International",
        "Chicago, IL: Chicago O'Hare International",
        "San Jose, CA: Norman Y. Mineta San Jose International",
        "Washington, DC: Ronald Reagan Washington National",
        "Philadelphia, PA: Philadelphia International",
        "St. Louis, MO: Lambert-St. Louis International",
        "Tampa, FL: Tampa International",
        "Miami, FL: Miami International",
        "Denver, CO: Denver International",
        "Los Angeles, CA: Los Angeles International",
        "Kona, HI: Kona International Airport at Keahole",
        "Houston, TX: George Bush Intercontinental/Houston",
        "Austin, TX: Austin - Bergstrom International",
        "Orlando, FL: Orlando International",
        "Las Vegas, NV: McCarran International",
        "Salt Lake City, UT: Salt Lake City International",
        "Charlotte Amalie, VI: Cyril E King",
        "Boston, MA: Logan International",
        "Fort Lauderdale, FL: Fort Lauderdale-Hollywood International",
        "San Francisco, CA: San Francisco International",
        "Honolulu, HI: Honolulu International",
        "Kahului, HI: Kahului Airport",
        "Tulsa, OK: Tulsa International",
        "Santa Ana, CA: John Wayne Airport-Orange County",
        "Washington, DC: Washington Dulles International",
        "New York, NY: LaGuardia",
        "Charlotte, NC: Charlotte Douglas International",
        "Raleigh/Durham, NC: Raleigh-Durham International",
        "Newark, NJ: Newark Liberty International",
        "Richmond, VA: Richmond International",
        "Portland, OR: Portland International",
        "El Paso, TX: El Paso International",
        "San Diego, CA: San Diego International",
        "San Antonio, TX: San Antonio International",
        "Kansas City, MO: Kansas City International",
        "Nashville, TN: Nashville International",
        "Phoenix, AZ: Phoenix Sky Harbor International",
        "Ontario, CA: Ontario International",
        "Tucson, AZ: Tucson International",
        "Sacramento, CA: Sacramento International",
        "Oklahoma City, OK: Will Rogers World",
        "Lihue, HI: Lihue Airport",
        "Norfolk, VA: Norfolk International",
        "Fort Myers, FL: Southwest Florida International",
        "Baltimore, MD: Baltimore/Washington International Thurgood Marshall",
        "Minneapolis, MN: Minneapolis-St Paul International",
        "Gunnison, CO: Gunnison-Crested Butte Regional",
        "Indianapolis, IN: Indianapolis International",
        "Atlanta, GA: Hartsfield-Jackson Atlanta International",
        "San Juan, PR: Luis Munoz Marin International",
        "Palm Springs, CA: Palm Springs International",
        "New Orleans, LA: Louis Armstrong New Orleans International",
        "Colorado Springs, CO: City of Colorado Springs Municipal",
        "Milwaukee, WI: General Mitchell International",
        "Jacksonville, FL: Jacksonville International",
        "Pittsburgh, PA: Pittsburgh International",
        "Reno, NV: Reno/Tahoe International",
        "Mission/McAllen/Edinburg, TX: McAllen Miller International",
        "West Palm Beach/Palm Beach, FL: Palm Beach International",
        "Eagle, CO: Eagle County Regional",
        "Dayton, OH: James M Cox/Dayton International",
        "Albuquerque, NM: Albuquerque International Sunport",
        "Lubbock, TX: Lubbock Preston Smith International",
        "Louisville, KY: Louisville International-Standiford Field",
        "Christiansted, VI: Henry E. Rohlsen",
        "Des Moines, IA: Des Moines International",
        "Omaha, NE: Eppley Airfield",
        "Cleveland, OH: Cleveland-Hopkins International",
        "Hartford, CT: Bradley International",
        "Fresno, CA: Fresno Yosemite International",
        "Columbus, OH: Port Columbus International",
        "Jackson, WY: Jackson Hole",
        "Montrose/Delta, CO: Montrose Regional",
        "Hayden, CO: Yampa Valley",
        "Memphis, TN: Memphis International",
        "Boise, ID: Boise Air Terminal",
        "Houston, TX: William P Hobby",
        "Oakland, CA: Metropolitan Oakland International",
        "Spokane, WA: Spokane International",
        "Anchorage, AK: Ted Stevens Anchorage International",
        "Buffalo, NY: Buffalo Niagara International",
        "Wichita, KS: Wichita Dwight D Eisenhower National",
        "Providence, RI: Theodore Francis Green State",
        "Albany, NY: Albany International",
        "Syracuse, NY: Syracuse Hancock International",
        "Wilmington, NC: Wilmington International",
        "Portland, ME: Portland International Jetport",
        "Rochester, NY: Greater Rochester International",
        "Charleston, SC: Charleston AFB/International",
        "Harrisburg, PA: Harrisburg International",
        "Greensboro/High Point, NC: Piedmont Triad International",
        "Birmingham, AL: Birmingham-Shuttlesworth International",
        "Bellingham, WA: Bellingham International",
        "Bethel, AK: Bethel Airport",
        "Kodiak, AK: Kodiak Airport",
        "Barrow, AK: Wiley Post/Will Rogers Memorial",
        "Deadhorse, AK: Deadhorse Airport",
        "Fairbanks, AK: Fairbanks International",
        "Ketchikan, AK: Ketchikan International",
        "Yakutat, AK: Yakutat Airport",
        "Cordova, AK: Merle K Mudhole Smith",
        "Juneau, AK: Juneau International",
        "Sitka, AK: Sitka Rocky Gutierrez",
        "Wrangell, AK: Wrangell Airport",
        "Petersburg, AK: Petersburg James A Johnson",
        "Nome, AK: Nome Airport",
        "Kotzebue, AK: Ralph Wien Memorial",
        "Burbank, CA: Bob Hope",
        "Adak Island, AK: Adak",
        "Ponce, PR: Mercedita",
        "Long Beach, CA: Long Beach Airport",
        "Newburgh/Poughkeepsie, NY: Stewart International",
        "White Plains, NY: Westchester County",
        "Aguadilla, PR: Rafael Hernandez",
        "Sarasota/Bradenton, FL: Sarasota/Bradenton International",
        "Savannah, GA: Savannah/Hilton Head International",
        "Burlington, VT: Burlington International",
        "Worcester, MA: Worcester Regional",
        "Daytona Beach, FL: Daytona Beach International",
        "Cincinnati, OH: Cincinnati/Northern Kentucky International",
        "Fargo, ND: Hector International",
        "Madison, WI: Dane County Regional-Truax Field",
        "Grand Rapids, MI: Gerald R. Ford International",
        "Evansville, IN: Evansville Regional",
        "Scranton/Wilkes-Barre, PA: Wilkes Barre Scranton International",
        "Billings, MT: Billings Logan International",
        "Augusta, GA: Augusta Regional at Bush Field",
        "Dallas, TX: Dallas Love Field",
        "Bristol/Johnson City/Kingsport, TN: Tri-Cities Regional TN/VA",
        "Chicago, IL: Chicago Midway International",
        "Gulfport/Biloxi, MS: Gulfport-Biloxi International",
        "Newport News/Williamsburg, VA: Newport News/Williamsburg International",
        "Melbourne, FL: Melbourne International",
        "Bozeman, MT: Bozeman Yellowstone International",
        "Chattanooga, TN: Lovell Field",
        "Missoula, MT: Missoula International",
        "Charlottesville, VA: Charlottesville Albemarle",
        "Lexington, KY: Blue Grass",
        "Key West, FL: Key West International",
        "Panama City, FL: Northwest Florida Beaches International",
        "Valparaiso, FL: Eglin AFB Destin Fort Walton Beach",
        "Greer, SC: Greenville-Spartanburg International",
        "Appleton, WI: Appleton International",
        "Lafayette, LA: Lafayette Regional Paul Fournet Field",
        "Springfield, MO: Springfield-Branson National",
        "Akron, OH: Akron-Canton Regional",
        "Sioux Falls, SD: Joe Foss Field",
        "Fayetteville, NC: Fayetteville Regional/Grannis Field",
        "Pensacola, FL: Pensacola International",
        "Little Rock, AR: Bill and Hillary Clinton Nat Adams Field",
        "Roanoke, VA: Roanoke Blacksburg Regional Woodrum Field",
        "Manchester, NH: Manchester-Boston Regional",
        "Jackson/Vicksburg, MS: Jackson Medgar Wiley Evers International",
        "Myrtle Beach, SC: Myrtle Beach International",
        "Huntsville, AL: Huntsville International-Carl T Jones Field",
        "Knoxville, TN: McGhee Tyson",
        "Flint, MI: Bishop International",
        "Cedar Rapids/Iowa City, IA: The Eastern Iowa",
        "Trenton, NJ: Trenton Mercer",
        "Bismarck/Mandan, ND: Bismarck Municipal",
        "St. Augustine, FL: Northeast Florida Regional",
        "Asheville, NC: Asheville Regional",
        "Columbia, SC: Columbia Metropolitan",
        "Charleston/Dunbar, WV: Yeager",
        "Hilo, HI: Hilo International",
        "Atlantic City, NJ: Atlantic City International",
        "Latrobe, PA: Arnold Palmer Regional",
        "Allentown/Bethlehem/Easton, PA: Lehigh Valley International",
        "Fayetteville, AR: Northwest Arkansas Regional",
        "Bloomington/Normal, IL: Central Illinois Regional",
        "Pago Pago, TT: Pago Pago International",
        "Niagara Falls, NY: Niagara Falls International",
        "Joplin, MO: Joplin Regional",
        "Shreveport, LA: Shreveport Regional",
        "Tyler, TX: Tyler Pounds Regional",
        "Monroe, LA: Monroe Regional",
        "Killeen, TX: Robert Gray AAF",
        "Midland/Odessa, TX: Midland International",
        "Baton Rouge, LA: Baton Rouge Metropolitan/Ryan Field",
        "Lawton/Fort Sill, OK: Lawton-Fort Sill Regional",
        "Springfield, IL: Abraham Lincoln Capital",
        "Waco, TX: Waco Regional",
        "Brownsville, TX: Brownsville South Padre Island International",
        "Alexandria, LA: Alexandria International",
        "Lake Charles, LA: Lake Charles Regional",
        "Yuma, AZ: Yuma MCAS/Yuma International",
        "Duluth, MN: Duluth International",
        "Fort Wayne, IN: Fort Wayne International",
        "Green Bay, WI: Austin Straubel International",
        "South Bend, IN: South Bend International",
        "Lansing, MI: Capital Region International",
        "Santa Barbara, CA: Santa Barbara Municipal",
        "Durango, CO: Durango La Plata County",
        "Rapid City, SD: Rapid City Regional",
        "Aspen, CO: Aspen Pitkin County Sardy Field",
        "Minot, ND: Minot International",
        "Eugene, OR: Mahlon Sweet Field",
        "Mammoth Lakes, CA: Mammoth Lakes Airport",
        "Lincoln, NE: Lincoln Airport",
        "Medford, OR: Rogue Valley International - Medford",
        "Grand Junction, CO: Grand Junction Regional",
        "Great Falls, MT: Great Falls International",
        "Santa Maria, CA: Santa Maria Public/Capt. G. Allan Hancock Field",
        "Moline, IL: Quad City International",
        "La Crosse, WI: La Crosse Regional",
        "Pasco/Kennewick/Richland, WA: Tri Cities",
        "Kalispell, MT: Glacier Park International",
        "Flagstaff, AZ: Flagstaff Pulliam",
        "Helena, MT: Helena Regional",
        "Arcata/Eureka, CA: Arcata",
        "Saginaw/Bay City/Midland, MI: MBS International",
        "Peoria, IL: General Downing - Peoria International",
        "Rochester, MN: Rochester International",
        "Plattsburgh, NY: Plattsburgh International",
        "Bakersfield, CA: Meadows Field",
        "Sun Valley/Hailey/Ketchum, ID: Friedman Memorial",
        "Idaho Falls, ID: Idaho Falls Regional",
        "Monterey, CA: Monterey Regional",
        "Grand Forks, ND: Grand Forks International",
        "Amarillo, TX: Rick Husband Amarillo International",
        "Corpus Christi, TX: Corpus Christi International",
        "San Luis Obispo, CA: San Luis County Regional",
        "Williston, ND: Sloulin Field International",
        "St. George, UT: St George Regional",
        "Twin Falls, ID: Joslin Field - Magic Valley Regional",
        "Pellston, MI: Pellston Regional Airport of Emmet County",
        "Elko, NV: Elko Regional",
        "Casper, WY: Casper/Natrona County International",
        "Laramie, WY: Laramie Regional",
        "Traverse City, MI: Cherry Capital",
        "Kalamazoo, MI: Kalamazoo/Battle Creek International",
        "Bend/Redmond, OR: Roberts Field",
        "College Station/Bryan, TX: Easterwood Field",
        "Hancock/Houghton, MI: Houghton County Memorial",
        "Cody, WY: Yellowstone Regional",
        "Eau Claire, WI: Chippewa Valley Regional",
        "Jamestown, ND: Jamestown Regional",
        "Devils Lake, ND: Devils Lake Regional",
        "Paducah, KY: Barkley Regional",
        "Marquette, MI: Sawyer International",
        "Muskegon, MI: Muskegon County",
        "Gillette, WY: Gillette Campbell County",
        "Aberdeen, SD: Aberdeen Regional",
        "Alpena, MI: Alpena County Regional",
        "Ithaca/Cortland, NY: Ithaca Tompkins Regional",
        "Sault Ste. Marie, MI: Chippewa County International",
        "Binghamton, NY: Greater Binghamton/Edwin A. Link Field",
        "Rhinelander, WI: Rhinelander/Oneida County",
        "Iron Mountain/Kingsfd, MI: Ford",
        "Lewiston, ID: Lewiston Nez Perce County",
        "International Falls, MN: Falls International Einarson Field",
        "Pocatello, ID: Pocatello Regional",
        "Guam, TT: Guam International",
        "Hibbing, MN: Range Regional",
        "Escanaba, MI: Delta County",
        "Bemidji, MN: Bemidji Regional",
        "Brainerd, MN: Brainerd Lakes Regional",
        "Butte, MT: Bert Mooney",
        "Cedar City, UT: Cedar City Regional",
        "Rock Springs, WY: Rock Springs Sweetwater County",
        "Hays, KS: Hays Regional",
        "Redding, CA: Redding Municipal",
        "North Bend/Coos Bay, OR: Southwest Oregon Regional",
        "Harlingen/San Benito, TX: Valley International",
        "Islip, NY: Long Island MacArthur",
        "Tallahassee, FL: Tallahassee International",
        "Mobile, AL: Mobile Regional",
        "Gainesville, FL: Gainesville Regional",
        "Hattiesburg/Laurel, MS: Hattiesburg-Laurel Regional",
        "Meridian, MS: Key Field",
        "Fort Smith, AR: Fort Smith Regional",
        "Beaumont/Port Arthur, TX: Jack Brooks Regional",
        "Santa Fe, NM: Santa Fe Municipal",
        "Laredo, TX: Laredo International",
        "Texarkana, AR: Texarkana Regional-Webb Field",
        "Roswell, NM: Roswell International Air Center",
        "Hobbs, NM: Lea County Regional",
        "Mosinee, WI: Central Wisconsin",
        "Erie, PA: Erie International/Tom Ridge Field",
        "Columbus, MS: Golden Triangle Regional",
        "Dothan, AL: Dothan Regional",
        "Elmira/Corning, NY: Elmira/Corning Regional",
        "State College, PA: University Park",
        "Jacksonville/Camp Lejeune, NC: Albert J Ellis",
        "Valdosta, GA: Valdosta Regional",
        "Montgomery, AL: Montgomery Regional",
        "Albany, GA: Southwest Georgia Regional",
        "Brunswick, GA: Brunswick Golden Isles",
        "Columbus, GA: Columbus Airport",
        "Bangor, ME: Bangor International",
        "New Bern/Morehead/Beaufort, NC: Coastal Carolina Regional"
    ],
    "embedding": [
        -0.07427575439214706,
        -0.05535000190138817,
        0.11687329411506653,
        -1.0,
        0.12630756199359894,
        0.025484608486294746,
        -0.06830238550901413,
        -1.0,
        1.0,
        -0.1292160600423813,
        0.017102163285017014,
        -0.01262278575450182,
        0.9948246479034424,
        0.10425128042697906,
        -0.9999985098838806,
        -0.06339947879314423,
        -0.07933235913515091,
        0.13208065927028656,
        -0.0056764413602650166,
        -0.13427940011024475,
        0.2781195342540741,
        -0.03953902795910835,
        0.0746798887848854,
        -0.9999996423721313,
        0.9998085498809814,
        0.0750482901930809,
        0.029619377106428146,
        -0.03476577252149582,
        0.08963420987129211,
        -0.30871373414993286,
        -0.09902264177799225,
        -0.08822482079267502,
        -0.006586682982742786,
        0.18613289296627045,
        0.05049603059887886,
        0.08675559610128403,
        0.3476005494594574,
        0.06628592312335968,
        0.06648034602403641,
        -0.17006783187389374,
        -0.08728448301553726,
        0.9999986886978149,
        0.05166175588965416,
        0.17098718881607056,
        -0.8743873834609985,
        0.3106257915496826,
        -0.11027932167053223,
        -0.1251186579465866,
        -0.03771185129880905,
        0.05354556813836098,
        -0.09889915585517883,
        -0.257190078496933,
        0.03374330326914787,
        0.9894677996635437,
        -0.1704873889684677,
        -0.35642558336257935,
        -0.12689821422100067,
        -0.07134274393320084,
        -0.9999975562095642,
        -0.02782268635928631,
        -0.019967226311564445,
        0.9999942779541016,
        1.0,
        0.11202497035264969,
        -0.9999999403953552,
        -0.06800903379917145,
        0.054013125598430634,
        0.28440061211586,
        0.19953995943069458,
        -0.9999991059303284,
        0.9999988675117493,
        -0.1244041845202446,
        -0.15595760941505432,
        0.07753600180149078,
        0.16021780669689178,
        0.042589761316776276,
        -0.036547884345054626,
        -0.10217645764350891,
        0.0023363432846963406,
        -0.039041850715875626,
        0.004384225700050592,
        -0.4789371192455292,
        0.09702575206756592,
        0.060937169939279556,
        -0.018915509805083275,
        0.23567867279052734,
        -0.2135876566171646,
        -0.10692494362592697,
        -0.023886529728770256,
        0.05180226266384125,
        0.1583515703678131,
        0.10283758491277695,
        0.008325047791004181,
        -0.09371122717857361,
        -0.005550754722207785,
        0.18972212076187134,
        -1.0,
        0.1038917750120163,
        -0.9999998211860657,
        -0.9999985098838806,
        0.21135583519935608,
        0.9999985694885254,
        -0.09053927659988403,
        -0.022015903145074844,
        -0.07703907787799835,
        0.22044995427131653,
        0.38045188784599304,
        -0.10309956222772598,
        0.31416943669319153,
        0.1349238157272339,
        0.9999980926513672,
        0.17635196447372437,
        0.08420868963003159,
        0.999999463558197,
        0.24386458098888397,
        0.07030430436134338,
        0.042301639914512634,
        -0.11928948014974594,
        -0.0328466035425663,
        0.02178584225475788,
        -0.1687898188829422,
        -0.08912640064954758,
        -0.011623882688581944,
        -0.23582348227500916,
        0.37672606110572815,
        0.05357890576124191,
        -1.0,
        -0.09285758435726166,
        -0.12066947668790817,
        -0.9926462769508362,
        0.9999995827674866,
        0.6516730189323425,
        -0.19121763110160828,
        0.13465914130210876,
        0.9999931454658508,
        0.08555173873901367,
        -0.01825464889407158,
        -0.2569979727268219,
        -0.08673442155122757,
        0.1898912936449051,
        0.5796146392822266,
        -0.40185365080833435,
        -0.9999994039535522,
        -0.9999997615814209,
        0.11262684315443039,
        -0.09341467171907425,
        0.07908525317907333,
        0.0697011724114418,
        0.9999985098838806,
        0.16264110803604126,
        -0.10347443073987961,
        0.14228668808937073,
        0.07683247327804565,
        0.9999999403953552,
        -0.18723924458026886,
        0.0412738062441349,
        -0.4020661413669586,
        0.1481008231639862,
        0.06425642967224121,
        0.09730000793933868,
        -0.14241348206996918,
        -0.10760543495416641,
        0.17696334421634674,
        -0.16273018717765808,
        -0.037873320281505585,
        0.8609628677368164,
        0.08406058698892593,
        -0.9602174162864685,
        -0.14068371057510376,
        -0.11217470467090607,
        0.16664089262485504,
        -0.01674923673272133,
        0.0999516174197197,
        0.9999979138374329,
        0.029619358479976654,
        -0.06519530713558197,
        0.9999999403953552,
        -0.08231446892023087,
        -0.05871451646089554,
        0.99477219581604,
        0.2615129053592682,
        -0.0552920363843441,
        0.014539195224642754,
        0.135818749666214,
        -0.07385819405317307,
        -0.0919448509812355,
        -0.07303795963525772,
        -0.9999999403953552,
        0.014111803844571114,
        -0.11065109074115753,
        -0.14557383954524994,
        0.11170242726802826,
        0.028079114854335785,
        -0.23931801319122314,
        0.16565635800361633,
        0.9999997615814209,
        0.3163435161113739,
        0.06857119500637054,
        -0.17750434577465057,
        -0.08462418615818024,
        -0.9999997615814209,
        0.050552427768707275,
        0.9998942613601685,
        -0.08253069967031479,
        0.010261310264468193,
        -0.6033012866973877,
        0.9999995827674866,
        -0.9883472919464111,
        0.13720501959323883,
        0.9999994039535522,
        -0.09371283650398254,
        0.1161758229136467,
        0.1545732319355011,
        -0.13964378833770752,
        0.03206844627857208,
        0.28535616397857666,
        -1.0,
        -0.04419320821762085,
        -0.03805408626794815,
        -0.05507317930459976,
        0.2161530703306198,
        0.0483698807656765,
        -0.06442968547344208,
        -0.0765567347407341,
        -0.1410563886165619,
        0.11311939358711243,
        0.07947094738483429,
        0.034329403191804886,
        0.23601894080638885,
        -0.06403129547834396,
        -0.9806018471717834,
        -0.9999939799308777,
        -0.0680699348449707,
        0.9632108807563782,
        0.4803013205528259,
        0.057437971234321594,
        -0.14474201202392578,
        0.06537853181362152,
        -0.032548028975725174,
        -0.9989901185035706,
        0.88824462890625,
        0.11313006281852722,
        -0.5037476420402527,
        0.017274662852287292,
        -0.9972264766693115,
        -0.9999454021453857,
        0.22092580795288086,
        -0.12196477502584457,
        0.01607944630086422,
        0.24616967141628265,
        0.0690353512763977,
        0.151154562830925,
        1.0,
        0.05661056190729141,
        -0.9999977946281433,
        -0.05325789749622345,
        0.0178134236484766,
        -1.0,
        0.9980505704879761,
        0.9964948892593384,
        -0.9999999403953552,
        -0.16635628044605255,
        -0.14071495831012726,
        -0.11548861116170883,
        0.2658969759941101,
        0.12134190648794174,
        -0.013440289534628391,
        0.1891845315694809,
        0.10665936768054962,
        0.11123957484960556,
        0.13704068958759308,
        0.07841969281435013,
        0.07326548546552658,
        0.04261423274874687,
        0.999997079372406,
        -0.16731083393096924,
        -0.06993301212787628,
        -1.0,
        0.2454317808151245,
        0.08681341260671616,
        -0.07646210491657257,
        0.21318860352039337,
        0.02216143161058426,
        0.10971888154745102,
        -0.9999999403953552,
        -0.22454510629177094,
        0.17189247906208038,
        -0.06065046414732933,
        -1.0,
        0.20638316869735718,
        -0.3459954261779785,
        0.07814011722803116,
        0.015461603179574013,
        -0.057319603860378265,
        0.021502211689949036,
        0.9999999403953552,
        0.023161036893725395,
        0.1070183515548706,
        -0.3048531115055084,
        -0.13867220282554626
    ],
    "embedding_scaling_factor": 0.04824380576610565,
    "samples": [
        "Las Vegas, NV: McCarran International",
        "New Orleans, LA: Louis Armstrong New Orleans International",
        "Fort Lauderdale, FL: Fort Lauderdale-Hollywood International",
        "Dallas/Fort Worth, TX: Dallas/Fort Worth International",
        "Detroit, MI: Detroit Metro Wayne County",
        "Phoenix, AZ: Phoenix Sky Harbor International",
        "Raleigh/Durham, NC: Raleigh-Durham International",
        "Allentown/Bethlehem/Easton, PA: Lehigh Valley International",
        "Charlotte, NC: Charlotte Douglas International",
        "Orlando, FL: Orlando International",
        "Seattle, WA: Seattle/Tacoma International",
        "San Francisco, CA: San Francisco International",
        "Williston, ND: Sloulin Field International",
        "Kalamazoo, MI: Kalamazoo/Battle Creek International",
        "New York, NY: John F. Kennedy International",
        "Los Angeles, CA: Los Angeles International",
        "Denver, CO: Denver International",
        "Phoenix, AZ: Phoenix Sky Harbor International",
        "Dallas, TX: Dallas Love Field",
        "Houston, TX: George Bush Intercontinental/Houston",
        "Atlanta, GA: Hartsfield-Jackson Atlanta International",
        "San Francisco, CA: San Francisco International",
        "Chicago, IL: Chicago O'Hare International",
        "Fort Lauderdale, FL: Fort Lauderdale-Hollywood International",
        "Omaha, NE: Eppley Airfield",
        "Killeen, TX: Robert Gray AAF",
        "Houston, TX: George Bush Intercontinental/Houston",
        "Charlotte, NC: Charlotte Douglas International",
        "Bozeman, MT: Bozeman Yellowstone International",
        "Providence, RI: Theodore Francis Green State",
        "Washington, DC: Ronald Reagan Washington National",
        "Salt Lake City, UT: Salt Lake City International",
        "Santa Ana, CA: John Wayne Airport-Orange County",
        "Detroit, MI: Detroit Metro Wayne County",
        "Dallas, TX: Dallas Love Field",
        "Chicago, IL: Chicago O'Hare International",
        "Orlando, FL: Orlando International",
        "San Juan, PR: Luis Munoz Marin International",
        "Washington, DC: Ronald Reagan Washington National",
        "Boston, MA: Logan International",
        "Chicago, IL: Chicago Midway International",
        "Oakland, CA: Metropolitan Oakland International",
        "Dallas/Fort Worth, TX: Dallas/Fort Worth International",
        "Denver, CO: Denver International",
        "San Diego, CA: San Diego International",
        "Seattle, WA: Seattle/Tacoma International",
        "Los Angeles, CA: Los Angeles International",
        "Chicago, IL: Chicago O'Hare International",
        "Los Angeles, CA: Los Angeles International",
        "Boise, ID: Boise Air Terminal",
        "New York, NY: John F. Kennedy International",
        "Bend/Redmond, OR: Roberts Field",
        "New York, NY: LaGuardia",
        "Charlotte, NC: Charlotte Douglas International",
        "Durango, CO: Durango La Plata County",
        "Orlando, FL: Orlando International",
        "Baltimore, MD: Baltimore/Washington International Thurgood Marshall",
        "Dallas/Fort Worth, TX: Dallas/Fort Worth International",
        "Austin, TX: Austin - Bergstrom International",
        "Fort Lauderdale, FL: Fort Lauderdale-Hollywood International",
        "Milwaukee, WI: General Mitchell International",
        "Tucson, AZ: Tucson International",
        "Salt Lake City, UT: Salt Lake City International",
        "Philadelphia, PA: Philadelphia International",
        "Corpus Christi, TX: Corpus Christi International",
        "New York, NY: John F. Kennedy International",
        "New York, NY: John F. Kennedy International",
        "San Juan, PR: Luis Munoz Marin International",
        "Houston, TX: William P Hobby",
        "Chattanooga, TN: Lovell Field",
        "Lexington, KY: Blue Grass",
        "Philadelphia, PA: Philadelphia International",
        "Fort Lauderdale, FL: Fort Lauderdale-Hollywood International",
        "Atlanta, GA: Hartsfield-Jackson Atlanta International",
        "Chicago, IL: Chicago Midway International",
        "Seattle, WA: Seattle/Tacoma International",
        "Monterey, CA: Monterey Regional",
        "Honolulu, HI: Honolulu International",
        "Minneapolis, MN: Minneapolis-St Paul International",
        "Las Vegas, NV: McCarran International",
        "Denver, CO: Denver International",
        "Oakland, CA: Metropolitan Oakland International",
        "Atlanta, GA: Hartsfield-Jackson Atlanta International",
        "Shreveport, LA: Shreveport Regional",
        "Las Vegas, NV: McCarran International",
        "Denver, CO: Denver International",
        "Boston, MA: Logan International",
        "Atlanta, GA: Hartsfield-Jackson Atlanta International",
        "Philadelphia, PA: Philadelphia International",
        "Dallas/Fort Worth, TX: Dallas/Fort Worth International",
        "Detroit, MI: Detroit Metro Wayne County",
        "Baltimore, MD: Baltimore/Washington International Thurgood Marshall",
        "Newark, NJ: Newark Liberty International",
        "Los Angeles, CA: Los Angeles International",
        "Philadelphia, PA: Philadelphia International",
        "New Orleans, LA: Louis Armstrong New Orleans International",
        "Atlanta, GA: Hartsfield-Jackson Atlanta International",
        "Boston, MA: Logan International",
        "Miami, FL: Miami International",
        "Dallas, TX: Dallas Love Field"
    ],
    "category_values_ratio": {
        "Atlanta, GA: Hartsfield-Jackson Atlanta International": 29854,
        "Chicago, IL: Chicago O'Hare International": 18605,
        "Denver, CO: Denver International": 17527,
        "Dallas/Fort Worth, TX: Dallas/Fort Worth International": 16572,
        "Los Angeles, CA: Los Angeles International": 16406,
        "San Francisco, CA: San Francisco International": 13206,
        "Phoenix, AZ: Phoenix Sky Harbor International": 13035,
        "Las Vegas, NV: McCarran International": 12245,
        "Houston, TX: George Bush Intercontinental/Houston": 11642,
        "Orlando, FL: Orlando International": 10730,
        "Seattle, WA: Seattle/Tacoma International": 9739,
        "Minneapolis, MN: Minneapolis-St Paul International": 9585,
        "Detroit, MI: Detroit Metro Wayne County": 9463,
        "Charlotte, NC: Charlotte Douglas International": 9224,
        "Boston, MA: Logan International": 9100,
        "Salt Lake City, UT: Salt Lake City International": 8699,
        "Newark, NJ: Newark Liberty International": 8536,
        "New York, NY: LaGuardia": 8035,
        "New York, NY: John F. Kennedy International": 8014,
        "Fort Lauderdale, FL: Fort Lauderdale-Hollywood International": 7665,
        "Baltimore, MD: Baltimore/Washington International Thurgood Marshall": 7174,
        "Chicago, IL: Chicago Midway International": 6676,
        "Washington, DC: Ronald Reagan Washington National": 6455,
        "Miami, FL: Miami International": 6088,
        "San Diego, CA: San Diego International": 6016,
        "Tampa, FL: Tampa International": 5996,
        "Dallas, TX: Dallas Love Field": 5795,
        "Philadelphia, PA: Philadelphia International": 5671,
        "Houston, TX: William P Hobby": 4546,
        "St. Louis, MO: Lambert-St. Louis International": 4320,
        "Portland, OR: Portland International": 4143,
        "Nashville, TN: Nashville International": 3903,
        "Honolulu, HI: Honolulu International": 3878,
        "Oakland, CA: Metropolitan Oakland International": 3652,
        "Austin, TX: Austin - Bergstrom International": 3581,
        "New Orleans, LA: Louis Armstrong New Orleans International": 3501,
        "Santa Ana, CA: John Wayne Airport-Orange County": 3463,
        "Kansas City, MO: Kansas City International": 3325,
        "Fort Myers, FL: Southwest Florida International": 3288,
        "San Jose, CA: Norman Y. Mineta San Jose International": 3217,
        "Sacramento, CA: Sacramento International": 3154,
        "Milwaukee, WI: General Mitchell International": 2706,
        "Cleveland, OH: Cleveland-Hopkins International": 2688,
        "Raleigh/Durham, NC: Raleigh-Durham International": 2571,
        "Washington, DC: Washington Dulles International": 2533,
        "West Palm Beach/Palm Beach, FL: Palm Beach International": 2430,
        "San Juan, PR: Luis Munoz Marin International": 2395,
        "San Antonio, TX: San Antonio International": 2340,
        "Indianapolis, IN: Indianapolis International": 2207,
        "Kahului, HI: Kahului Airport": 1906,
        "Pittsburgh, PA: Pittsburgh International": 1888,
        "Burbank, CA: Bob Hope": 1783,
        "Columbus, OH: Port Columbus International": 1778,
        "Ontario, CA: Ontario International": 1598,
        "Hartford, CT: Bradley International": 1520,
        "Jacksonville, FL: Jacksonville International": 1499,
        "Albuquerque, NM: Albuquerque International Sunport": 1445,
        "Tucson, AZ: Tucson International": 1419,
        "Omaha, NE: Eppley Airfield": 1414,
        "Oklahoma City, OK: Will Rogers World": 1324,
        "Buffalo, NY: Buffalo Niagara International": 1314,
        "Cincinnati, OH: Cincinnati/Northern Kentucky International": 1252,
        "Anchorage, AK: Ted Stevens Anchorage International": 1230,
        "Tulsa, OK: Tulsa International": 1200,
        "Boise, ID: Boise Air Terminal": 1172,
        "Richmond, VA: Richmond International": 1156,
        "Memphis, TN: Memphis International": 1154,
        "Charleston, SC: Charleston AFB/International": 1015,
        "Lihue, HI: Lihue Airport": 1005,
        "Reno, NV: Reno/Tahoe International": 1001,
        "Providence, RI: Theodore Francis Green State": 996,
        "Kona, HI: Kona International Airport at Keahole": 985,
        "Palm Springs, CA: Palm Springs International": 977,
        "Birmingham, AL: Birmingham-Shuttlesworth International": 892,
        "El Paso, TX: El Paso International": 882,
        "Spokane, WA: Spokane International": 859,
        "Norfolk, VA: Norfolk International": 847,
        "Albany, NY: Albany International": 759,
        "Grand Rapids, MI: Gerald R. Ford International": 758,
        "Long Beach, CA: Long Beach Airport": 755,
        "Louisville, KY: Louisville International-Standiford Field": 747,
        "Wichita, KS: Wichita Dwight D Eisenhower National": 688,
        "Des Moines, IA: Des Moines International": 659,
        "Colorado Springs, CO: City of Colorado Springs Municipal": 629,
        "Little Rock, AR: Bill and Hillary Clinton Nat Adams Field": 614,
        "Aspen, CO: Aspen Pitkin County Sardy Field": 607,
        "Fresno, CA: Fresno Yosemite International": 598,
        "Baton Rouge, LA: Baton Rouge Metropolitan/Ryan Field": 589,
        "Rochester, NY: Greater Rochester International": 585,
        "Madison, WI: Dane County Regional-Truax Field": 577,
        "Dayton, OH: James M Cox/Dayton International": 573,
        "White Plains, NY: Westchester County": 545,
        "Greer, SC: Greenville-Spartanburg International": 538,
        "Savannah, GA: Savannah/Hilton Head International": 531,
        "Knoxville, TN: McGhee Tyson": 523,
        "Santa Barbara, CA: Santa Barbara Municipal": 500,
        "Akron, OH: Akron-Canton Regional": 492,
        "Hilo, HI: Hilo International": 492,
        "Shreveport, LA: Shreveport Regional": 481,
        "Midland/Odessa, TX: Midland International": 472,
        "Syracuse, NY: Syracuse Hancock International": 458,
        "Charlotte Amalie, VI: Cyril E King": 446,
        "Manchester, NH: Manchester-Boston Regional": 442,
        "Pensacola, FL: Pensacola International": 441,
        "Columbia, SC: Columbia Metropolitan": 428,
        "Jackson/Vicksburg, MS: Jackson Medgar Wiley Evers International": 428,
        "Greensboro/High Point, NC: Piedmont Triad International": 428,
        "Jackson, WY: Jackson Hole": 403,
        "Lubbock, TX: Lubbock Preston Smith International": 400,
        "South Bend, IN: South Bend International": 396,
        "Islip, NY: Long Island MacArthur": 382,
        "Portland, ME: Portland International Jetport": 379,
        "Fargo, ND: Hector International": 378,
        "Lexington, KY: Blue Grass": 367,
        "Fayetteville, AR: Northwest Arkansas Regional": 367,
        "Valparaiso, FL: Eglin AFB Destin Fort Walton Beach": 359,
        "Mobile, AL: Mobile Regional": 353,
        "Sioux Falls, SD: Joe Foss Field": 347,
        "Juneau, AK: Juneau International": 346,
        "Chattanooga, TN: Lovell Field": 344,
        "Sarasota/Bradenton, FL: Sarasota/Bradenton International": 327,
        "Panama City, FL: Northwest Florida Beaches International": 324,
        "Huntsville, AL: Huntsville International-Carl T Jones Field": 315,
        "Atlantic City, NJ: Atlantic City International": 310,
        "Fort Wayne, IN: Fort Wayne International": 309,
        "Eagle, CO: Eagle County Regional": 308,
        "Pasco/Kennewick/Richland, WA: Tri Cities": 298,
        "Flint, MI: Bishop International": 297,
        "Eugene, OR: Mahlon Sweet Field": 290,
        "Billings, MT: Billings Logan International": 281,
        "Appleton, WI: Appleton International": 272,
        "Lafayette, LA: Lafayette Regional Paul Fournet Field": 270,
        "Bozeman, MT: Bozeman Yellowstone International": 267,
        "Gulfport/Biloxi, MS: Gulfport-Biloxi International": 264,
        "Burlington, VT: Burlington International": 262,
        "Lansing, MI: Capital Region International": 251,
        "Peoria, IL: General Downing - Peoria International": 250,
        "Corpus Christi, TX: Corpus Christi International": 247,
        "Monroe, LA: Monroe Regional": 246,
        "Amarillo, TX: Rick Husband Amarillo International": 246,
        "Harlingen/San Benito, TX: Valley International": 245,
        "Green Bay, WI: Austin Straubel International": 243,
        "Cedar Rapids/Iowa City, IA: The Eastern Iowa": 243,
        "Medford, OR: Rogue Valley International - Medford": 235,
        "Lincoln, NE: Lincoln Airport": 234,
        "Springfield, MO: Springfield-Branson National": 232,
        "Myrtle Beach, SC: Myrtle Beach International": 228,
        "Evansville, IN: Evansville Regional": 221,
        "San Luis Obispo, CA: San Luis County Regional": 221,
        "Moline, IL: Quad City International": 219,
        "Rapid City, SD: Rapid City Regional": 217,
        "Killeen, TX: Robert Gray AAF": 216,
        "Monterey, CA: Monterey Regional": 210,
        "Alexandria, LA: Alexandria International": 209,
        "Tallahassee, FL: Tallahassee International": 208,
        "Bismarck/Mandan, ND: Bismarck Municipal": 208,
        "Kalamazoo, MI: Kalamazoo/Battle Creek International": 207,
        "Idaho Falls, ID: Idaho Falls Regional": 207,
        "Asheville, NC: Asheville Regional": 204,
        "Wilmington, NC: Wilmington International": 197,
        "Augusta, GA: Augusta Regional at Bush Field": 196,
        "Charleston/Dunbar, WV: Yeager": 196,
        "Gainesville, FL: Gainesville Regional": 195,
        "Mission/McAllen/Edinburg, TX: McAllen Miller International": 194,
        "Montgomery, AL: Montgomery Regional": 192,
        "Harrisburg, PA: Harrisburg International": 190,
        "Brownsville, TX: Brownsville South Padre Island International": 189,
        "Saginaw/Bay City/Midland, MI: MBS International": 189,
        "Bakersfield, CA: Meadows Field": 189,
        "Grand Junction, CO: Grand Junction Regional": 188,
        "Ketchikan, AK: Ketchikan International": 186,
        "Hayden, CO: Yampa Valley": 184,
        "Key West, FL: Key West International": 184,
        "Bend/Redmond, OR: Roberts Field": 183,
        "Roanoke, VA: Roanoke Blacksburg Regional Woodrum Field": 183,
        "Allentown/Bethlehem/Easton, PA: Lehigh Valley International": 181,
        "Missoula, MT: Missoula International": 181,
        "Elmira/Corning, NY: Elmira/Corning Regional": 180,
        "Yuma, AZ: Yuma MCAS/Yuma International": 177,
        "Fairbanks, AK: Fairbanks International": 174,
        "Duluth, MN: Duluth International": 173,
        "Tyler, TX: Tyler Pounds Regional": 172,
        "Aguadilla, PR: Rafael Hernandez": 172,
        "Charlottesville, VA: Charlottesville Albemarle": 171,
        "Williston, ND: Sloulin Field International": 169,
        "Trenton, NJ: Trenton Mercer": 167,
        "Laredo, TX: Laredo International": 165,
        "Bristol/Johnson City/Kingsport, TN: Tri-Cities Regional TN/VA": 162,
        "Flagstaff, AZ: Flagstaff Pulliam": 157,
        "Scranton/Wilkes-Barre, PA: Wilkes Barre Scranton International": 155,
        "Fayetteville, NC: Fayetteville Regional/Grannis Field": 154,
        "St. George, UT: St George Regional": 153,
        "Great Falls, MT: Great Falls International": 152,
        "Montrose/Delta, CO: Montrose Regional": 152,
        "Minot, ND: Minot International": 150,
        "Fort Smith, AR: Fort Smith Regional": 149,
        "Waco, TX: Waco Regional": 146,
        "Daytona Beach, FL: Daytona Beach International": 146,
        "Springfield, IL: Abraham Lincoln Capital": 143,
        "Casper, WY: Casper/Natrona County International": 139,
        "Kalispell, MT: Glacier Park International": 137,
        "Arcata/Eureka, CA: Arcata": 125,
        "Helena, MT: Helena Regional": 119,
        "Sun Valley/Hailey/Ketchum, ID: Friedman Memorial": 118,
        "Melbourne, FL: Melbourne International": 117,
        "Dothan, AL: Dothan Regional": 116,
        "Durango, CO: Durango La Plata County": 105,
        "Christiansted, VI: Henry E. Rohlsen": 98,
        "Bellingham, WA: Bellingham International": 94,
        "Traverse City, MI: Cherry Capital": 94,
        "Grand Forks, ND: Grand Forks International": 93,
        "Latrobe, PA: Arnold Palmer Regional": 93,
        "Sitka, AK: Sitka Rocky Gutierrez": 93,
        "Bloomington/Normal, IL: Central Illinois Regional": 91,
        "Jacksonville/Camp Lejeune, NC: Albert J Ellis": 90,
        "Gillette, WY: Gillette Campbell County": 88,
        "Newport News/Williamsburg, VA: Newport News/Williamsburg International": 88,
        "Rhinelander, WI: Rhinelander/Oneida County": 88,
        "Lawton/Fort Sill, OK: Lawton-Fort Sill Regional": 88,
        "Brunswick, GA: Brunswick Golden Isles": 86,
        "Twin Falls, ID: Joslin Field - Magic Valley Regional": 86,
        "Beaumont/Port Arthur, TX: Jack Brooks Regional": 85,
        "Texarkana, AR: Texarkana Regional-Webb Field": 84,
        "Valdosta, GA: Valdosta Regional": 84,
        "Columbus, MS: Golden Triangle Regional": 84,
        "Hibbing, MN: Range Regional": 83,
        "Meridian, MS: Key Field": 83,
        "Bethel, AK: Bethel Airport": 81,
        "Columbus, GA: Columbus Airport": 81,
        "Albany, GA: Southwest Georgia Regional": 80,
        "Barrow, AK: Wiley Post/Will Rogers Memorial": 80,
        "Deadhorse, AK: Deadhorse Airport": 80,
        "Rochester, MN: Rochester International": 78,
        "Binghamton, NY: Greater Binghamton/Edwin A. Link Field": 76,
        "Lake Charles, LA: Lake Charles Regional": 76,
        "Jamestown, ND: Jamestown Regional": 74,
        "Ponce, PR: Mercedita": 72,
        "Hancock/Houghton, MI: Houghton County Memorial": 63,
        "Aberdeen, SD: Aberdeen Regional": 62,
        "Newburgh/Poughkeepsie, NY: Stewart International": 62,
        "Bemidji, MN: Bemidji Regional": 62,
        "Joplin, MO: Joplin Regional": 62,
        "Worcester, MA: Worcester Regional": 62,
        "Muskegon, MI: Muskegon County": 62,
        "Wrangell, AK: Wrangell Airport": 62,
        "Petersburg, AK: Petersburg James A Johnson": 62,
        "Santa Maria, CA: Santa Maria Public/Capt. G. Allan Hancock Field": 62,
        "Eau Claire, WI: Chippewa Valley Regional": 62,
        "Paducah, KY: Barkley Regional": 62,
        "Nome, AK: Nome Airport": 61,
        "Redding, CA: Redding Municipal": 61,
        "Kotzebue, AK: Ralph Wien Memorial": 61,
        "Cordova, AK: Merle K Mudhole Smith": 60,
        "Yakutat, AK: Yakutat Airport": 60,
        "State College, PA: University Park": 60,
        "Ithaca/Cortland, NY: Ithaca Tompkins Regional": 59,
        "Santa Fe, NM: Santa Fe Municipal": 59,
        "Sault Ste. Marie, MI: Chippewa County International": 58,
        "Butte, MT: Bert Mooney": 58,
        "Mosinee, WI: Central Wisconsin": 58,
        "Erie, PA: Erie International/Tom Ridge Field": 58,
        "Iron Mountain/Kingsfd, MI: Ford": 57,
        "Rock Springs, WY: Rock Springs Sweetwater County": 57,
        "Pocatello, ID: Pocatello Regional": 56,
        "New Bern/Morehead/Beaufort, NC: Coastal Carolina Regional": 55,
        "Marquette, MI: Sawyer International": 55,
        "Lewiston, ID: Lewiston Nez Perce County": 55,
        "College Station/Bryan, TX: Easterwood Field": 55,
        "International Falls, MN: Falls International Einarson Field": 54,
        "Pellston, MI: Pellston Regional Airport of Emmet County": 54,
        "Elko, NV: Elko Regional": 53,
        "Hays, KS: Hays Regional": 52,
        "Brainerd, MN: Brainerd Lakes Regional": 52,
        "Escanaba, MI: Delta County": 52,
        "Hattiesburg/Laurel, MS: Hattiesburg-Laurel Regional": 52,
        "Alpena, MI: Alpena County Regional": 52,
        "Laramie, WY: Laramie Regional": 52,
        "Cedar City, UT: Cedar City Regional": 51,
        "Hobbs, NM: Lea County Regional": 49,
        "La Crosse, WI: La Crosse Regional": 49,
        "Devils Lake, ND: Devils Lake Regional": 48,
        "Gunnison, CO: Gunnison-Crested Butte Regional": 48,
        "Kodiak, AK: Kodiak Airport": 43,
        "Cody, WY: Yellowstone Regional": 33,
        "Mammoth Lakes, CA: Mammoth Lakes Airport": 32,
        "Niagara Falls, NY: Niagara Falls International": 31,
        "Guam, TT: Guam International": 31,
        "Plattsburgh, NY: Plattsburgh International": 31,
        "North Bend/Coos Bay, OR: Southwest Oregon Regional": 17,
        "Pago Pago, TT: Pago Pago International": 10,
        "Adak Island, AK: Adak": 9,
        "Roswell, NM: Roswell International Air Center": 4,
        "Bangor, ME: Bangor International": 4,
        "St. Augustine, FL: Northeast Florida Regional": 3
    },
    "nrows": 445827
}