{
    "column_id": "Airline/Airline.csvAirline.csv/OriginCityMarket_Description",
    "dataset_name": "Airline.csv",
    "dataset_id": "Airline/Airline.csv",
    "path": "/home/ubuntu/CatDB/Experiments/data/Airline/Airline.csv",
    "table_name": "Airline.csv",
    "table_id": "Airline/Airline.csvAirline.csv",
    "column_name": "OriginCityMarket_Description",
    "data_source": "Airline",
    "data_type": "natural_language_text",
    "total_values_count": 445827,
    "distinct_values_count": 273,
    "missing_values_count": 0,
    "true_ratio": null,
    "min_value": null,
    "max_value": null,
    "mean": null,
    "median": null,
    "iqr": null,
    "category_values": [
        "Dallas/Fort Worth, TX",
        "Detroit, MI",
        "Seattle, WA",
        "New York City, NY (Metropolitan Area)",
        "San Francisco, CA (Metropolitan Area)",
        "Chicago, IL",
        "Phoenix, AZ",
        "St. Louis, MO",
        "Miami, FL (Metropolitan Area)",
        "Los Angeles, CA (Metropolitan Area)",
        "Orlando, FL",
        "Denver, CO",
        "Kona, HI",
        "Houston, TX",
        "Austin, TX",
        "Las Vegas, NV",
        "Salt Lake City, UT",
        "Tucson, AZ",
        "Charlotte Amalie, VI",
        "Boston, MA (Metropolitan Area)",
        "Kahului, HI",
        "Tampa, FL (Metropolitan Area)",
        "Oklahoma City, OK",
        "Honolulu, HI",
        "Charlotte, NC",
        "Philadelphia, PA",
        "Raleigh/Durham, NC",
        "Washington, DC (Metropolitan Area)",
        "Richmond, VA",
        "Atlanta, GA (Metropolitan Area)",
        "Lubbock, TX",
        "Pittsburgh, PA",
        "El Paso, TX",
        "San Diego, CA",
        "Nashville, TN",
        "Jackson, WY",
        "Sacramento, CA",
        "Lihue, HI",
        "San Juan, PR",
        "Albuquerque, NM",
        "Norfolk, VA (Metropolitan Area)",
        "Jacksonville, FL",
        "New Orleans, LA",
        "San Antonio, TX",
        "Kansas City, MO",
        "Gunnison, CO",
        "Indianapolis, IN",
        "Palm Springs, CA",
        "Portland, OR",
        "Minneapolis/St. Paul, MN",
        "Milwaukee, WI",
        "Tulsa, OK",
        "Fort Myers, FL",
        "Reno, NV",
        "Des Moines, IA",
        "Mission/McAllen/Edinburg, TX",
        "Omaha, NE",
        "Eagle, CO",
        "West Palm Beach/Palm Beach, FL",
        "Louisville, KY",
        "Fresno, CA",
        "Dayton, OH",
        "Christiansted, VI",
        "Colorado Springs, CO",
        "Columbus, OH",
        "Montrose/Delta, CO",
        "Steamboat Springs, CO",
        "Spokane, WA",
        "Boise, ID",
        "Hartford, CT",
        "Memphis, TN",
        "Cleveland, OH (Metropolitan Area)",
        "Anchorage, AK",
        "Buffalo, NY",
        "Syracuse, NY",
        "Albany, NY",
        "Rochester, NY",
        "Wilmington, NC",
        "Wichita, KS",
        "Portland, ME",
        "Greensboro/High Point, NC",
        "Charleston, SC",
        "Harrisburg, PA",
        "Birmingham, AL",
        "Kodiak, AK",
        "Bethel, AK",
        "Barrow, AK",
        "Deadhorse, AK",
        "Fairbanks, AK",
        "Juneau, AK",
        "Ketchikan, AK",
        "Yakutat, AK",
        "Cordova, AK",
        "Sitka, AK",
        "Petersburg, AK",
        "Wrangell, AK",
        "Nome, AK",
        "Kotzebue, AK",
        "Bellingham, WA",
        "Adak Island, AK",
        "Ponce, PR",
        "Aguadilla, PR",
        "Savannah, GA",
        "Sarasota/Bradenton, FL",
        "Burlington, VT",
        "Worcester, MA",
        "Daytona Beach, FL",
        "Cincinnati, OH",
        "Bismarck/Mandan, ND",
        "Asheville, NC",
        "Grand Rapids, MI",
        "Flint, MI",
        "Myrtle Beach, SC",
        "Jackson/Vicksburg, MS",
        "Billings, MT",
        "Fargo, ND",
        "Pensacola, FL",
        "Augusta, GA",
        "Greenville/Spartanburg, SC",
        "Lexington, KY",
        "Appleton, WI",
        "Gulfport/Biloxi, MS",
        "Melbourne, FL",
        "Bozeman, MT",
        "Charlottesville, VA",
        "Madison, WI",
        "Key West, FL",
        "Bristol/Johnson City/Kingsport, TN",
        "Lafayette, LA",
        "Roanoke, VA",
        "Panama City, FL",
        "Valparaiso, FL",
        "Fayetteville, AR",
        "Evansville, IN",
        "Scranton/Wilkes-Barre, PA",
        "Huntsville, AL",
        "Fayetteville, NC",
        "Little Rock, AR",
        "Knoxville, TN",
        "Tallahassee, FL",
        "Missoula, MT",
        "Chattanooga, TN",
        "Trenton, NJ",
        "St. Augustine, FL",
        "Mobile, AL",
        "Columbia, SC",
        "Sioux Falls, SD",
        "Hilo, HI",
        "Latrobe, PA",
        "Allentown/Bethlehem/Easton, PA",
        "Bloomington/Normal, IL",
        "Charleston/Dunbar, WV",
        "Atlantic City, NJ",
        "Pago Pago, TT",
        "Niagara Falls, NY",
        "Waco, TX",
        "Monroe, LA",
        "Killeen, TX",
        "Shreveport, LA",
        "Fort Smith, AR",
        "Midland/Odessa, TX",
        "Santa Fe, NM",
        "Joplin, MO",
        "Laredo, TX",
        "Brownsville, TX",
        "Tyler, TX",
        "Yuma, AZ",
        "Grand Junction, CO",
        "Duluth, MN",
        "Green Bay, WI",
        "Lansing, MI",
        "Santa Barbara, CA",
        "Aspen, CO",
        "Durango, CO",
        "Idaho Falls, ID",
        "Rapid City, SD",
        "Kalispell, MT",
        "Lincoln, NE",
        "Amarillo, TX",
        "Bakersfield, CA",
        "Flagstaff, AZ",
        "Quad Cities, IL (Metropolitan Area)",
        "La Crosse, WI",
        "South Bend, IN",
        "Pasco/Kennewick/Richland, WA",
        "Minot, ND",
        "Williston, ND",
        "Grand Forks, ND",
        "Great Falls, MT",
        "Fort Wayne, IN",
        "Salinas/Monterey, CA",
        "Saginaw/Bay City/Midland, MI",
        "Peoria, IL",
        "Sun Valley/Hailey/Ketchum, ID",
        "Twin Falls, ID",
        "Springfield, MO",
        "Casper, WY",
        "Baton Rouge, LA",
        "Plattsburgh, NY",
        "Corpus Christi, TX",
        "Mammoth Lakes, CA",
        "Cedar Rapids/Iowa City, IA",
        "Elko, NV",
        "Paso Robles/San Luis Obispo, CA",
        "Rock Springs, WY",
        "Hancock/Houghton, MI",
        "Pellston, MI",
        "Gillette, WY",
        "Kalamazoo, MI",
        "Medford, OR",
        "Santa Maria, CA",
        "Eugene, OR",
        "Rochester, MN",
        "Traverse City, MI",
        "Springfield, IL",
        "St. George, UT",
        "Helena, MT",
        "Bend/Redmond, OR",
        "Eureka/Arcata, CA",
        "Eau Claire, WI",
        "Devils Lake, ND",
        "Jamestown, ND",
        "Muskegon, MI",
        "Iron Mountain/Kingsfd, MI",
        "Hays, KS",
        "Paducah, KY",
        "Cody, WY",
        "Aberdeen, SD",
        "Ithaca/Cortland, NY",
        "Alpena, MI",
        "Escanaba, MI",
        "Bemidji, MN",
        "Marquette, MI",
        "Sault Ste. Marie, MI",
        "Binghamton, NY",
        "Rhinelander, WI",
        "Lewiston, ID",
        "Brainerd, MN",
        "International Falls, MN",
        "Pocatello, ID",
        "Guam, TT",
        "Hibbing, MN",
        "Butte, MT",
        "Cedar City, UT",
        "North Bend/Coos Bay, OR",
        "Redding, CA",
        "Harlingen/San Benito, TX",
        "Laramie, WY",
        "Gainesville, FL",
        "Meridian, MS",
        "Hattiesburg/Laurel, MS",
        "Beaumont/Port Arthur, TX",
        "Lawton/Fort Sill, OK",
        "Alexandria, LA",
        "Texarkana, AR",
        "Roswell, NM",
        "Erie, PA",
        "College Station/Bryan, TX",
        "Hobbs, NM",
        "Lake Charles, LA",
        "Columbus, MS",
        "Dothan, AL",
        "Philipsburg/State College, PA",
        "Montgomery, AL",
        "Columbus, GA",
        "Wausau/Mosinee/Stevens Point, WI",
        "Elmira/Corning, NY",
        "Jacksonville/Camp Lejeune, NC",
        "Valdosta, GA",
        "Albany, GA",
        "Bangor, ME",
        "Brunswick, GA",
        "New Bern/Morehead/Beaufort, NC"
    ],
    "embedding": [
        -0.12505663931369781,
        -0.026010319590568542,
        0.028106825426220894,
        -1.0,
        0.1756608784198761,
        -0.02264293283224106,
        -0.003354526124894619,
        -1.0,
        1.0,
        -0.11210258305072784,
        0.058046091347932816,
        0.017317676916718483,
        0.9845789670944214,
        0.042759526520967484,
        -0.9994640350341797,
        -0.03203596547245979,
        -0.009372835978865623,
        0.1452522873878479,
        -0.04317557439208031,
        -0.10611626505851746,
        0.31040969491004944,
        -0.009528092108666897,
        0.03704652935266495,
        -0.9999991059303284,
        0.9997243285179138,
        0.13059327006340027,
        -0.005408874712884426,
        -0.09650474786758423,
        0.048424918204545975,
        -0.2593800127506256,
        -0.1061142086982727,
        -0.15890733897686005,
        -0.05385217443108559,
        0.21468515694141388,
        0.12599879503250122,
        0.0028480978216975927,
        0.32524535059928894,
        0.13098102807998657,
        0.019537148997187614,
        -0.17712907493114471,
        -0.0035014126915484667,
        0.9996696710586548,
        0.0014508257154375315,
        0.1271517276763916,
        -0.8568102121353149,
        0.3044028580188751,
        -0.14715483784675598,
        -0.05860902741551399,
        0.023075949400663376,
        0.011713484302163124,
        -0.10719211399555206,
        -0.2067122459411621,
        -0.004952628165483475,
        0.973351776599884,
        -0.11295381933450699,
        -0.38299018144607544,
        -0.09156280010938644,
        -0.028957774862647057,
        -0.9996435046195984,
        -0.042670268565416336,
        0.01407057885080576,
        0.9999931454658508,
        1.0,
        0.10731840878725052,
        -0.9999999403953552,
        -0.011420520953834057,
        0.014254968613386154,
        0.2763040065765381,
        0.22464236617088318,
        -0.9997856616973877,
        0.9996174573898315,
        -0.04845680296421051,
        -0.17132703959941864,
        0.02901674248278141,
        0.08335067331790924,
        0.11488404124975204,
        -0.07497290521860123,
        -0.1507628858089447,
        0.07573629170656204,
        0.004464917816221714,
        0.06264276802539825,
        -0.4134654700756073,
        0.14868807792663574,
        -0.0066804285161197186,
        -0.08979249000549316,
        0.2404785305261612,
        -0.22736945748329163,
        -0.05671996995806694,
        0.023045197129249573,
        -0.00855585839599371,
        0.1706509292125702,
        0.08769053220748901,
        -0.054302748292684555,
        -0.12338494509458542,
        0.051134269684553146,
        0.14802631735801697,
        -1.0,
        0.03393641114234924,
        -0.9999999403953552,
        -0.9999288320541382,
        0.14224432408809662,
        0.9995982050895691,
        -0.15946637094020844,
        0.0455520823597908,
        -0.0989391952753067,
        0.2519489526748657,
        0.34845924377441406,
        -0.03038865700364113,
        0.2918756604194641,
        0.10750547796487808,
        0.9999990463256836,
        0.2364046424627304,
        0.0851529985666275,
        0.9999998211860657,
        0.19912168383598328,
        0.009583807550370693,
        0.00018336465291213244,
        -0.0912972167134285,
        -0.10280324518680573,
        0.0937734842300415,
        -0.1678513139486313,
        -0.14472924172878265,
        -0.08570892363786697,
        -0.1762271523475647,
        0.38848087191581726,
        -0.018519340083003044,
        -1.0,
        -0.14830216765403748,
        -0.1491491049528122,
        -0.9844059944152832,
        0.99984210729599,
        0.644315779209137,
        -0.1394740343093872,
        0.1586986482143402,
        0.999988317489624,
        0.008760269731283188,
        0.020859962329268456,
        -0.273838609457016,
        -0.033012207597494125,
        0.1782953292131424,
        0.5550258159637451,
        -0.3816625475883484,
        -0.9997401237487793,
        -0.9999999403953552,
        0.07362308353185654,
        -0.01879207231104374,
        0.028345320373773575,
        0.07589931041002274,
        0.9995287656784058,
        0.08046910166740417,
        -0.060315702110528946,
        0.06279677152633667,
        0.025325294584035873,
        0.9999992847442627,
        -0.1947762668132782,
        -0.025145120918750763,
        -0.3627786636352539,
        0.1852712482213974,
        0.014164420776069164,
        0.041151825338602066,
        -0.08681192249059677,
        -0.11430889368057251,
        0.1004166230559349,
        -0.18916045129299164,
        -0.11029443144798279,
        0.8445549011230469,
        0.148826003074646,
        -0.9543918967247009,
        -0.11483742296695709,
        -0.09506310522556305,
        0.17757746577262878,
        -0.07710617035627365,
        0.053628794848918915,
        0.9995980262756348,
        0.03554433211684227,
        -0.09611055254936218,
        1.0,
        -0.023761669173836708,
        -0.10414945334196091,
        0.9931795001029968,
        0.2689986228942871,
        -0.08733857423067093,
        0.0009999419562518597,
        0.08794886618852615,
        -0.05647681653499603,
        -0.04981865733861923,
        -0.01286301203072071,
        -0.9999999403953552,
        -0.037098031491041183,
        -0.1276131570339203,
        -0.07665181905031204,
        0.13331231474876404,
        -0.0480714775621891,
        -0.2593342661857605,
        0.1139206737279892,
        0.9999493360519409,
        0.28683754801750183,
        0.13114534318447113,
        -0.13197281956672668,
        -0.05421014502644539,
        -0.9999997615814209,
        0.1120666116476059,
        0.9998679757118225,
        -0.027112392708659172,
        -0.04106014594435692,
        -0.5729421377182007,
        0.9998646378517151,
        -0.9699537754058838,
        0.19531771540641785,
        0.9997061491012573,
        -0.017853055149316788,
        0.1184379830956459,
        0.07983599603176117,
        -0.1275700330734253,
        -0.014338430017232895,
        0.27090632915496826,
        -1.0,
        0.003658000146970153,
        -0.060127921402454376,
        -0.11518970131874084,
        0.19278477132320404,
        0.0930795818567276,
        -0.012337161228060722,
        -0.12978382408618927,
        -0.20210883021354675,
        0.09787312150001526,
        0.1418246030807495,
        -0.01720547117292881,
        0.17471788823604584,
        -0.012212028726935387,
        -0.9726970195770264,
        -0.9999819397926331,
        -0.08120014518499374,
        0.9572389721870422,
        0.46094319224357605,
        0.08718598634004593,
        -0.07716666162014008,
        0.12041886150836945,
        -0.06913384795188904,
        -0.9984564185142517,
        0.8891893625259399,
        0.1304686963558197,
        -0.4894014298915863,
        -0.0535074807703495,
        -0.9963309168815613,
        -0.9999364614486694,
        0.18077699840068817,
        -0.07055062800645828,
        -0.019065316766500473,
        0.2807749807834625,
        0.08740424364805222,
        0.09965825825929642,
        1.0,
        0.005445452407002449,
        -0.9994491338729858,
        -0.1059134379029274,
        0.09808886796236038,
        -1.0,
        0.9974478483200073,
        0.9900757074356079,
        -0.9999999403953552,
        -0.15687040984630585,
        -0.06452888995409012,
        -0.17440330982208252,
        0.19702300429344177,
        0.08485191315412521,
        0.051725585013628006,
        0.19016748666763306,
        0.15628106892108917,
        0.08748746663331985,
        0.16209827363491058,
        0.0826239138841629,
        0.12489281594753265,
        0.09044447541236877,
        0.9999954700469971,
        -0.1516513079404831,
        -0.08622466772794724,
        -1.0,
        0.19006332755088806,
        0.13716591894626617,
        -0.08419312536716461,
        0.2239297777414322,
        -0.03852882981300354,
        0.04320036247372627,
        -0.9999999403953552,
        -0.23830586671829224,
        0.2056909203529358,
        -0.0758582055568695,
        -0.9999997615814209,
        0.19279959797859192,
        -0.31110718846321106,
        0.10565610229969025,
        -0.035909030586481094,
        -0.00936549250036478,
        0.014232917688786983,
        1.0,
        0.06221076846122742,
        0.05696621909737587,
        -0.22981037199497223,
        -0.12090909481048584
    ],
    "embedding_scaling_factor": 0.05423704907298088,
    "samples": [
        "Raleigh/Durham, NC",
        "Minneapolis/St. Paul, MN",
        "Phoenix, AZ",
        "Milwaukee, WI",
        "Austin, TX",
        "Phoenix, AZ",
        "Houston, TX",
        "Atlanta, GA (Metropolitan Area)",
        "Atlanta, GA (Metropolitan Area)",
        "Philadelphia, PA",
        "Washington, DC (Metropolitan Area)",
        "Chicago, IL",
        "Orlando, FL",
        "San Francisco, CA (Metropolitan Area)",
        "San Francisco, CA (Metropolitan Area)",
        "San Francisco, CA (Metropolitan Area)",
        "Jacksonville, FL",
        "Colorado Springs, CO",
        "Detroit, MI",
        "Springfield, MO",
        "Charlotte, NC",
        "Charlotte, NC",
        "Los Angeles, CA (Metropolitan Area)",
        "Tampa, FL (Metropolitan Area)",
        "Austin, TX",
        "Miami, FL (Metropolitan Area)",
        "Orlando, FL",
        "Portland, OR",
        "Hancock/Houghton, MI",
        "Phoenix, AZ",
        "Dallas/Fort Worth, TX",
        "Raleigh/Durham, NC",
        "Omaha, NE",
        "Atlanta, GA (Metropolitan Area)",
        "Los Angeles, CA (Metropolitan Area)",
        "Rochester, NY",
        "Denver, CO",
        "Washington, DC (Metropolitan Area)",
        "San Diego, CA",
        "Kansas City, MO",
        "Washington, DC (Metropolitan Area)",
        "Las Vegas, NV",
        "Phoenix, AZ",
        "Syracuse, NY",
        "Washington, DC (Metropolitan Area)",
        "Philadelphia, PA",
        "Sun Valley/Hailey/Ketchum, ID",
        "Lansing, MI",
        "Albuquerque, NM",
        "Honolulu, HI",
        "Orlando, FL",
        "San Juan, PR",
        "Boston, MA (Metropolitan Area)",
        "Las Vegas, NV",
        "Lihue, HI",
        "Sacramento, CA",
        "Las Vegas, NV",
        "Dallas/Fort Worth, TX",
        "Lexington, KY",
        "Washington, DC (Metropolitan Area)",
        "Los Angeles, CA (Metropolitan Area)",
        "Charlotte, NC",
        "San Juan, PR",
        "Miami, FL (Metropolitan Area)",
        "Miami, FL (Metropolitan Area)",
        "Phoenix, AZ",
        "Dallas/Fort Worth, TX",
        "Atlanta, GA (Metropolitan Area)",
        "Houston, TX",
        "Fort Myers, FL",
        "Austin, TX",
        "Chicago, IL",
        "Sacramento, CA",
        "Phoenix, AZ",
        "Denver, CO",
        "Birmingham, AL",
        "Chicago, IL",
        "Orlando, FL",
        "Atlanta, GA (Metropolitan Area)",
        "Miami, FL (Metropolitan Area)",
        "Las Vegas, NV",
        "Seattle, WA",
        "Phoenix, AZ",
        "Milwaukee, WI",
        "Dallas/Fort Worth, TX",
        "Kona, HI",
        "Anchorage, AK",
        "Atlanta, GA (Metropolitan Area)",
        "Palm Springs, CA",
        "Palm Springs, CA",
        "Dallas/Fort Worth, TX",
        "Kansas City, MO",
        "Los Angeles, CA (Metropolitan Area)",
        "Las Vegas, NV",
        "Portland, OR",
        "South Bend, IN",
        "Washington, DC (Metropolitan Area)",
        "Atlanta, GA (Metropolitan Area)",
        "Rochester, NY",
        "Chicago, IL"
    ],
    "category_values_ratio": {
        "Atlanta, GA (Metropolitan Area)": 29870,
        "New York City, NY (Metropolitan Area)": 25577,
        "Chicago, IL": 25289,
        "Los Angeles, CA (Metropolitan Area)": 24028,
        "Dallas/Fort Worth, TX": 22360,
        "San Francisco, CA (Metropolitan Area)": 20075,
        "Denver, CO": 17519,
        "Houston, TX": 16200,
        "Washington, DC (Metropolitan Area)": 16165,
        "Miami, FL (Metropolitan Area)": 13761,
        "Phoenix, AZ": 13024,
        "Las Vegas, NV": 12246,
        "Orlando, FL": 10739,
        "Boston, MA (Metropolitan Area)": 10527,
        "Seattle, WA": 9749,
        "Minneapolis/St. Paul, MN": 9581,
        "Detroit, MI": 9489,
        "Charlotte, NC": 9213,
        "Salt Lake City, UT": 8684,
        "San Diego, CA": 6016,
        "Tampa, FL (Metropolitan Area)": 6006,
        "Philadelphia, PA": 5664,
        "St. Louis, MO": 4321,
        "Portland, OR": 4136,
        "Nashville, TN": 3898,
        "Honolulu, HI": 3870,
        "Austin, TX": 3581,
        "New Orleans, LA": 3507,
        "Kansas City, MO": 3320,
        "Fort Myers, FL": 3294,
        "Cleveland, OH (Metropolitan Area)": 3173,
        "Sacramento, CA": 3152,
        "Milwaukee, WI": 2703,
        "Raleigh/Durham, NC": 2569,
        "West Palm Beach/Palm Beach, FL": 2436,
        "San Juan, PR": 2408,
        "San Antonio, TX": 2342,
        "Indianapolis, IN": 2209,
        "Kahului, HI": 1909,
        "Pittsburgh, PA": 1887,
        "Columbus, OH": 1774,
        "Hartford, CT": 1520,
        "Jacksonville, FL": 1500,
        "Albuquerque, NM": 1443,
        "Tucson, AZ": 1419,
        "Omaha, NE": 1409,
        "Oklahoma City, OK": 1322,
        "Buffalo, NY": 1307,
        "Cincinnati, OH": 1253,
        "Anchorage, AK": 1232,
        "Tulsa, OK": 1199,
        "Boise, ID": 1172,
        "Richmond, VA": 1155,
        "Memphis, TN": 1151,
        "Charleston, SC": 1015,
        "Lihue, HI": 1005,
        "Reno, NV": 1001,
        "Kona, HI": 990,
        "Palm Springs, CA": 978,
        "Norfolk, VA (Metropolitan Area)": 934,
        "Birmingham, AL": 891,
        "El Paso, TX": 879,
        "Spokane, WA": 857,
        "Albany, NY": 758,
        "Grand Rapids, MI": 753,
        "Louisville, KY": 746,
        "Wichita, KS": 688,
        "Des Moines, IA": 656,
        "Colorado Springs, CO": 628,
        "Little Rock, AR": 614,
        "Aspen, CO": 607,
        "Fresno, CA": 598,
        "Baton Rouge, LA": 590,
        "Rochester, NY": 585,
        "Madison, WI": 576,
        "Dayton, OH": 572,
        "Greenville/Spartanburg, SC": 536,
        "Savannah, GA": 531,
        "Knoxville, TN": 525,
        "Santa Barbara, CA": 500,
        "Hilo, HI": 492,
        "Shreveport, LA": 481,
        "Midland/Odessa, TX": 471,
        "Syracuse, NY": 458,
        "Charlotte Amalie, VI": 448,
        "Pensacola, FL": 443,
        "Jackson/Vicksburg, MS": 429,
        "Columbia, SC": 427,
        "Greensboro/High Point, NC": 427,
        "Jackson, WY": 403,
        "Lubbock, TX": 399,
        "South Bend, IN": 396,
        "Portland, ME": 377,
        "Fargo, ND": 374,
        "Fayetteville, AR": 367,
        "Lexington, KY": 365,
        "Valparaiso, FL": 360,
        "Mobile, AL": 353,
        "Juneau, AK": 345,
        "Chattanooga, TN": 343,
        "Sioux Falls, SD": 343,
        "Sarasota/Bradenton, FL": 327,
        "Panama City, FL": 323,
        "Huntsville, AL": 314,
        "Atlantic City, NJ": 310,
        "Eagle, CO": 309,
        "Fort Wayne, IN": 308,
        "Pasco/Kennewick/Richland, WA": 298,
        "Flint, MI": 296,
        "Eugene, OR": 291,
        "Billings, MT": 283,
        "Appleton, WI": 270,
        "Bozeman, MT": 269,
        "Lafayette, LA": 269,
        "Burlington, VT": 264,
        "Gulfport/Biloxi, MS": 264,
        "Peoria, IL": 249,
        "Lansing, MI": 249,
        "Corpus Christi, TX": 248,
        "Monroe, LA": 247,
        "Amarillo, TX": 246,
        "Harlingen/San Benito, TX": 244,
        "Cedar Rapids/Iowa City, IA": 242,
        "Green Bay, WI": 241,
        "Medford, OR": 235,
        "Springfield, MO": 231,
        "Lincoln, NE": 231,
        "Myrtle Beach, SC": 228,
        "Paso Robles/San Luis Obispo, CA": 221,
        "Evansville, IN": 220,
        "Rapid City, SD": 218,
        "Quad Cities, IL (Metropolitan Area)": 216,
        "Killeen, TX": 214,
        "Salinas/Monterey, CA": 210,
        "Bismarck/Mandan, ND": 208,
        "Tallahassee, FL": 208,
        "Idaho Falls, ID": 208,
        "Alexandria, LA": 208,
        "Kalamazoo, MI": 206,
        "Asheville, NC": 204,
        "Charleston/Dunbar, WV": 196,
        "Wilmington, NC": 196,
        "Augusta, GA": 196,
        "Gainesville, FL": 194,
        "Mission/McAllen/Edinburg, TX": 194,
        "Montgomery, AL": 191,
        "Harrisburg, PA": 189,
        "Saginaw/Bay City/Midland, MI": 189,
        "Grand Junction, CO": 188,
        "Bakersfield, CA": 188,
        "Brownsville, TX": 187,
        "Ketchikan, AK": 186,
        "Steamboat Springs, CO": 185,
        "Key West, FL": 184,
        "Bend/Redmond, OR": 183,
        "Roanoke, VA": 183,
        "Missoula, MT": 181,
        "Allentown/Bethlehem/Easton, PA": 180,
        "Elmira/Corning, NY": 179,
        "Yuma, AZ": 177,
        "Fairbanks, AK": 174,
        "Duluth, MN": 173,
        "Aguadilla, PR": 172,
        "Charlottesville, VA": 170,
        "Tyler, TX": 170,
        "Williston, ND": 169,
        "Trenton, NJ": 168,
        "Bristol/Johnson City/Kingsport, TN": 162,
        "Laredo, TX": 162,
        "Flagstaff, AZ": 157,
        "Fayetteville, NC": 154,
        "Scranton/Wilkes-Barre, PA": 153,
        "St. George, UT": 153,
        "Montrose/Delta, CO": 153,
        "Great Falls, MT": 151,
        "Minot, ND": 151,
        "Fort Smith, AR": 148,
        "Daytona Beach, FL": 147,
        "Waco, TX": 145,
        "Springfield, IL": 142,
        "Casper, WY": 139,
        "Kalispell, MT": 138,
        "Eureka/Arcata, CA": 125,
        "Twin Falls, ID": 122,
        "Helena, MT": 118,
        "Melbourne, FL": 117,
        "Dothan, AL": 116,
        "Sun Valley/Hailey/Ketchum, ID": 115,
        "Durango, CO": 105,
        "Christiansted, VI": 98,
        "Traverse City, MI": 95,
        "Bellingham, WA": 95,
        "Grand Forks, ND": 94,
        "Latrobe, PA": 93,
        "Sitka, AK": 92,
        "Bloomington/Normal, IL": 91,
        "Jacksonville/Camp Lejeune, NC": 90,
        "Rhinelander, WI": 88,
        "Gillette, WY": 88,
        "Lawton/Fort Sill, OK": 87,
        "Brunswick, GA": 86,
        "Beaumont/Port Arthur, TX": 85,
        "Valdosta, GA": 84,
        "Texarkana, AR": 83,
        "Columbus, MS": 83,
        "Hibbing, MN": 83,
        "Meridian, MS": 83,
        "Columbus, GA": 81,
        "Bethel, AK": 81,
        "Barrow, AK": 80,
        "Deadhorse, AK": 80,
        "Albany, GA": 79,
        "Rochester, MN": 77,
        "Binghamton, NY": 76,
        "Lake Charles, LA": 75,
        "Jamestown, ND": 74,
        "Ponce, PR": 73,
        "Muskegon, MI": 62,
        "Wrangell, AK": 62,
        "Hancock/Houghton, MI": 62,
        "Eau Claire, WI": 62,
        "Paducah, KY": 62,
        "Aberdeen, SD": 62,
        "Bemidji, MN": 62,
        "Petersburg, AK": 62,
        "Joplin, MO": 62,
        "Kotzebue, AK": 61,
        "Nome, AK": 61,
        "Santa Maria, CA": 61,
        "Redding, CA": 61,
        "Worcester, MA": 60,
        "Yakutat, AK": 60,
        "Cordova, AK": 60,
        "Ithaca/Cortland, NY": 59,
        "Santa Fe, NM": 58,
        "Erie, PA": 58,
        "Sault Ste. Marie, MI": 58,
        "Philipsburg/State College, PA": 58,
        "Butte, MT": 58,
        "Wausau/Mosinee/Stevens Point, WI": 57,
        "Rock Springs, WY": 57,
        "Iron Mountain/Kingsfd, MI": 57,
        "Pocatello, ID": 56,
        "New Bern/Morehead/Beaufort, NC": 55,
        "Lewiston, ID": 55,
        "Pellston, MI": 54,
        "International Falls, MN": 54,
        "Marquette, MI": 54,
        "College Station/Bryan, TX": 54,
        "Elko, NV": 53,
        "Laramie, WY": 52,
        "Hays, KS": 52,
        "Hattiesburg/Laurel, MS": 52,
        "Brainerd, MN": 52,
        "Alpena, MI": 52,
        "Escanaba, MI": 52,
        "Cedar City, UT": 51,
        "Hobbs, NM": 49,
        "La Crosse, WI": 49,
        "Devils Lake, ND": 48,
        "Gunnison, CO": 48,
        "Kodiak, AK": 43,
        "Cody, WY": 33,
        "Mammoth Lakes, CA": 32,
        "Plattsburgh, NY": 31,
        "Guam, TT": 31,
        "Niagara Falls, NY": 31,
        "North Bend/Coos Bay, OR": 17,
        "Pago Pago, TT": 10,
        "Adak Island, AK": 9,
        "Bangor, ME": 6,
        "Roswell, NM": 4,
        "St. Augustine, FL": 3
    },
    "nrows": 445827
}