{
    "column_id": "Financial/Financial.csvFinancial.csv/account.date",
    "dataset_name": "Financial.csv",
    "dataset_id": "Financial/Financial.csv",
    "path": "/home/ubuntu/CatDB/Experiments/data/Financial/Financial.csv",
    "table_name": "Financial.csv",
    "table_id": "Financial/Financial.csvFinancial.csv",
    "column_name": "account.date",
    "data_source": "Financial",
    "data_type": "date",
    "total_values_count": 552017,
    "distinct_values_count": 557,
    "missing_values_count": 0,
    "true_ratio": null,
    "min_value": null,
    "max_value": null,
    "mean": null,
    "median": null,
    "iqr": null,
    "category_values": [
        "1993-02-26",
        "1995-04-07",
        "1996-07-28",
        "1997-08-18",
        "1997-08-08",
        "1994-10-19",
        "1996-05-05",
        "1996-03-10",
        "1997-07-10",
        "1996-07-17",
        "1996-05-11",
        "1993-11-26",
        "1996-08-12",
        "1997-02-23",
        "1997-12-08",
        "1993-12-02",
        "1996-07-25",
        "1997-04-25",
        "1996-01-26",
        "1995-10-17",
        "1996-11-24",
        "1996-09-11",
        "1993-12-01",
        "1993-12-13",
        "1997-06-08",
        "1996-07-22",
        "1993-11-29",
        "1996-12-22",
        "1997-03-30",
        "1996-10-11",
        "1995-10-21",
        "1996-03-20",
        "1995-05-15",
        "1996-03-15",
        "1995-08-03",
        "1996-03-03",
        "1997-08-09",
        "1995-02-06",
        "1993-05-11",
        "1995-06-13",
        "1993-02-10",
        "1993-08-05",
        "1994-03-18",
        "1996-03-06",
        "1996-03-09",
        "1993-09-21",
        "1997-04-26",
        "1995-01-18",
        "1997-12-13",
        "1994-11-15",
        "1994-11-02",
        "1996-11-14",
        "1996-07-02",
        "1994-12-17",
        "1994-07-09",
        "1997-02-15",
        "1993-05-10",
        "1996-12-06",
        "1996-01-14",
        "1993-08-29",
        "1993-04-21",
        "1996-05-08",
        "1993-06-08",
        "1996-03-28",
        "1995-07-26",
        "1994-04-21",
        "1996-06-07",
        "1997-07-02",
        "1997-12-22",
        "1996-09-16",
        "1996-09-26",
        "1994-04-27",
        "1997-08-05",
        "1997-04-11",
        "1997-02-20",
        "1996-07-03",
        "1997-02-07",
        "1993-11-17",
        "1996-06-08",
        "1996-01-08",
        "1994-11-17",
        "1993-05-09",
        "1996-11-12",
        "1997-02-01",
        "1996-03-14",
        "1997-09-23",
        "1993-12-11",
        "1994-09-03",
        "1995-02-20",
        "1997-07-27",
        "1993-03-22",
        "1993-02-13",
        "1997-05-16",
        "1993-09-22",
        "1996-10-21",
        "1993-01-30",
        "1995-04-15",
        "1996-06-14",
        "1997-09-20",
        "1996-03-05",
        "1996-08-01",
        "1997-03-02",
        "1995-02-13",
        "1993-06-11",
        "1994-10-30",
        "1997-08-06",
        "1995-06-04",
        "1996-05-10",
        "1995-11-08",
        "1997-04-17",
        "1996-12-30",
        "1997-08-14",
        "1997-04-27",
        "1996-02-01",
        "1996-05-02",
        "1996-08-06",
        "1997-09-01",
        "1996-01-13",
        "1996-01-07",
        "1997-04-08",
        "1993-08-08",
        "1993-06-06",
        "1996-02-26",
        "1994-11-21",
        "1994-05-22",
        "1994-03-19",
        "1995-08-27",
        "1993-03-30",
        "1996-04-25",
        "1996-04-13",
        "1997-02-08",
        "1995-02-11",
        "1996-10-30",
        "1995-01-02",
        "1996-03-19",
        "1996-04-04",
        "1994-12-09",
        "1993-10-25",
        "1996-08-04",
        "1995-01-21",
        "1994-02-25",
        "1997-10-27",
        "1993-11-27",
        "1996-07-07",
        "1995-09-09",
        "1993-02-27",
        "1994-05-21",
        "1995-11-16",
        "1996-12-04",
        "1994-11-13",
        "1995-11-09",
        "1996-08-21",
        "1993-03-08",
        "1996-12-25",
        "1993-07-05",
        "1997-06-16",
        "1997-04-02",
        "1997-07-06",
        "1996-02-13",
        "1993-03-20",
        "1993-10-20",
        "1996-09-04",
        "1997-10-21",
        "1994-07-30",
        "1993-06-18",
        "1996-03-27",
        "1993-05-30",
        "1996-06-04",
        "1996-04-09",
        "1996-10-14",
        "1996-05-03",
        "1997-01-11",
        "1996-04-20",
        "1994-05-26",
        "1993-05-08",
        "1993-05-23",
        "1996-01-28",
        "1994-08-12",
        "1996-12-15",
        "1996-10-18",
        "1996-08-26",
        "1993-08-10",
        "1995-11-29",
        "1995-11-18",
        "1995-03-11",
        "1995-12-29",
        "1996-10-12",
        "1996-08-27",
        "1993-11-05",
        "1997-05-20",
        "1996-09-02",
        "1996-06-06",
        "1996-03-13",
        "1994-12-08",
        "1997-08-29",
        "1996-07-19",
        "1994-08-30",
        "1993-07-27",
        "1995-10-28",
        "1996-04-28",
        "1993-03-12",
        "1993-03-24",
        "1995-08-15",
        "1997-05-08",
        "1994-05-01",
        "1994-11-25",
        "1996-02-19",
        "1994-04-07",
        "1993-01-19",
        "1996-04-23",
        "1996-11-23",
        "1997-10-18",
        "1997-07-08",
        "1996-04-18",
        "1997-09-28",
        "1996-09-22",
        "1996-11-19",
        "1997-01-25",
        "1993-11-03",
        "1995-07-22",
        "1996-05-26",
        "1997-10-05",
        "1996-08-19",
        "1995-10-04",
        "1994-04-08",
        "1993-10-14",
        "1996-02-04",
        "1996-07-23",
        "1993-11-16",
        "1996-04-29",
        "1997-01-08",
        "1996-03-11",
        "1994-01-15",
        "1993-09-10",
        "1995-07-05",
        "1995-04-26",
        "1993-06-07",
        "1996-06-16",
        "1993-06-02",
        "1996-09-03",
        "1995-12-27",
        "1997-04-13",
        "1995-10-09",
        "1994-11-10",
        "1995-01-03",
        "1997-08-03",
        "1997-02-06",
        "1993-06-05",
        "1994-08-27",
        "1997-09-24",
        "1996-07-21",
        "1996-06-15",
        "1996-12-12",
        "1995-10-15",
        "1997-01-03",
        "1995-08-08",
        "1996-10-28",
        "1997-04-14",
        "1997-02-21",
        "1994-01-14",
        "1996-12-18",
        "1994-06-04",
        "1995-04-13",
        "1997-06-21",
        "1996-03-12",
        "1993-06-20",
        "1994-02-06",
        "1993-02-20",
        "1995-07-29",
        "1996-01-22",
        "1996-01-11",
        "1994-08-01",
        "1996-02-12",
        "1995-12-15",
        "1996-04-12",
        "1995-08-05",
        "1993-06-21",
        "1995-04-03",
        "1996-12-08",
        "1997-05-13",
        "1997-02-24",
        "1996-02-03",
        "1997-06-29",
        "1995-08-18",
        "1993-07-01",
        "1993-06-23",
        "1995-07-14",
        "1996-01-12",
        "1996-07-04",
        "1993-01-13",
        "1997-09-18",
        "1993-04-29",
        "1996-10-20",
        "1995-05-18",
        "1996-09-06",
        "1993-05-21",
        "1996-04-26",
        "1994-10-22",
        "1993-04-14",
        "1997-02-19",
        "1995-12-17",
        "1993-08-16",
        "1995-03-24",
        "1997-08-11",
        "1994-07-14",
        "1996-03-16",
        "1996-02-27",
        "1996-07-10",
        "1993-02-08",
        "1994-06-17",
        "1995-01-08",
        "1997-09-04",
        "1993-07-20",
        "1995-04-19",
        "1995-01-25",
        "1995-06-08",
        "1996-07-18",
        "1993-01-25",
        "1996-10-25",
        "1997-06-06",
        "1993-09-07",
        "1993-11-21",
        "1993-08-24",
        "1993-03-19",
        "1993-04-22",
        "1993-08-28",
        "1997-03-08",
        "1996-08-28",
        "1996-09-15",
        "1996-09-19",
        "1997-06-15",
        "1994-03-07",
        "1997-01-22",
        "1993-12-27",
        "1996-11-11",
        "1996-05-13",
        "1993-07-26",
        "1996-11-01",
        "1993-07-21",
        "1995-04-05",
        "1995-05-27",
        "1993-08-01",
        "1995-03-15",
        "1993-03-29",
        "1995-05-08",
        "1996-07-27",
        "1994-02-08",
        "1993-01-26",
        "1997-09-13",
        "1993-03-05",
        "1995-03-27",
        "1995-07-08",
        "1996-01-03",
        "1996-02-10",
        "1996-06-25",
        "1993-03-15",
        "1996-12-28",
        "1993-09-15",
        "1994-07-28",
        "1995-08-19",
        "1996-10-22",
        "1997-05-12",
        "1994-06-01",
        "1993-09-08",
        "1995-07-27",
        "1996-12-26",
        "1997-10-12",
        "1997-07-17",
        "1996-08-20",
        "1993-09-17",
        "1995-04-09",
        "1997-09-11",
        "1996-12-07",
        "1997-06-12",
        "1995-06-19",
        "1993-09-06",
        "1996-08-30",
        "1993-03-18",
        "1993-04-19",
        "1993-07-28",
        "1994-08-29",
        "1996-05-16",
        "1997-05-24",
        "1995-01-17",
        "1996-04-02",
        "1996-02-16",
        "1993-09-05",
        "1995-02-08",
        "1996-10-08",
        "1996-05-25",
        "1997-07-03",
        "1996-07-08",
        "1996-11-29",
        "1994-07-10",
        "1993-10-03",
        "1995-01-05",
        "1994-05-17",
        "1993-08-04",
        "1995-03-14",
        "1995-04-22",
        "1996-03-26",
        "1996-06-09",
        "1995-09-07",
        "1993-11-08",
        "1996-12-27",
        "1997-03-23",
        "1993-07-07",
        "1996-08-17",
        "1993-10-10",
        "1993-02-07",
        "1993-09-03",
        "1996-04-08",
        "1995-01-11",
        "1995-10-14",
        "1994-10-13",
        "1993-06-26",
        "1995-11-28",
        "1993-05-12",
        "1997-01-19",
        "1993-04-12",
        "1993-03-28",
        "1993-11-20",
        "1996-09-17",
        "1994-05-10",
        "1994-12-02",
        "1993-09-18",
        "1994-06-29",
        "1997-03-20",
        "1993-04-02",
        "1996-11-25",
        "1995-10-10",
        "1995-07-17",
        "1994-02-27",
        "1993-09-12",
        "1993-10-08",
        "1993-11-10",
        "1997-08-22",
        "1997-06-23",
        "1996-11-22",
        "1997-05-18",
        "1997-01-28",
        "1994-08-24",
        "1996-10-16",
        "1994-09-05",
        "1997-03-21",
        "1996-01-01",
        "1996-05-21",
        "1993-09-25",
        "1994-09-02",
        "1995-11-22",
        "1996-01-05",
        "1997-01-15",
        "1993-06-28",
        "1995-08-30",
        "1993-06-16",
        "1994-01-21",
        "1997-09-14",
        "1996-08-02",
        "1997-01-21",
        "1996-05-15",
        "1997-11-04",
        "1995-06-24",
        "1993-08-18",
        "1996-09-25",
        "1993-02-04",
        "1993-01-24",
        "1993-09-13",
        "1995-11-03",
        "1995-09-17",
        "1993-03-27",
        "1996-11-03",
        "1993-07-06",
        "1996-08-08",
        "1995-04-02",
        "1996-01-29",
        "1996-05-12",
        "1997-07-13",
        "1993-05-20",
        "1994-07-22",
        "1993-03-13",
        "1996-01-23",
        "1996-07-30",
        "1993-11-14",
        "1997-06-07",
        "1996-10-13",
        "1997-01-01",
        "1994-12-01",
        "1994-05-16",
        "1995-01-19",
        "1993-07-24",
        "1993-08-21",
        "1995-03-04",
        "1995-05-28",
        "1997-11-29",
        "1995-06-15",
        "1997-05-07",
        "1996-03-30",
        "1993-05-06",
        "1994-07-01",
        "1993-04-28",
        "1997-01-13",
        "1996-02-21",
        "1997-09-03",
        "1997-05-01",
        "1993-06-10",
        "1996-12-01",
        "1996-01-19",
        "1993-07-11",
        "1996-04-07",
        "1995-05-04",
        "1996-06-21",
        "1993-01-17",
        "1995-09-02",
        "1995-11-23",
        "1996-03-21",
        "1996-05-29",
        "1996-02-24",
        "1997-01-09",
        "1995-10-24",
        "1995-01-15",
        "1997-07-12",
        "1996-12-21",
        "1997-09-09",
        "1997-03-18",
        "1993-12-08",
        "1997-05-30",
        "1994-12-23",
        "1993-04-17",
        "1995-10-23",
        "1997-07-05",
        "1993-11-22",
        "1996-09-18",
        "1997-08-19",
        "1996-10-02",
        "1996-11-21",
        "1993-05-29",
        "1994-06-05",
        "1996-07-29",
        "1995-05-20",
        "1993-04-20",
        "1993-02-14",
        "1996-07-26",
        "1995-01-29",
        "1995-06-02",
        "1995-11-10",
        "1996-12-10",
        "1997-02-11",
        "1994-11-24",
        "1997-02-05",
        "1997-01-12",
        "1993-01-14",
        "1995-09-20",
        "1997-07-11",
        "1997-10-15",
        "1996-11-05",
        "1995-05-26",
        "1994-10-01"
    ],
    "embedding": [
        -0.9999992251396179,
        0.9999992251396179,
        0.9999998807907104,
        0.9999998807907104,
        0.9999999403953552,
        0.9999999403953552,
        0.999999463558197,
        -0.33178725838661194,
        -0.9999999403953552,
        -0.9999999403953552,
        -0.9999999403953552,
        -0.9999999403953552,
        0.9999999403953552,
        -0.9999999403953552,
        0.9999998807907104,
        0.9999999403953552,
        0.9999999403953552,
        0.9999993443489075,
        1.0,
        -0.9999999403953552,
        0.9999999403953552,
        0.9999999403953552,
        -0.9999999403953552,
        0.9999999403953552,
        0.9994226098060608,
        0.9999991655349731,
        -0.9999999403953552,
        0.9999997615814209,
        0.9999999403953552,
        0.9999998807907104,
        -0.9999999403953552,
        0.9999996423721313,
        0.9999999403953552,
        -0.9999999403953552,
        -0.9999999403953552,
        0.9999999403953552,
        0.9999999403953552,
        -0.9999999403953552,
        -1.0,
        0.9999999403953552,
        0.9999999403953552,
        0.9999999403953552,
        1.0,
        0.9999991655349731,
        0.9999999403953552,
        0.9999991655349731,
        0.9999999403953552,
        0.9999997019767761,
        0.9999999403953552,
        0.9999999403953552,
        -0.9999999403953552,
        -0.9999999403953552,
        -0.9999991655349731,
        0.9999999403953552,
        0.9999999403953552,
        0.9999999403953552,
        -0.9999999403953552,
        0.9999993443489075,
        0.9999991655349731,
        0.9999991655349731,
        0.9999999403953552,
        -0.9999991655349731,
        0.9999999403953552,
        -0.999999463558197,
        -0.9999999403953552,
        0.9999999403953552,
        0.9999999403953552,
        0.9999995231628418,
        -0.9999999403953552,
        -0.9999999403953552,
        0.9999999403953552,
        0.9999999403953552,
        0.9999999403953552,
        0.9999993443489075,
        0.9999999403953552,
        0.9999991655349731,
        0.9999991655349731,
        0.9999991655349731,
        0.9999998807907104,
        -0.9999999403953552,
        -0.9999999403953552,
        1.0,
        -0.9999999403953552,
        0.9999991655349731,
        0.9999999403953552,
        0.9999999403953552,
        -0.9999999403953552,
        -0.9999999403953552,
        0.9999999403953552,
        -0.9999991655349731,
        -0.9999998807907104,
        -0.9999999403953552,
        -0.9999999403953552,
        -0.9999999403953552,
        0.9999992251396179,
        0.9999999403953552,
        0.9999999403953552,
        -0.9999999403953552,
        -1.0,
        0.9999999403953552,
        -1.0,
        -0.9999999403953552,
        0.9999999403953552,
        -0.9999999403953552,
        0.9999999403953552,
        0.9999992847442627,
        -0.9999999403953552,
        -0.9999999403953552,
        0.9999995827674866,
        0.9999999403953552,
        -0.9999991655349731,
        1.0,
        0.9994312524795532,
        0.9999999403953552,
        0.9999999403953552,
        -0.9999991655349731,
        0.9999999403953552,
        -1.0,
        0.9999999403953552,
        -0.9999992847442627,
        0.9999998807907104,
        -0.9999999403953552,
        0.9999999403953552,
        0.9999999403953552,
        -0.9999999403953552,
        0.9999998807907104,
        -0.9999999403953552,
        -0.9999998807907104,
        0.9999999403953552,
        0.2885308265686035,
        -0.999999463558197,
        0.9999999403953552,
        -0.9999991655349731,
        -1.0,
        0.9999999403953552,
        -0.9999999403953552,
        0.9999999403953552,
        -0.9999999403953552,
        -0.9999999403953552,
        0.9999999403953552,
        -0.9999999403953552,
        -0.9999999403953552,
        0.9999992847442627,
        -0.9999999403953552,
        0.9999999403953552,
        0.9999999403953552,
        -0.9999999403953552,
        0.9999999403953552,
        0.9999999403953552,
        0.9999997615814209,
        0.9999995231628418,
        0.9999991655349731,
        -0.9999991655349731,
        0.9999991655349731,
        -1.0,
        0.9999999403953552,
        0.9999999403953552,
        -0.9999993443489075,
        -0.9999999403953552,
        0.9999999403953552,
        0.9999998807907104,
        0.9999998807907104,
        0.9999999403953552,
        0.9999995827674866,
        0.9999995827674866,
        0.9999999403953552,
        -0.9999999403953552,
        -0.9999999403953552,
        0.9999999403953552,
        -0.9999999403953552,
        0.9999999403953552,
        0.9999992251396179,
        -0.9999999403953552,
        -0.9999999403953552,
        -0.9999989867210388,
        0.9999992847442627,
        -0.9999999403953552,
        0.9999999403953552,
        -0.9999999403953552,
        0.9999997019767761,
        -0.9999999403953552,
        -0.999999463558197,
        1.0,
        0.9999999403953552,
        0.9999997615814209,
        -0.9999991655349731,
        -0.9999999403953552,
        0.9999991655349731,
        0.9999999403953552,
        -0.9999999403953552,
        0.9999999403953552,
        -0.9999999403953552,
        0.9999999403953552,
        -0.9999999403953552,
        -0.9999999403953552,
        0.9999999403953552,
        -0.9999991655349731,
        -0.9999999403953552,
        0.9999999403953552,
        -0.9999999403953552,
        1.0,
        0.9999999403953552,
        0.9999991655349731,
        -0.9999999403953552,
        0.9999999403953552,
        -1.0,
        -0.9999991655349731,
        0.28008872270584106,
        0.9999998807907104,
        -0.9999999403953552,
        -0.9999999403953552,
        -0.9999999403953552,
        0.9999995231628418,
        0.9999998807907104,
        -0.9999991655349731,
        0.9999999403953552,
        -0.9999999403953552,
        0.9999999403953552,
        0.9999999403953552,
        -0.9999999403953552,
        -0.9999991655349731,
        0.9999999403953552,
        1.0,
        0.9999999403953552,
        -0.9999992251396179,
        -0.9999999403953552,
        0.9999999403953552,
        -0.9999999403953552,
        -0.9999999403953552,
        -0.9999999403953552,
        0.9999992251396179,
        -0.9999999403953552,
        -0.9999999403953552,
        0.9999999403953552,
        0.9999999403953552,
        0.9999999403953552,
        0.9999991655349731,
        0.9999993443489075,
        -0.9999999403953552,
        0.9999999403953552,
        0.28095853328704834,
        0.9999999403953552,
        0.9999999403953552,
        -0.9999997019767761,
        0.2772815227508545,
        1.0,
        -0.9999999403953552,
        -0.9999999403953552,
        -0.9999999403953552,
        -0.9999999403953552,
        0.9999999403953552,
        0.9999995231628418,
        0.9999999403953552,
        -0.9999999403953552,
        -0.9999999403953552,
        0.9999999403953552,
        0.9999991655349731,
        0.9999999403953552,
        1.0,
        0.9999999403953552,
        -0.9999999403953552,
        0.9999999403953552,
        0.9999991655349731,
        -0.9999999403953552,
        0.30038535594940186,
        0.9999999403953552,
        -0.9999995231628418,
        -0.9999991655349731,
        -0.9999999403953552,
        -0.9999999403953552,
        0.9999993443489075,
        -0.9999991655349731,
        0.9999998807907104,
        -0.9999999403953552,
        0.9999999403953552,
        1.0,
        -0.9999992847442627,
        -0.9999997019767761,
        0.30683469772338867,
        0.9999999403953552,
        -0.9999999403953552,
        -0.9999999403953552,
        -0.9999999403953552,
        -0.9999999403953552,
        0.9999992847442627,
        0.9999998807907104,
        0.9999999403953552,
        0.999999463558197,
        0.9999995827674866,
        -0.9999995827674866,
        -0.9999997615814209,
        -0.9999991655349731,
        0.9999991655349731,
        0.9999995827674866,
        -0.9999992847442627,
        -0.9999997019767761,
        -0.9999992251396179,
        -0.9999999403953552,
        0.9999998807907104,
        -0.9999998807907104
    ],
    "embedding_scaling_factor": 0.038648273795843124,
    "samples": [
        "1996-05-12",
        "1996-09-06",
        "1995-08-15",
        "1995-07-22",
        "1996-02-12",
        "1993-11-26",
        "1995-04-09",
        "1995-11-09",
        "1996-03-15",
        "1993-08-04",
        "1993-06-28",
        "1995-04-02",
        "1993-02-13",
        "1993-02-14",
        "1996-07-02",
        "1993-05-12",
        "1995-10-28",
        "1993-01-26",
        "1997-09-01",
        "1996-04-04",
        "1993-05-20",
        "1996-12-18",
        "1994-04-07",
        "1994-11-15",
        "1995-06-04",
        "1993-05-09",
        "1997-02-15",
        "1993-07-27",
        "1993-08-21",
        "1995-02-08",
        "1997-01-12",
        "1994-02-27",
        "1995-08-03",
        "1996-09-06",
        "1993-09-06",
        "1994-11-24",
        "1993-07-11",
        "1996-02-16",
        "1997-06-16",
        "1995-01-11",
        "1993-03-22",
        "1995-10-23",
        "1993-09-07",
        "1995-09-07",
        "1993-12-02",
        "1997-07-13",
        "1996-08-12",
        "1993-07-27",
        "1994-12-01",
        "1995-06-02",
        "1993-07-01",
        "1996-01-23",
        "1993-07-28",
        "1993-08-01",
        "1997-09-01",
        "1996-10-13",
        "1993-02-08",
        "1994-10-13",
        "1995-11-22",
        "1993-03-28",
        "1996-08-08",
        "1996-03-14",
        "1993-09-12",
        "1996-10-12",
        "1995-09-02",
        "1993-11-26",
        "1993-08-05",
        "1994-05-17",
        "1993-02-14",
        "1995-03-27",
        "1996-07-27",
        "1993-03-22",
        "1993-11-29",
        "1996-03-06",
        "1997-01-03",
        "1996-03-21",
        "1993-07-27",
        "1997-12-22",
        "1995-01-11",
        "1993-06-28",
        "1997-01-28",
        "1996-02-19",
        "1994-12-08",
        "1995-12-29",
        "1993-09-06",
        "1993-08-04",
        "1993-02-08",
        "1996-02-16",
        "1994-06-01",
        "1993-10-25",
        "1995-06-19",
        "1993-02-04",
        "1993-11-10",
        "1994-03-19",
        "1997-01-13",
        "1994-08-24",
        "1993-05-12",
        "1997-06-07",
        "1996-03-27",
        "1993-06-26"
    ],
    "category_values_ratio": {
        "1993-11-26": 7974,
        "1993-05-12": 6750,
        "1993-01-19": 6650,
        "1993-09-17": 5670,
        "1995-11-09": 5000,
        "1993-05-08": 4872,
        "1995-04-09": 4836,
        "1993-02-08": 4615,
        "1996-06-04": 4458,
        "1994-09-03": 4139,
        "1996-05-10": 4018,
        "1995-01-21": 3904,
        "1994-10-22": 3840,
        "1993-02-26": 3824,
        "1994-07-01": 3760,
        "1993-09-13": 3609,
        "1994-05-22": 3364,
        "1993-08-01": 3309,
        "1993-05-20": 3288,
        "1993-09-12": 3258,
        "1993-07-01": 3185,
        "1993-03-13": 3180,
        "1993-09-07": 3140,
        "1996-02-19": 3120,
        "1996-07-08": 3082,
        "1996-02-12": 3018,
        "1996-03-16": 2990,
        "1996-08-02": 2880,
        "1993-09-10": 2868,
        "1993-08-21": 2790,
        "1993-08-29": 2771,
        "1996-05-05": 2740,
        "1994-08-12": 2634,
        "1995-02-08": 2552,
        "1993-11-20": 2538,
        "1993-02-13": 2532,
        "1993-03-22": 2523,
        "1995-10-14": 2509,
        "1993-06-28": 2444,
        "1996-03-15": 2426,
        "1993-04-29": 2404,
        "1995-08-03": 2336,
        "1993-11-03": 2336,
        "1993-04-22": 2320,
        "1996-09-06": 2317,
        "1993-08-04": 2316,
        "1995-01-02": 2300,
        "1996-09-18": 2288,
        "1993-06-11": 2256,
        "1995-07-05": 2228,
        "1993-11-21": 2219,
        "1996-04-12": 2197,
        "1996-07-28": 2192,
        "1993-04-12": 2140,
        "1993-11-05": 2132,
        "1994-05-10": 2128,
        "1993-07-27": 2120,
        "1993-04-02": 2108,
        "1993-03-28": 2100,
        "1995-04-19": 2085,
        "1994-12-01": 2076,
        "1995-09-07": 2076,
        "1995-04-22": 2070,
        "1996-08-19": 2054,
        "1996-03-06": 2050,
        "1993-09-21": 2044,
        "1996-03-28": 2043,
        "1997-03-21": 2000,
        "1995-10-09": 1997,
        "1993-09-08": 1989,
        "1997-08-08": 1983,
        "1993-12-11": 1960,
        "1993-01-17": 1948,
        "1993-01-24": 1947,
        "1993-02-04": 1929,
        "1993-03-20": 1902,
        "1995-08-08": 1899,
        "1993-06-18": 1892,
        "1993-03-08": 1892,
        "1994-02-06": 1856,
        "1995-06-19": 1850,
        "1995-08-27": 1836,
        "1996-06-08": 1810,
        "1993-09-18": 1804,
        "1995-08-15": 1794,
        "1995-02-06": 1764,
        "1996-10-22": 1761,
        "1995-09-02": 1760,
        "1995-02-20": 1749,
        "1993-06-16": 1740,
        "1995-03-15": 1734,
        "1996-10-21": 1732,
        "1996-11-24": 1732,
        "1993-09-05": 1732,
        "1993-07-05": 1726,
        "1995-12-17": 1722,
        "1996-07-22": 1720,
        "1996-07-27": 1716,
        "1993-02-14": 1713,
        "1996-11-03": 1712,
        "1996-07-02": 1690,
        "1997-04-02": 1688,
        "1994-05-01": 1684,
        "1993-08-18": 1683,
        "1993-02-20": 1680,
        "1993-12-27": 1664,
        "1995-02-13": 1663,
        "1993-07-28": 1660,
        "1993-04-17": 1650,
        "1996-04-04": 1645,
        "1993-07-24": 1641,
        "1993-11-08": 1624,
        "1997-01-28": 1624,
        "1994-11-10": 1624,
        "1996-02-16": 1615,
        "1995-11-23": 1610,
        "1996-01-26": 1609,
        "1996-01-01": 1608,
        "1993-09-06": 1604,
        "1993-09-03": 1599,
        "1994-10-13": 1568,
        "1996-04-09": 1560,
        "1994-01-15": 1548,
        "1996-12-04": 1536,
        "1993-05-23": 1536,
        "1995-03-04": 1528,
        "1997-02-15": 1507,
        "1995-10-17": 1504,
        "1996-04-13": 1500,
        "1993-05-09": 1497,
        "1993-06-07": 1488,
        "1996-10-13": 1482,
        "1993-12-02": 1473,
        "1996-02-21": 1455,
        "1993-01-14": 1452,
        "1996-05-11": 1420,
        "1993-12-08": 1419,
        "1993-06-06": 1413,
        "1993-09-22": 1410,
        "1993-04-14": 1398,
        "1994-04-08": 1374,
        "1994-11-24": 1356,
        "1993-10-08": 1356,
        "1996-12-22": 1354,
        "1994-04-07": 1350,
        "1993-04-19": 1347,
        "1996-02-04": 1344,
        "1993-11-29": 1332,
        "1996-10-12": 1300,
        "1996-12-30": 1296,
        "1996-09-11": 1296,
        "1995-08-19": 1276,
        "1993-10-10": 1274,
        "1996-05-08": 1270,
        "1994-05-21": 1268,
        "1995-10-04": 1264,
        "1993-03-24": 1264,
        "1994-11-15": 1246,
        "1994-04-21": 1227,
        "1996-03-27": 1222,
        "1995-05-26": 1216,
        "1995-09-20": 1212,
        "1993-10-25": 1208,
        "1996-09-16": 1199,
        "1994-12-02": 1176,
        "1996-06-25": 1173,
        "1995-04-03": 1168,
        "1996-12-18": 1149,
        "1994-10-19": 1146,
        "1993-03-12": 1140,
        "1994-10-01": 1134,
        "1995-07-27": 1132,
        "1997-06-16": 1129,
        "1996-03-03": 1124,
        "1993-11-10": 1098,
        "1996-01-07": 1096,
        "1996-08-12": 1096,
        "1997-08-18": 1060,
        "1996-05-16": 1044,
        "1995-09-17": 1041,
        "1995-05-04": 1040,
        "1996-06-16": 1034,
        "1995-03-24": 1029,
        "1994-06-04": 1024,
        "1996-07-17": 1023,
        "1996-05-26": 1020,
        "1994-05-17": 1017,
        "1995-04-26": 1005,
        "1995-07-14": 1004,
        "1996-08-30": 998,
        "1996-05-03": 992,
        "1993-08-05": 986,
        "1997-02-19": 965,
        "1996-12-12": 962,
        "1993-11-14": 962,
        "1993-09-25": 954,
        "1997-07-03": 943,
        "1997-01-01": 942,
        "1994-09-05": 942,
        "1996-08-08": 940,
        "1993-08-10": 926,
        "1993-01-30": 924,
        "1996-07-21": 923,
        "1996-04-23": 921,
        "1993-05-29": 920,
        "1995-11-03": 920,
        "1996-08-27": 920,
        "1995-08-05": 915,
        "1996-01-13": 912,
        "1995-06-08": 909,
        "1993-06-23": 908,
        "1993-07-06": 908,
        "1993-06-21": 906,
        "1997-04-26": 896,
        "1993-04-21": 894,
        "1996-08-20": 892,
        "1993-07-11": 882,
        "1994-06-05": 882,
        "1993-05-06": 876,
        "1994-09-02": 866,
        "1993-03-27": 862,
        "1993-06-02": 862,
        "1993-05-21": 854,
        "1996-02-13": 852,
        "1996-09-19": 850,
        "1994-06-29": 844,
        "1993-03-19": 844,
        "1995-03-27": 843,
        "1995-10-28": 840,
        "1996-03-05": 836,
        "1996-02-01": 834,
        "1996-09-22": 833,
        "1993-02-07": 832,
        "1995-11-18": 831,
        "1993-06-26": 826,
        "1993-10-20": 826,
        "1993-08-08": 824,
        "1996-05-29": 820,
        "1993-11-27": 819,
        "1997-02-20": 818,
        "1996-07-18": 815,
        "1996-09-25": 808,
        "1995-10-15": 807,
        "1996-09-17": 801,
        "1993-12-01": 798,
        "1996-05-12": 784,
        "1994-01-14": 784,
        "1996-12-08": 784,
        "1996-03-12": 783,
        "1995-11-28": 777,
        "1996-12-06": 768,
        "1994-07-14": 764,
        "1996-04-07": 764,
        "1997-01-15": 756,
        "1997-01-03": 752,
        "1994-06-01": 752,
        "1996-10-20": 752,
        "1996-05-21": 741,
        "1994-11-02": 738,
        "1996-06-07": 736,
        "1994-02-25": 734,
        "1994-08-27": 732,
        "1993-10-14": 730,
        "1997-04-11": 728,
        "1994-03-18": 722,
        "1996-12-28": 720,
        "1996-08-21": 716,
        "1994-04-27": 716,
        "1994-03-19": 712,
        "1995-01-05": 710,
        "1994-08-30": 704,
        "1997-04-08": 704,
        "1997-02-06": 704,
        "1996-04-08": 696,
        "1995-04-07": 680,
        "1996-05-02": 672,
        "1996-04-02": 672,
        "1994-12-23": 666,
        "1995-01-18": 660,
        "1995-01-08": 654,
        "1994-07-10": 654,
        "1997-01-19": 652,
        "1996-08-01": 648,
        "1994-12-17": 646,
        "1996-10-18": 644,
        "1995-01-29": 642,
        "1994-11-25": 640,
        "1996-07-04": 639,
        "1995-08-18": 626,
        "1996-11-23": 618,
        "1996-10-08": 615,
        "1996-08-06": 612,
        "1994-11-21": 612,
        "1995-01-15": 608,
        "1994-12-09": 606,
        "1995-04-02": 604,
        "1994-12-08": 600,
        "1996-08-04": 597,
        "1996-02-27": 582,
        "1995-02-11": 572,
        "1996-10-28": 565,
        "1995-05-27": 564,
        "1996-07-23": 550,
        "1997-09-28": 550,
        "1995-04-13": 550,
        "1996-11-01": 541,
        "1996-12-25": 540,
        "1993-03-18": 539,
        "1995-01-11": 538,
        "1995-05-18": 534,
        "1993-02-27": 534,
        "1997-01-09": 531,
        "1996-11-21": 531,
        "1995-09-09": 530,
        "1996-01-05": 526,
        "1996-06-09": 525,
        "1995-03-14": 520,
        "1996-09-04": 519,
        "1997-02-05": 519,
        "1997-04-27": 512,
        "1997-08-06": 512,
        "1995-12-15": 508,
        "1996-11-19": 501,
        "1993-04-28": 499,
        "1996-12-07": 494,
        "1995-10-23": 490,
        "1996-10-14": 490,
        "1996-04-29": 490,
        "1995-05-08": 488,
        "1995-06-04": 488,
        "1996-01-14": 486,
        "1996-01-08": 484,
        "1996-10-11": 483,
        "1993-03-15": 479,
        "1995-07-29": 474,
        "1993-04-20": 474,
        "1993-01-26": 473,
        "1997-01-13": 471,
        "1997-07-11": 465,
        "1993-01-25": 464,
        "1997-06-07": 464,
        "1993-01-13": 462,
        "1996-01-23": 460,
        "1997-01-22": 460,
        "1996-01-19": 456,
        "1996-01-22": 454,
        "1993-06-10": 453,
        "1997-03-18": 447,
        "1996-02-26": 444,
        "1996-11-12": 440,
        "1993-03-05": 438,
        "1993-10-03": 435,
        "1993-03-29": 431,
        "1993-06-08": 429,
        "1996-03-19": 428,
        "1997-06-08": 428,
        "1996-03-14": 426,
        "1993-05-30": 422,
        "1994-05-16": 416,
        "1996-03-11": 416,
        "1993-06-05": 415,
        "1996-04-25": 414,
        "1994-07-09": 412,
        "1993-06-20": 410,
        "1994-03-07": 408,
        "1996-03-26": 408,
        "1993-03-30": 408,
        "1993-11-16": 407,
        "1995-01-19": 407,
        "1993-05-11": 406,
        "1996-08-28": 404,
        "1994-01-21": 403,
        "1993-07-07": 403,
        "1993-08-16": 403,
        "1993-09-15": 402,
        "1993-07-26": 401,
        "1997-05-07": 399,
        "1993-07-21": 398,
        "1997-09-04": 396,
        "1993-05-10": 393,
        "1993-02-10": 392,
        "1993-08-28": 391,
        "1993-11-17": 389,
        "1996-11-11": 388,
        "1994-08-29": 386,
        "1996-10-16": 382,
        "1994-02-08": 381,
        "1996-03-13": 380,
        "1993-12-13": 379,
        "1997-11-04": 377,
        "1996-03-20": 376,
        "1994-11-13": 375,
        "1993-11-22": 373,
        "1996-09-02": 372,
        "1997-05-24": 372,
        "1994-07-30": 369,
        "1997-09-01": 364,
        "1996-07-26": 362,
        "1994-07-22": 360,
        "1994-08-24": 359,
        "1993-07-20": 355,
        "1993-08-24": 353,
        "1996-07-25": 352,
        "1997-01-12": 340,
        "1995-07-17": 339,
        "1994-11-17": 339,
        "1997-08-29": 339,
        "1996-11-29": 338,
        "1994-02-27": 337,
        "1996-08-17": 336,
        "1996-07-29": 332,
        "1996-12-21": 326,
        "1997-05-01": 316,
        "1995-01-25": 315,
        "1994-06-17": 313,
        "1994-08-01": 308,
        "1996-10-25": 306,
        "1997-01-11": 303,
        "1995-08-30": 303,
        "1996-05-25": 298,
        "1996-12-10": 298,
        "1995-10-10": 296,
        "1995-01-17": 295,
        "1995-01-03": 293,
        "1996-06-06": 290,
        "1994-07-28": 288,
        "1997-02-01": 288,
        "1995-06-24": 286,
        "1997-01-08": 286,
        "1996-07-30": 286,
        "1995-06-13": 286,
        "1997-12-22": 285,
        "1995-05-20": 284,
        "1995-04-05": 280,
        "1997-09-20": 276,
        "1995-04-15": 275,
        "1996-01-03": 274,
        "1994-05-26": 269,
        "1995-11-22": 267,
        "1995-03-11": 264,
        "1996-03-30": 263,
        "1997-06-29": 260,
        "1995-12-29": 260,
        "1997-02-23": 258,
        "1995-06-02": 256,
        "1997-10-21": 255,
        "1995-05-15": 254,
        "1997-08-05": 252,
        "1997-03-08": 252,
        "1995-06-15": 250,
        "1997-06-23": 250,
        "1995-05-28": 248,
        "1997-09-24": 248,
        "1995-11-10": 246,
        "1994-10-30": 243,
        "1997-03-30": 240,
        "1995-07-26": 240,
        "1997-07-12": 240,
        "1997-08-03": 238,
        "1995-10-21": 233,
        "1996-01-12": 233,
        "1997-05-30": 232,
        "1996-03-09": 229,
        "1997-04-13": 226,
        "1995-11-08": 224,
        "1997-06-06": 224,
        "1997-04-14": 222,
        "1997-06-12": 222,
        "1996-05-15": 221,
        "1997-08-09": 216,
        "1995-07-22": 215,
        "1997-07-06": 214,
        "1995-11-16": 212,
        "1997-07-05": 208,
        "1997-05-13": 208,
        "1996-01-11": 206,
        "1997-07-27": 206,
        "1997-06-15": 206,
        "1997-05-16": 202,
        "1995-10-24": 202,
        "1996-07-19": 200,
        "1996-01-28": 200,
        "1995-12-27": 199,
        "1996-01-29": 198,
        "1996-04-28": 198,
        "1997-04-17": 198,
        "1996-04-26": 196,
        "1995-11-29": 196,
        "1996-02-24": 193,
        "1996-09-03": 192,
        "1996-07-07": 189,
        "1996-03-21": 189,
        "1997-07-08": 188,
        "1997-08-11": 188,
        "1997-10-05": 188,
        "1996-02-10": 188,
        "1997-09-09": 188,
        "1995-07-08": 186,
        "1997-09-18": 186,
        "1996-03-10": 185,
        "1996-11-25": 185,
        "1996-07-10": 181,
        "1996-04-20": 177,
        "1997-07-13": 176,
        "1996-04-18": 173,
        "1996-06-14": 169,
        "1996-12-27": 168,
        "1996-06-15": 167,
        "1997-08-14": 166,
        "1997-09-23": 166,
        "1996-09-26": 166,
        "1996-07-03": 162,
        "1996-11-22": 162,
        "1997-02-08": 162,
        "1996-06-21": 160,
        "1996-10-02": 158,
        "1996-02-03": 154,
        "1997-02-21": 153,
        "1997-10-27": 152,
        "1997-02-11": 152,
        "1997-01-21": 151,
        "1997-10-15": 150,
        "1997-02-24": 148,
        "1996-10-30": 147,
        "1996-11-05": 146,
        "1997-11-29": 146,
        "1996-12-01": 145,
        "1996-08-26": 143,
        "1996-12-26": 142,
        "1997-01-25": 137,
        "1997-03-20": 135,
        "1997-06-21": 134,
        "1997-09-03": 133,
        "1997-02-07": 132,
        "1997-05-18": 131,
        "1997-12-08": 130,
        "1996-09-15": 128,
        "1997-05-20": 127,
        "1997-12-13": 126,
        "1996-12-15": 126,
        "1997-03-02": 119,
        "1996-05-13": 111,
        "1997-03-23": 108,
        "1997-04-25": 108,
        "1997-05-12": 108,
        "1996-11-14": 105,
        "1997-07-17": 104,
        "1997-08-22": 103,
        "1997-05-08": 101,
        "1997-07-02": 91,
        "1997-09-11": 87,
        "1997-08-19": 83,
        "1997-10-12": 76,
        "1997-10-18": 73,
        "1997-09-14": 72,
        "1997-07-10": 59,
        "1997-09-13": 49
    },
    "nrows": 552017
}