{
    "column_id": "Financial/Financial.csvFinancial.csv/date",
    "dataset_name": "Financial.csv",
    "dataset_id": "Financial/Financial.csv",
    "path": "/home/ubuntu/CatDB/Experiments/data/Financial/Financial.csv",
    "table_name": "Financial.csv",
    "table_id": "Financial/Financial.csvFinancial.csv",
    "column_name": "date",
    "data_source": "Financial",
    "data_type": "date",
    "total_values_count": 552017,
    "distinct_values_count": 559,
    "missing_values_count": 0,
    "true_ratio": null,
    "min_value": null,
    "max_value": null,
    "mean": null,
    "median": null,
    "iqr": null,
    "category_values": [
        "1994-01-05",
        "1996-04-29",
        "1997-12-08",
        "1998-10-14",
        "1998-04-19",
        "1996-05-02",
        "1997-08-10",
        "1997-12-06",
        "1998-12-05",
        "1997-09-08",
        "1996-11-06",
        "1994-05-31",
        "1997-04-10",
        "1998-07-12",
        "1998-12-02",
        "1994-11-03",
        "1998-05-30",
        "1998-11-25",
        "1997-05-03",
        "1997-07-11",
        "1997-12-25",
        "1994-12-21",
        "1995-05-01",
        "1998-09-09",
        "1997-10-11",
        "1994-07-19",
        "1998-03-13",
        "1997-07-10",
        "1997-04-28",
        "1996-10-24",
        "1997-07-16",
        "1996-08-22",
        "1997-11-28",
        "1997-04-01",
        "1997-08-20",
        "1998-02-12",
        "1995-11-23",
        "1994-07-24",
        "1996-04-11",
        "1994-05-11",
        "1995-01-08",
        "1995-02-17",
        "1997-02-02",
        "1996-07-28",
        "1995-05-30",
        "1998-02-24",
        "1995-09-16",
        "1998-05-21",
        "1996-05-29",
        "1995-05-24",
        "1998-07-01",
        "1998-04-11",
        "1995-12-18",
        "1994-10-28",
        "1998-09-24",
        "1994-01-20",
        "1998-04-16",
        "1997-06-13",
        "1994-11-12",
        "1994-02-07",
        "1997-09-07",
        "1997-02-28",
        "1995-03-16",
        "1996-11-25",
        "1995-05-29",
        "1997-07-01",
        "1998-10-11",
        "1997-09-06",
        "1997-09-15",
        "1995-08-29",
        "1998-09-02",
        "1998-01-17",
        "1997-06-03",
        "1998-01-19",
        "1998-10-07",
        "1994-11-19",
        "1997-07-21",
        "1997-11-27",
        "1996-08-24",
        "1994-02-06",
        "1998-01-26",
        "1998-10-29",
        "1996-07-06",
        "1998-08-20",
        "1995-04-28",
        "1996-06-15",
        "1996-03-13",
        "1998-05-27",
        "1993-07-05",
        "1993-07-11",
        "1998-09-30",
        "1994-06-23",
        "1998-01-11",
        "1993-08-03",
        "1996-10-16",
        "1998-01-29",
        "1998-09-10",
        "1996-07-31",
        "1997-08-30",
        "1997-10-08",
        "1998-12-06",
        "1996-04-21",
        "1994-12-04",
        "1995-04-15",
        "1998-07-14",
        "1997-01-21",
        "1998-01-25",
        "1997-04-22",
        "1998-07-19",
        "1996-10-29",
        "1997-08-26",
        "1998-10-05",
        "1997-09-12",
        "1996-10-03",
        "1997-08-04",
        "1997-03-17",
        "1998-03-07",
        "1996-09-09",
        "1996-11-28",
        "1997-08-22",
        "1994-10-30",
        "1994-07-30",
        "1997-11-04",
        "1995-11-18",
        "1995-12-12",
        "1995-03-29",
        "1996-09-26",
        "1995-01-16",
        "1997-02-05",
        "1997-02-24",
        "1996-07-18",
        "1998-06-01",
        "1996-06-29",
        "1997-11-12",
        "1995-11-04",
        "1994-12-11",
        "1997-05-11",
        "1995-04-01",
        "1998-10-06",
        "1995-01-30",
        "1997-12-26",
        "1996-04-15",
        "1994-01-10",
        "1996-01-12",
        "1998-02-13",
        "1996-06-13",
        "1996-08-02",
        "1994-03-08",
        "1998-08-30",
        "1993-12-08",
        "1998-04-27",
        "1998-11-08",
        "1998-06-15",
        "1997-09-30",
        "1997-05-04",
        "1994-07-05",
        "1994-07-16",
        "1997-05-19",
        "1998-08-29",
        "1996-02-29",
        "1994-05-17",
        "1998-01-20",
        "1998-04-17",
        "1998-07-08",
        "1996-09-14",
        "1998-06-05",
        "1996-12-04",
        "1996-04-18",
        "1994-09-02",
        "1995-03-21",
        "1996-08-28",
        "1996-02-24",
        "1996-11-15",
        "1998-09-21",
        "1998-05-15",
        "1998-06-16",
        "1995-01-03",
        "1996-12-15",
        "1997-05-01",
        "1996-10-04",
        "1997-08-27",
        "1997-09-21",
        "1998-11-27",
        "1997-02-09",
        "1998-03-11",
        "1998-06-27",
        "1997-06-10",
        "1997-10-20",
        "1997-03-07",
        "1998-05-29",
        "1995-08-01",
        "1998-09-22",
        "1998-05-24",
        "1996-05-24",
        "1997-09-01",
        "1997-09-20",
        "1994-09-10",
        "1995-02-05",
        "1996-07-23",
        "1997-11-05",
        "1995-01-02",
        "1995-04-02",
        "1996-11-03",
        "1996-02-08",
        "1994-09-28",
        "1997-05-02",
        "1998-09-18",
        "1998-02-10",
        "1998-03-08",
        "1998-03-16",
        "1997-10-14",
        "1998-01-04",
        "1997-03-29",
        "1997-03-20",
        "1997-12-28",
        "1995-04-05",
        "1995-11-28",
        "1997-07-31",
        "1998-06-03",
        "1997-08-15",
        "1998-06-21",
        "1997-08-28",
        "1994-08-27",
        "1994-06-29",
        "1998-11-04",
        "1997-05-22",
        "1997-08-09",
        "1994-12-08",
        "1997-12-09",
        "1998-10-30",
        "1995-02-08",
        "1995-02-23",
        "1995-10-31",
        "1994-09-26",
        "1996-10-31",
        "1994-10-03",
        "1998-02-09",
        "1996-05-14",
        "1998-08-03",
        "1997-01-03",
        "1996-09-25",
        "1996-01-01",
        "1998-05-05",
        "1998-01-03",
        "1994-06-04",
        "1995-08-05",
        "1996-10-10",
        "1998-01-12",
        "1997-06-18",
        "1997-12-13",
        "1996-08-25",
        "1997-05-28",
        "1997-03-15",
        "1997-03-14",
        "1995-08-11",
        "1995-07-09",
        "1997-11-24",
        "1997-12-27",
        "1997-02-25",
        "1995-08-18",
        "1996-03-04",
        "1998-07-27",
        "1997-03-18",
        "1993-11-04",
        "1996-01-03",
        "1994-07-23",
        "1997-03-06",
        "1996-08-03",
        "1996-02-03",
        "1997-05-18",
        "1996-11-09",
        "1996-07-25",
        "1996-02-10",
        "1994-08-10",
        "1996-01-11",
        "1998-01-27",
        "1998-03-23",
        "1998-07-16",
        "1996-04-25",
        "1994-08-04",
        "1994-07-11",
        "1994-05-10",
        "1996-11-12",
        "1997-11-26",
        "1993-11-22",
        "1998-03-31",
        "1994-02-27",
        "1997-01-24",
        "1997-08-21",
        "1994-04-07",
        "1997-09-05",
        "1996-06-03",
        "1993-09-24",
        "1994-06-17",
        "1997-10-01",
        "1997-10-04",
        "1994-09-11",
        "1996-04-10",
        "1996-08-09",
        "1994-11-02",
        "1995-04-25",
        "1995-07-25",
        "1995-07-10",
        "1998-11-21",
        "1997-01-08",
        "1996-02-21",
        "1995-12-16",
        "1996-05-06",
        "1997-09-14",
        "1994-04-18",
        "1998-06-23",
        "1994-06-06",
        "1998-06-18",
        "1994-09-30",
        "1995-03-04",
        "1993-12-01",
        "1994-10-02",
        "1994-07-08",
        "1998-05-28",
        "1998-01-06",
        "1997-09-28",
        "1997-10-22",
        "1997-07-30",
        "1994-11-04",
        "1997-02-08",
        "1994-12-20",
        "1994-06-07",
        "1996-08-11",
        "1995-02-12",
        "1996-08-06",
        "1994-10-25",
        "1996-09-16",
        "1996-02-12",
        "1996-11-11",
        "1997-06-17",
        "1998-05-17",
        "1997-06-15",
        "1995-02-06",
        "1994-05-26",
        "1998-04-28",
        "1998-10-08",
        "1997-05-06",
        "1994-03-31",
        "1997-08-24",
        "1995-11-12",
        "1997-07-09",
        "1996-10-23",
        "1997-09-24",
        "1995-01-14",
        "1997-04-30",
        "1997-12-21",
        "1995-12-05",
        "1997-02-12",
        "1997-06-16",
        "1998-05-22",
        "1997-11-09",
        "1998-02-08",
        "1998-06-10",
        "1993-12-09",
        "1994-11-06",
        "1996-09-19",
        "1997-11-30",
        "1998-11-17",
        "1996-08-04",
        "1995-06-06",
        "1998-01-15",
        "1997-02-10",
        "1998-03-12",
        "1994-03-15",
        "1994-03-16",
        "1997-10-19",
        "1995-11-02",
        "1998-07-11",
        "1995-12-31",
        "1997-08-17",
        "1997-12-11",
        "1995-03-27",
        "1996-05-18",
        "1998-01-08",
        "1997-01-29",
        "1997-03-21",
        "1998-02-25",
        "1998-05-12",
        "1997-12-20",
        "1994-03-11",
        "1995-12-11",
        "1994-05-22",
        "1995-02-02",
        "1994-06-25",
        "1995-01-18",
        "1996-11-19",
        "1995-10-08",
        "1997-10-21",
        "1997-08-31",
        "1996-09-22",
        "1997-06-14",
        "1998-04-23",
        "1998-02-05",
        "1997-09-09",
        "1994-06-05",
        "1998-01-18",
        "1996-10-20",
        "1994-06-01",
        "1994-02-17",
        "1997-10-17",
        "1996-02-20",
        "1997-05-09",
        "1996-07-15",
        "1997-11-01",
        "1995-06-13",
        "1997-08-12",
        "1994-05-20",
        "1998-03-30",
        "1994-08-25",
        "1993-09-13",
        "1997-09-26",
        "1995-03-19",
        "1997-06-04",
        "1994-05-09",
        "1996-03-10",
        "1994-03-30",
        "1995-06-01",
        "1997-07-25",
        "1995-10-14",
        "1994-01-21",
        "1995-06-23",
        "1995-09-03",
        "1997-12-10",
        "1994-08-11",
        "1998-02-15",
        "1996-05-30",
        "1994-06-14",
        "1995-03-11",
        "1994-09-29",
        "1995-04-10",
        "1998-06-06",
        "1998-12-08",
        "1996-07-14",
        "1998-07-24",
        "1997-07-29",
        "1997-06-19",
        "1995-08-26",
        "1995-12-25",
        "1998-06-08",
        "1998-01-23",
        "1997-01-30",
        "1996-12-21",
        "1994-10-12",
        "1996-06-08",
        "1996-03-26",
        "1996-12-12",
        "1993-12-16",
        "1998-09-15",
        "1997-02-26",
        "1994-08-03",
        "1994-08-07",
        "1998-11-10",
        "1998-03-01",
        "1998-12-01",
        "1998-02-28",
        "1993-07-28",
        "1996-09-11",
        "1998-10-12",
        "1997-04-13",
        "1998-04-29",
        "1997-03-13",
        "1993-12-21",
        "1997-05-08",
        "1994-09-19",
        "1997-06-08",
        "1997-04-29",
        "1994-08-05",
        "1998-02-07",
        "1995-05-08",
        "1998-06-25",
        "1995-09-09",
        "1997-03-10",
        "1996-11-22",
        "1998-03-15",
        "1995-04-11",
        "1995-11-22",
        "1997-06-30",
        "1995-01-11",
        "1996-06-06",
        "1998-04-02",
        "1998-09-12",
        "1995-02-11",
        "1996-07-27",
        "1995-04-13",
        "1994-05-21",
        "1995-03-15",
        "1995-09-22",
        "1996-07-11",
        "1998-07-29",
        "1997-03-28",
        "1997-06-24",
        "1997-09-23",
        "1997-07-28",
        "1994-04-06",
        "1995-10-20",
        "1994-05-02",
        "1997-02-20",
        "1993-12-23",
        "1997-12-31",
        "1996-11-18",
        "1993-12-13",
        "1998-01-21",
        "1997-03-04",
        "1997-06-02",
        "1993-11-10",
        "1997-01-04",
        "1996-12-11",
        "1996-09-28",
        "1994-06-03",
        "1995-07-03",
        "1998-01-22",
        "1994-12-19",
        "1998-01-02",
        "1998-02-18",
        "1996-12-05",
        "1998-08-15",
        "1995-06-24",
        "1998-07-05",
        "1998-05-07",
        "1995-10-28",
        "1997-10-02",
        "1997-12-24",
        "1996-03-21",
        "1996-09-17",
        "1994-08-23",
        "1996-02-13",
        "1997-08-23",
        "1994-07-28",
        "1998-06-11",
        "1994-02-23",
        "1995-10-02",
        "1997-04-02",
        "1996-12-25",
        "1993-10-13",
        "1993-09-06",
        "1997-10-23",
        "1995-12-04",
        "1996-08-20",
        "1994-06-12",
        "1997-04-26",
        "1997-06-09",
        "1994-01-31",
        "1994-03-01",
        "1996-01-19",
        "1997-10-07",
        "1996-10-02",
        "1997-10-24",
        "1993-09-15",
        "1997-01-31",
        "1998-11-22",
        "1998-09-27",
        "1998-07-18",
        "1995-10-29",
        "1996-12-27"
    ],
    "embedding": [
        -0.9999995827674866,
        0.9999997615814209,
        0.9999999403953552,
        0.9999999403953552,
        0.9999999403953552,
        0.9999999403953552,
        0.9999999403953552,
        -0.3339592218399048,
        -0.9999999403953552,
        -0.9999999403953552,
        -0.9999999403953552,
        -0.9999999403953552,
        0.9999999403953552,
        -0.9999999403953552,
        0.9999999403953552,
        0.9999999403953552,
        0.9999999403953552,
        0.9999999403953552,
        1.0,
        -0.9999999403953552,
        0.9999999403953552,
        0.9999999403953552,
        -0.9999999403953552,
        0.9999999403953552,
        0.9999430775642395,
        0.999999463558197,
        -0.9999999403953552,
        0.9999999403953552,
        0.9999999403953552,
        0.9999999403953552,
        -0.9999999403953552,
        0.9999999403953552,
        0.9999999403953552,
        -0.9999999403953552,
        -0.9999999403953552,
        0.9999999403953552,
        0.9999999403953552,
        -0.9999999403953552,
        -1.0,
        0.9999999403953552,
        0.9999999403953552,
        0.9999999403953552,
        1.0,
        0.9999992847442627,
        0.9999999403953552,
        0.9999993443489075,
        0.9999999403953552,
        0.9999999403953552,
        0.9999999403953552,
        0.9999999403953552,
        -0.9999999403953552,
        -0.9999999403953552,
        -0.9999997615814209,
        0.9999999403953552,
        0.9999999403953552,
        0.9999999403953552,
        -0.9999999403953552,
        0.9999999403953552,
        0.9999995827674866,
        0.9999993443489075,
        0.9999999403953552,
        -0.9999992847442627,
        0.9999999403953552,
        -0.9999999403953552,
        -0.9999999403953552,
        0.9999999403953552,
        0.9999999403953552,
        0.9999999403953552,
        -0.9999999403953552,
        -0.9999999403953552,
        0.9999999403953552,
        0.9999999403953552,
        0.9999999403953552,
        0.9999998807907104,
        0.9999999403953552,
        0.9999991655349731,
        0.9999991655349731,
        0.9999998807907104,
        0.9999999403953552,
        -0.9999999403953552,
        -0.9999999403953552,
        1.0,
        -0.9999999403953552,
        0.9999997615814209,
        0.9999999403953552,
        0.9999999403953552,
        -0.9999999403953552,
        -0.9999999403953552,
        0.9999999403953552,
        -0.9999991655349731,
        -0.9999999403953552,
        -0.9999999403953552,
        -0.9999999403953552,
        -0.9999999403953552,
        0.9999997019767761,
        0.9999999403953552,
        0.9999999403953552,
        -0.9999999403953552,
        -1.0,
        0.9999999403953552,
        -1.0,
        -0.9999999403953552,
        0.9999999403953552,
        -0.9999999403953552,
        0.9999999403953552,
        0.9999995231628418,
        -0.9999999403953552,
        -0.9999999403953552,
        0.9999999403953552,
        0.9999999403953552,
        -0.9999992847442627,
        1.0,
        0.9999446868896484,
        0.9999999403953552,
        0.9999999403953552,
        -0.9999992847442627,
        0.9999999403953552,
        -1.0,
        0.9999999403953552,
        -0.9999999403953552,
        0.9999999403953552,
        -0.9999999403953552,
        0.9999999403953552,
        0.9999999403953552,
        -0.9999999403953552,
        0.9999999403953552,
        -0.9999999403953552,
        -0.9999999403953552,
        0.9999999403953552,
        0.29286080598831177,
        -0.9999999403953552,
        0.9999999403953552,
        -0.999999463558197,
        -1.0,
        0.9999999403953552,
        -0.9999999403953552,
        0.9999999403953552,
        -0.9999999403953552,
        -0.9999999403953552,
        0.9999999403953552,
        -0.9999999403953552,
        -0.9999999403953552,
        0.9999999403953552,
        -0.9999999403953552,
        0.9999999403953552,
        0.9999999403953552,
        -0.9999999403953552,
        0.9999999403953552,
        0.9999999403953552,
        0.9999999403953552,
        0.9999999403953552,
        0.9999991655349731,
        -0.9999993443489075,
        0.9999995827674866,
        -1.0,
        0.9999999403953552,
        0.9999999403953552,
        -0.9999999403953552,
        -0.9999999403953552,
        0.9999999403953552,
        0.9999999403953552,
        0.9999999403953552,
        0.9999999403953552,
        0.9999999403953552,
        0.9999999403953552,
        0.9999999403953552,
        -0.9999999403953552,
        -0.9999999403953552,
        0.9999999403953552,
        -0.9999999403953552,
        0.9999999403953552,
        0.9999999403953552,
        -0.9999999403953552,
        -0.9999999403953552,
        -0.9999991059303284,
        0.9999997615814209,
        -0.9999999403953552,
        0.9999999403953552,
        -0.9999999403953552,
        0.9999999403953552,
        -0.9999999403953552,
        -0.9999999403953552,
        1.0,
        0.9999999403953552,
        0.9999999403953552,
        -0.9999992847442627,
        -0.9999999403953552,
        0.9999991655349731,
        0.9999999403953552,
        -0.9999999403953552,
        0.9999999403953552,
        -0.9999999403953552,
        0.9999999403953552,
        -0.9999999403953552,
        -0.9999999403953552,
        0.9999999403953552,
        -0.9999997615814209,
        -0.9999999403953552,
        0.9999999403953552,
        -0.9999999403953552,
        1.0,
        0.9999999403953552,
        0.9999991655349731,
        -0.9999999403953552,
        0.9999999403953552,
        -1.0,
        -0.9999993443489075,
        0.28463566303253174,
        0.9999999403953552,
        -0.9999999403953552,
        -0.9999999403953552,
        -0.9999999403953552,
        0.9999999403953552,
        0.9999999403953552,
        -0.9999997019767761,
        0.9999999403953552,
        -0.9999999403953552,
        0.9999999403953552,
        0.9999999403953552,
        -0.9999999403953552,
        -0.9999992847442627,
        0.9999999403953552,
        1.0,
        0.9999999403953552,
        -0.9999999403953552,
        -0.9999999403953552,
        0.9999999403953552,
        -0.9999999403953552,
        -0.9999999403953552,
        -0.9999999403953552,
        0.9999998807907104,
        -0.9999999403953552,
        -0.9999999403953552,
        0.9999999403953552,
        0.9999999403953552,
        0.9999999403953552,
        0.9999991655349731,
        0.9999999403953552,
        -0.9999999403953552,
        0.9999999403953552,
        0.27995598316192627,
        0.9999999403953552,
        0.9999999403953552,
        -0.9999999403953552,
        0.27950605750083923,
        1.0,
        -0.9999999403953552,
        -0.9999999403953552,
        -0.9999999403953552,
        -0.9999999403953552,
        0.9999999403953552,
        0.9999999403953552,
        0.9999999403953552,
        -0.9999999403953552,
        -0.9999999403953552,
        0.9999999403953552,
        0.9999991655349731,
        0.9999999403953552,
        1.0,
        0.9999999403953552,
        -0.9999999403953552,
        0.9999999403953552,
        0.9999991655349731,
        -0.9999999403953552,
        0.30224862694740295,
        0.9999999403953552,
        -0.9999997615814209,
        -0.9999992847442627,
        -0.9999999403953552,
        -0.9999999403953552,
        0.9999999403953552,
        -0.9999997019767761,
        0.9999999403953552,
        -0.9999999403953552,
        0.9999999403953552,
        1.0,
        -0.9999997019767761,
        -0.9999999403953552,
        0.3069532513618469,
        0.9999999403953552,
        -0.9999999403953552,
        -0.9999999403953552,
        -0.9999999403953552,
        -0.9999999403953552,
        0.9999997615814209,
        0.9999999403953552,
        0.9999999403953552,
        0.9999999403953552,
        0.9999999403953552,
        -0.9999998807907104,
        -0.9999999403953552,
        -0.9999992251396179,
        0.9999992847442627,
        0.9999998807907104,
        -0.9999997615814209,
        -0.9999998807907104,
        -0.9999997019767761,
        -0.9999999403953552,
        0.9999999403953552,
        -0.9999999403953552
    ],
    "embedding_scaling_factor": 0.18724849820137024,
    "samples": [
        "1994-10-12",
        "1993-09-24",
        "1994-12-21",
        "1994-09-28",
        "1994-12-19",
        "1995-02-23",
        "1998-05-15",
        "1995-11-23",
        "1995-01-08",
        "1996-08-04",
        "1998-04-17",
        "1994-02-27",
        "1996-11-15",
        "1996-12-15",
        "1997-08-15",
        "1998-02-13",
        "1996-03-13",
        "1994-08-03",
        "1996-09-17",
        "1997-07-25",
        "1998-11-25",
        "1995-10-20",
        "1993-07-11",
        "1998-04-19",
        "1996-07-15",
        "1994-03-15",
        "1996-01-03",
        "1996-06-03",
        "1998-09-22",
        "1994-07-05",
        "1995-08-29",
        "1994-09-02",
        "1997-05-03",
        "1998-04-28",
        "1994-05-26",
        "1994-06-04",
        "1995-02-02",
        "1998-09-15",
        "1996-06-03",
        "1997-12-06",
        "1994-08-04",
        "1995-05-24",
        "1998-05-28",
        "1994-07-05",
        "1994-05-09",
        "1994-11-03",
        "1995-12-25",
        "1998-03-11",
        "1997-07-09",
        "1998-02-28",
        "1995-12-16",
        "1998-01-23",
        "1995-03-29",
        "1994-09-28",
        "1997-08-10",
        "1995-03-15",
        "1996-12-11",
        "1996-02-13",
        "1994-02-27",
        "1998-12-08",
        "1997-08-15",
        "1996-12-27",
        "1994-06-25",
        "1994-08-10",
        "1994-02-17",
        "1994-09-28",
        "1996-08-22",
        "1995-02-05",
        "1994-08-05",
        "1996-09-09",
        "1995-06-13",
        "1997-01-08",
        "1997-11-12",
        "1998-07-29",
        "1997-04-30",
        "1995-05-30",
        "1997-09-06",
        "1993-09-13",
        "1996-10-20",
        "1996-10-29",
        "1993-12-16",
        "1998-02-13",
        "1995-11-23",
        "1994-09-30",
        "1995-11-02",
        "1997-01-21",
        "1994-09-02",
        "1997-09-28",
        "1994-09-10",
        "1995-06-01",
        "1994-06-23",
        "1994-02-17",
        "1998-03-01",
        "1998-04-17",
        "1997-05-03",
        "1996-08-04",
        "1996-11-28",
        "1997-04-01",
        "1998-08-03",
        "1996-11-03"
    ],
    "category_values_ratio": {
        "1994-09-28": 7667,
        "1993-09-13": 6750,
        "1994-11-06": 6112,
        "1994-05-31": 5720,
        "1994-09-02": 4872,
        "1994-09-30": 4764,
        "1995-12-12": 4570,
        "1995-05-30": 4164,
        "1994-07-05": 4034,
        "1996-06-03": 3840,
        "1994-01-05": 3824,
        "1995-10-20": 3760,
        "1997-08-10": 3744,
        "1998-06-08": 3726,
        "1996-01-01": 3613,
        "1997-01-21": 3478,
        "1997-04-01": 3277,
        "1995-03-11": 3258,
        "1997-02-09": 3215,
        "1994-08-04": 3185,
        "1995-01-11": 3180,
        "1996-11-03": 3120,
        "1997-05-03": 3103,
        "1998-04-17": 3030,
        "1996-07-27": 3008,
        "1995-02-02": 2955,
        "1995-06-13": 2948,
        "1994-12-21": 2870,
        "1995-02-23": 2868,
        "1994-11-03": 2850,
        "1997-12-08": 2848,
        "1994-07-11": 2837,
        "1998-01-25": 2820,
        "1995-03-15": 2790,
        "1997-12-09": 2778,
        "1996-02-24": 2634,
        "1995-06-01": 2538,
        "1993-07-11": 2532,
        "1993-12-16": 2444,
        "1995-11-22": 2436,
        "1993-07-28": 2420,
        "1996-07-25": 2416,
        "1996-06-15": 2415,
        "1994-02-27": 2404,
        "1994-12-19": 2392,
        "1998-05-17": 2384,
        "1995-04-05": 2336,
        "1996-10-29": 2324,
        "1994-10-02": 2320,
        "1995-01-18": 2316,
        "1996-12-12": 2304,
        "1996-06-29": 2300,
        "1997-08-15": 2299,
        "1996-04-29": 2280,
        "1994-12-04": 2256,
        "1994-07-30": 2239,
        "1997-11-28": 2208,
        "1994-05-26": 2177,
        "1994-05-09": 2140,
        "1995-10-14": 2128,
        "1994-06-17": 2120,
        "1994-08-11": 2108,
        "1994-03-30": 2100,
        "1997-01-08": 2085,
        "1997-06-14": 2076,
        "1995-10-08": 2070,
        "1998-01-23": 2000,
        "1996-08-02": 1992,
        "1994-01-31": 1968,
        "1995-04-28": 1960,
        "1997-12-11": 1955,
        "1993-11-10": 1948,
        "1994-09-19": 1947,
        "1994-05-17": 1892,
        "1994-03-08": 1892,
        "1996-09-25": 1874,
        "1994-08-27": 1873,
        "1996-01-03": 1856,
        "1996-08-04": 1850,
        "1997-06-19": 1831,
        "1996-09-19": 1812,
        "1995-06-23": 1804,
        "1996-07-23": 1794,
        "1997-03-17": 1785,
        "1995-11-23": 1764,
        "1997-01-04": 1760,
        "1994-08-03": 1740,
        "1998-03-01": 1736,
        "1995-03-27": 1732,
        "1995-11-02": 1724,
        "1996-12-27": 1720,
        "1997-10-11": 1720,
        "1993-09-06": 1713,
        "1998-02-07": 1712,
        "1994-02-23": 1712,
        "1996-08-06": 1698,
        "1994-11-02": 1695,
        "1995-01-02": 1684,
        "1993-12-21": 1683,
        "1994-07-23": 1680,
        "1996-02-10": 1665,
        "1994-11-04": 1664,
        "1996-11-15": 1662,
        "1994-03-16": 1660,
        "1997-11-12": 1645,
        "1994-05-21": 1641,
        "1996-05-06": 1634,
        "1997-05-04": 1632,
        "1994-01-21": 1632,
        "1998-04-19": 1632,
        "1997-07-29": 1624,
        "1998-07-12": 1614,
        "1996-12-11": 1610,
        "1995-06-06": 1604,
        "1996-07-18": 1601,
        "1994-02-17": 1599,
        "1996-07-15": 1568,
        "1996-11-28": 1550,
        "1995-02-08": 1548,
        "1995-03-21": 1536,
        "1998-02-13": 1536,
        "1995-09-22": 1528,
        "1997-05-18": 1518,
        "1997-07-11": 1504,
        "1997-02-24": 1500,
        "1996-07-14": 1500,
        "1994-02-06": 1497,
        "1994-09-26": 1488,
        "1997-12-25": 1484,
        "1997-09-07": 1471,
        "1993-09-15": 1452,
        "1997-05-08": 1428,
        "1995-10-28": 1419,
        "1994-06-23": 1410,
        "1995-01-08": 1394,
        "1995-02-12": 1386,
        "1997-03-28": 1380,
        "1995-07-03": 1371,
        "1993-12-08": 1359,
        "1996-10-02": 1356,
        "1994-09-29": 1356,
        "1996-02-08": 1350,
        "1994-07-19": 1332,
        "1997-03-04": 1296,
        "1995-10-31": 1293,
        "1997-04-30": 1276,
        "1997-02-28": 1270,
        "1996-01-12": 1268,
        "1997-08-28": 1264,
        "1998-01-27": 1255,
        "1997-12-24": 1245,
        "1998-09-15": 1236,
        "1995-05-29": 1227,
        "1995-10-29": 1216,
        "1997-01-31": 1212,
        "1996-08-22": 1182,
        "1996-01-11": 1168,
        "1998-02-08": 1165,
        "1997-06-24": 1160,
        "1997-07-16": 1160,
        "1996-10-20": 1156,
        "1997-08-21": 1152,
        "1997-08-30": 1150,
        "1996-02-12": 1148,
        "1996-05-02": 1146,
        "1994-09-10": 1140,
        "1998-03-07": 1124,
        "1997-08-20": 1124,
        "1995-11-28": 1124,
        "1998-01-03": 1103,
        "1997-08-04": 1100,
        "1995-04-10": 1098,
        "1997-04-10": 1096,
        "1996-02-13": 1089,
        "1997-01-30": 1080,
        "1997-02-02": 1075,
        "1998-03-11": 1060,
        "1995-08-11": 1059,
        "1998-01-26": 1055,
        "1997-09-06": 1050,
        "1997-04-29": 1041,
        "1998-01-11": 1032,
        "1997-07-31": 1020,
        "1996-03-10": 1017,
        "1998-04-27": 1002,
        "1996-10-23": 996,
        "1997-12-27": 985,
        "1997-12-28": 966,
        "1997-10-01": 965,
        "1994-10-12": 954,
        "1995-12-25": 942,
        "1994-06-04": 941,
        "1993-12-09": 940,
        "1998-06-25": 940,
        "1993-08-03": 924,
        "1997-06-08": 920,
        "1994-07-28": 920,
        "1995-04-11": 914,
        "1996-09-09": 912,
        "1995-05-08": 908,
        "1994-08-10": 906,
        "1997-06-03": 896,
        "1994-02-07": 894,
        "1998-06-10": 892,
        "1997-12-06": 887,
        "1993-12-13": 882,
        "1995-10-02": 882,
        "1997-03-15": 882,
        "1994-04-06": 876,
        "1998-06-11": 875,
        "1996-06-08": 866,
        "1994-08-05": 862,
        "1994-10-03": 862,
        "1997-10-21": 858,
        "1998-04-16": 855,
        "1994-04-07": 854,
        "1995-03-04": 852,
        "1997-09-30": 852,
        "1994-08-25": 850,
        "1997-01-03": 849,
        "1994-05-20": 846,
        "1995-09-03": 844,
        "1995-11-12": 843,
        "1994-06-03": 842,
        "1998-05-21": 842,
        "1997-09-01": 840,
        "1996-07-31": 836,
        "1994-12-20": 832,
        "1994-06-01": 832,
        "1994-03-01": 832,
        "1997-05-01": 831,
        "1994-07-16": 826,
        "1994-10-30": 824,
        "1998-01-22": 820,
        "1995-01-03": 813,
        "1997-08-31": 812,
        "1996-08-25": 807,
        "1997-10-14": 806,
        "1997-07-25": 801,
        "1994-12-11": 800,
        "1996-10-04": 790,
        "1998-02-24": 788,
        "1995-07-09": 784,
        "1995-03-16": 784,
        "1997-03-18": 783,
        "1997-08-12": 777,
        "1996-10-10": 776,
        "1998-11-27": 775,
        "1997-03-21": 774,
        "1997-06-10": 768,
        "1996-04-10": 764,
        "1998-01-21": 764,
        "1995-12-05": 752,
        "1997-05-28": 752,
        "1997-01-24": 752,
        "1998-01-15": 748,
        "1996-12-21": 741,
        "1998-06-21": 740,
        "1995-05-24": 738,
        "1998-04-28": 736,
        "1995-04-01": 734,
        "1995-08-05": 732,
        "1994-06-29": 730,
        "1998-01-17": 728,
        "1995-02-17": 722,
        "1995-08-29": 716,
        "1995-03-29": 712,
        "1996-05-24": 704,
        "1997-02-20": 702,
        "1997-06-13": 698,
        "1997-10-17": 696,
        "1997-01-29": 684,
        "1997-03-07": 684,
        "1997-08-17": 672,
        "1996-03-21": 666,
        "1997-11-04": 666,
        "1997-09-24": 666,
        "1996-11-25": 663,
        "1997-03-20": 663,
        "1996-03-13": 660,
        "1997-10-19": 660,
        "1997-11-01": 660,
        "1995-09-16": 660,
        "1995-12-11": 654,
        "1995-07-10": 654,
        "1997-06-04": 652,
        "1995-07-25": 652,
        "1997-10-08": 648,
        "1995-12-18": 646,
        "1998-05-15": 644,
        "1998-01-08": 644,
        "1997-02-12": 644,
        "1995-12-04": 642,
        "1995-04-02": 640,
        "1998-11-08": 640,
        "1998-02-05": 637,
        "1998-04-23": 636,
        "1998-09-24": 632,
        "1997-09-26": 630,
        "1997-03-06": 630,
        "1997-09-08": 627,
        "1998-09-18": 618,
        "1998-09-09": 614,
        "1995-11-18": 612,
        "1995-06-24": 608,
        "1995-11-04": 606,
        "1997-03-29": 605,
        "1996-04-21": 604,
        "1995-09-09": 604,
        "1997-05-22": 602,
        "1995-08-18": 602,
        "1995-08-01": 600,
        "1997-05-11": 597,
        "1996-05-29": 594,
        "1996-08-09": 582,
        "1996-09-26": 578,
        "1997-02-10": 570,
        "1998-09-02": 568,
        "1996-05-18": 566,
        "1997-10-04": 566,
        "1998-11-04": 564,
        "1996-03-04": 550,
        "1996-11-12": 546,
        "1998-11-10": 540,
        "1998-08-30": 540,
        "1994-03-15": 539,
        "1996-02-20": 538,
        "1994-01-10": 534,
        "1997-08-23": 531,
        "1998-02-18": 531,
        "1996-04-15": 530,
        "1996-09-16": 528,
        "1997-04-13": 528,
        "1997-12-21": 525,
        "1996-11-19": 520,
        "1998-10-14": 520,
        "1997-10-24": 519,
        "1997-05-19": 519,
        "1997-09-12": 512,
        "1998-07-14": 512,
        "1996-11-09": 508,
        "1994-06-06": 502,
        "1994-03-11": 500,
        "1996-09-17": 490,
        "1996-11-11": 488,
        "1993-10-13": 474,
        "1998-09-22": 472,
        "1997-06-17": 467,
        "1998-11-22": 465,
        "1998-09-12": 464,
        "1994-04-18": 464,
        "1998-06-18": 464,
        "1996-08-20": 464,
        "1993-11-22": 462,
        "1996-06-06": 460,
        "1997-07-30": 460,
        "1993-09-24": 458,
        "1997-11-30": 456,
        "1998-05-29": 456,
        "1996-11-18": 456,
        "1993-12-23": 453,
        "1997-08-24": 448,
        "1998-05-07": 447,
        "1993-12-01": 441,
        "1994-03-31": 438,
        "1994-05-22": 435,
        "1996-07-06": 426,
        "1996-09-14": 424,
        "1995-03-19": 422,
        "1995-01-30": 420,
        "1995-02-11": 416,
        "1995-02-05": 414,
        "1994-10-28": 412,
        "1993-11-04": 410,
        "1995-01-16": 408,
        "1994-05-10": 408,
        "1994-12-08": 407,
        "1994-07-24": 406,
        "1995-04-13": 406,
        "1994-06-12": 403,
        "1994-06-05": 403,
        "1994-09-11": 403,
        "1994-08-07": 403,
        "1993-07-05": 403,
        "1995-01-14": 402,
        "1994-05-02": 399,
        "1998-01-20": 398,
        "1994-06-07": 398,
        "1998-11-21": 396,
        "1996-11-06": 396,
        "1997-06-15": 396,
        "1994-01-20": 393,
        "1994-05-11": 392,
        "1994-07-08": 391,
        "1994-11-19": 389,
        "1995-02-06": 381,
        "1995-05-01": 379,
        "1994-11-12": 379,
        "1996-06-13": 375,
        "1996-10-31": 374,
        "1994-08-23": 373,
        "1997-07-01": 372,
        "1996-10-03": 370,
        "1996-02-29": 369,
        "1994-06-25": 366,
        "1997-10-23": 362,
        "1995-08-26": 359,
        "1994-10-25": 354,
        "1998-05-30": 352,
        "1998-05-28": 349,
        "1996-08-24": 339,
        "1996-05-30": 339,
        "1997-12-20": 338,
        "1994-06-14": 337,
        "1998-07-08": 336,
        "1998-01-18": 336,
        "1996-11-22": 334,
        "1997-04-02": 332,
        "1998-07-05": 326,
        "1996-01-19": 325,
        "1997-08-27": 324,
        "1997-05-09": 322,
        "1996-02-21": 315,
        "1995-04-25": 313,
        "1997-04-28": 313,
        "1998-07-11": 311,
        "1996-02-03": 308,
        "1998-06-23": 306,
        "1998-06-05": 303,
        "1997-02-26": 303,
        "1996-04-25": 301,
        "1998-04-29": 300,
        "1998-02-25": 298,
        "1997-06-09": 298,
        "1995-12-31": 295,
        "1998-03-13": 294,
        "1998-12-02": 292,
        "1997-10-20": 290,
        "1997-07-28": 288,
        "1998-10-29": 288,
        "1996-04-11": 286,
        "1998-04-02": 286,
        "1997-03-13": 286,
        "1998-10-30": 286,
        "1998-10-11": 285,
        "1996-12-25": 284,
        "1997-11-09": 281,
        "1996-08-11": 280,
        "1998-09-10": 276,
        "1997-06-30": 276,
        "1996-10-16": 275,
        "1997-07-09": 274,
        "1996-04-18": 269,
        "1996-03-26": 267,
        "1997-12-13": 266,
        "1997-09-23": 263,
        "1997-09-21": 260,
        "1997-08-26": 256,
        "1998-08-29": 255,
        "1998-12-08": 250,
        "1997-08-22": 248,
        "1996-07-11": 248,
        "1998-01-12": 248,
        "1997-04-26": 246,
        "1995-12-16": 243,
        "1995-04-15": 243,
        "1997-07-10": 240,
        "1998-05-05": 238,
        "1996-10-24": 233,
        "1997-11-26": 233,
        "1997-10-02": 232,
        "1996-07-28": 229,
        "1998-12-06": 227,
        "1998-08-03": 226,
        "1997-04-22": 224,
        "1998-11-17": 222,
        "1996-09-11": 221,
        "1997-09-28": 220,
        "1998-02-12": 216,
        "1998-06-15": 214,
        "1998-04-11": 210,
        "1997-11-27": 208,
        "1998-03-23": 208,
        "1997-10-22": 206,
        "1996-08-03": 206,
        "1998-05-27": 206,
        "1998-09-30": 202,
        "1996-12-05": 202,
        "1998-05-24": 200,
        "1996-08-28": 200,
        "1996-05-14": 199,
        "1997-09-20": 198,
        "1997-03-10": 198,
        "1998-07-19": 198,
        "1998-03-30": 196,
        "1997-08-09": 196,
        "1997-09-05": 196,
        "1996-12-15": 196,
        "1998-05-12": 194,
        "1998-01-02": 193,
        "1997-07-21": 193,
        "1998-02-09": 192,
        "1996-09-22": 191,
        "1996-09-28": 189,
        "1997-12-26": 189,
        "1997-02-05": 189,
        "1998-03-08": 188,
        "1998-06-03": 188,
        "1998-02-15": 185,
        "1996-12-04": 177,
        "1998-03-15": 176,
        "1997-02-25": 175,
        "1998-03-12": 174,
        "1997-09-14": 173,
        "1997-05-02": 173,
        "1998-03-16": 173,
        "1998-01-29": 169,
        "1997-11-24": 168,
        "1997-06-18": 167,
        "1998-08-20": 166,
        "1997-09-15": 166,
        "1998-10-05": 166,
        "1997-05-06": 164,
        "1998-01-19": 162,
        "1997-06-02": 160,
        "1997-03-14": 153,
        "1997-10-07": 152,
        "1998-10-06": 152,
        "1998-02-28": 151,
        "1998-09-27": 150,
        "1998-12-05": 150,
        "1998-03-31": 149,
        "1998-07-16": 148,
        "1998-06-01": 147,
        "1998-07-29": 146,
        "1998-07-18": 146,
        "1997-12-31": 145,
        "1998-10-12": 144,
        "1998-06-16": 143,
        "1997-06-16": 142,
        "1997-12-10": 135,
        "1998-07-27": 134,
        "1998-10-07": 132,
        "1998-07-24": 131,
        "1998-01-06": 128,
        "1998-06-27": 127,
        "1998-01-04": 127,
        "1998-09-21": 126,
        "1997-02-08": 111,
        "1997-09-09": 108,
        "1998-11-25": 108,
        "1998-07-01": 105,
        "1998-06-06": 103,
        "1997-11-05": 101,
        "1998-08-15": 77,
        "1998-05-22": 76,
        "1998-02-10": 73,
        "1998-12-01": 72,
        "1998-10-08": 49
    },
    "nrows": 552017
}