{
    "column_id": "Financial/Financial.csvFinancial.csv/birth_date",
    "dataset_name": "Financial.csv",
    "dataset_id": "Financial/Financial.csv",
    "path": "/home/ubuntu/CatDB/Experiments/data/Financial/Financial.csv",
    "table_name": "Financial.csv",
    "table_id": "Financial/Financial.csvFinancial.csv",
    "column_name": "birth_date",
    "data_source": "Financial",
    "data_type": "date",
    "total_values_count": 552017,
    "distinct_values_count": 792,
    "missing_values_count": 0,
    "true_ratio": null,
    "min_value": null,
    "max_value": null,
    "mean": null,
    "median": null,
    "iqr": null,
    "category_values": [
        "1945-02-04",
        "1940-10-09",
        "1939-04-23",
        "1962-02-09",
        "1952-08-26",
        "1940-01-30",
        "1944-06-13",
        "1942-01-28",
        "1936-09-20",
        "1967-09-21",
        "1950-12-27",
        "1953-01-26",
        "1945-07-03",
        "1938-09-10",
        "1939-11-30",
        "1945-06-28",
        "1967-09-24",
        "1944-10-25",
        "1971-10-19",
        "1940-08-27",
        "1956-01-05",
        "1973-01-08",
        "1939-05-17",
        "1935-10-08",
        "1974-06-30",
        "1973-05-26",
        "1967-04-20",
        "1947-10-19",
        "1945-04-01",
        "1965-07-31",
        "1947-10-08",
        "1937-06-01",
        "1941-09-14",
        "1961-07-24",
        "1965-08-03",
        "1957-09-27",
        "1941-05-19",
        "1960-07-19",
        "1966-03-09",
        "1956-03-22",
        "1942-12-10",
        "1940-02-12",
        "1936-02-19",
        "1945-09-24",
        "1940-05-28",
        "1956-09-13",
        "1952-08-03",
        "1970-12-18",
        "1977-01-10",
        "1951-08-06",
        "1957-02-17",
        "1955-11-19",
        "1961-09-30",
        "1960-06-28",
        "1948-05-21",
        "1977-05-10",
        "1954-03-16",
        "1971-08-26",
        "1935-01-29",
        "1940-11-26",
        "1958-09-15",
        "1959-10-01",
        "1958-12-30",
        "1966-10-02",
        "1975-09-01",
        "1944-05-06",
        "1945-06-12",
        "1936-11-27",
        "1950-03-13",
        "1979-10-27",
        "1956-12-18",
        "1963-12-31",
        "1968-12-20",
        "1951-11-29",
        "1946-01-22",
        "1971-06-25",
        "1942-04-19",
        "1962-03-06",
        "1946-10-17",
        "1960-12-22",
        "1944-12-15",
        "1939-09-29",
        "1941-11-11",
        "1944-05-30",
        "1967-09-07",
        "1957-04-29",
        "1940-11-25",
        "1946-07-01",
        "1944-07-19",
        "1965-08-18",
        "1945-03-17",
        "1951-07-24",
        "1975-09-12",
        "1962-09-05",
        "1968-04-15",
        "1969-03-13",
        "1957-01-22",
        "1937-12-13",
        "1942-08-13",
        "1940-06-07",
        "1950-09-26",
        "1943-03-12",
        "1940-07-24",
        "1951-09-06",
        "1953-07-20",
        "1949-05-16",
        "1947-07-22",
        "1968-07-22",
        "1974-10-22",
        "1979-08-04",
        "1942-09-13",
        "1952-12-12",
        "1940-04-20",
        "1950-01-02",
        "1966-04-10",
        "1979-03-25",
        "1957-08-23",
        "1954-08-21",
        "1957-09-19",
        "1970-03-25",
        "1948-12-18",
        "1955-05-21",
        "1963-01-25",
        "1976-06-09",
        "1937-10-28",
        "1939-12-06",
        "1943-06-14",
        "1942-01-05",
        "1975-01-28",
        "1971-01-06",
        "1940-12-04",
        "1977-09-23",
        "1957-02-11",
        "1937-09-08",
        "1937-12-02",
        "1976-10-12",
        "1974-06-20",
        "1953-11-19",
        "1964-10-19",
        "1960-02-27",
        "1980-08-31",
        "1977-06-10",
        "1943-01-04",
        "1956-05-09",
        "1965-07-16",
        "1966-12-10",
        "1940-03-26",
        "1934-10-10",
        "1951-03-24",
        "1949-08-22",
        "1970-10-07",
        "1977-02-23",
        "1945-02-22",
        "1958-08-12",
        "1964-10-30",
        "1949-09-05",
        "1950-06-26",
        "1950-01-26",
        "1971-02-25",
        "1974-01-26",
        "1979-02-14",
        "1958-10-19",
        "1946-12-18",
        "1980-07-09",
        "1949-05-23",
        "1973-04-10",
        "1966-10-06",
        "1956-04-25",
        "1954-02-22",
        "1940-09-07",
        "1978-01-17",
        "1955-02-20",
        "1958-10-07",
        "1950-03-18",
        "1953-11-05",
        "1946-03-05",
        "1936-04-14",
        "1937-10-23",
        "1973-03-07",
        "1971-11-12",
        "1971-02-24",
        "1964-05-26",
        "1962-09-10",
        "1962-12-28",
        "1961-03-26",
        "1978-05-11",
        "1950-10-20",
        "1936-07-02",
        "1943-09-17",
        "1947-01-23",
        "1957-03-08",
        "1971-04-13",
        "1963-09-28",
        "1952-12-26",
        "1967-02-10",
        "1947-10-17",
        "1952-09-29",
        "1953-06-24",
        "1949-12-15",
        "1939-09-02",
        "1941-08-19",
        "1971-02-28",
        "1939-03-15",
        "1938-08-03",
        "1940-12-10",
        "1958-06-06",
        "1947-12-09",
        "1955-10-26",
        "1964-04-14",
        "1947-12-13",
        "1959-10-25",
        "1980-09-17",
        "1972-02-06",
        "1975-05-02",
        "1965-06-04",
        "1945-08-07",
        "1977-08-12",
        "1978-01-29",
        "1936-09-07",
        "1944-03-04",
        "1951-06-20",
        "1954-06-15",
        "1948-08-15",
        "1953-11-26",
        "1972-03-13",
        "1939-03-20",
        "1936-12-23",
        "1954-12-09",
        "1957-11-01",
        "1952-11-28",
        "1964-03-13",
        "1964-10-16",
        "1971-10-07",
        "1953-06-01",
        "1952-07-26",
        "1945-05-03",
        "1964-02-09",
        "1962-10-15",
        "1965-03-22",
        "1980-02-19",
        "1983-08-27",
        "1935-12-25",
        "1941-06-23",
        "1940-11-13",
        "1951-06-25",
        "1951-05-07",
        "1977-09-15",
        "1971-07-24",
        "1978-01-31",
        "1945-12-27",
        "1976-04-24",
        "1954-03-09",
        "1968-02-22",
        "1964-03-29",
        "1965-10-30",
        "1964-12-09",
        "1957-06-28",
        "1963-02-04",
        "1976-09-16",
        "1984-09-18",
        "1949-06-24",
        "1940-11-01",
        "1946-02-10",
        "1962-02-26",
        "1942-09-16",
        "1949-08-28",
        "1961-05-09",
        "1955-07-23",
        "1960-06-06",
        "1972-01-28",
        "1939-12-28",
        "1960-04-03",
        "1938-08-16",
        "1977-11-01",
        "1978-12-21",
        "1939-01-09",
        "1968-05-06",
        "1960-11-09",
        "1946-10-10",
        "1938-05-26",
        "1973-06-27",
        "1978-06-21",
        "1951-01-19",
        "1959-08-10",
        "1967-07-19",
        "1973-03-09",
        "1966-06-07",
        "1956-09-23",
        "1945-09-08",
        "1949-07-24",
        "1948-04-06",
        "1942-03-18",
        "1946-10-07",
        "1948-09-16",
        "1968-03-28",
        "1964-09-23",
        "1951-04-07",
        "1950-02-01",
        "1956-03-13",
        "1967-05-29",
        "1961-05-02",
        "1966-05-25",
        "1964-03-14",
        "1971-05-01",
        "1971-09-20",
        "1979-06-06",
        "1970-01-23",
        "1935-07-21",
        "1968-08-31",
        "1962-06-01",
        "1972-12-27",
        "1975-09-24",
        "1944-05-27",
        "1947-09-17",
        "1973-05-15",
        "1947-03-19",
        "1941-11-28",
        "1976-01-01",
        "1966-12-22",
        "1970-09-12",
        "1951-02-16",
        "1952-03-01",
        "1980-08-06",
        "1953-03-22",
        "1957-11-04",
        "1955-03-02",
        "1950-10-08",
        "1959-11-22",
        "1953-02-24",
        "1948-05-08",
        "1941-05-11",
        "1960-01-15",
        "1955-03-10",
        "1962-05-04",
        "1979-12-10",
        "1968-09-09",
        "1952-07-17",
        "1945-01-29",
        "1964-04-22",
        "1978-04-03",
        "1979-04-06",
        "1935-10-03",
        "1970-09-10",
        "1951-04-10",
        "1979-05-31",
        "1944-01-27",
        "1937-05-01",
        "1973-11-21",
        "1966-05-27",
        "1939-08-15",
        "1958-07-03",
        "1963-04-10",
        "1963-10-12",
        "1980-04-30",
        "1953-12-25",
        "1968-02-16",
        "1964-05-17",
        "1940-10-15",
        "1948-03-05",
        "1952-05-27",
        "1943-03-09",
        "1940-04-04",
        "1946-01-01",
        "1941-05-21",
        "1942-08-20",
        "1956-12-30",
        "1936-08-09",
        "1949-03-08",
        "1957-01-27",
        "1950-03-05",
        "1972-12-03",
        "1976-07-06",
        "1973-10-20",
        "1966-02-21",
        "1970-04-28",
        "1970-01-07",
        "1956-06-29",
        "1950-01-07",
        "1960-09-23",
        "1953-03-16",
        "1940-09-30",
        "1934-11-30",
        "1963-02-01",
        "1953-08-07",
        "1974-08-04",
        "1978-09-09",
        "1948-08-12",
        "1978-11-21",
        "1971-03-24",
        "1954-06-03",
        "1953-06-18",
        "1942-10-15",
        "1957-12-27",
        "1943-11-26",
        "1943-09-29",
        "1946-06-04",
        "1962-05-23",
        "1944-04-12",
        "1979-03-26",
        "1948-08-03",
        "1980-12-07",
        "1981-06-07",
        "1963-12-24",
        "1951-03-22",
        "1944-01-14",
        "1971-06-24",
        "1939-04-27",
        "1959-02-27",
        "1970-01-29",
        "1968-01-29",
        "1967-06-30",
        "1961-04-14",
        "1971-07-07",
        "1957-09-29",
        "1963-09-16",
        "1964-05-13",
        "1944-06-01",
        "1962-09-11",
        "1957-09-06",
        "1970-02-10",
        "1940-12-02",
        "1938-09-16",
        "1949-05-18",
        "1963-03-18",
        "1975-01-24",
        "1974-02-28",
        "1977-10-26",
        "1973-04-12",
        "1937-11-04",
        "1955-10-17",
        "1958-11-26",
        "1964-09-08",
        "1942-04-04",
        "1957-04-16",
        "1960-02-09",
        "1937-03-15",
        "1962-07-10",
        "1949-04-07",
        "1953-04-05",
        "1962-04-07",
        "1946-04-01",
        "1966-06-14",
        "1968-02-23",
        "1958-06-13",
        "1978-09-23",
        "1958-02-24",
        "1976-12-30",
        "1951-07-10",
        "1975-09-27",
        "1970-07-30",
        "1976-01-06",
        "1946-01-19",
        "1966-05-11",
        "1964-01-30",
        "1965-10-17",
        "1966-10-24",
        "1978-06-29",
        "1976-08-08",
        "1966-11-29",
        "1950-07-27",
        "1965-04-06",
        "1971-02-10",
        "1979-11-02",
        "1963-03-12",
        "1976-05-08",
        "1944-05-31",
        "1979-06-08",
        "1966-02-01",
        "1969-09-04",
        "1979-12-06",
        "1960-05-21",
        "1966-05-08",
        "1966-05-06",
        "1968-01-06",
        "1961-09-11",
        "1943-04-19",
        "1979-12-25",
        "1947-05-24",
        "1945-05-10",
        "1971-12-03",
        "1957-12-31",
        "1948-05-02",
        "1948-10-26",
        "1939-04-13",
        "1941-11-12",
        "1954-05-11",
        "1971-08-28",
        "1967-02-12",
        "1943-01-07",
        "1955-08-14",
        "1962-07-12",
        "1948-04-11",
        "1948-07-10",
        "1940-07-07",
        "1953-04-11",
        "1939-12-25",
        "1956-05-07",
        "1955-08-26",
        "1958-04-05",
        "1958-10-26",
        "1967-08-22",
        "1972-12-10",
        "1973-07-19",
        "1975-06-26",
        "1975-12-20",
        "1974-03-22",
        "1950-04-10",
        "1950-11-09",
        "1970-11-09",
        "1965-05-09",
        "1943-10-11",
        "1942-05-05",
        "1941-12-07",
        "1978-09-26",
        "1958-08-21",
        "1955-11-02",
        "1947-05-15",
        "1950-07-18",
        "1942-04-14",
        "1968-01-28",
        "1949-02-16",
        "1958-05-27",
        "1945-01-26",
        "1937-09-03",
        "1944-11-13",
        "1948-05-04",
        "1970-02-19",
        "1951-11-16",
        "1977-11-30",
        "1952-11-10",
        "1959-02-03",
        "1954-12-05",
        "1951-06-05",
        "1969-02-17",
        "1960-06-23",
        "1961-03-05",
        "1950-03-02",
        "1964-09-21",
        "1960-03-17",
        "1945-08-03",
        "1943-06-15",
        "1967-07-01",
        "1967-03-17",
        "1970-12-10",
        "1942-12-08",
        "1967-07-10",
        "1972-06-23",
        "1941-10-15",
        "1968-04-14",
        "1960-04-20",
        "1945-10-03",
        "1950-06-19",
        "1958-07-07",
        "1962-06-07",
        "1973-03-20",
        "1968-10-30",
        "1968-04-17",
        "1965-10-29",
        "1964-07-01",
        "1969-12-25",
        "1980-03-14",
        "1976-02-06",
        "1978-01-05",
        "1938-01-06",
        "1976-05-24",
        "1979-08-13",
        "1980-02-16",
        "1985-10-19",
        "1975-10-27",
        "1940-05-11",
        "1958-09-27",
        "1956-10-11",
        "1970-01-25",
        "1976-11-16",
        "1979-06-19",
        "1962-09-03",
        "1959-06-07",
        "1961-09-14",
        "1958-11-10",
        "1976-07-10",
        "1965-02-17",
        "1943-08-15",
        "1964-08-09",
        "1948-08-28",
        "1950-12-04",
        "1955-10-20",
        "1937-11-11",
        "1950-01-15",
        "1980-09-12",
        "1952-02-16",
        "1945-02-23",
        "1935-12-15",
        "1949-01-07",
        "1954-03-19",
        "1942-11-09",
        "1971-08-03",
        "1962-07-16",
        "1949-08-25",
        "1938-05-03",
        "1943-04-28",
        "1946-03-31",
        "1971-08-04",
        "1980-01-27",
        "1976-03-19",
        "1979-05-13",
        "1972-08-04",
        "1957-11-23",
        "1944-06-15",
        "1961-10-03",
        "1964-06-13",
        "1967-12-19",
        "1947-11-16",
        "1957-05-04",
        "1955-11-04",
        "1953-07-09",
        "1959-01-29",
        "1957-02-01",
        "1971-04-10",
        "1979-06-10",
        "1948-01-29",
        "1965-01-22",
        "1961-04-08",
        "1957-07-26",
        "1965-07-14",
        "1953-12-05",
        "1957-03-05",
        "1946-09-23",
        "1965-12-08",
        "1938-09-25",
        "1936-08-26",
        "1937-12-08",
        "1969-04-14",
        "1963-04-18",
        "1940-11-27",
        "1960-10-20",
        "1936-06-02",
        "1947-10-21",
        "1961-01-31",
        "1969-04-03",
        "1972-08-20",
        "1972-04-19",
        "1966-01-11",
        "1941-11-04",
        "1961-09-28",
        "1952-05-28",
        "1951-04-06",
        "1979-07-26",
        "1964-07-29",
        "1970-11-15",
        "1980-05-02",
        "1974-07-08",
        "1959-07-17",
        "1938-11-09",
        "1940-05-21",
        "1966-01-22",
        "1944-04-20",
        "1951-06-12",
        "1954-08-24",
        "1972-04-03",
        "1980-01-28",
        "1965-07-23",
        "1948-10-18",
        "1945-01-23",
        "1949-04-14",
        "1961-08-03",
        "1967-06-19",
        "1951-04-11",
        "1945-07-04",
        "1966-11-03",
        "1971-09-12",
        "1944-12-12",
        "1970-04-02",
        "1957-12-01",
        "1937-09-02",
        "1934-11-19",
        "1963-11-20",
        "1969-01-19",
        "1967-06-23",
        "1941-09-13",
        "1944-12-03",
        "1945-11-16",
        "1939-10-24",
        "1939-10-27",
        "1944-07-01",
        "1971-10-09",
        "1977-12-09",
        "1976-06-23",
        "1943-05-30",
        "1936-09-30",
        "1972-08-12",
        "1939-02-27",
        "1968-09-07",
        "1964-06-26",
        "1980-11-23",
        "1982-06-25",
        "1961-08-19",
        "1974-04-05",
        "1978-11-29",
        "1944-04-08",
        "1943-07-05",
        "1935-10-13",
        "1959-02-17",
        "1946-08-27",
        "1955-11-29",
        "1963-05-13",
        "1970-01-17",
        "1973-06-02",
        "1973-05-30",
        "1974-01-03",
        "1965-03-07",
        "1959-12-17",
        "1969-07-04",
        "1965-04-10",
        "1963-10-13",
        "1966-06-20",
        "1947-01-30",
        "1956-01-01",
        "1965-01-26",
        "1958-12-07",
        "1962-07-20",
        "1979-03-16",
        "1968-03-21",
        "1964-09-29",
        "1960-10-29",
        "1958-01-17",
        "1940-05-25",
        "1960-08-20",
        "1959-11-01",
        "1949-01-21",
        "1969-08-12",
        "1964-10-14",
        "1939-07-27",
        "1953-05-05",
        "1946-10-15",
        "1976-05-21",
        "1958-01-20",
        "1941-03-12",
        "1970-10-12",
        "1965-01-13",
        "1956-02-18",
        "1980-04-18",
        "1950-03-16",
        "1978-12-15",
        "1976-11-25",
        "1962-11-03",
        "1938-10-19",
        "1956-11-28",
        "1937-05-17",
        "1959-07-01",
        "1942-01-13",
        "1977-05-27",
        "1944-08-01",
        "1938-02-09",
        "1977-01-20",
        "1956-04-15",
        "1942-09-18",
        "1958-08-13",
        "1954-03-20",
        "1951-11-17",
        "1970-05-05",
        "1968-07-08",
        "1955-11-18",
        "1960-10-31",
        "1955-12-08",
        "1969-05-25",
        "1978-09-07",
        "1976-03-18",
        "1958-07-19",
        "1974-07-07",
        "1977-08-03",
        "1941-07-28",
        "1963-05-15",
        "1970-07-26",
        "1955-06-09",
        "1963-05-12",
        "1957-04-23",
        "1959-05-23",
        "1963-05-16",
        "1976-01-20",
        "1980-11-13",
        "1979-07-20",
        "1947-11-14",
        "1948-07-31",
        "1973-02-16",
        "1972-01-26",
        "1975-11-20",
        "1979-02-22",
        "1952-09-09",
        "1945-10-30",
        "1943-04-06",
        "1968-04-13",
        "1962-10-19"
    ],
    "embedding": [
        -0.9999999403953552,
        0.9999999403953552,
        0.9999999403953552,
        0.9999999403953552,
        0.9999999403953552,
        0.9999999403953552,
        0.9999999403953552,
        -0.6191366314888,
        -0.9999999403953552,
        -0.9999999403953552,
        -0.9999999403953552,
        -0.9999999403953552,
        0.9999999403953552,
        -0.9999999403953552,
        0.9999999403953552,
        0.9999999403953552,
        0.9999999403953552,
        0.9999999403953552,
        1.0,
        -0.9999999403953552,
        0.9999999403953552,
        0.9999999403953552,
        -0.9999999403953552,
        0.9999999403953552,
        0.9999920129776001,
        0.9999999403953552,
        -0.9999999403953552,
        0.9999999403953552,
        0.9999999403953552,
        0.9999999403953552,
        -0.9999999403953552,
        0.9999999403953552,
        0.9999999403953552,
        -0.9999999403953552,
        -0.9999999403953552,
        0.9999999403953552,
        0.9999999403953552,
        -0.9999999403953552,
        -1.0,
        0.9999999403953552,
        0.9999999403953552,
        0.9999999403953552,
        0.999957263469696,
        0.9999999403953552,
        0.9999999403953552,
        0.9999999403953552,
        0.9999999403953552,
        0.9999999403953552,
        0.9999999403953552,
        0.9999999403953552,
        -0.9999999403953552,
        -0.9999999403953552,
        -0.9999999403953552,
        0.9999999403953552,
        0.9999999403953552,
        0.9999999403953552,
        -0.9999999403953552,
        0.9999999403953552,
        0.9999999403953552,
        0.9999999403953552,
        0.9999999403953552,
        -0.9999999403953552,
        0.9999999403953552,
        -0.9999999403953552,
        -0.9999999403953552,
        0.9999999403953552,
        0.9999999403953552,
        0.9999999403953552,
        -0.9999999403953552,
        -0.9999999403953552,
        0.9999999403953552,
        0.9999999403953552,
        0.9999999403953552,
        0.9999999403953552,
        0.9999999403953552,
        0.9999999403953552,
        0.9999999403953552,
        0.9999999403953552,
        0.9999999403953552,
        -0.9999999403953552,
        -0.9999999403953552,
        1.0,
        -0.9999999403953552,
        0.9999999403953552,
        0.9999999403953552,
        0.9999999403953552,
        -0.9999999403953552,
        -0.9999999403953552,
        0.9999999403953552,
        -0.9999999403953552,
        -0.9999999403953552,
        -0.9999999403953552,
        -0.9999999403953552,
        -0.9999999403953552,
        0.9999999403953552,
        0.9999999403953552,
        0.9999999403953552,
        -0.9999999403953552,
        -1.0,
        0.9999999403953552,
        -0.9999569058418274,
        -0.9999999403953552,
        0.9999999403953552,
        -0.9999999403953552,
        0.9999999403953552,
        0.9999999403953552,
        -0.9999999403953552,
        -0.9999999403953552,
        0.9999999403953552,
        0.9999999403953552,
        -0.9999999403953552,
        1.0,
        0.9999921321868896,
        0.9999999403953552,
        0.9999999403953552,
        -0.9999999403953552,
        0.9999999403953552,
        -1.0,
        0.9999999403953552,
        -0.9999999403953552,
        0.9999999403953552,
        -0.9999999403953552,
        0.9999999403953552,
        0.9999999403953552,
        -0.9999999403953552,
        0.9999999403953552,
        -0.9999999403953552,
        -0.9999999403953552,
        0.9999999403953552,
        0.5901352167129517,
        -0.9999999403953552,
        0.9999999403953552,
        -0.9999999403953552,
        -0.9999704360961914,
        0.9999999403953552,
        -0.9999999403953552,
        0.9999999403953552,
        -0.9999999403953552,
        -0.9999999403953552,
        0.9999999403953552,
        -0.9999999403953552,
        -0.9999999403953552,
        0.9999999403953552,
        -0.9999999403953552,
        0.9999999403953552,
        0.9999999403953552,
        -0.9999999403953552,
        0.9999999403953552,
        0.9999999403953552,
        0.9999999403953552,
        0.9999999403953552,
        0.9999999403953552,
        -0.9999999403953552,
        0.9999999403953552,
        -0.9999619126319885,
        0.9999999403953552,
        0.9999999403953552,
        -0.9999999403953552,
        -0.9999999403953552,
        0.9999999403953552,
        0.9999999403953552,
        0.9999999403953552,
        0.9999999403953552,
        0.9999999403953552,
        0.9999999403953552,
        0.9999999403953552,
        -0.9999999403953552,
        -0.9999999403953552,
        0.9999999403953552,
        -0.9999999403953552,
        0.9999999403953552,
        0.9999999403953552,
        -0.9999999403953552,
        -0.9999999403953552,
        -0.9999991655349731,
        0.9999999403953552,
        -0.9999999403953552,
        0.9999999403953552,
        -0.9999999403953552,
        0.9999999403953552,
        -0.9999999403953552,
        -0.9999999403953552,
        1.0,
        0.9999999403953552,
        0.9999999403953552,
        -0.9999999403953552,
        -0.9999999403953552,
        0.9999999403953552,
        0.9999999403953552,
        -0.9999999403953552,
        0.9999999403953552,
        -0.9999999403953552,
        0.9999999403953552,
        -0.9999999403953552,
        -0.9999999403953552,
        0.9999999403953552,
        -0.9999999403953552,
        -0.9999999403953552,
        0.9999999403953552,
        -0.9999999403953552,
        1.0,
        0.9999999403953552,
        0.9999999403953552,
        -0.9999999403953552,
        0.9999999403953552,
        -1.0,
        -0.9999999403953552,
        0.5906535983085632,
        0.9999999403953552,
        -0.9999999403953552,
        -0.9999999403953552,
        -0.9999999403953552,
        0.9999999403953552,
        0.9999999403953552,
        -0.9999999403953552,
        0.9999999403953552,
        -0.9999999403953552,
        0.9999999403953552,
        0.9999999403953552,
        -0.9999999403953552,
        -0.9999999403953552,
        0.9999999403953552,
        1.0,
        0.9999999403953552,
        -0.9999999403953552,
        -0.9999999403953552,
        0.9999999403953552,
        -0.9999999403953552,
        -0.9999999403953552,
        -0.9999999403953552,
        0.9999999403953552,
        -0.9999999403953552,
        -0.9999999403953552,
        0.9999999403953552,
        0.9999999403953552,
        0.9999999403953552,
        0.9999999403953552,
        0.9999999403953552,
        -0.9999999403953552,
        0.9999999403953552,
        0.577603816986084,
        0.9999999403953552,
        0.9999999403953552,
        -0.9999999403953552,
        0.5909495949745178,
        0.9999633431434631,
        -0.9999999403953552,
        -0.9999999403953552,
        -0.9999999403953552,
        -0.9999999403953552,
        0.9999999403953552,
        0.9999999403953552,
        0.9999999403953552,
        -0.9999999403953552,
        -0.9999999403953552,
        0.9999999403953552,
        0.9999999403953552,
        0.9999999403953552,
        0.9999745488166809,
        0.9999999403953552,
        -0.9999999403953552,
        0.9999999403953552,
        0.9999999403953552,
        -0.9999999403953552,
        0.6002890467643738,
        0.9999999403953552,
        -0.9999999403953552,
        -0.9999999403953552,
        -0.9999999403953552,
        -0.9999999403953552,
        0.9999999403953552,
        -0.9999999403953552,
        0.9999999403953552,
        -0.9999999403953552,
        0.9999999403953552,
        1.0,
        -0.9999999403953552,
        -0.9999999403953552,
        0.6016781330108643,
        0.9999999403953552,
        -0.9999999403953552,
        -0.9999999403953552,
        -0.9999999403953552,
        -0.9999999403953552,
        0.9999999403953552,
        0.9999999403953552,
        0.9999999403953552,
        0.9999999403953552,
        0.9999999403953552,
        -0.9999999403953552,
        -0.9999999403953552,
        -0.9999999403953552,
        0.9999999403953552,
        0.9999999403953552,
        -0.9999999403953552,
        -0.9999999403953552,
        -0.9999999403953552,
        -0.9999999403953552,
        0.9999999403953552,
        -0.9999999403953552
    ],
    "embedding_scaling_factor": 0.8737667202949524,
    "samples": [
        "1968-02-16",
        "1953-03-16",
        "1963-02-01",
        "1960-08-20",
        "1940-10-09",
        "1965-01-22",
        "1966-11-29",
        "1950-01-07",
        "1948-10-18",
        "1937-11-04",
        "1945-02-22",
        "1936-06-02",
        "1966-01-22",
        "1936-08-09",
        "1963-05-16",
        "1964-05-17",
        "1980-11-23",
        "1946-01-22",
        "1956-05-07",
        "1946-06-04",
        "1969-04-14",
        "1949-01-21",
        "1972-12-27",
        "1954-03-16",
        "1940-02-12",
        "1962-04-07",
        "1976-03-18",
        "1950-07-27",
        "1954-03-16",
        "1976-05-24",
        "1978-01-31",
        "1939-09-02",
        "1965-07-16",
        "1954-03-20",
        "1973-03-20",
        "1954-03-09",
        "1942-11-09",
        "1951-07-24",
        "1974-07-07",
        "1960-08-20",
        "1969-04-14",
        "1948-05-21",
        "1956-02-18",
        "1959-05-23",
        "1956-12-18",
        "1976-03-18",
        "1954-03-19",
        "1977-02-23",
        "1958-01-17",
        "1952-05-27",
        "1972-04-19",
        "1938-02-09",
        "1979-06-10",
        "1954-03-19",
        "1940-12-04",
        "1963-01-25",
        "1970-05-05",
        "1957-04-23",
        "1939-11-30",
        "1951-09-06",
        "1954-12-05",
        "1934-11-19",
        "1945-08-07",
        "1957-09-06",
        "1970-05-05",
        "1943-08-15",
        "1972-02-06",
        "1944-05-06",
        "1959-11-22",
        "1948-05-04",
        "1970-03-25",
        "1958-12-30",
        "1971-04-13",
        "1967-02-12",
        "1978-01-31",
        "1943-06-14",
        "1938-05-03",
        "1972-02-06",
        "1944-04-20",
        "1951-09-06",
        "1963-03-12",
        "1949-01-07",
        "1948-05-02",
        "1975-10-27",
        "1984-09-18",
        "1964-09-08",
        "1957-09-27",
        "1984-09-18",
        "1950-02-01",
        "1951-04-10",
        "1938-05-03",
        "1940-12-02",
        "1970-02-19",
        "1938-05-26",
        "1951-04-10",
        "1978-01-17",
        "1963-10-13",
        "1950-06-26",
        "1970-10-07",
        "1949-01-07"
    ],
    "category_values_ratio": {
        "1949-03-08": 4391,
        "1972-02-06": 3436,
        "1980-02-16": 3375,
        "1985-10-19": 3375,
        "1940-11-01": 3325,
        "1946-02-10": 3325,
        "1962-09-11": 3140,
        "1948-05-04": 2955,
        "1939-11-30": 2860,
        "1945-06-28": 2860,
        "1948-10-26": 2835,
        "1948-05-02": 2835,
        "1952-07-26": 2658,
        "1979-02-14": 2540,
        "1968-07-22": 2532,
        "1963-01-25": 2486,
        "1965-01-22": 2444,
        "1975-05-02": 2436,
        "1936-06-02": 2420,
        "1951-09-06": 2415,
        "1950-01-07": 2404,
        "1976-05-21": 2392,
        "1939-01-09": 2336,
        "1938-09-16": 2320,
        "1977-11-30": 2316,
        "1962-02-09": 2192,
        "1945-09-24": 2186,
        "1965-02-17": 2128,
        "1978-01-31": 2120,
        "1978-11-21": 2120,
        "1939-04-27": 2085,
        "1954-12-05": 2070,
        "1954-03-16": 2044,
        "1956-03-13": 1985,
        "1940-07-24": 1960,
        "1974-07-08": 1947,
        "1980-05-02": 1929,
        "1974-08-04": 1920,
        "1978-09-09": 1920,
        "1945-02-04": 1912,
        "1940-10-09": 1912,
        "1967-02-10": 1902,
        "1973-05-30": 1880,
        "1974-01-03": 1880,
        "1970-09-10": 1856,
        "1943-01-07": 1850,
        "1949-01-21": 1760,
        "1953-12-05": 1740,
        "1972-12-10": 1724,
        "1962-10-19": 1720,
        "1961-07-24": 1720,
        "1978-09-07": 1713,
        "1979-03-26": 1695,
        "1957-06-28": 1684,
        "1961-09-28": 1683,
        "1970-10-07": 1682,
        "1977-02-23": 1682,
        "1951-04-10": 1680,
        "1953-12-25": 1665,
        "1953-06-01": 1660,
        "1944-11-13": 1660,
        "1937-05-17": 1650,
        "1946-12-18": 1645,
        "1968-09-07": 1641,
        "1964-08-09": 1632,
        "1954-03-19": 1629,
        "1949-01-07": 1629,
        "1972-12-27": 1624,
        "1974-03-22": 1615,
        "1940-12-04": 1614,
        "1964-10-14": 1610,
        "1966-10-06": 1600,
        "1945-10-03": 1599,
        "1937-09-02": 1590,
        "1934-11-19": 1590,
        "1976-09-16": 1560,
        "1984-09-18": 1560,
        "1965-06-04": 1536,
        "1961-08-19": 1528,
        "1939-04-13": 1516,
        "1938-08-03": 1515,
        "1940-12-10": 1515,
        "1943-05-30": 1504,
        "1936-09-30": 1504,
        "1974-06-30": 1504,
        "1950-06-26": 1500,
        "1957-01-22": 1497,
        "1943-09-29": 1495,
        "1968-02-16": 1495,
        "1946-06-04": 1495,
        "1967-02-12": 1480,
        "1940-08-27": 1473,
        "1947-01-30": 1455,
        "1973-02-16": 1452,
        "1963-04-18": 1440,
        "1969-04-14": 1440,
        "1950-02-01": 1434,
        "1951-04-07": 1434,
        "1976-11-25": 1419,
        "1966-12-10": 1413,
        "1943-06-14": 1410,
        "1942-01-05": 1410,
        "1942-09-13": 1410,
        "1945-01-26": 1409,
        "1980-11-23": 1395,
        "1982-06-25": 1395,
        "1953-04-05": 1386,
        "1957-09-06": 1377,
        "1959-08-10": 1374,
        "1946-10-15": 1371,
        "1942-01-28": 1370,
        "1936-09-20": 1370,
        "1973-06-27": 1363,
        "1942-11-09": 1356,
        "1949-06-24": 1350,
        "1956-05-07": 1347,
        "1965-08-03": 1332,
        "1978-01-29": 1317,
        "1977-08-12": 1317,
        "1980-04-30": 1284,
        "1979-06-08": 1276,
        "1946-01-22": 1270,
        "1961-09-14": 1269,
        "1958-11-10": 1269,
        "1951-01-19": 1264,
        "1967-07-19": 1252,
        "1938-10-19": 1245,
        "1955-08-26": 1240,
        "1946-10-17": 1227,
        "1972-01-26": 1212,
        "1964-03-13": 1190,
        "1943-08-15": 1176,
        "1945-05-10": 1165,
        "1959-02-17": 1160,
        "1972-06-23": 1156,
        "1979-06-10": 1152,
        "1971-04-10": 1152,
        "1951-11-29": 1150,
        "1958-06-13": 1148,
        "1944-06-13": 1146,
        "1944-08-01": 1144,
        "1938-02-09": 1144,
        "1954-03-09": 1140,
        "1968-04-13": 1134,
        "1956-09-13": 1124,
        "1936-02-19": 1104,
        "1940-02-12": 1104,
        "1971-08-03": 1098,
        "1967-09-24": 1096,
        "1943-01-04": 1096,
        "1942-09-18": 1089,
        "1947-11-16": 1080,
        "1970-01-25": 1070,
        "1976-11-16": 1070,
        "1945-05-03": 1060,
        "1959-11-22": 1059,
        "1950-01-15": 1054,
        "1959-06-07": 1050,
        "1962-09-03": 1050,
        "1966-01-22": 1041,
        "1940-01-30": 1040,
        "1969-08-12": 1040,
        "1964-09-21": 1038,
        "1977-12-09": 1038,
        "1971-10-09": 1038,
        "1960-03-17": 1038,
        "1942-10-15": 1029,
        "1944-05-31": 1024,
        "1960-11-09": 1020,
        "1970-02-19": 1017,
        "1979-06-19": 1017,
        "1967-05-29": 1005,
        "1964-06-26": 1004,
        "1967-12-19": 1000,
        "1971-11-12": 996,
        "1971-02-24": 996,
        "1950-07-27": 996,
        "1957-09-19": 996,
        "1969-12-25": 993,
        "1961-09-30": 986,
        "1962-05-04": 985,
        "1957-04-23": 984,
        "1963-05-12": 984,
        "1959-11-01": 974,
        "1960-08-20": 974,
        "1971-03-24": 965,
        "1941-09-13": 962,
        "1941-08-19": 946,
        "1939-09-02": 946,
        "1962-12-28": 946,
        "1961-03-26": 946,
        "1944-06-15": 942,
        "1980-01-28": 940,
        "1957-12-31": 940,
        "1940-04-20": 924,
        "1954-03-20": 920,
        "1964-05-17": 915,
        "1944-12-12": 914,
        "1968-01-29": 909,
        "1972-04-03": 908,
        "1940-10-15": 906,
        "1951-07-10": 904,
        "1950-12-04": 902,
        "1948-08-28": 902,
        "1964-03-29": 897,
        "1965-10-30": 897,
        "1968-12-20": 894,
        "1971-12-03": 892,
        "1970-12-18": 882,
        "1977-01-10": 882,
        "1979-03-16": 882,
        "1957-11-04": 882,
        "1955-11-18": 882,
        "1950-10-20": 880,
        "1951-11-17": 875,
        "1950-11-09": 866,
        "1950-04-10": 866,
        "1959-01-29": 866,
        "1944-04-20": 862,
        "1969-02-17": 858,
        "1970-05-05": 856,
        "1968-07-08": 856,
        "1951-06-12": 856,
        "1954-08-24": 856,
        "1963-02-01": 854,
        "1962-06-01": 849,
        "1955-10-20": 844,
        "1976-08-08": 843,
        "1953-05-05": 842,
        "1945-12-27": 840,
        "1959-05-23": 832,
        "1964-09-08": 832,
        "1958-11-26": 832,
        "1936-12-23": 831,
        "1958-04-05": 830,
        "1947-10-17": 826,
        "1965-10-29": 826,
        "1965-07-16": 824,
        "1976-03-19": 812,
        "1943-06-15": 812,
        "1945-08-03": 812,
        "1980-01-27": 812,
        "1980-08-06": 807,
        "1962-07-12": 802,
        "1955-08-14": 802,
        "1976-07-10": 801,
        "1949-05-23": 800,
        "1965-07-31": 798,
        "1952-08-26": 796,
        "1973-11-21": 796,
        "1973-03-20": 789,
        "1968-10-30": 784,
        "1943-03-09": 784,
        "1968-04-17": 784,
        "1979-04-06": 783,
        "1980-03-14": 777,
        "1958-08-21": 774,
        "1968-03-28": 774,
        "1964-09-23": 774,
        "1936-04-14": 768,
        "1979-10-27": 768,
        "1937-10-23": 768,
        "1943-11-26": 764,
        "1940-11-27": 760,
        "1963-04-10": 759,
        "1958-07-03": 759,
        "1948-01-29": 756,
        "1979-12-06": 752,
        "1953-03-22": 752,
        "1938-05-03": 750,
        "1943-04-28": 750,
        "1961-05-02": 744,
        "1966-05-25": 744,
        "1957-05-04": 741,
        "1958-12-30": 738,
        "1952-12-12": 736,
        "1956-04-25": 734,
        "1973-05-15": 732,
        "1958-10-07": 722,
        "1960-06-28": 722,
        "1979-11-02": 720,
        "1952-12-26": 717,
        "1957-04-29": 716,
        "1964-07-29": 714,
        "1970-11-15": 714,
        "1945-02-22": 712,
        "1971-07-24": 704,
        "1947-09-17": 704,
        "1957-09-27": 704,
        "1966-06-20": 702,
        "1958-06-06": 702,
        "1950-06-19": 696,
        "1943-07-05": 690,
        "1935-10-13": 690,
        "1939-04-23": 680,
        "1979-07-20": 678,
        "1980-11-13": 678,
        "1975-12-20": 672,
        "1974-06-20": 672,
        "1965-04-06": 666,
        "1956-11-28": 666,
        "1942-04-19": 663,
        "1967-08-22": 660,
        "1953-07-20": 660,
        "1964-07-01": 660,
        "1935-01-29": 660,
        "1964-10-30": 658,
        "1949-02-16": 654,
        "1963-12-24": 654,
        "1945-04-01": 648,
        "1970-03-25": 648,
        "1947-10-19": 648,
        "1944-05-06": 646,
        "1974-07-07": 642,
        "1946-09-23": 642,
        "1947-01-23": 640,
        "1963-02-04": 640,
        "1963-10-13": 639,
        "1966-02-21": 639,
        "1950-03-18": 634,
        "1953-11-05": 634,
        "1936-11-27": 632,
        "1975-10-27": 630,
        "1937-05-01": 630,
        "1953-01-26": 627,
        "1957-07-26": 618,
        "1942-09-16": 618,
        "1961-04-08": 618,
        "1941-12-07": 615,
        "1953-11-19": 612,
        "1945-10-30": 608,
        "1956-02-18": 608,
        "1943-04-06": 608,
        "1980-07-09": 606,
        "1965-07-23": 604,
        "1955-05-21": 604,
        "1971-08-26": 600,
        "1951-06-25": 600,
        "1973-04-10": 597,
        "1948-03-05": 584,
        "1952-05-27": 584,
        "1962-05-23": 582,
        "1934-11-30": 576,
        "1940-09-30": 576,
        "1971-02-25": 572,
        "1940-07-07": 570,
        "1938-05-26": 568,
        "1961-09-11": 566,
        "1954-06-03": 566,
        "1968-01-06": 566,
        "1962-04-07": 564,
        "1964-04-22": 550,
        "1976-07-06": 546,
        "1965-12-08": 540,
        "1978-05-11": 540,
        "1939-12-25": 539,
        "1958-07-07": 538,
        "1953-03-16": 534,
        "1941-03-12": 531,
        "1958-08-13": 531,
        "1955-02-20": 530,
        "1940-05-28": 526,
        "1959-07-17": 526,
        "1975-01-28": 525,
        "1944-05-30": 525,
        "1941-11-11": 525,
        "1966-02-01": 525,
        "1958-01-17": 520,
        "1960-10-29": 520,
        "1952-09-29": 519,
        "1947-11-14": 519,
        "1937-10-28": 512,
        "1963-10-12": 508,
        "1964-05-13": 502,
        "1943-09-17": 501,
        "1977-11-01": 501,
        "1936-07-02": 501,
        "1968-01-28": 500,
        "1976-03-18": 499,
        "1965-03-07": 499,
        "1959-07-01": 490,
        "1948-04-06": 490,
        "1939-12-06": 488,
        "1958-02-24": 488,
        "1956-12-18": 486,
        "1971-02-10": 479,
        "1953-07-09": 477,
        "1955-11-04": 477,
        "1979-05-31": 474,
        "1969-05-25": 474,
        "1946-01-19": 473,
        "1965-04-10": 471,
        "1944-07-01": 471,
        "1939-10-27": 471,
        "1975-11-20": 465,
        "1957-09-29": 464,
        "1952-07-17": 464,
        "1977-08-03": 464,
        "1945-01-29": 464,
        "1970-04-28": 462,
        "1938-11-09": 460,
        "1940-05-21": 460,
        "1963-11-20": 460,
        "1948-08-12": 458,
        "1980-08-31": 456,
        "1977-06-10": 456,
        "1957-01-27": 454,
        "1950-03-05": 454,
        "1958-12-07": 453,
        "1978-06-29": 448,
        "1978-12-15": 447,
        "1935-10-08": 446,
        "1939-05-17": 446,
        "1941-10-15": 442,
        "1940-12-02": 441,
        "1966-10-24": 438,
        "1970-01-17": 438,
        "1973-06-02": 438,
        "1948-05-21": 436,
        "1958-05-27": 435,
        "1971-09-20": 431,
        "1978-09-23": 431,
        "1979-06-06": 431,
        "1971-06-25": 429,
        "1958-10-19": 428,
        "1967-03-17": 428,
        "1972-03-13": 427,
        "1971-04-13": 426,
        "1950-09-26": 426,
        "1963-09-28": 426,
        "1979-08-13": 425,
        "1976-05-24": 425,
        "1964-04-14": 424,
        "1961-10-03": 423,
        "1964-06-13": 423,
        "1978-01-05": 423,
        "1976-02-06": 423,
        "1940-05-11": 422,
        "1939-03-15": 422,
        "1940-09-07": 420,
        "1957-08-23": 418,
        "1954-08-21": 418,
        "1976-06-23": 416,
        "1968-04-14": 416,
        "1956-09-23": 416,
        "1960-04-20": 416,
        "1968-02-22": 414,
        "1944-03-04": 412,
        "1945-06-12": 412,
        "1961-01-31": 412,
        "1936-09-07": 412,
        "1935-10-03": 410,
        "1937-11-04": 408,
        "1951-06-05": 408,
        "1972-12-03": 408,
        "1949-07-24": 407,
        "1972-08-12": 407,
        "1939-02-27": 406,
        "1951-08-06": 406,
        "1960-06-23": 406,
        "1961-03-05": 406,
        "1975-01-24": 404,
        "1951-04-06": 404,
        "1952-05-28": 404,
        "1957-03-05": 403,
        "1953-06-18": 403,
        "1941-07-28": 403,
        "1947-07-22": 403,
        "1967-07-10": 403,
        "1963-03-12": 402,
        "1960-02-09": 401,
        "1945-01-23": 400,
        "1948-10-18": 400,
        "1959-12-17": 399,
        "1944-04-08": 399,
        "1971-02-28": 398,
        "1939-12-28": 398,
        "1962-07-10": 398,
        "1937-03-15": 396,
        "1950-03-13": 393,
        "1951-04-11": 392,
        "1945-07-04": 392,
        "1941-05-11": 392,
        "1955-11-19": 392,
        "1948-05-08": 392,
        "1949-05-18": 391,
        "1975-09-12": 389,
        "1942-04-04": 388,
        "1941-11-28": 388,
        "1947-03-19": 388,
        "1958-10-26": 386,
        "1979-05-13": 384,
        "1968-03-21": 382,
        "1957-11-23": 382,
        "1964-09-29": 382,
        "1976-01-06": 381,
        "1935-12-25": 380,
        "1947-10-08": 379,
        "1963-12-31": 379,
        "1972-01-28": 376,
        "1956-03-22": 376,
        "1973-03-07": 375,
        "1948-07-10": 374,
        "1948-04-11": 374,
        "1977-05-27": 373,
        "1960-12-22": 372,
        "1976-10-12": 370,
        "1978-06-21": 370,
        "1949-12-15": 369,
        "1951-11-16": 366,
        "1966-11-03": 364,
        "1946-07-01": 364,
        "1944-07-19": 364,
        "1958-07-19": 362,
        "1970-04-02": 360,
        "1972-08-04": 359,
        "1962-09-10": 358,
        "1964-05-26": 358,
        "1960-05-21": 357,
        "1971-06-24": 355,
        "1937-09-03": 355,
        "1946-04-01": 354,
        "1966-05-11": 354,
        "1970-02-10": 353,
        "1956-01-05": 352,
        "1936-08-26": 348,
        "1938-09-25": 348,
        "1978-09-26": 342,
        "1948-07-31": 340,
        "1951-05-07": 339,
        "1969-03-13": 339,
        "1945-02-23": 339,
        "1942-04-14": 338,
        "1935-12-15": 337,
        "1964-10-16": 328,
        "1971-10-07": 328,
        "1981-06-07": 326,
        "1980-12-07": 326,
        "1956-10-11": 326,
        "1980-04-18": 326,
        "1958-09-27": 326,
        "1963-05-16": 325,
        "1957-11-01": 324,
        "1943-10-11": 322,
        "1954-06-15": 322,
        "1942-05-05": 322,
        "1948-08-15": 322,
        "1939-10-24": 322,
        "1962-06-07": 322,
        "1966-05-08": 322,
        "1966-05-06": 322,
        "1965-01-26": 316,
        "1959-02-27": 315,
        "1948-08-03": 313,
        "1939-08-15": 308,
        "1949-08-22": 306,
        "1963-09-16": 306,
        "1951-03-24": 306,
        "1960-09-23": 304,
        "1965-07-14": 303,
        "1947-12-13": 303,
        "1936-08-09": 301,
        "1968-09-09": 301,
        "1966-01-11": 300,
        "1955-06-09": 298,
        "1954-05-11": 298,
        "1955-11-02": 298,
        "1958-09-15": 297,
        "1959-10-01": 297,
        "1952-02-16": 296,
        "1969-07-04": 296,
        "1975-06-26": 295,
        "1975-09-24": 293,
        "1976-05-08": 288,
        "1940-06-07": 288,
        "1941-11-04": 286,
        "1957-02-17": 286,
        "1942-03-18": 286,
        "1939-09-29": 285,
        "1970-11-09": 283,
        "1965-05-09": 283,
        "1973-03-09": 282,
        "1966-06-07": 282,
        "1949-04-07": 280,
        "1979-03-25": 276,
        "1950-01-02": 275,
        "1966-11-29": 274,
        "1980-09-17": 269,
        "1957-02-01": 267,
        "1972-04-19": 264,
        "1972-08-20": 264,
        "1966-06-14": 264,
        "1968-02-23": 264,
        "1954-12-09": 264,
        "1946-08-27": 263,
        "1952-11-10": 260,
        "1959-02-03": 260,
        "1956-12-30": 260,
        "1952-11-28": 260,
        "1944-10-25": 258,
        "1937-12-02": 256,
        "1977-09-23": 256,
        "1963-05-15": 256,
        "1937-09-08": 256,
        "1953-06-24": 255,
        "1965-08-18": 254,
        "1942-12-10": 254,
        "1963-03-18": 252,
        "1940-11-25": 252,
        "1949-08-25": 250,
        "1974-04-05": 248,
        "1956-05-09": 248,
        "1976-01-01": 248,
        "1970-07-26": 246,
        "1976-06-09": 243,
        "1970-01-29": 243,
        "1941-05-19": 240,
        "1962-03-06": 240,
        "1944-05-27": 238,
        "1966-03-09": 233,
        "1973-10-20": 233,
        "1962-11-03": 232,
        "1944-12-03": 232,
        "1945-11-16": 232,
        "1955-10-17": 230,
        "1967-06-30": 229,
        "1961-04-14": 229,
        "1977-05-10": 229,
        "1940-11-13": 228,
        "1973-07-19": 228,
        "1941-06-23": 228,
        "1968-08-31": 226,
        "1970-12-10": 225,
        "1944-06-01": 224,
        "1950-10-08": 222,
        "1940-03-26": 222,
        "1934-10-10": 222,
        "1971-08-28": 222,
        "1947-10-21": 221,
        "1942-08-13": 220,
        "1977-10-26": 220,
        "1937-12-13": 220,
        "1979-07-26": 218,
        "1952-08-03": 216,
        "1968-05-06": 215,
        "1957-03-08": 214,
        "1937-06-01": 214,
        "1941-09-14": 214,
        "1946-03-05": 212,
        "1975-09-01": 210,
        "1968-04-15": 208,
        "1942-01-13": 208,
        "1940-04-04": 208,
        "1948-09-16": 208,
        "1946-10-07": 208,
        "1949-05-16": 206,
        "1966-05-27": 206,
        "1973-04-12": 206,
        "1970-10-12": 202,
        "1945-08-07": 200,
        "1977-09-15": 200,
        "1935-07-21": 199,
        "1971-01-06": 198,
        "1949-04-14": 198,
        "1945-07-03": 198,
        "1938-09-10": 198,
        "1976-04-24": 198,
        "1975-09-27": 198,
        "1951-03-22": 198,
        "1970-07-30": 198,
        "1944-01-14": 198,
        "1938-01-06": 196,
        "1939-03-20": 196,
        "1953-08-07": 196,
        "1945-09-08": 196,
        "1950-07-18": 194,
        "1958-01-20": 193,
        "1962-09-05": 193,
        "1970-01-23": 192,
        "1950-03-02": 191,
        "1949-09-05": 189,
        "1978-01-17": 189,
        "1938-08-16": 189,
        "1939-07-27": 189,
        "1957-12-27": 188,
        "1946-10-10": 188,
        "1950-03-16": 188,
        "1971-05-01": 187,
        "1964-03-14": 187,
        "1970-01-07": 186,
        "1962-10-15": 186,
        "1965-03-22": 186,
        "1967-09-21": 185,
        "1980-09-12": 185,
        "1964-10-19": 182,
        "1960-02-27": 182,
        "1944-04-12": 181,
        "1959-10-25": 177,
        "1957-12-01": 177,
        "1971-09-12": 176,
        "1979-12-10": 175,
        "1953-04-11": 174,
        "1962-02-26": 173,
        "1971-07-07": 173,
        "1960-06-06": 173,
        "1958-08-12": 171,
        "1966-04-10": 169,
        "1955-10-26": 168,
        "1967-07-01": 168,
        "1947-12-09": 168,
        "1967-06-19": 167,
        "1961-08-03": 167,
        "1970-09-12": 167,
        "1955-12-08": 166,
        "1960-10-31": 166,
        "1967-09-07": 166,
        "1943-03-12": 166,
        "1957-02-11": 166,
        "1965-10-17": 164,
        "1945-03-17": 162,
        "1950-01-26": 162,
        "1946-03-31": 162,
        "1940-05-25": 160,
        "1960-07-19": 159,
        "1956-04-15": 158,
        "1944-01-27": 154,
        "1942-08-20": 154,
        "1955-03-02": 153,
        "1953-02-24": 153,
        "1976-01-20": 152,
        "1954-02-22": 152,
        "1960-10-20": 151,
        "1979-02-22": 150,
        "1966-12-22": 149,
        "1956-06-29": 149,
        "1974-01-26": 147,
        "1952-09-09": 146,
        "1978-11-29": 146,
        "1962-07-20": 145,
        "1976-12-30": 145,
        "1980-02-19": 145,
        "1983-08-27": 145,
        "1955-11-29": 144,
        "1963-05-13": 144,
        "1969-04-03": 144,
        "1967-06-23": 143,
        "1953-11-26": 143,
        "1969-01-19": 143,
        "1943-04-19": 142,
        "1978-12-21": 137,
        "1937-11-11": 135,
        "1978-04-03": 134,
        "1951-02-16": 133,
        "1952-03-01": 133,
        "1956-01-01": 133,
        "1951-07-24": 132,
        "1971-08-04": 131,
        "1971-10-19": 130,
        "1973-05-26": 130,
        "1967-04-20": 130,
        "1974-02-28": 128,
        "1964-02-09": 127,
        "1960-04-03": 127,
        "1940-11-26": 126,
        "1951-06-20": 126,
        "1948-12-18": 119,
        "1957-04-16": 111,
        "1973-01-08": 108,
        "1942-12-08": 108,
        "1969-09-04": 108,
        "1966-10-02": 105,
        "1947-05-24": 104,
        "1962-07-16": 103,
        "1974-10-22": 101,
        "1964-12-09": 101,
        "1979-08-04": 101,
        "1947-05-15": 97,
        "1955-07-23": 94,
        "1961-05-09": 94,
        "1944-12-15": 91,
        "1941-11-12": 87,
        "1960-01-15": 84,
        "1955-03-10": 84,
        "1977-01-20": 83,
        "1965-01-13": 77,
        "1979-12-25": 76,
        "1946-01-01": 74,
        "1941-05-21": 74,
        "1949-08-28": 73,
        "1937-12-08": 72,
        "1950-12-27": 59,
        "1964-01-30": 49
    },
    "nrows": 552017
}