{
    "column_id": "IMDB-IJS/IMDB-IJS.csvIMDB-IJS.csv/year",
    "dataset_name": "IMDB-IJS.csv",
    "dataset_id": "IMDB-IJS/IMDB-IJS.csv",
    "path": "/home/ubuntu/CatDB/Experiments/data/IMDB-IJS/IMDB-IJS.csv",
    "table_name": "IMDB-IJS.csv",
    "table_id": "IMDB-IJS/IMDB-IJS.csvIMDB-IJS.csv",
    "column_name": "year",
    "data_source": "IMDB-IJS",
    "data_type": "int",
    "total_values_count": 30530313,
    "distinct_values_count": 116,
    "missing_values_count": 0,
    "true_ratio": null,
    "min_value": 1892.0,
    "max_value": 2007.0,
    "mean": 1968.5175600066727,
    "median": 1972.0,
    "iqr": 46.0,
    "category_values": [
        2000,
        2001,
        1998,
        1992,
        1994,
        1989,
        1953,
        1964,
        1959,
        1961,
        1944,
        1952,
        1954,
        1950,
        1951,
        1996,
        1991,
        2002,
        2005,
        1993,
        1987,
        1968,
        1983,
        1963,
        1980,
        1986,
        1976,
        1973,
        1969,
        1966,
        1974,
        1981,
        1971,
        1967,
        1970,
        1965,
        1985,
        1984,
        1982,
        1978,
        1977,
        1990,
        1988,
        1975,
        1979,
        1972,
        2004,
        2003,
        1997,
        1995,
        1999,
        1960,
        1958,
        1957,
        1935,
        1938,
        1937,
        1934,
        1933,
        1930,
        1942,
        1931,
        1939,
        1932,
        1936,
        1946,
        1940,
        1920,
        1914,
        1912,
        1915,
        1913,
        1917,
        1955,
        1948,
        1956,
        1941,
        1945,
        1962,
        1947,
        1926,
        1927,
        1925,
        1924,
        1928,
        1918,
        1923,
        1921,
        1943,
        1919,
        1949,
        1929,
        1922,
        1916,
        2006,
        1903,
        1906,
        1908,
        1911,
        1905,
        1909,
        1902,
        1910,
        1901,
        1907,
        1900,
        1898,
        2007,
        1897,
        1904,
        1899,
        1896,
        1894,
        1893,
        1895,
        1892
    ],
    "embedding": [
        -1.0,
        -1.0,
        -1.0,
        1.0,
        -1.0,
        1.0,
        -1.0,
        -1.0,
        -1.0,
        -1.0,
        1.0,
        -1.0,
        -1.0,
        1.0,
        1.0,
        1.0,
        1.0,
        -1.0,
        1.0,
        -1.0,
        1.0,
        -1.0,
        1.0,
        -1.0,
        1.0,
        -1.0,
        -1.0,
        1.0,
        -1.0,
        -1.0,
        1.0,
        1.0,
        -1.0,
        -1.0,
        -1.0,
        1.0,
        -1.0,
        1.0,
        1.0,
        -1.0,
        -1.0,
        1.0,
        -1.0,
        -1.0,
        -1.0,
        -1.0,
        1.0,
        -1.0,
        -1.0,
        -0.9908214211463928,
        -1.0,
        1.0,
        1.0,
        1.0,
        -1.0,
        1.0,
        1.0,
        1.0,
        -1.0,
        0.99995356798172,
        -1.0,
        -1.0,
        1.0,
        -1.0,
        1.0,
        -1.0,
        1.0,
        -1.0,
        1.0,
        1.0,
        1.0,
        -1.0,
        -1.0,
        -1.0,
        -1.0,
        1.0,
        1.0,
        1.0,
        1.0,
        1.0,
        1.0,
        1.0,
        1.0,
        -1.0,
        -1.0,
        1.0,
        -1.0,
        1.0,
        1.0,
        1.0,
        -1.0,
        1.0,
        1.0,
        -1.0,
        1.0,
        -1.0,
        1.0,
        -1.0,
        -1.0,
        -1.0,
        -0.9993892312049866,
        -1.0,
        1.0,
        -1.0,
        -1.0,
        1.0,
        1.0,
        1.0,
        -1.0,
        -1.0,
        1.0,
        -1.0,
        -1.0,
        1.0,
        1.0,
        1.0,
        1.0,
        1.0,
        1.0,
        -1.0,
        -1.0,
        1.0,
        -1.0,
        -1.0,
        1.0,
        -1.0,
        -1.0,
        -1.0,
        -1.0,
        1.0,
        -1.0,
        1.0,
        -1.0,
        -1.0,
        1.0,
        -1.0,
        -1.0,
        1.0,
        1.0,
        -1.0,
        1.0,
        1.0,
        1.0,
        -1.0,
        1.0,
        -1.0,
        1.0,
        -1.0,
        -1.0,
        -1.0,
        1.0,
        -1.0,
        1.0,
        -1.0,
        1.0,
        -1.0,
        1.0,
        -1.0,
        1.0,
        -1.0,
        -1.0,
        1.0,
        -1.0,
        -1.0,
        1.0,
        -1.0,
        1.0,
        -1.0,
        -1.0,
        -1.0,
        -1.0,
        -1.0,
        1.0,
        1.0,
        -1.0,
        -1.0,
        1.0,
        -1.0,
        -1.0,
        -1.0,
        1.0,
        -1.0,
        -1.0,
        -1.0,
        1.0,
        -1.0,
        1.0,
        -1.0,
        -1.0,
        -1.0,
        1.0,
        1.0,
        1.0,
        1.0,
        -1.0,
        -1.0,
        1.0,
        -1.0,
        -1.0,
        1.0,
        -1.0,
        1.0,
        -1.0,
        -1.0,
        -1.0,
        -1.0,
        1.0,
        1.0,
        -1.0,
        -1.0,
        -1.0,
        1.0,
        -1.0,
        -1.0,
        -1.0,
        1.0,
        -1.0,
        1.0,
        -1.0,
        -1.0,
        1.0,
        -1.0,
        -1.0,
        1.0,
        -1.0,
        -0.9912946224212646,
        1.0,
        -1.0,
        -1.0,
        -1.0,
        1.0,
        -1.0,
        1.0,
        -1.0,
        -1.0,
        1.0,
        -1.0,
        1.0,
        1.0,
        -1.0,
        1.0,
        -0.9812737107276917,
        1.0,
        -1.0,
        1.0,
        1.0,
        -1.0,
        -1.0,
        -1.0,
        1.0,
        1.0,
        1.0,
        -1.0,
        -1.0,
        -1.0,
        1.0,
        1.0,
        -1.0,
        -1.0,
        -1.0,
        1.0,
        1.0,
        1.0,
        -1.0,
        1.0,
        -1.0,
        -1.0,
        -1.0,
        1.0,
        1.0,
        -0.9995765089988708,
        -1.0,
        -1.0,
        1.0,
        -1.0,
        1.0,
        1.0,
        1.0,
        1.0,
        1.0,
        1.0,
        -1.0,
        1.0,
        1.0,
        1.0,
        -1.0,
        -1.0,
        1.0,
        -1.0,
        -1.0,
        -1.0,
        1.0,
        -1.0,
        -1.0,
        -1.0,
        -1.0,
        -1.0,
        1.0,
        1.0,
        1.0
    ],
    "embedding_scaling_factor": 2.32583829529176e-06,
    "samples": [
        1994,
        1934,
        1984,
        1969,
        2002,
        1951,
        1999,
        1952,
        1951,
        1966,
        1912,
        2002,
        1941,
        1911,
        1987,
        2002,
        1962,
        1994,
        1957,
        2004,
        1975,
        1939,
        1939,
        1925,
        2000,
        1931,
        2000,
        1935,
        1984,
        1998,
        1992,
        1927,
        1997,
        1967,
        1996,
        1962,
        1997,
        1999,
        1990,
        1933,
        1933,
        1945,
        1938,
        1956,
        1938,
        1989,
        1947,
        1923,
        1950,
        1956,
        1994,
        1942,
        1966,
        1985,
        1954,
        1968,
        1978,
        1978,
        1999,
        1986,
        1992,
        1997,
        1998,
        1952,
        1979,
        2004,
        1962,
        1965,
        1934,
        1996,
        2005,
        2004,
        1948,
        1952,
        1995,
        2000,
        1973,
        1989,
        1958,
        1946,
        1929,
        1938,
        1996,
        1944,
        1995,
        1947,
        1950,
        1998,
        1988,
        1964,
        2005,
        1946,
        2000,
        1979,
        1996,
        1944,
        1980,
        1950,
        2002,
        1964
    ],
    "category_values_ratio": {
        "2002": 787031,
        "2003": 766095,
        "2001": 736909,
        "2000": 725209,
        "1999": 652421,
        "1997": 620410,
        "1998": 602444,
        "1996": 568303,
        "1995": 555128,
        "1994": 528036,
        "2004": 526232,
        "1987": 475214,
        "1992": 468164,
        "1993": 461905,
        "1990": 457535,
        "1991": 452329,
        "1939": 451704,
        "1988": 442264,
        "1989": 440390,
        "1937": 432094,
        "1941": 420590,
        "1985": 414561,
        "1956": 404933,
        "1940": 400857,
        "1942": 398776,
        "1986": 389327,
        "1935": 384580,
        "1943": 379633,
        "1936": 374424,
        "1938": 372247,
        "1984": 371403,
        "1983": 357328,
        "1980": 354018,
        "1950": 349294,
        "1944": 349053,
        "1951": 347838,
        "1981": 336942,
        "1949": 336660,
        "1946": 331664,
        "1982": 331287,
        "1979": 327888,
        "1978": 324819,
        "1934": 320441,
        "1948": 318832,
        "1945": 317786,
        "1952": 314598,
        "1968": 313701,
        "1947": 310818,
        "1977": 304858,
        "1974": 302781,
        "1976": 302510,
        "1962": 299949,
        "1971": 299268,
        "1966": 299168,
        "1973": 295143,
        "1970": 294111,
        "1975": 290345,
        "1954": 281712,
        "1967": 281662,
        "1953": 280789,
        "1957": 280586,
        "1965": 280504,
        "1955": 279133,
        "1960": 276528,
        "1958": 271718,
        "1964": 270602,
        "1969": 268559,
        "1972": 267645,
        "1959": 266285,
        "1963": 258412,
        "1961": 256767,
        "1933": 250867,
        "1932": 227911,
        "1931": 165871,
        "1930": 152686,
        "1917": 125211,
        "1916": 122442,
        "1912": 118033,
        "1915": 115042,
        "1913": 114549,
        "1929": 110217,
        "1914": 103491,
        "1918": 103015,
        "1919": 101312,
        "1927": 100588,
        "1926": 97061,
        "1925": 94581,
        "1920": 94069,
        "1928": 93638,
        "1924": 92709,
        "2005": 92687,
        "1923": 82459,
        "1911": 79741,
        "1922": 76913,
        "1921": 75294,
        "1910": 58347,
        "1909": 42751,
        "1908": 17524,
        "2006": 2799,
        "1905": 1123,
        "1903": 866,
        "1906": 728,
        "1907": 728,
        "1902": 484,
        "1898": 242,
        "1900": 237,
        "1904": 186,
        "1896": 183,
        "1901": 171,
        "1899": 151,
        "1897": 122,
        "1895": 74,
        "1894": 24,
        "2007": 20,
        "1893": 8,
        "1892": 8
    },
    "nrows": 30530313
}