{
    "column_id": "Mid-Feed/Mid-Feed.csvMid-Feed.csv/ID",
    "dataset_name": "Mid-Feed.csv",
    "dataset_id": "Mid-Feed/Mid-Feed.csv",
    "path": "/home/ubuntu/CatDB/Experiments/data/Mid-Feed/Mid-Feed.csv",
    "table_name": "Mid-Feed.csv",
    "table_id": "Mid-Feed/Mid-Feed.csvMid-Feed.csv",
    "column_name": "ID",
    "data_source": "Mid-Feed",
    "data_type": "int",
    "total_values_count": 1006,
    "distinct_values_count": 916,
    "missing_values_count": 90,
    "true_ratio": null,
    "min_value": 1.0,
    "max_value": 916.0,
    "mean": 458.5,
    "median": 458.5,
    "iqr": 457.5,
    "category_values": null,
    "embedding": [
        -1.0,
        -1.0,
        -1.0,
        1.0,
        -1.0,
        1.0,
        -1.0,
        -1.0,
        -0.9994975924491882,
        -1.0,
        1.0,
        -1.0,
        -1.0,
        1.0,
        1.0,
        1.0,
        1.0,
        -1.0,
        1.0,
        -1.0,
        1.0,
        -1.0,
        1.0,
        -1.0,
        1.0,
        -1.0,
        -1.0,
        1.0,
        -1.0,
        -1.0,
        1.0,
        1.0,
        -1.0,
        -1.0,
        -1.0,
        1.0,
        -1.0,
        1.0,
        1.0,
        -1.0,
        -1.0,
        1.0,
        -1.0,
        -1.0,
        -1.0,
        -1.0,
        1.0,
        -1.0,
        -0.9997485876083374,
        -0.9616508483886719,
        -1.0,
        1.0,
        1.0,
        1.0,
        -1.0,
        1.0,
        1.0,
        1.0,
        -1.0,
        0.9956873655319214,
        -1.0,
        -1.0,
        1.0,
        -1.0,
        1.0,
        -1.0,
        1.0,
        -1.0,
        1.0,
        1.0,
        1.0,
        -1.0,
        -1.0,
        -1.0,
        -1.0,
        1.0,
        1.0,
        1.0,
        1.0,
        1.0,
        1.0,
        1.0,
        1.0,
        -1.0,
        -1.0,
        1.0,
        -1.0,
        1.0,
        1.0,
        1.0,
        -1.0,
        1.0,
        1.0,
        -1.0,
        1.0,
        -1.0,
        1.0,
        -1.0,
        -1.0,
        -1.0,
        -0.9973174333572388,
        -1.0,
        1.0,
        -1.0,
        -1.0,
        1.0,
        1.0,
        1.0,
        -1.0,
        -1.0,
        1.0,
        -1.0,
        -1.0,
        1.0,
        1.0,
        1.0,
        1.0,
        1.0,
        1.0,
        -1.0,
        -1.0,
        1.0,
        -1.0,
        -1.0,
        1.0,
        -1.0,
        -1.0,
        -0.9976968765258789,
        -1.0,
        1.0,
        -1.0,
        1.0,
        -1.0,
        -1.0,
        1.0,
        -1.0,
        -1.0,
        1.0,
        1.0,
        -1.0,
        1.0,
        1.0,
        1.0,
        -1.0,
        1.0,
        -1.0,
        1.0,
        -1.0,
        -1.0,
        -1.0,
        0.9970129132270813,
        -1.0,
        1.0,
        -1.0,
        1.0,
        -1.0,
        1.0,
        -1.0,
        1.0,
        -1.0,
        -1.0,
        1.0,
        -1.0,
        -1.0,
        1.0,
        -1.0,
        1.0,
        -1.0,
        -1.0,
        -1.0,
        -1.0,
        -1.0,
        1.0,
        1.0,
        -1.0,
        -1.0,
        1.0,
        -1.0,
        -1.0,
        -1.0,
        1.0,
        -1.0,
        -1.0,
        -1.0,
        1.0,
        -1.0,
        1.0,
        -1.0,
        -1.0,
        -1.0,
        1.0,
        1.0,
        1.0,
        1.0,
        -1.0,
        -1.0,
        1.0,
        -1.0,
        -1.0,
        1.0,
        -1.0,
        1.0,
        -1.0,
        -1.0,
        -1.0,
        -1.0,
        1.0,
        1.0,
        -1.0,
        -1.0,
        -1.0,
        1.0,
        -1.0,
        -1.0,
        -1.0,
        1.0,
        -1.0,
        1.0,
        -1.0,
        -1.0,
        1.0,
        -1.0,
        -1.0,
        1.0,
        -0.9994341731071472,
        -0.9626001119613647,
        1.0,
        -1.0,
        -1.0,
        -1.0,
        1.0,
        -1.0,
        1.0,
        -1.0,
        -1.0,
        1.0,
        -1.0,
        1.0,
        1.0,
        -0.9998248815536499,
        1.0,
        -0.9557879567146301,
        1.0,
        -1.0,
        1.0,
        1.0,
        -1.0,
        -1.0,
        -1.0,
        1.0,
        1.0,
        1.0,
        -1.0,
        -1.0,
        -1.0,
        1.0,
        1.0,
        -1.0,
        -1.0,
        -1.0,
        1.0,
        1.0,
        1.0,
        -1.0,
        1.0,
        -1.0,
        -1.0,
        -1.0,
        1.0,
        1.0,
        -0.9972949028015137,
        -1.0,
        -1.0,
        1.0,
        -1.0,
        1.0,
        1.0,
        1.0,
        1.0,
        1.0,
        1.0,
        -1.0,
        1.0,
        1.0,
        1.0,
        -1.0,
        -1.0,
        1.0,
        -1.0,
        -1.0,
        -1.0,
        1.0,
        -1.0,
        -1.0,
        -1.0,
        -1.0,
        -1.0,
        1.0,
        1.0,
        0.9999995231628418
    ],
    "embedding_scaling_factor": 57.28701400756836,
    "samples": [
        535,
        476,
        207,
        144,
        339,
        49,
        223,
        472,
        90,
        714,
        142,
        84,
        70,
        467,
        413,
        278,
        680,
        582,
        573,
        112,
        353,
        745,
        753,
        132,
        905,
        206,
        895,
        284,
        107,
        53,
        295,
        325,
        41,
        435,
        443,
        544,
        12,
        557,
        617,
        423,
        342,
        660,
        538,
        161,
        105,
        477,
        231,
        170,
        191,
        329,
        780,
        414,
        754,
        532,
        317,
        387,
        120,
        507,
        916,
        410,
        165,
        62,
        514,
        305,
        767,
        710,
        359,
        224,
        711,
        470,
        906,
        71,
        658,
        64,
        774,
        28,
        901,
        685,
        525,
        469,
        5,
        303,
        690,
        134,
        473,
        367,
        801,
        546,
        357,
        390,
        822,
        854
    ],
    "category_values_ratio": null,
    "nrows": 1006
}